TS,-0.1,YFJS_4_4_7_5_0,35243,0,1708997123
TS,-0.1,YFJS_4_4_7_5_0,35046,0,1708997123
TS,-0.1,YFJS_4_4_7_5_1,28688,0,1708997123
TS,-0.1,YFJS_4_4_7_5_1,26610,0,1708997123
TS,-0.1,YFJS_4_4_7_5_1,26299,0,1708997123
TS,-0.1,YFJS_4_4_7_5_1,25982,0,1708997123
TS,-0.1,YFJS_4_4_7_5_2,62704,0,1708997123
TS,-0.1,YFJS_4_4_7_5_2,62240,0,1708997123
TS,-0.1,YFJS_4_4_7_5_2,61923,0,1708997123
TS,-0.1,YFJS_4_4_7_5_2,61683,0,1708997123
TS,-0.1,YFJS_4_4_7_5_2,54284,0,1708997123
TS,-0.1,YFJS_4_4_7_5_2,53381,0,1708997123
TS,-0.1,YFJS_4_4_7_5_2,52098,0,1708997123
TS,-0.1,YFJS_4_4_7_5_1,25654,0.002,1708997123
TS,-0.1,YFJS_4_4_7_5_3,25394,0,1708997123
TS,-0.1,YFJS_4_4_7_5_1,24712,0.003,1708997123
TS,-0.1,YFJS_4_4_7_5_1,24396,0.003,1708997123
TS,-0.1,YFJS_4_4_7_5_1,24359,0.003,1708997123
TS,-0.1,YFJS_4_4_7_5_4,27650,0,1708997123
TS,-0.1,YFJS_4_4_7_5_4,27389,0,1708997123
TS,-0.1,YFJS_4_4_7_5_4,26371,0,1708997123
TS,-0.1,YFJS_4_4_7_5_4,25750,0,1708997123
TS,-0.1,YFJS_4_4_7_5_5,30952,0,1708997123
TS,-0.1,YFJS_4_4_7_5_6,51782,0,1708997123
TS,-0.1,YFJS_4_4_7_5_6,51597,0,1708997123
TS,-0.1,YFJS_4_4_7_5_6,48700,0,1708997123
TS,-0.1,YFJS_4_4_7_5_6,47339,0,1708997123
TS,-0.1,YFJS_4_4_7_5_6,46597,0,1708997123
TS,-0.1,YFJS_4_4_7_5_6,46089,0,1708997123
TS,-0.1,YFJS_4_4_7_5_5,30508,0.001,1708997123
TS,-0.1,YFJS_4_4_7_5_6,45962,0,1708997123
TS,-0.1,YFJS_4_4_7_5_7,35336,0,1708997123
TS,-0.1,YFJS_4_4_7_5_7,34338,0,1708997123
TS,-0.1,YFJS_4_4_7_5_7,34267,0,1708997123
TS,-0.1,YFJS_4_4_7_5_7,33954,0,1708997123
TS,-0.1,YFJS_4_4_7_5_7,33883,0,1708997123
TS,-0.1,YFJS_4_4_7_5_8,38626,0,1708997123
TS,-0.1,YFJS_4_4_7_5_8,37861,0,1708997123
TS,-0.1,YFJS_4_4_7_5_8,37049,0,1708997123
TS,-0.1,YFJS_4_4_7_5_4,24351,0.003,1708997123
TS,-0.1,YFJS_4_4_7_5_4,23985,0.003,1708997123
TS,-0.1,YFJS_4_4_7_5_6,45890,0.003,1708997123
TS,-0.1,YFJS_4_4_7_5_6,45705,0.006,1708997123
TS,-0.1,YFJS_4_4_7_5_0,35046,100,1708997123
TS,-0.1,YFJS_4_4_7_5_1,24359,100,1708997123
TS,-0.1,YFJS_4_4_7_5_2,52098,100,1708997123
TS,-0.1,YFJS_4_4_7_5_3,25394,100,1708997123
TS,-0.1,YFJS_4_4_7_5_4,23985,100,1708997123
TS,-0.1,YFJS_4_4_7_5_5,30508,100,1708997123
TS,-0.1,YFJS_4_4_7_5_6,45705,100,1708997123
TS,-0.1,YFJS_4_4_7_5_7,33883,100,1708997123
TS,-0.1,YFJS_4_4_7_5_8,37049,100,1708997123
TS,-0.1,YFJS_4_4_7_5_9,32975,0,1708997223
TS,-0.1,YFJS_4_4_7_5_9,32457,0,1708997223
TS,-0.1,YFJS_4_4_7_5_9,32269,0,1708997223
TS,-0.1,YFJS_5_4_7_5_0,51212,0,1708997223
TS,-0.1,YFJS_5_4_7_5_0,51129,0,1708997223
TS,-0.1,YFJS_4_4_7_5_9,31599,0,1708997223
TS,-0.1,YFJS_4_4_7_5_9,30942,0,1708997223
TS,-0.1,YFJS_4_4_7_5_9,30139,0,1708997223
TS,-0.1,YFJS_4_4_7_5_9,29416,0,1708997223
TS,-0.1,YFJS_5_4_7_5_0,51071,0,1708997223
TS,-0.1,YFJS_5_4_7_5_0,48266,0,1708997223
TS,-0.1,YFJS_5_4_7_5_0,45815,0,1708997223
TS,-0.1,YFJS_5_4_7_5_1,38889,0,1708997223
TS,-0.1,YFJS_5_4_7_5_0,45144,0.001,1708997223
TS,-0.1,YFJS_5_4_7_5_1,38780,0,1708997223
TS,-0.1,YFJS_5_4_7_5_0,42861,0.001,1708997223
TS,-0.1,YFJS_5_4_7_5_0,41423,0.001,1708997223
TS,-0.1,YFJS_5_4_7_5_1,37935,0,1708997223
TS,-0.1,YFJS_5_4_7_5_0,41300,0.001,1708997223
TS,-0.1,YFJS_4_4_7_5_9,29012,0.001,1708997223
TS,-0.1,YFJS_4_4_7_5_9,28733,0.001,1708997223
TS,-0.1,YFJS_4_4_7_5_9,28326,0.001,1708997223
TS,-0.1,YFJS_4_4_7_5_9,27549,0.001,1708997223
TS,-0.1,YFJS_4_4_7_5_9,27434,0.002,1708997223
TS,-0.1,YFJS_4_4_7_5_9,27310,0.002,1708997223
TS,-0.1,YFJS_5_4_7_5_2,35177,0,1708997223
TS,-0.1,YFJS_5_4_7_5_2,34430,0,1708997223
TS,-0.1,YFJS_5_4_7_5_2,33545,0,1708997223
TS,-0.1,YFJS_5_4_7_5_2,33422,0,1708997223
TS,-0.1,YFJS_5_4_7_5_2,32792,0,1708997223
TS,-0.1,YFJS_5_4_7_5_1,37504,0.002,1708997223
TS,-0.1,YFJS_5_4_7_5_1,36691,0.002,1708997223
TS,-0.1,YFJS_5_4_7_5_1,35719,0.002,1708997223
TS,-0.1,YFJS_5_4_7_5_1,34866,0.002,1708997223
TS,-0.1,YFJS_5_4_7_5_1,34097,0.003,1708997223
TS,-0.1,YFJS_5_4_7_5_1,33762,0.003,1708997223
TS,-0.1,YFJS_5_4_7_5_3,41560,0,1708997223
TS,-0.1,YFJS_5_4_7_5_1,33617,0.003,1708997223
TS,-0.1,YFJS_5_4_7_5_3,41485,0,1708997223
TS,-0.1,YFJS_5_4_7_5_3,40443,0,1708997223
TS,-0.1,YFJS_5_4_7_5_3,36962,0,1708997223
TS,-0.1,YFJS_5_4_7_5_3,34981,0,1708997223
TS,-0.1,YFJS_5_4_7_5_3,34859,0,1708997223
TS,-0.1,YFJS_5_4_7_5_3,34577,0,1708997223
TS,-0.1,YFJS_5_4_7_5_3,33826,0,1708997223
TS,-0.1,YFJS_5_4_7_5_3,31398,0,1708997223
TS,-0.1,YFJS_5_4_7_5_1,33244,0.004,1708997223
TS,-0.1,YFJS_5_4_7_5_4,57017,0,1708997223
TS,-0.1,YFJS_5_4_7_5_1,33103,0.004,1708997223
TS,-0.1,YFJS_5_4_7_5_4,51076,0,1708997223
TS,-0.1,YFJS_5_4_7_5_1,33052,0.004,1708997223
TS,-0.1,YFJS_5_4_7_5_4,50921,0,1708997223
TS,-0.1,YFJS_5_4_7_5_4,50617,0,1708997223
TS,-0.1,YFJS_5_4_7_5_4,49995,0,1708997223
TS,-0.1,YFJS_5_4_7_5_4,47165,0,1708997223
TS,-0.1,YFJS_5_4_7_5_4,46147,0,1708997223
TS,-0.1,YFJS_5_4_7_5_5,35831,0,1708997223
TS,-0.1,YFJS_5_4_7_5_4,45746,0.001,1708997223
TS,-0.1,YFJS_5_4_7_5_5,35817,0,1708997223
TS,-0.1,YFJS_5_4_7_5_4,45548,0.001,1708997223
TS,-0.1,YFJS_5_4_7_5_5,35479,0,1708997223
TS,-0.1,YFJS_5_4_7_5_4,45442,0.001,1708997223
TS,-0.1,YFJS_5_4_7_5_5,35271,0,1708997223
TS,-0.1,YFJS_5_4_7_5_6,53052,0,1708997223
TS,-0.1,YFJS_5_4_7_5_6,52986,0,1708997223
TS,-0.1,YFJS_5_4_7_5_6,52936,0,1708997223
TS,-0.1,YFJS_5_4_7_5_6,52896,0,1708997223
TS,-0.1,YFJS_5_4_7_5_1,32770,0.006,1708997223
TS,-0.1,YFJS_5_4_7_5_5,33965,0.001,1708997223
TS,-0.1,YFJS_5_4_7_5_1,31848,0.006,1708997223
TS,-0.1,YFJS_5_4_7_5_5,33953,0.001,1708997223
TS,-0.1,YFJS_5_4_7_5_7,37217,0,1708997223
TS,-0.1,YFJS_5_4_7_5_1,31678,0.006,1708997223
TS,-0.1,YFJS_5_4_7_5_5,33791,0.001,1708997223
TS,-0.1,YFJS_5_4_7_5_7,37153,0,1708997223
TS,-0.1,YFJS_5_4_7_5_7,34750,0,1708997223
TS,-0.1,YFJS_5_4_7_5_6,52536,0.001,1708997223
TS,-0.1,YFJS_5_4_7_5_7,34044,0,1708997223
TS,-0.1,YFJS_5_4_7_5_7,34035,0,1708997223
TS,-0.1,YFJS_5_4_7_5_6,50824,0.001,1708997223
TS,-0.1,YFJS_5_4_7_5_7,33044,0,1708997223
TS,-0.1,YFJS_5_4_7_5_6,50383,0.001,1708997223
TS,-0.1,YFJS_5_4_7_5_7,32080,0,1708997223
TS,-0.1,YFJS_5_4_7_5_6,50302,0.001,1708997223
TS,-0.1,YFJS_5_4_7_5_7,31966,0.001,1708997223
TS,-0.1,YFJS_5_4_7_5_6,47626,0.002,1708997223
TS,-0.1,YFJS_5_4_7_5_8,46478,0,1708997223
TS,-0.1,YFJS_5_4_7_5_7,30657,0.001,1708997223
TS,-0.1,YFJS_5_4_7_5_6,47118,0.002,1708997223
TS,-0.1,YFJS_5_4_7_5_8,46265,0,1708997223
TS,-0.1,YFJS_5_4_7_5_7,28247,0.001,1708997223
TS,-0.1,YFJS_5_4_7_5_6,45281,0.002,1708997223
TS,-0.1,YFJS_5_4_7_5_8,46136,0,1708997223
TS,-0.1,YFJS_5_4_7_5_6,44455,0.002,1708997223
TS,-0.1,YFJS_5_4_7_5_6,44154,0.002,1708997223
TS,-0.1,YFJS_5_4_7_5_8,46029,0,1708997223
TS,-0.1,YFJS_5_4_7_5_6,43948,0.002,1708997223
TS,-0.1,YFJS_5_4_7_5_6,43793,0.002,1708997223
TS,-0.1,YFJS_5_4_7_5_8,44660,0,1708997223
TS,-0.1,YFJS_5_4_7_5_6,43668,0.002,1708997223
TS,-0.1,YFJS_5_4_7_5_8,43317,0,1708997223
TS,-0.1,YFJS_5_4_7_5_6,43632,0.003,1708997223
TS,-0.1,YFJS_5_4_7_5_8,42876,0.001,1708997223
TS,-0.1,YFJS_5_4_7_5_6,43350,0.003,1708997223
TS,-0.1,YFJS_5_4_7_5_8,40694,0.001,1708997223
TS,-0.1,YFJS_5_4_7_5_6,43066,0.003,1708997223
TS,-0.1,YFJS_5_4_7_5_8,36187,0.001,1708997223
TS,-0.1,YFJS_5_4_7_5_6,42941,0.003,1708997223
TS,-0.1,YFJS_5_4_7_5_8,35770,0.001,1708997223
TS,-0.1,YFJS_5_4_7_5_6,42838,0.003,1708997223
TS,-0.1,YFJS_5_4_7_5_8,34361,0.001,1708997223
TS,-0.1,YFJS_5_4_7_5_8,34324,0.001,1708997223
TS,-0.1,YFJS_5_4_7_5_2,32424,0.008,1708997223
TS,-0.1,YFJS_5_4_7_5_2,31085,0.008,1708997223
TS,-0.1,YFJS_5_4_7_5_1,31569,0.012,1708997223
TS,-0.1,YFJS_5_4_7_5_2,30962,0.01,1708997223
TS,-0.1,YFJS_5_4_7_5_8,33601,0.012,1708997223
TS,-0.1,YFJS_5_4_7_5_1,31547,0.028,1708997223
TS,-0.1,YFJS_5_4_7_5_1,31511,0.028,1708997223
TS,-0.1,YFJS_5_4_7_5_1,31332,0.028,1708997223
TS,-0.1,YFJS_5_4_7_5_1,30634,0.03,1708997223
TS,-0.1,YFJS_5_4_7_5_1,30145,0.03,1708997223
TS,-0.1,YFJS_4_4_7_5_9,27310,100,1708997223
TS,-0.1,YFJS_5_4_7_5_0,41300,100,1708997223
TS,-0.1,YFJS_5_4_7_5_1,30145,100,1708997223
TS,-0.1,YFJS_5_4_7_5_2,30962,100,1708997223
TS,-0.1,YFJS_5_4_7_5_3,31398,100,1708997223
TS,-0.1,YFJS_5_4_7_5_4,45442,100,1708997223
TS,-0.1,YFJS_5_4_7_5_5,33791,100,1708997223
TS,-0.1,YFJS_5_4_7_5_6,42838,100,1708997223
TS,-0.1,YFJS_5_4_7_5_7,28247,100,1708997223
TS,-0.1,YFJS_5_4_7_5_8,33601,100,1708997223
TS,-0.1,YFJS_5_4_7_5_9,42408,0,1708997323
TS,-0.1,YFJS_5_4_7_5_9,40843,0,1708997323
TS,-0.1,YFJS_5_4_7_5_9,38240,0,1708997323
TS,-0.1,YFJS_5_4_7_5_9,36326,0,1708997323
TS,-0.1,YFJS_6_4_7_5_0,44016,0,1708997323
TS,-0.1,YFJS_5_4_7_5_9,35759,0,1708997323
TS,-0.1,YFJS_6_4_7_5_0,42543,0,1708997323
TS,-0.1,YFJS_5_4_7_5_9,35071,0,1708997323
TS,-0.1,YFJS_6_4_7_5_0,41671,0,1708997323
TS,-0.1,YFJS_5_4_7_5_9,34805,0,1708997323
TS,-0.1,YFJS_5_4_7_5_9,34117,0,1708997323
TS,-0.1,YFJS_6_4_7_5_0,41475,0,1708997323
TS,-0.1,YFJS_5_4_7_5_9,33937,0,1708997323
TS,-0.1,YFJS_6_4_7_5_0,40756,0,1708997323
TS,-0.1,YFJS_6_4_7_5_0,38860,0,1708997323
TS,-0.1,YFJS_6_4_7_5_0,38522,0,1708997323
TS,-0.1,YFJS_6_4_7_5_0,38215,0,1708997323
TS,-0.1,YFJS_6_4_7_5_1,43722,0,1708997323
TS,-0.1,YFJS_6_4_7_5_1,43613,0,1708997323
TS,-0.1,YFJS_6_4_7_5_1,40762,0,1708997323
TS,-0.1,YFJS_6_4_7_5_1,38918,0,1708997323
TS,-0.1,YFJS_6_4_7_5_1,38824,0,1708997323
TS,-0.1,YFJS_6_4_7_5_1,35705,0,1708997323
TS,-0.1,YFJS_6_4_7_5_1,35319,0,1708997323
TS,-0.1,YFJS_6_4_7_5_1,35019,0,1708997323
TS,-0.1,YFJS_6_4_7_5_2,53046,0,1708997323
TS,-0.1,YFJS_6_4_7_5_2,52196,0,1708997323
TS,-0.1,YFJS_6_4_7_5_2,51466,0,1708997323
TS,-0.1,YFJS_6_4_7_5_2,48290,0,1708997323
TS,-0.1,YFJS_6_4_7_5_0,37953,0.002,1708997323
TS,-0.1,YFJS_6_4_7_5_2,46775,0,1708997323
TS,-0.1,YFJS_6_4_7_5_2,46452,0,1708997323
TS,-0.1,YFJS_6_4_7_5_1,34788,0.001,1708997323
TS,-0.1,YFJS_6_4_7_5_2,45982,0,1708997323
TS,-0.1,YFJS_6_4_7_5_2,45725,0,1708997323
TS,-0.1,YFJS_6_4_7_5_1,34686,0.002,1708997323
TS,-0.1,YFJS_6_4_7_5_1,34282,0.002,1708997323
TS,-0.1,YFJS_6_4_7_5_0,37918,0.003,1708997323
TS,-0.1,YFJS_6_4_7_5_0,37749,0.003,1708997323
TS,-0.1,YFJS_6_4_7_5_3,42268,0,1708997323
TS,-0.1,YFJS_6_4_7_5_2,45457,0.001,1708997323
TS,-0.1,YFJS_6_4_7_5_3,42099,0,1708997323
TS,-0.1,YFJS_6_4_7_5_2,45443,0.002,1708997323
TS,-0.1,YFJS_6_4_7_5_0,37626,0.003,1708997323
TS,-0.1,YFJS_6_4_7_5_3,41909,0,1708997323
TS,-0.1,YFJS_6_4_7_5_2,44765,0.002,1708997323
TS,-0.1,YFJS_6_4_7_5_3,41450,0,1708997323
TS,-0.1,YFJS_6_4_7_5_2,44527,0.002,1708997323
TS,-0.1,YFJS_6_4_7_5_3,40646,0,1708997323
TS,-0.1,YFJS_6_4_7_5_2,43725,0.002,1708997323
TS,-0.1,YFJS_6_4_7_5_2,43415,0.002,1708997323
TS,-0.1,YFJS_6_4_7_5_3,40570,0,1708997323
TS,-0.1,YFJS_6_4_7_5_2,43167,0.002,1708997323
TS,-0.1,YFJS_6_4_7_5_3,39850,0.001,1708997323
TS,-0.1,YFJS_6_4_7_5_2,43101,0.002,1708997323
TS,-0.1,YFJS_6_4_7_5_4,46936,0,1708997323
TS,-0.1,YFJS_6_4_7_5_3,39015,0.001,1708997323
TS,-0.1,YFJS_6_4_7_5_4,46294,0,1708997323
TS,-0.1,YFJS_6_4_7_5_4,43853,0,1708997323
TS,-0.1,YFJS_6_4_7_5_4,43688,0,1708997323
TS,-0.1,YFJS_6_4_7_5_4,43555,0,1708997323
TS,-0.1,YFJS_6_4_7_5_5,55022,0,1708997323
TS,-0.1,YFJS_6_4_7_5_4,43432,0.001,1708997323
TS,-0.1,YFJS_6_4_7_5_5,54958,0,1708997323
TS,-0.1,YFJS_6_4_7_5_4,43304,0.001,1708997323
TS,-0.1,YFJS_6_4_7_5_5,54675,0,1708997323
TS,-0.1,YFJS_6_4_7_5_6,41060,0,1708997323
TS,-0.1,YFJS_6_4_7_5_6,40240,0,1708997323
TS,-0.1,YFJS_6_4_7_5_6,40194,0,1708997323
TS,-0.1,YFJS_6_4_7_5_6,39719,0,1708997323
TS,-0.1,YFJS_6_4_7_5_6,38821,0,1708997323
TS,-0.1,YFJS_6_4_7_5_7,43232,0,1708997323
TS,-0.1,YFJS_6_4_7_5_6,38760,0.001,1708997323
TS,-0.1,YFJS_6_4_7_5_7,42599,0,1708997323
TS,-0.1,YFJS_6_4_7_5_6,36765,0.001,1708997323
TS,-0.1,YFJS_6_4_7_5_7,42091,0,1708997323
TS,-0.1,YFJS_6_4_7_5_7,39181,0,1708997323
TS,-0.1,YFJS_6_4_7_5_7,36776,0,1708997323
TS,-0.1,YFJS_6_4_7_5_7,36629,0.001,1708997323
TS,-0.1,YFJS_6_4_7_5_7,35142,0.001,1708997323
TS,-0.1,YFJS_6_4_7_5_8,48806,0,1708997323
TS,-0.1,YFJS_6_4_7_5_8,47947,0,1708997323
TS,-0.1,YFJS_6_4_7_5_8,46924,0,1708997323
TS,-0.1,YFJS_6_4_7_5_3,38991,0.005,1708997323
TS,-0.1,YFJS_6_4_7_5_8,45717,0,1708997323
TS,-0.1,YFJS_6_4_7_5_3,38892,0.005,1708997323
TS,-0.1,YFJS_5_4_7_5_9,33127,0.009,1708997323
TS,-0.1,YFJS_6_4_7_5_3,38792,0.006,1708997323
TS,-0.1,YFJS_6_4_7_5_8,45301,0.001,1708997323
TS,-0.1,YFJS_5_4_7_5_9,32971,0.009,1708997323
TS,-0.1,YFJS_6_4_7_5_8,45167,0.001,1708997323
TS,-0.1,YFJS_6_4_7_5_3,36192,0.006,1708997323
TS,-0.1,YFJS_6_4_7_5_8,44930,0.001,1708997323
TS,-0.1,YFJS_6_4_7_5_3,36074,0.006,1708997323
TS,-0.1,YFJS_6_4_7_5_3,35717,0.006,1708997323
TS,-0.1,YFJS_6_4_7_5_3,34328,0.006,1708997323
TS,-0.1,YFJS_6_4_7_5_4,43137,0.005,1708997323
TS,-0.1,YFJS_6_4_7_5_4,43022,0.006,1708997323
TS,-0.1,YFJS_6_4_7_5_4,42712,0.006,1708997323
TS,-0.1,YFJS_6_4_7_5_4,41237,0.006,1708997323
TS,-0.1,YFJS_6_4_7_5_4,41122,0.007,1708997323
TS,-0.1,YFJS_6_4_7_5_2,42814,0.01,1708997323
TS,-0.1,YFJS_6_4_7_5_2,42079,0.011,1708997323
TS,-0.1,YFJS_6_4_7_5_8,43686,0.004,1708997323
TS,-0.1,YFJS_6_4_7_5_8,43465,0.004,1708997323
TS,-0.1,YFJS_6_4_7_5_8,43203,0.005,1708997323
TS,-0.1,YFJS_6_4_7_5_8,42780,0.005,1708997323
TS,-0.1,YFJS_6_4_7_5_8,42638,0.005,1708997323
TS,-0.1,YFJS_6_4_7_5_8,40673,0.005,1708997323
TS,-0.1,YFJS_6_4_7_5_8,40436,0.005,1708997323
TS,-0.1,YFJS_6_4_7_5_8,40017,0.006,1708997323
TS,-0.1,YFJS_6_4_7_5_8,39949,0.006,1708997323
TS,-0.1,YFJS_6_4_7_5_5,54669,0.009,1708997323
TS,-0.1,YFJS_6_4_7_5_5,54619,0.009,1708997323
TS,-0.1,YFJS_6_4_7_5_5,54576,0.01,1708997323
TS,-0.1,YFJS_6_4_7_5_4,40932,0.013,1708997323
TS,-0.1,YFJS_6_4_7_5_3,34296,0.014,1708997323
TS,-0.1,YFJS_6_4_7_5_4,40688,0.013,1708997323
TS,-0.1,YFJS_6_4_7_5_4,40306,0.013,1708997323
TS,-0.1,YFJS_6_4_7_5_3,33855,0.015,1708997323
TS,-0.1,YFJS_6_4_7_5_3,33810,0.015,1708997323
TS,-0.1,YFJS_6_4_7_5_4,40269,0.014,1708997323
TS,-0.1,YFJS_6_4_7_5_4,39831,0.014,1708997323
TS,-0.1,YFJS_6_4_7_5_4,39697,0.014,1708997323
TS,-0.1,YFJS_6_4_7_5_4,38477,0.014,1708997323
TS,-0.1,YFJS_6_4_7_5_6,36719,0.014,1708997323
TS,-0.1,YFJS_6_4_7_5_4,38407,0.016,1708997323
TS,-0.1,YFJS_5_4_7_5_9,31190,0.022,1708997323
TS,-0.1,YFJS_5_4_7_5_9,31139,0.022,1708997323
TS,-0.1,YFJS_5_4_7_5_9,31133,0.022,1708997323
TS,-0.1,YFJS_5_4_7_5_9,30837,0.022,1708997323
TS,-0.1,YFJS_6_4_7_5_4,38131,0.019,1708997323
TS,-0.1,YFJS_6_4_7_5_5,54546,0.028,1708997323
TS,-0.1,YFJS_6_4_7_5_5,54534,0.028,1708997323
TS,-0.1,YFJS_6_4_7_5_3,33187,0.043,1708997323
TS,-0.1,YFJS_6_4_7_5_3,32842,0.044,1708997323
TS,-0.1,YFJS_6_4_7_5_3,32736,0.045,1708997323
TS,-0.1,YFJS_6_4_7_5_7,34509,0.043,1708997323
TS,-0.1,YFJS_6_4_7_5_0,37507,0.065,1708997323
TS,-0.1,YFJS_6_4_7_5_0,37471,0.104,1708997323
TS,-0.1,YFJS_6_4_7_5_3,32379,0.104,1708997323
TS,-0.1,YFJS_6_4_7_5_4,36720,0.112,1708997323
TS,-0.1,YFJS_6_4_7_5_4,36553,0.112,1708997323
TS,-0.1,YFJS_6_4_7_5_4,36272,0.113,1708997323
TS,-0.1,YFJS_6_4_7_5_4,36170,0.113,1708997323
TS,-0.1,YFJS_6_4_7_5_0,37431,0.131,1708997323
TS,-0.1,YFJS_6_4_7_5_3,32346,0.14,1708997323
TS,-0.1,YFJS_6_4_7_5_3,32235,0.14,1708997323
TS,-0.1,YFJS_6_4_7_5_3,31903,0.14,1708997323
TS,-0.1,YFJS_6_4_7_5_3,30965,0.14,1708997323
TS,-0.1,YFJS_6_4_7_5_3,30905,0.14,1708997323
TS,-0.1,YFJS_6_4_7_5_0,37303,0.269,1708997323
TS,-0.1,YFJS_6_4_7_5_0,37275,0.269,1708997323
TS,-0.1,YFJS_6_4_7_5_0,37096,0.405,1708997323
TS,-0.1,YFJS_5_4_7_5_9,30837,100,1708997323
TS,-0.1,YFJS_6_4_7_5_0,37096,100,1708997323
TS,-0.1,YFJS_6_4_7_5_1,34282,100,1708997323
TS,-0.1,YFJS_6_4_7_5_2,42079,100,1708997323
TS,-0.1,YFJS_6_4_7_5_3,30905,100,1708997323
TS,-0.1,YFJS_6_4_7_5_4,36170,100,1708997323
TS,-0.1,YFJS_6_4_7_5_5,54534,100,1708997323
TS,-0.1,YFJS_6_4_7_5_6,36719,100,1708997323
TS,-0.1,YFJS_6_4_7_5_7,34509,100,1708997323
TS,-0.1,YFJS_6_4_7_5_8,39949,100,1708997323
TS,-0.1,YFJS_6_4_7_5_9,49458,0,1708997423
TS,-0.1,YFJS_6_4_7_5_9,46050,0,1708997423
TS,-0.1,YFJS_6_4_7_5_9,42078,0,1708997423
TS,-0.1,YFJS_6_4_7_5_9,38976,0,1708997423
TS,-0.1,YFJS_6_4_7_5_9,38796,0,1708997423
TS,-0.1,YFJS_6_4_7_5_9,38697,0,1708997423
TS,-0.1,DA_2_5_1,23264,0,1708997423
TS,-0.1,YFJS_6_4_7_5_9,38147,0,1708997423
TS,-0.1,DA_2_5_1,23019,0,1708997423
TS,-0.1,YFJS_6_4_7_5_9,37403,0,1708997423
TS,-0.1,DA_2_5_1,22958,0,1708997423
TS,-0.1,DA_2_5_1,22875,0,1708997423
TS,-0.1,DA_2_5_10,23242,0,1708997423
TS,-0.1,DA_2_5_10,23022,0,1708997423
TS,-0.1,DA_2_5_10,22927,0,1708997423
TS,-0.1,DA_2_5_10,22708,0,1708997423
TS,-0.1,DA_2_5_11,18363,0,1708997423
TS,-0.1,DA_2_5_12,21690,0,1708997423
TS,-0.1,DA_2_5_12,21566,0,1708997423
TS,-0.1,DA_2_5_12,21275,0,1708997423
TS,-0.1,DA_2_5_12,21151,0,1708997423
TS,-0.1,DA_2_5_12,20866,0,1708997423
TS,-0.1,DA_2_5_12,20498,0,1708997423
TS,-0.1,DA_2_5_13,22598,0,1708997423
TS,-0.1,DA_2_5_13,22418,0,1708997423
TS,-0.1,DA_2_5_14,23370,0,1708997423
TS,-0.1,DA_2_5_15,28644,0,1708997423
TS,-0.1,DA_2_5_15,27442,0,1708997423
TS,-0.1,DA_2_5_13,22160,0.003,1708997423
TS,-0.1,DA_2_5_15,27319,0,1708997423
TS,-0.1,DA_2_5_13,21535,0.003,1708997423
TS,-0.1,DA_2_5_15,26890,0.001,1708997423
TS,-0.1,DA_2_5_13,21324,0.003,1708997423
TS,-0.1,DA_2_5_16,19878,0,1708997423
TS,-0.1,DA_2_5_17,25425,0,1708997423
TS,-0.1,DA_2_5_17,25356,0.001,1708997423
TS,-0.1,DA_2_5_17,24982,0.001,1708997423
TS,-0.1,DA_2_5_17,24398,0.001,1708997423
TS,-0.1,DA_2_5_17,24325,0.001,1708997423
TS,-0.1,DA_2_5_15,25715,0.004,1708997423
TS,-0.1,DA_2_5_13,21094,0.007,1708997423
TS,-0.1,DA_2_5_13,21021,0.007,1708997423
TS,-0.1,DA_2_5_13,20763,0.007,1708997423
TS,-0.1,DA_2_5_13,20734,0.007,1708997423
TS,-0.1,DA_2_5_13,20662,0.007,1708997423
TS,-0.1,DA_2_5_13,20593,0.007,1708997423
TS,-0.1,DA_2_5_17,24267,0.003,1708997423
TS,-0.1,YFJS_6_4_7_5_9,36771,0.055,1708997423
TS,-0.1,YFJS_6_4_7_5_9,36421,0.055,1708997423
TS,-0.1,YFJS_6_4_7_5_9,36107,0.056,1708997423
TS,-0.1,YFJS_6_4_7_5_9,35980,0.056,1708997423
TS,-0.1,YFJS_6_4_7_5_9,34884,0.056,1708997423
TS,-0.1,YFJS_6_4_7_5_9,34365,0.091,1708997423
TS,-0.1,YFJS_6_4_7_5_9,34269,0.122,1708997423
TS,-0.1,YFJS_6_4_7_5_9,34011,0.122,1708997423
TS,-0.1,YFJS_6_4_7_5_9,33974,0.122,1708997423
TS,-0.1,YFJS_6_4_7_5_9,33974,100,1708997423
TS,-0.1,DA_2_5_1,22875,100,1708997423
TS,-0.1,DA_2_5_10,22708,100,1708997423
TS,-0.1,DA_2_5_11,18363,100,1708997423
TS,-0.1,DA_2_5_12,20498,100,1708997423
TS,-0.1,DA_2_5_13,20593,100,1708997423
TS,-0.1,DA_2_5_14,23370,100,1708997423
TS,-0.1,DA_2_5_15,25715,100,1708997423
TS,-0.1,DA_2_5_16,19878,100,1708997423
TS,-0.1,DA_2_5_17,24267,100,1708997423
TS,-0.1,DA_2_5_18,21563,0,1708997523
TS,-0.1,DA_2_5_18,20832,0,1708997523
TS,-0.1,DA_2_5_18,20810,0,1708997523
TS,-0.1,DA_2_5_18,20359,0,1708997523
TS,-0.1,DA_2_5_19,33911,0,1708997523
TS,-0.1,DA_2_5_19,33846,0,1708997523
TS,-0.1,DA_2_5_19,33765,0,1708997523
TS,-0.1,DA_2_5_19,33689,0,1708997523
TS,-0.1,DA_2_5_19,33631,0,1708997523
TS,-0.1,DA_2_5_19,33585,0,1708997523
TS,-0.1,DA_2_5_2,20342,0,1708997523
TS,-0.1,DA_2_5_19,33559,0.001,1708997523
TS,-0.1,DA_2_5_19,33479,0.001,1708997523
TS,-0.1,DA_2_5_19,33414,0.001,1708997523
TS,-0.1,DA_2_5_20,18313,0,1708997523
TS,-0.1,DA_2_5_20,18017,0,1708997523
TS,-0.1,DA_2_5_20,17091,0,1708997523
TS,-0.1,DA_2_5_20,16313,0,1708997523
TS,-0.1,DA_2_5_2,20286,0.002,1708997523
TS,-0.1,DA_2_5_2,20222,0.002,1708997523
TS,-0.1,DA_2_5_19,33339,0.003,1708997523
TS,-0.1,DA_2_5_19,33263,0.003,1708997523
TS,-0.1,DA_2_5_3,26503,0,1708997523
TS,-0.1,DA_2_5_3,26432,0,1708997523
TS,-0.1,DA_2_5_3,25193,0,1708997523
TS,-0.1,DA_2_5_3,25120,0,1708997523
TS,-0.1,DA_2_5_3,23414,0,1708997523
TS,-0.1,DA_2_5_3,23248,0,1708997523
TS,-0.1,DA_2_5_3,23140,0,1708997523
TS,-0.1,DA_2_5_4,22472,0,1708997523
TS,-0.1,DA_2_5_4,22330,0,1708997523
TS,-0.1,DA_2_5_4,21826,0,1708997523
TS,-0.1,DA_2_5_4,21715,0,1708997523
TS,-0.1,DA_2_5_5,25691,0,1708997523
TS,-0.1,DA_2_5_5,25426,0,1708997523
TS,-0.1,DA_2_5_6,21070,0,1708997523
TS,-0.1,DA_2_5_6,20755,0,1708997523
TS,-0.1,DA_2_5_6,20155,0,1708997523
TS,-0.1,DA_2_5_7,19308,0,1708997523
TS,-0.1,DA_2_5_7,19304,0,1708997523
TS,-0.1,DA_2_5_7,18439,0,1708997523
TS,-0.1,DA_2_5_7,18135,0,1708997523
TS,-0.1,DA_2_5_8,21293,0,1708997523
TS,-0.1,DA_2_5_8,21193,0,1708997523
TS,-0.1,DA_2_5_8,20945,0,1708997523
TS,-0.1,DA_2_5_18,20359,100,1708997523
TS,-0.1,DA_2_5_19,33263,100,1708997523
TS,-0.1,DA_2_5_2,20222,100,1708997523
TS,-0.1,DA_2_5_20,16313,100,1708997523
TS,-0.1,DA_2_5_3,23140,100,1708997523
TS,-0.1,DA_2_5_4,21715,100,1708997523
TS,-0.1,DA_2_5_5,25426,100,1708997523
TS,-0.1,DA_2_5_6,20155,100,1708997523
TS,-0.1,DA_2_5_7,18135,100,1708997523
TS,-0.1,DA_2_5_8,20945,100,1708997523
TS,-0.1,DA_2_5_9,23570,0,1708997623
TS,-0.1,DA_2_5_9,23443,0,1708997623
TS,-0.1,DA_2_5_9,23212,0,1708997623
TS,-0.1,DAFJS_3_5_1,25020,0,1708997623
TS,-0.1,DA_2_5_9,23038,0,1708997623
TS,-0.1,DAFJS_3_5_1,24885,0,1708997623
TS,-0.1,DAFJS_3_5_1,24860,0,1708997623
TS,-0.1,DAFJS_3_5_1,24771,0,1708997623
TS,-0.1,DA_2_5_9,22621,0.001,1708997623
TS,-0.1,DA_2_5_9,22461,0.001,1708997623
TS,-0.1,DAFJS_3_5_1,24443,0,1708997623
TS,-0.1,DAFJS_3_5_1,24274,0,1708997623
TS,-0.1,DAFJS_3_5_10,28122,0,1708997623
TS,-0.1,DAFJS_3_5_10,28083,0,1708997623
TS,-0.1,DAFJS_3_5_10,27533,0,1708997623
TS,-0.1,DAFJS_3_5_10,27352,0,1708997623
TS,-0.1,DAFJS_3_5_10,26993,0,1708997623
TS,-0.1,DA_2_5_9,22370,0.002,1708997623
TS,-0.1,DA_2_5_9,22243,0.002,1708997623
TS,-0.1,DAFJS_3_5_10,25923,0,1708997623
TS,-0.1,DA_2_5_9,21838,0.003,1708997623
TS,-0.1,DAFJS_3_5_2,27566,0,1708997623
TS,-0.1,DAFJS_3_5_2,25839,0,1708997623
TS,-0.1,DAFJS_3_5_2,25788,0,1708997623
TS,-0.1,DAFJS_3_5_3,26932,0,1708997623
TS,-0.1,DAFJS_3_5_3,26729,0,1708997623
TS,-0.1,DAFJS_3_5_3,26716,0,1708997623
TS,-0.1,DAFJS_3_5_4,23370,0,1708997623
TS,-0.1,DAFJS_3_5_3,26610,0,1708997623
TS,-0.1,DAFJS_3_5_4,22982,0,1708997623
TS,-0.1,DAFJS_3_5_4,22642,0.001,1708997623
TS,-0.1,DAFJS_3_5_4,21495,0.001,1708997623
TS,-0.1,DAFJS_3_5_4,21143,0.001,1708997623
TS,-0.1,DAFJS_3_5_5,25974,0,1708997623
TS,-0.1,DAFJS_3_5_5,25191,0,1708997623
TS,-0.1,DAFJS_3_5_5,22968,0,1708997623
TS,-0.1,DAFJS_3_5_5,22763,0,1708997623
TS,-0.1,DAFJS_3_5_5,22533,0,1708997623
TS,-0.1,DAFJS_3_5_5,22468,0,1708997623
TS,-0.1,DAFJS_3_5_6,28084,0,1708997623
TS,-0.1,DAFJS_3_5_2,24998,0.004,1708997623
TS,-0.1,DAFJS_3_5_6,27303,0,1708997623
TS,-0.1,DAFJS_3_5_6,27086,0,1708997623
TS,-0.1,DAFJS_3_5_3,26285,0.003,1708997623
TS,-0.1,DAFJS_3_5_3,25849,0.003,1708997623
TS,-0.1,DAFJS_3_5_7,28836,0,1708997623
TS,-0.1,DAFJS_3_5_7,26978,0,1708997623
TS,-0.1,DAFJS_3_5_7,24820,0,1708997623
TS,-0.1,DAFJS_3_5_7,24336,0,1708997623
TS,-0.1,DAFJS_3_5_7,23020,0,1708997623
TS,-0.1,DAFJS_3_5_7,22708,0,1708997623
TS,-0.1,DAFJS_3_5_6,26712,0.002,1708997623
TS,-0.1,DAFJS_3_5_8,21151,0,1708997623
TS,-0.1,DAFJS_3_5_8,21057,0,1708997623
TS,-0.1,DAFJS_3_5_6,26627,0.002,1708997623
TS,-0.1,DAFJS_3_5_5,22177,0.003,1708997623
TS,-0.1,DAFJS_3_5_6,26562,0.002,1708997623
TS,-0.1,DAFJS_3_5_5,21859,0.003,1708997623
TS,-0.1,DAFJS_3_5_6,26326,0.002,1708997623
TS,-0.1,DAFJS_3_5_5,21853,0.003,1708997623
TS,-0.1,DAFJS_3_5_6,26300,0.002,1708997623
TS,-0.1,DAFJS_3_5_5,21723,0.003,1708997623
TS,-0.1,DAFJS_3_5_5,21468,0.003,1708997623
TS,-0.1,DAFJS_3_5_5,21213,0.004,1708997623
TS,-0.1,DAFJS_3_5_5,21162,0.004,1708997623
TS,-0.1,DAFJS_3_5_8,20866,0.001,1708997623
TS,-0.1,DAFJS_3_5_5,21120,0.004,1708997623
TS,-0.1,DAFJS_3_5_8,20278,0.001,1708997623
TS,-0.1,DAFJS_3_5_1,24259,0.01,1708997623
TS,-0.1,DAFJS_3_5_1,24143,0.01,1708997623
TS,-0.1,DAFJS_3_5_6,25083,0.005,1708997623
TS,-0.1,DAFJS_3_5_6,24883,0.005,1708997623
TS,-0.1,DAFJS_3_5_6,24115,0.005,1708997623
TS,-0.1,DAFJS_3_5_6,24085,0.006,1708997623
TS,-0.1,DAFJS_3_5_6,24062,0.006,1708997623
TS,-0.1,DAFJS_3_5_3,25817,0.009,1708997623
TS,-0.1,DAFJS_3_5_3,25644,0.009,1708997623
TS,-0.1,DAFJS_3_5_3,25521,0.009,1708997623
TS,-0.1,DAFJS_3_5_1,24134,0.015,1708997623
TS,-0.1,DAFJS_3_5_1,24120,0.015,1708997623
TS,-0.1,DAFJS_3_5_1,23695,0.015,1708997623
TS,-0.1,DAFJS_3_5_1,23463,0.016,1708997623
TS,-0.1,DAFJS_3_5_1,23458,0.016,1708997623
TS,-0.1,DAFJS_3_5_1,23456,0.016,1708997623
TS,-0.1,DAFJS_3_5_6,23721,0.027,1708997623
TS,-0.1,DAFJS_3_5_6,23673,0.028,1708997623
TS,-0.1,DAFJS_3_5_6,23546,0.028,1708997623
TS,-0.1,DAFJS_3_5_6,22106,0.028,1708997623
TS,-0.1,DAFJS_3_5_2,24956,0.051,1708997623
TS,-0.1,DAFJS_3_5_2,24585,0.106,1708997623
TS,-0.1,DA_2_5_9,21838,100,1708997623
TS,-0.1,DAFJS_3_5_1,23456,100,1708997623
TS,-0.1,DAFJS_3_5_10,25923,100,1708997623
TS,-0.1,DAFJS_3_5_2,24585,100,1708997623
TS,-0.1,DAFJS_3_5_3,25521,100,1708997623
TS,-0.1,DAFJS_3_5_4,21143,100,1708997623
TS,-0.1,DAFJS_3_5_5,21120,100,1708997623
TS,-0.1,DAFJS_3_5_6,22106,100,1708997623
TS,-0.1,DAFJS_3_5_7,22708,100,1708997623
TS,-0.1,DAFJS_3_5_8,20278,100,1708997623
TS,-0.1,DAFJS_3_5_9,27249,0,1708997723
TS,-0.1,DAFJS_3_5_9,26428,0,1708997723
TS,-0.1,DAFJS_3_5_9,26238,0,1708997723
TS,-0.1,DAFJS_3_5_9,26237,0,1708997723
TS,-0.1,DAFJS_3_5_9,26126,0,1708997723
TS,-0.2,YFJS_4_4_7_5_0,34443,0,1708997723
TS,-0.2,YFJS_4_4_7_5_0,33597,0,1708997723
TS,-0.2,YFJS_4_4_7_5_0,33575,0,1708997723
TS,-0.2,YFJS_4_4_7_5_0,33132,0,1708997723
TS,-0.2,YFJS_4_4_7_5_1,27557,0,1708997723
TS,-0.1,DAFJS_3_5_9,26019,0.001,1708997723
TS,-0.2,YFJS_4_4_7_5_1,26868,0,1708997723
TS,-0.1,DAFJS_3_5_9,25863,0.001,1708997723
TS,-0.2,YFJS_4_4_7_5_1,24344,0,1708997723
TS,-0.1,DAFJS_3_5_9,25857,0.002,1708997723
TS,-0.1,DAFJS_3_5_9,24529,0.002,1708997723
TS,-0.1,DAFJS_3_5_9,24462,0.002,1708997723
TS,-0.2,YFJS_4_4_7_5_1,23108,0.001,1708997723
TS,-0.2,YFJS_4_4_7_5_1,23100,0.001,1708997723
TS,-0.2,YFJS_4_4_7_5_2,57950,0,1708997723
TS,-0.2,YFJS_4_4_7_5_2,57102,0,1708997723
TS,-0.2,YFJS_4_4_7_5_2,56541,0,1708997723
TS,-0.2,YFJS_4_4_7_5_2,56128,0,1708997723
TS,-0.2,YFJS_4_4_7_5_2,49921,0,1708997723
TS,-0.2,YFJS_4_4_7_5_2,49111,0,1708997723
TS,-0.1,DAFJS_3_5_9,24237,0.004,1708997723
TS,-0.2,YFJS_4_4_7_5_2,46806,0,1708997723
TS,-0.1,DAFJS_3_5_9,24222,0.004,1708997723
TS,-0.2,YFJS_4_4_7_5_3,24669,0,1708997723
TS,-0.2,YFJS_4_4_7_5_3,24485,0,1708997723
TS,-0.2,YFJS_4_4_7_5_4,26135,0,1708997723
TS,-0.2,YFJS_4_4_7_5_4,25915,0,1708997723
TS,-0.2,YFJS_4_4_7_5_4,25783,0,1708997723
TS,-0.2,YFJS_4_4_7_5_4,25635,0,1708997723
TS,-0.2,YFJS_4_4_7_5_4,24235,0,1708997723
TS,-0.2,YFJS_4_4_7_5_5,29080,0,1708997723
TS,-0.2,YFJS_4_4_7_5_6,47743,0,1708997723
TS,-0.2,YFJS_4_4_7_5_6,47404,0,1708997723
TS,-0.2,YFJS_4_4_7_5_6,45252,0,1708997723
TS,-0.2,YFJS_4_4_7_5_6,45154,0,1708997723
TS,-0.2,YFJS_4_4_7_5_6,43798,0,1708997723
TS,-0.2,YFJS_4_4_7_5_6,43573,0,1708997723
TS,-0.2,YFJS_4_4_7_5_6,42931,0,1708997723
TS,-0.2,YFJS_4_4_7_5_4,23597,0.002,1708997723
TS,-0.2,YFJS_4_4_7_5_6,42900,0,1708997723
TS,-0.2,YFJS_4_4_7_5_6,42683,0.001,1708997723
TS,-0.2,YFJS_4_4_7_5_7,33178,0,1708997723
TS,-0.2,YFJS_4_4_7_5_6,42675,0.001,1708997723
TS,-0.2,YFJS_4_4_7_5_7,32669,0,1708997723
TS,-0.2,YFJS_4_4_7_5_7,32543,0,1708997723
TS,-0.2,YFJS_4_4_7_5_7,32088,0,1708997723
TS,-0.2,YFJS_4_4_7_5_7,31992,0,1708997723
TS,-0.2,YFJS_4_4_7_5_7,31866,0,1708997723
TS,-0.2,YFJS_4_4_7_5_7,31773,0,1708997723
TS,-0.2,YFJS_4_4_7_5_8,37593,0,1708997723
TS,-0.2,YFJS_4_4_7_5_8,37082,0,1708997723
TS,-0.2,YFJS_4_4_7_5_6,42239,0.002,1708997723
TS,-0.2,YFJS_4_4_7_5_7,31597,0.002,1708997723
TS,-0.2,YFJS_4_4_7_5_8,36454,0.002,1708997723
TS,-0.2,YFJS_4_4_7_5_8,35950,0.002,1708997723
TS,-0.2,YFJS_4_4_7_5_8,35794,0.002,1708997723
TS,-0.2,YFJS_4_4_7_5_5,28655,0.005,1708997723
TS,-0.1,DAFJS_3_5_9,24144,0.038,1708997723
TS,-0.1,DAFJS_3_5_9,23970,0.038,1708997723
TS,-0.1,DAFJS_3_5_9,23966,0.039,1708997723
TS,-0.1,DAFJS_3_5_9,23766,0.093,1708997723
TS,-0.1,DAFJS_3_5_9,23742,0.093,1708997723
TS,-0.1,DAFJS_3_5_9,23558,0.093,1708997723
TS,-0.1,DAFJS_3_5_9,23558,100,1708997723
TS,-0.2,YFJS_4_4_7_5_0,33132,100,1708997723
TS,-0.2,YFJS_4_4_7_5_1,23100,100,1708997723
TS,-0.2,YFJS_4_4_7_5_2,46806,100,1708997723
TS,-0.2,YFJS_4_4_7_5_3,24485,100,1708997723
TS,-0.2,YFJS_4_4_7_5_4,23597,100,1708997723
TS,-0.2,YFJS_4_4_7_5_5,28655,100,1708997723
TS,-0.2,YFJS_4_4_7_5_6,42239,100,1708997723
TS,-0.2,YFJS_4_4_7_5_7,31597,100,1708997723
TS,-0.2,YFJS_4_4_7_5_8,35794,100,1708997723
TS,-0.2,YFJS_4_4_7_5_9,30651,0,1708997823
TS,-0.2,YFJS_4_4_7_5_9,30649,0,1708997823
TS,-0.2,YFJS_4_4_7_5_9,30325,0,1708997823
TS,-0.2,YFJS_5_4_7_5_0,47079,0,1708997823
TS,-0.2,YFJS_4_4_7_5_9,29858,0,1708997823
TS,-0.2,YFJS_5_4_7_5_0,46939,0,1708997823
TS,-0.2,YFJS_4_4_7_5_9,29497,0,1708997823
TS,-0.2,YFJS_5_4_7_5_1,36036,0,1708997823
TS,-0.2,YFJS_5_4_7_5_1,35847,0,1708997823
TS,-0.2,YFJS_5_4_7_5_0,46841,0,1708997823
TS,-0.2,YFJS_5_4_7_5_1,35239,0,1708997823
TS,-0.2,YFJS_5_4_7_5_0,44940,0,1708997823
TS,-0.2,YFJS_5_4_7_5_0,42627,0.001,1708997823
TS,-0.2,YFJS_5_4_7_5_0,42490,0.001,1708997823
TS,-0.2,YFJS_5_4_7_5_0,42033,0.001,1708997823
TS,-0.2,YFJS_5_4_7_5_0,41906,0.001,1708997823
TS,-0.2,YFJS_5_4_7_5_0,41618,0.001,1708997823
TS,-0.2,YFJS_5_4_7_5_0,41407,0.001,1708997823
TS,-0.2,YFJS_5_4_7_5_0,40561,0.001,1708997823
TS,-0.2,YFJS_5_4_7_5_0,40342,0.001,1708997823
TS,-0.2,YFJS_5_4_7_5_0,39242,0.001,1708997823
TS,-0.2,YFJS_5_4_7_5_0,39135,0.001,1708997823
TS,-0.2,YFJS_4_4_7_5_9,29384,0.002,1708997823
TS,-0.2,YFJS_4_4_7_5_9,29047,0.002,1708997823
TS,-0.2,YFJS_4_4_7_5_9,28911,0.002,1708997823
TS,-0.2,YFJS_5_4_7_5_0,38545,0.002,1708997823
TS,-0.2,YFJS_4_4_7_5_9,28685,0.002,1708997823
TS,-0.2,YFJS_4_4_7_5_9,28372,0.002,1708997823
TS,-0.2,YFJS_5_4_7_5_1,35179,0.001,1708997823
TS,-0.2,YFJS_5_4_7_5_1,35091,0.001,1708997823
TS,-0.2,YFJS_5_4_7_5_1,34337,0.002,1708997823
TS,-0.2,YFJS_5_4_7_5_1,33574,0.002,1708997823
TS,-0.2,YFJS_5_4_7_5_2,31720,0,1708997823
TS,-0.2,YFJS_5_4_7_5_1,33431,0.002,1708997823
TS,-0.2,YFJS_5_4_7_5_1,33270,0.002,1708997823
TS,-0.2,YFJS_5_4_7_5_2,31024,0,1708997823
TS,-0.2,YFJS_5_4_7_5_2,30432,0,1708997823
TS,-0.2,YFJS_5_4_7_5_2,30270,0,1708997823
TS,-0.2,YFJS_5_4_7_5_1,33242,0.002,1708997823
TS,-0.2,YFJS_5_4_7_5_2,30225,0,1708997823
TS,-0.2,YFJS_5_4_7_5_1,33094,0.002,1708997823
TS,-0.2,YFJS_5_4_7_5_1,32767,0.002,1708997823
TS,-0.2,YFJS_5_4_7_5_2,30219,0,1708997823
TS,-0.2,YFJS_5_4_7_5_1,30030,0.003,1708997823
TS,-0.2,YFJS_5_4_7_5_1,29353,0.003,1708997823
TS,-0.2,YFJS_5_4_7_5_3,39254,0,1708997823
TS,-0.2,YFJS_4_4_7_5_9,27881,0.004,1708997823
TS,-0.2,YFJS_5_4_7_5_3,39125,0,1708997823
TS,-0.2,YFJS_4_4_7_5_9,26291,0.004,1708997823
TS,-0.2,YFJS_4_4_7_5_9,26145,0.004,1708997823
TS,-0.2,YFJS_5_4_7_5_3,38721,0,1708997823
TS,-0.2,YFJS_5_4_7_5_3,32555,0,1708997823
TS,-0.2,YFJS_5_4_7_5_3,32312,0,1708997823
TS,-0.2,YFJS_5_4_7_5_3,32127,0,1708997823
TS,-0.2,YFJS_5_4_7_5_3,31825,0,1708997823
TS,-0.2,YFJS_5_4_7_5_4,51504,0,1708997823
TS,-0.2,YFJS_5_4_7_5_3,29682,0,1708997823
TS,-0.2,YFJS_5_4_7_5_4,46838,0,1708997823
TS,-0.2,YFJS_5_4_7_5_4,46316,0,1708997823
TS,-0.2,YFJS_5_4_7_5_4,45168,0,1708997823
TS,-0.2,YFJS_5_4_7_5_4,41893,0,1708997823
TS,-0.2,YFJS_5_4_7_5_4,41619,0,1708997823
TS,-0.2,YFJS_5_4_7_5_5,33285,0,1708997823
TS,-0.2,YFJS_5_4_7_5_5,33121,0,1708997823
TS,-0.2,YFJS_5_4_7_5_5,32481,0,1708997823
TS,-0.2,YFJS_5_4_7_5_5,32291,0,1708997823
TS,-0.2,YFJS_5_4_7_5_5,32254,0,1708997823
TS,-0.2,YFJS_5_4_7_5_2,28120,0.003,1708997823
TS,-0.2,YFJS_5_4_7_5_5,32165,0,1708997823
TS,-0.2,YFJS_5_4_7_5_6,48745,0,1708997823
TS,-0.2,YFJS_5_4_7_5_6,48628,0,1708997823
TS,-0.2,YFJS_5_4_7_5_6,48542,0,1708997823
TS,-0.2,YFJS_5_4_7_5_6,48475,0,1708997823
TS,-0.2,YFJS_5_4_7_5_5,32050,0.001,1708997823
TS,-0.2,YFJS_5_4_7_5_7,31911,0,1708997823
TS,-0.2,YFJS_5_4_7_5_7,31760,0,1708997823
TS,-0.2,YFJS_5_4_7_5_6,48155,0.001,1708997823
TS,-0.2,YFJS_5_4_7_5_7,31126,0,1708997823
TS,-0.2,YFJS_5_4_7_5_6,47695,0.001,1708997823
TS,-0.2,YFJS_5_4_7_5_7,30201,0,1708997823
TS,-0.2,YFJS_5_4_7_5_6,47206,0.001,1708997823
TS,-0.2,YFJS_5_4_7_5_7,29883,0,1708997823
TS,-0.2,YFJS_5_4_7_5_6,46671,0.001,1708997823
TS,-0.2,YFJS_5_4_7_5_8,41451,0,1708997823
TS,-0.2,YFJS_5_4_7_5_6,46168,0.002,1708997823
TS,-0.2,YFJS_5_4_7_5_6,45933,0.002,1708997823
TS,-0.2,YFJS_5_4_7_5_8,41084,0,1708997823
TS,-0.2,YFJS_5_4_7_5_6,45881,0.002,1708997823
TS,-0.2,YFJS_5_4_7_5_8,40866,0,1708997823
TS,-0.2,YFJS_5_4_7_5_6,45619,0.002,1708997823
TS,-0.2,YFJS_5_4_7_5_8,40688,0,1708997823
TS,-0.2,YFJS_5_4_7_5_6,45256,0.002,1708997823
TS,-0.2,YFJS_5_4_7_5_6,44988,0.002,1708997823
TS,-0.2,YFJS_5_4_7_5_8,40286,0,1708997823
TS,-0.2,YFJS_5_4_7_5_6,43864,0.002,1708997823
TS,-0.2,YFJS_5_4_7_5_8,39350,0,1708997823
TS,-0.2,YFJS_5_4_7_5_6,43783,0.002,1708997823
TS,-0.2,YFJS_5_4_7_5_8,37686,0.001,1708997823
TS,-0.2,YFJS_5_4_7_5_8,37012,0.001,1708997823
TS,-0.2,YFJS_5_4_7_5_6,42962,0.003,1708997823
TS,-0.2,YFJS_5_4_7_5_8,35196,0.001,1708997823
TS,-0.2,YFJS_5_4_7_5_8,34472,0.001,1708997823
TS,-0.2,YFJS_5_4_7_5_6,42621,0.003,1708997823
TS,-0.2,YFJS_5_4_7_5_8,33814,0.001,1708997823
TS,-0.2,YFJS_5_4_7_5_6,42099,0.003,1708997823
TS,-0.2,YFJS_5_4_7_5_8,33628,0.001,1708997823
TS,-0.2,YFJS_5_4_7_5_6,41737,0.003,1708997823
TS,-0.2,YFJS_5_4_7_5_6,41644,0.003,1708997823
TS,-0.2,YFJS_5_4_7_5_8,33472,0.001,1708997823
TS,-0.2,YFJS_5_4_7_5_6,41266,0.003,1708997823
TS,-0.2,YFJS_5_4_7_5_8,33356,0.002,1708997823
TS,-0.2,YFJS_5_4_7_5_6,41055,0.005,1708997823
TS,-0.2,YFJS_5_4_7_5_6,40757,0.005,1708997823
TS,-0.2,YFJS_5_4_7_5_6,40388,0.005,1708997823
TS,-0.2,YFJS_5_4_7_5_7,28208,0.011,1708997823
TS,-0.2,YFJS_5_4_7_5_7,28127,0.014,1708997823
TS,-0.2,YFJS_5_4_7_5_7,26943,0.014,1708997823
TS,-0.2,YFJS_5_4_7_5_7,26297,0.014,1708997823
TS,-0.2,YFJS_5_4_7_5_8,32255,0.014,1708997823
TS,-0.2,YFJS_5_4_7_5_8,32241,0.014,1708997823
TS,-0.2,YFJS_5_4_7_5_8,32091,0.014,1708997823
TS,-0.2,YFJS_5_4_7_5_8,31923,0.017,1708997823
TS,-0.2,YFJS_5_4_7_5_5,32017,0.02,1708997823
TS,-0.2,YFJS_5_4_7_5_5,31827,0.02,1708997823
TS,-0.2,YFJS_5_4_7_5_8,31884,0.017,1708997823
TS,-0.2,YFJS_5_4_7_5_8,31278,0.017,1708997823
TS,-0.2,YFJS_5_4_7_5_8,31104,0.018,1708997823
TS,-0.2,YFJS_5_4_7_5_8,30717,0.018,1708997823
TS,-0.2,YFJS_5_4_7_5_5,31614,0.046,1708997823
TS,-0.2,YFJS_5_4_7_5_5,31280,0.046,1708997823
TS,-0.2,YFJS_5_4_7_5_1,29297,0.083,1708997823
TS,-0.2,YFJS_5_4_7_5_1,29280,0.083,1708997823
TS,-0.2,YFJS_5_4_7_5_1,29196,0.085,1708997823
TS,-0.2,YFJS_5_4_7_5_1,28594,0.085,1708997823
TS,-0.2,YFJS_5_4_7_5_1,27895,0.101,1708997823
TS,-0.2,YFJS_4_4_7_5_9,26145,100,1708997823
TS,-0.2,YFJS_5_4_7_5_0,38545,100,1708997823
TS,-0.2,YFJS_5_4_7_5_1,27895,100,1708997823
TS,-0.2,YFJS_5_4_7_5_2,28120,100,1708997823
TS,-0.2,YFJS_5_4_7_5_3,29682,100,1708997823
TS,-0.2,YFJS_5_4_7_5_4,41619,100,1708997823
TS,-0.2,YFJS_5_4_7_5_5,31280,100,1708997823
TS,-0.2,YFJS_5_4_7_5_6,40388,100,1708997823
TS,-0.2,YFJS_5_4_7_5_7,26297,100,1708997823
TS,-0.2,YFJS_5_4_7_5_8,30717,100,1708997823
TS,-0.2,YFJS_5_4_7_5_9,39600,0,1708997923
TS,-0.2,YFJS_5_4_7_5_9,37815,0,1708997923
TS,-0.2,YFJS_5_4_7_5_9,36772,0,1708997923
TS,-0.2,YFJS_5_4_7_5_9,36324,0,1708997923
TS,-0.2,YFJS_5_4_7_5_9,35930,0,1708997923
TS,-0.2,YFJS_5_4_7_5_9,34536,0,1708997923
TS,-0.2,YFJS_5_4_7_5_9,34242,0,1708997923
TS,-0.2,YFJS_5_4_7_5_9,33848,0,1708997923
TS,-0.2,YFJS_6_4_7_5_0,40765,0,1708997923
TS,-0.2,YFJS_5_4_7_5_9,33686,0,1708997923
TS,-0.2,YFJS_5_4_7_5_9,32050,0,1708997923
TS,-0.2,YFJS_6_4_7_5_0,38940,0,1708997923
TS,-0.2,YFJS_6_4_7_5_0,38882,0,1708997923
TS,-0.2,YFJS_6_4_7_5_0,38043,0,1708997923
TS,-0.2,YFJS_6_4_7_5_0,37448,0,1708997923
TS,-0.2,YFJS_6_4_7_5_0,36981,0,1708997923
TS,-0.2,YFJS_6_4_7_5_0,36636,0,1708997923
TS,-0.2,YFJS_6_4_7_5_1,32485,0,1708997923
TS,-0.2,YFJS_6_4_7_5_0,35853,0,1708997923
TS,-0.2,YFJS_6_4_7_5_1,32337,0,1708997923
TS,-0.2,YFJS_6_4_7_5_0,35650,0,1708997923
TS,-0.2,YFJS_6_4_7_5_1,32158,0.001,1708997923
TS,-0.2,YFJS_6_4_7_5_1,32048,0.001,1708997923
TS,-0.2,YFJS_6_4_7_5_1,31940,0.001,1708997923
TS,-0.2,YFJS_6_4_7_5_0,35342,0.001,1708997923
TS,-0.2,YFJS_6_4_7_5_0,35258,0.002,1708997923
TS,-0.2,YFJS_6_4_7_5_0,35125,0.002,1708997923
TS,-0.2,YFJS_6_4_7_5_0,35022,0.002,1708997923
TS,-0.2,YFJS_6_4_7_5_2,49209,0,1708997923
TS,-0.2,YFJS_6_4_7_5_2,47565,0,1708997923
TS,-0.2,YFJS_6_4_7_5_2,45518,0,1708997923
TS,-0.2,YFJS_6_4_7_5_0,34876,0.003,1708997923
TS,-0.2,YFJS_6_4_7_5_2,43634,0,1708997923
TS,-0.2,YFJS_6_4_7_5_2,42446,0,1708997923
TS,-0.2,YFJS_6_4_7_5_1,31754,0.003,1708997923
TS,-0.2,YFJS_6_4_7_5_2,42016,0.001,1708997923
TS,-0.2,YFJS_6_4_7_5_1,31747,0.003,1708997923
TS,-0.2,YFJS_5_4_7_5_9,31742,0.004,1708997923
TS,-0.2,YFJS_5_4_7_5_9,31621,0.004,1708997923
TS,-0.2,YFJS_5_4_7_5_9,31304,0.004,1708997923
TS,-0.2,YFJS_6_4_7_5_3,39883,0,1708997923
TS,-0.2,YFJS_6_4_7_5_3,39592,0,1708997923
TS,-0.2,YFJS_6_4_7_5_3,38802,0,1708997923
TS,-0.2,YFJS_6_4_7_5_2,41262,0.002,1708997923
TS,-0.2,YFJS_6_4_7_5_4,40933,0,1708997923
TS,-0.2,YFJS_6_4_7_5_4,40648,0,1708997923
TS,-0.2,YFJS_6_4_7_5_4,40425,0,1708997923
TS,-0.2,YFJS_6_4_7_5_3,38144,0.001,1708997923
TS,-0.2,YFJS_6_4_7_5_4,39901,0,1708997923
TS,-0.2,YFJS_6_4_7_5_3,37621,0.001,1708997923
TS,-0.2,YFJS_6_4_7_5_4,39821,0,1708997923
TS,-0.2,YFJS_6_4_7_5_4,38211,0.001,1708997923
TS,-0.2,YFJS_6_4_7_5_5,49412,0,1708997923
TS,-0.2,YFJS_6_4_7_5_6,36561,0,1708997923
TS,-0.2,YFJS_6_4_7_5_6,36384,0,1708997923
TS,-0.2,YFJS_6_4_7_5_4,37919,0.002,1708997923
TS,-0.2,YFJS_6_4_7_5_6,36306,0,1708997923
TS,-0.2,YFJS_6_4_7_5_5,49303,0.001,1708997923
TS,-0.2,YFJS_6_4_7_5_4,37876,0.002,1708997923
TS,-0.2,YFJS_6_4_7_5_6,35864,0,1708997923
TS,-0.2,YFJS_6_4_7_5_3,37543,0.003,1708997923
TS,-0.2,YFJS_6_4_7_5_4,37808,0.002,1708997923
TS,-0.2,YFJS_6_4_7_5_3,34032,0.003,1708997923
TS,-0.2,YFJS_6_4_7_5_6,35746,0,1708997923
TS,-0.2,YFJS_6_4_7_5_4,37798,0.002,1708997923
TS,-0.2,YFJS_6_4_7_5_3,33937,0.003,1708997923
TS,-0.2,YFJS_6_4_7_5_6,35646,0,1708997923
TS,-0.2,YFJS_6_4_7_5_7,40325,0,1708997923
TS,-0.2,YFJS_6_4_7_5_4,37224,0.002,1708997923
TS,-0.2,YFJS_6_4_7_5_3,33846,0.003,1708997923
TS,-0.2,YFJS_6_4_7_5_6,34125,0.001,1708997923
TS,-0.2,YFJS_6_4_7_5_3,33622,0.004,1708997923
TS,-0.2,YFJS_6_4_7_5_4,36698,0.003,1708997923
TS,-0.2,YFJS_6_4_7_5_7,40114,0,1708997923
TS,-0.2,YFJS_6_4_7_5_6,34047,0.001,1708997923
TS,-0.2,YFJS_6_4_7_5_3,33445,0.004,1708997923
TS,-0.2,YFJS_6_4_7_5_4,36195,0.003,1708997923
TS,-0.2,YFJS_6_4_7_5_7,39903,0,1708997923
TS,-0.2,YFJS_6_4_7_5_3,32395,0.004,1708997923
TS,-0.2,YFJS_6_4_7_5_4,35993,0.003,1708997923
TS,-0.2,YFJS_6_4_7_5_7,39615,0,1708997923
TS,-0.2,YFJS_6_4_7_5_4,35827,0.003,1708997923
TS,-0.2,YFJS_6_4_7_5_7,38881,0,1708997923
TS,-0.2,YFJS_6_4_7_5_4,35323,0.003,1708997923
TS,-0.2,YFJS_6_4_7_5_7,36084,0,1708997923
TS,-0.2,YFJS_6_4_7_5_4,35256,0.003,1708997923
TS,-0.2,YFJS_6_4_7_5_7,33801,0.001,1708997923
TS,-0.2,YFJS_6_4_7_5_4,35033,0.003,1708997923
TS,-0.2,YFJS_6_4_7_5_8,41834,0,1708997923
TS,-0.2,YFJS_6_4_7_5_8,39669,0,1708997923
TS,-0.2,YFJS_6_4_7_5_8,39074,0,1708997923
TS,-0.2,YFJS_6_4_7_5_8,38398,0,1708997923
TS,-0.2,YFJS_6_4_7_5_8,37930,0,1708997923
TS,-0.2,YFJS_6_4_7_5_2,40968,0.007,1708997923
TS,-0.2,YFJS_6_4_7_5_2,40130,0.007,1708997923
TS,-0.2,YFJS_6_4_7_5_2,40013,0.007,1708997923
TS,-0.2,YFJS_6_4_7_5_7,33608,0.003,1708997923
TS,-0.2,YFJS_6_4_7_5_7,32852,0.003,1708997923
TS,-0.2,YFJS_6_4_7_5_8,37598,0.002,1708997923
TS,-0.2,YFJS_6_4_7_5_8,37194,0.002,1708997923
TS,-0.2,YFJS_6_4_7_5_8,37042,0.003,1708997923
TS,-0.2,YFJS_6_4_7_5_4,34823,0.007,1708997923
TS,-0.2,YFJS_6_4_7_5_4,34647,0.007,1708997923
TS,-0.2,YFJS_6_4_7_5_2,39985,0.01,1708997923
TS,-0.2,YFJS_6_4_7_5_4,34411,0.007,1708997923
TS,-0.2,YFJS_6_4_7_5_4,34231,0.007,1708997923
TS,-0.2,YFJS_6_4_7_5_8,36561,0.004,1708997923
TS,-0.2,YFJS_6_4_7_5_6,34042,0.011,1708997923
TS,-0.2,YFJS_6_4_7_5_2,39721,0.02,1708997923
TS,-0.2,YFJS_6_4_7_5_2,39604,0.02,1708997923
TS,-0.2,YFJS_6_4_7_5_2,39407,0.02,1708997923
TS,-0.2,YFJS_5_4_7_5_9,30087,0.027,1708997923
TS,-0.2,YFJS_5_4_7_5_9,29366,0.027,1708997923
TS,-0.2,YFJS_6_4_7_5_1,31702,0.026,1708997923
TS,-0.2,YFJS_5_4_7_5_9,28832,0.028,1708997923
TS,-0.2,YFJS_6_4_7_5_7,32806,0.02,1708997923
TS,-0.2,YFJS_6_4_7_5_7,32313,0.022,1708997923
TS,-0.2,YFJS_6_4_7_5_7,32080,0.023,1708997923
TS,-0.2,YFJS_6_4_7_5_5,49272,0.028,1708997923
TS,-0.2,YFJS_6_4_7_5_2,38639,0.035,1708997923
TS,-0.2,YFJS_6_4_7_5_5,49217,0.035,1708997923
TS,-0.2,YFJS_6_4_7_5_5,49202,0.035,1708997923
TS,-0.2,YFJS_6_4_7_5_3,32227,0.037,1708997923
TS,-0.2,YFJS_6_4_7_5_3,32225,0.038,1708997923
TS,-0.2,YFJS_6_4_7_5_3,31826,0.038,1708997923
TS,-0.2,YFJS_6_4_7_5_3,30664,0.038,1708997923
TS,-0.2,YFJS_6_4_7_5_3,30463,0.055,1708997923
TS,-0.2,YFJS_6_4_7_5_3,28884,0.061,1708997923
TS,-0.2,YFJS_5_4_7_5_9,28832,100,1708997923
TS,-0.2,YFJS_6_4_7_5_0,34876,100,1708997923
TS,-0.2,YFJS_6_4_7_5_1,31702,100,1708997923
TS,-0.2,YFJS_6_4_7_5_2,38639,100,1708997923
TS,-0.2,YFJS_6_4_7_5_3,28884,100,1708997923
TS,-0.2,YFJS_6_4_7_5_4,34231,100,1708997923
TS,-0.2,YFJS_6_4_7_5_5,49202,100,1708997923
TS,-0.2,YFJS_6_4_7_5_6,34042,100,1708997923
TS,-0.2,YFJS_6_4_7_5_7,32080,100,1708997923
TS,-0.2,YFJS_6_4_7_5_8,36561,100,1708997923
TS,-0.2,YFJS_6_4_7_5_9,45051,0,1708998023
TS,-0.2,YFJS_6_4_7_5_9,42352,0,1708998023
TS,-0.2,YFJS_6_4_7_5_9,38487,0,1708998023
TS,-0.2,YFJS_6_4_7_5_9,36273,0,1708998023
TS,-0.2,YFJS_6_4_7_5_9,35133,0,1708998023
TS,-0.2,DA_2_5_1,22156,0,1708998023
TS,-0.2,YFJS_6_4_7_5_9,34910,0,1708998023
TS,-0.2,DA_2_5_1,21953,0,1708998023
TS,-0.2,DA_2_5_1,21588,0,1708998023
TS,-0.2,DA_2_5_1,21546,0,1708998023
TS,-0.2,DA_2_5_10,22161,0,1708998023
TS,-0.2,DA_2_5_10,22048,0,1708998023
TS,-0.2,DA_2_5_10,22046,0,1708998023
TS,-0.2,DA_2_5_10,21506,0,1708998023
TS,-0.2,DA_2_5_10,21212,0,1708998023
TS,-0.2,DA_2_5_10,20635,0,1708998023
TS,-0.2,DA_2_5_11,17972,0,1708998023
TS,-0.2,DA_2_5_12,21121,0,1708998023
TS,-0.2,DA_2_5_12,20902,0,1708998023
TS,-0.2,DA_2_5_12,20314,0,1708998023
TS,-0.2,DA_2_5_12,20296,0,1708998023
TS,-0.2,DA_2_5_12,20154,0,1708998023
TS,-0.2,DA_2_5_12,19821,0,1708998023
TS,-0.2,DA_2_5_12,19602,0,1708998023
TS,-0.2,DA_2_5_13,20826,0,1708998023
TS,-0.2,DA_2_5_13,20523,0,1708998023
TS,-0.2,DA_2_5_14,22193,0,1708998023
TS,-0.2,DA_2_5_14,20783,0,1708998023
TS,-0.2,DA_2_5_13,20179,0.001,1708998023
TS,-0.2,DA_2_5_13,19845,0.001,1708998023
TS,-0.2,DA_2_5_15,25088,0,1708998023
TS,-0.2,DA_2_5_15,24715,0,1708998023
TS,-0.2,DA_2_5_16,18857,0,1708998023
TS,-0.2,DA_2_5_17,23830,0,1708998023
TS,-0.2,DA_2_5_17,23715,0,1708998023
TS,-0.2,DA_2_5_13,18803,0.008,1708998023
TS,-0.2,DA_2_5_17,23525,0.004,1708998023
TS,-0.2,DA_2_5_17,23445,0.006,1708998023
TS,-0.2,DA_2_5_17,23061,0.006,1708998023
TS,-0.2,YFJS_6_4_7_5_9,33992,0.017,1708998023
TS,-0.2,YFJS_6_4_7_5_9,33582,0.018,1708998023
TS,-0.2,YFJS_6_4_7_5_9,33238,0.018,1708998023
TS,-0.2,YFJS_6_4_7_5_9,32583,0.018,1708998023
TS,-0.2,DA_2_5_17,23005,0.008,1708998023
TS,-0.2,DA_2_5_17,22772,0.008,1708998023
TS,-0.2,YFJS_6_4_7_5_9,32452,0.019,1708998023
TS,-0.2,YFJS_6_4_7_5_9,32253,0.019,1708998023
TS,-0.2,DA_2_5_17,22730,0.013,1708998023
TS,-0.2,YFJS_6_4_7_5_9,32042,0.256,1708998023
TS,-0.2,YFJS_6_4_7_5_9,31888,0.258,1708998023
TS,-0.2,YFJS_6_4_7_5_9,31888,100,1708998023
TS,-0.2,DA_2_5_1,21546,100,1708998023
TS,-0.2,DA_2_5_10,20635,100,1708998023
TS,-0.2,DA_2_5_11,17972,100,1708998023
TS,-0.2,DA_2_5_12,19602,100,1708998023
TS,-0.2,DA_2_5_13,18803,100,1708998023
TS,-0.2,DA_2_5_14,20783,100,1708998023
TS,-0.2,DA_2_5_15,24715,100,1708998023
TS,-0.2,DA_2_5_16,18857,100,1708998023
TS,-0.2,DA_2_5_17,22730,100,1708998023
TS,-0.2,DA_2_5_18,21021,0,1708998123
TS,-0.2,DA_2_5_18,20479,0,1708998123
TS,-0.2,DA_2_5_18,19676,0,1708998123
TS,-0.2,DA_2_5_18,19636,0,1708998123
TS,-0.2,DA_2_5_18,18823,0,1708998123
TS,-0.2,DA_2_5_19,31269,0,1708998123
TS,-0.2,DA_2_5_19,30969,0,1708998123
TS,-0.2,DA_2_5_19,30941,0,1708998123
TS,-0.2,DA_2_5_19,30841,0,1708998123
TS,-0.2,DA_2_5_19,30763,0,1708998123
TS,-0.2,DA_2_5_19,30550,0,1708998123
TS,-0.2,DA_2_5_2,19624,0,1708998123
TS,-0.2,DA_2_5_20,17143,0,1708998123
TS,-0.2,DA_2_5_20,16616,0,1708998123
TS,-0.2,DA_2_5_20,15143,0,1708998123
TS,-0.2,DA_2_5_3,24958,0,1708998123
TS,-0.2,DA_2_5_3,24832,0,1708998123
TS,-0.2,DA_2_5_3,23732,0,1708998123
TS,-0.2,DA_2_5_3,23602,0,1708998123
TS,-0.2,DA_2_5_3,22319,0,1708998123
TS,-0.2,DA_2_5_3,22014,0,1708998123
TS,-0.2,DA_2_5_3,21817,0,1708998123
TS,-0.2,DA_2_5_4,21969,0,1708998123
TS,-0.2,DA_2_5_4,21264,0,1708998123
TS,-0.2,DA_2_5_4,21181,0,1708998123
TS,-0.2,DA_2_5_4,20968,0,1708998123
TS,-0.2,DA_2_5_4,20608,0,1708998123
TS,-0.2,DA_2_5_5,24593,0,1708998123
TS,-0.2,DA_2_5_4,20540,0,1708998123
TS,-0.2,DA_2_5_5,24114,0,1708998123
TS,-0.2,DA_2_5_4,20236,0.001,1708998123
TS,-0.2,DA_2_5_6,20519,0,1708998123
TS,-0.2,DA_2_5_6,20183,0,1708998123
TS,-0.2,DA_2_5_6,19745,0,1708998123
TS,-0.2,DA_2_5_6,19145,0,1708998123
TS,-0.2,DA_2_5_7,18829,0,1708998123
TS,-0.2,DA_2_5_7,18684,0,1708998123
TS,-0.2,DA_2_5_7,18569,0,1708998123
TS,-0.2,DA_2_5_7,18446,0,1708998123
TS,-0.2,DA_2_5_7,18201,0,1708998123
TS,-0.2,DA_2_5_7,17769,0,1708998123
TS,-0.2,DA_2_5_7,17294,0,1708998123
TS,-0.2,DA_2_5_7,17280,0,1708998123
TS,-0.2,DA_2_5_7,17270,0,1708998123
TS,-0.2,DA_2_5_8,20107,0,1708998123
TS,-0.2,DA_2_5_8,19924,0,1708998123
TS,-0.2,DA_2_5_8,19642,0,1708998123
TS,-0.2,DA_2_5_18,18823,100,1708998123
TS,-0.2,DA_2_5_19,30550,100,1708998123
TS,-0.2,DA_2_5_2,19624,100,1708998123
TS,-0.2,DA_2_5_20,15143,100,1708998123
TS,-0.2,DA_2_5_3,21817,100,1708998123
TS,-0.2,DA_2_5_4,20236,100,1708998123
TS,-0.2,DA_2_5_5,24114,100,1708998123
TS,-0.2,DA_2_5_6,19145,100,1708998123
TS,-0.2,DA_2_5_7,17270,100,1708998123
TS,-0.2,DA_2_5_8,19642,100,1708998123
TS,-0.2,DA_2_5_9,21286,0,1708998223
TS,-0.2,DAFJS_3_5_1,22689,0,1708998223
TS,-0.2,DAFJS_3_5_1,22215,0,1708998223
TS,-0.2,DAFJS_3_5_1,22204,0,1708998223
TS,-0.2,DAFJS_3_5_1,22151,0,1708998223
TS,-0.2,DAFJS_3_5_10,26289,0,1708998223
TS,-0.2,DAFJS_3_5_10,26200,0,1708998223
TS,-0.2,DAFJS_3_5_10,25433,0,1708998223
TS,-0.2,DAFJS_3_5_10,25268,0,1708998223
TS,-0.2,DAFJS_3_5_10,24273,0,1708998223
TS,-0.2,DAFJS_3_5_1,22131,0.001,1708998223
TS,-0.2,DAFJS_3_5_1,22097,0.002,1708998223
TS,-0.2,DAFJS_3_5_2,25592,0,1708998223
TS,-0.2,DAFJS_3_5_2,24253,0,1708998223
TS,-0.2,DAFJS_3_5_2,24164,0,1708998223
TS,-0.2,DAFJS_3_5_3,24500,0,1708998223
TS,-0.2,DAFJS_3_5_3,24096,0,1708998223
TS,-0.2,DAFJS_3_5_3,23709,0,1708998223
TS,-0.2,DAFJS_3_5_4,22613,0,1708998223
TS,-0.2,DAFJS_3_5_4,21946,0,1708998223
TS,-0.2,DAFJS_3_5_1,22064,0.006,1708998223
TS,-0.2,DAFJS_3_5_1,22057,0.006,1708998223
TS,-0.2,DAFJS_3_5_2,23300,0.003,1708998223
TS,-0.2,DAFJS_3_5_1,22005,0.006,1708998223
TS,-0.2,DAFJS_3_5_2,23228,0.003,1708998223
TS,-0.2,DAFJS_3_5_5,23630,0,1708998223
TS,-0.2,DAFJS_3_5_5,23204,0,1708998223
TS,-0.2,DAFJS_3_5_3,23664,0.002,1708998223
TS,-0.2,DAFJS_3_5_5,21374,0,1708998223
TS,-0.2,DAFJS_3_5_5,21164,0,1708998223
TS,-0.2,DAFJS_3_5_5,21047,0,1708998223
TS,-0.2,DAFJS_3_5_6,25429,0,1708998223
TS,-0.2,DAFJS_3_5_6,24805,0,1708998223
TS,-0.2,DAFJS_3_5_6,24581,0,1708998223
TS,-0.2,DAFJS_3_5_6,24546,0,1708998223
TS,-0.2,DAFJS_3_5_4,21823,0.002,1708998223
TS,-0.2,DAFJS_3_5_4,21604,0.002,1708998223
TS,-0.2,DAFJS_3_5_2,23191,0.004,1708998223
TS,-0.2,DAFJS_3_5_6,24130,0,1708998223
TS,-0.2,DAFJS_3_5_4,21562,0.002,1708998223
TS,-0.2,DAFJS_3_5_6,23821,0,1708998223
TS,-0.2,DAFJS_3_5_2,23052,0.005,1708998223
TS,-0.2,DAFJS_3_5_4,20994,0.002,1708998223
TS,-0.2,DAFJS_3_5_6,23790,0,1708998223
TS,-0.2,DAFJS_3_5_7,26587,0,1708998223
TS,-0.2,DAFJS_3_5_6,23781,0.001,1708998223
TS,-0.2,DAFJS_3_5_7,24054,0,1708998223
TS,-0.2,DAFJS_3_5_6,23630,0.001,1708998223
TS,-0.2,DAFJS_3_5_7,23471,0,1708998223
TS,-0.2,DAFJS_3_5_7,22569,0,1708998223
TS,-0.2,DAFJS_3_5_7,21671,0,1708998223
TS,-0.2,DAFJS_3_5_7,20635,0,1708998223
TS,-0.2,DAFJS_3_5_3,23618,0.004,1708998223
TS,-0.2,DAFJS_3_5_3,23415,0.004,1708998223
TS,-0.2,DAFJS_3_5_3,23344,0.004,1708998223
TS,-0.2,DAFJS_3_5_5,20375,0.002,1708998223
TS,-0.2,DAFJS_3_5_3,23250,0.005,1708998223
TS,-0.2,DAFJS_3_5_8,19789,0,1708998223
TS,-0.2,DAFJS_3_5_5,20097,0.002,1708998223
TS,-0.2,DAFJS_3_5_5,19794,0.003,1708998223
TS,-0.2,DAFJS_3_5_5,19724,0.003,1708998223
TS,-0.2,DAFJS_3_5_6,23066,0.003,1708998223
TS,-0.2,DAFJS_3_5_6,22485,0.003,1708998223
TS,-0.2,DAFJS_3_5_8,19452,0.001,1708998223
TS,-0.2,DAFJS_3_5_6,22446,0.004,1708998223
TS,-0.2,DAFJS_3_5_8,19201,0.001,1708998223
TS,-0.2,DAFJS_3_5_6,22211,0.004,1708998223
TS,-0.2,DAFJS_3_5_6,21978,0.004,1708998223
TS,-0.2,DAFJS_3_5_4,20832,0.007,1708998223
TS,-0.2,DAFJS_3_5_4,20394,0.007,1708998223
TS,-0.2,DAFJS_3_5_4,20147,0.009,1708998223
TS,-0.2,DAFJS_3_5_4,20033,0.01,1708998223
TS,-0.2,DAFJS_3_5_4,20014,0.011,1708998223
TS,-0.2,DAFJS_3_5_4,19913,0.011,1708998223
TS,-0.2,DAFJS_3_5_3,22791,0.013,1708998223
TS,-0.2,DAFJS_3_5_3,22551,0.013,1708998223
TS,-0.2,DAFJS_3_5_6,21803,0.014,1708998223
TS,-0.2,DAFJS_3_5_6,21723,0.015,1708998223
TS,-0.2,DAFJS_3_5_6,21128,0.015,1708998223
TS,-0.2,DAFJS_3_5_6,20325,0.015,1708998223
TS,-0.2,DAFJS_3_5_6,20245,0.015,1708998223
TS,-0.2,DAFJS_3_5_1,21923,0.031,1708998223
TS,-0.2,DAFJS_3_5_3,22521,0.028,1708998223
TS,-0.2,DAFJS_3_5_1,21589,0.038,1708998223
TS,-0.2,DAFJS_3_5_1,21536,0.038,1708998223
TS,-0.2,DAFJS_3_5_1,21381,0.038,1708998223
TS,-0.2,DAFJS_3_5_1,21352,0.038,1708998223
TS,-0.2,DAFJS_3_5_2,22998,0.162,1708998223
TS,-0.2,DAFJS_3_5_2,22706,0.162,1708998223
TS,-0.2,DAFJS_3_5_2,22622,0.262,1708998223
TS,-0.2,DAFJS_3_5_2,22390,0.309,1708998223
TS,-0.2,DA_2_5_9,21286,100,1708998223
TS,-0.2,DAFJS_3_5_1,21352,100,1708998223
TS,-0.2,DAFJS_3_5_10,24273,100,1708998223
TS,-0.2,DAFJS_3_5_2,22390,100,1708998223
TS,-0.2,DAFJS_3_5_3,22521,100,1708998223
TS,-0.2,DAFJS_3_5_5,19724,100,1708998223
TS,-0.2,DAFJS_3_5_6,20245,100,1708998223
TS,-0.2,DAFJS_3_5_4,19913,100.002,1708998223
TS,-0.2,DAFJS_3_5_7,20635,100,1708998223
TS,-0.2,DAFJS_3_5_8,19201,100,1708998223
TS,-0.2,DAFJS_3_5_9,24491,0,1708998323
TS,-0.2,DAFJS_3_5_9,23736,0,1708998323
TS,-0.3,YFJS_4_4_7_5_0,33697,0,1708998323
TS,-0.3,YFJS_4_4_7_5_0,32506,0,1708998323
TS,-0.2,DAFJS_3_5_9,23408,0,1708998323
TS,-0.3,YFJS_4_4_7_5_0,32244,0,1708998323
TS,-0.3,YFJS_4_4_7_5_0,32199,0,1708998323
TS,-0.2,DAFJS_3_5_9,23177,0,1708998323
TS,-0.2,DAFJS_3_5_9,22973,0,1708998323
TS,-0.3,YFJS_4_4_7_5_1,25969,0,1708998323
TS,-0.3,YFJS_4_4_7_5_1,25078,0,1708998323
TS,-0.3,YFJS_4_4_7_5_1,24146,0,1708998323
TS,-0.3,YFJS_4_4_7_5_1,22916,0,1708998323
TS,-0.3,YFJS_4_4_7_5_1,22732,0,1708998323
TS,-0.3,YFJS_4_4_7_5_2,52865,0,1708998323
TS,-0.3,YFJS_4_4_7_5_2,52122,0,1708998323
TS,-0.3,YFJS_4_4_7_5_2,51588,0,1708998323
TS,-0.3,YFJS_4_4_7_5_2,46951,0,1708998323
TS,-0.3,YFJS_4_4_7_5_2,46540,0,1708998323
TS,-0.3,YFJS_4_4_7_5_2,45583,0,1708998323
TS,-0.3,YFJS_4_4_7_5_2,45226,0,1708998323
TS,-0.3,YFJS_4_4_7_5_0,31008,0.003,1708998323
TS,-0.3,YFJS_4_4_7_5_2,42787,0,1708998323
TS,-0.3,YFJS_4_4_7_5_3,24017,0,1708998323
TS,-0.3,YFJS_4_4_7_5_2,42077,0.001,1708998323
TS,-0.3,YFJS_4_4_7_5_3,23774,0,1708998323
TS,-0.3,YFJS_4_4_7_5_2,41699,0.001,1708998323
TS,-0.3,YFJS_4_4_7_5_4,24743,0,1708998323
TS,-0.3,YFJS_4_4_7_5_4,24566,0,1708998323
TS,-0.3,YFJS_4_4_7_5_4,22918,0,1708998323
TS,-0.3,YFJS_4_4_7_5_4,22843,0,1708998323
TS,-0.3,YFJS_4_4_7_5_5,27366,0,1708998323
TS,-0.3,YFJS_4_4_7_5_6,44128,0,1708998323
TS,-0.3,YFJS_4_4_7_5_6,43663,0,1708998323
TS,-0.3,YFJS_4_4_7_5_6,42119,0,1708998323
TS,-0.3,YFJS_4_4_7_5_6,41822,0,1708998323
TS,-0.3,YFJS_4_4_7_5_6,40873,0,1708998323
TS,-0.3,YFJS_4_4_7_5_6,40083,0,1708998323
TS,-0.3,YFJS_4_4_7_5_7,31133,0,1708998323
TS,-0.3,YFJS_4_4_7_5_7,30276,0,1708998323
TS,-0.3,YFJS_4_4_7_5_7,30109,0,1708998323
TS,-0.3,YFJS_4_4_7_5_1,22010,0.006,1708998323
TS,-0.3,YFJS_4_4_7_5_8,34357,0,1708998323
TS,-0.2,DAFJS_3_5_9,22954,0.008,1708998323
TS,-0.3,YFJS_4_4_7_5_6,39694,0.001,1708998323
TS,-0.2,DAFJS_3_5_9,22565,0.008,1708998323
TS,-0.3,YFJS_4_4_7_5_6,39229,0.002,1708998323
TS,-0.3,YFJS_4_4_7_5_7,29990,0.002,1708998323
TS,-0.3,YFJS_4_4_7_5_7,29898,0.004,1708998323
TS,-0.3,YFJS_4_4_7_5_6,38932,0.005,1708998323
TS,-0.3,YFJS_4_4_7_5_8,34056,0.034,1708998323
TS,-0.3,YFJS_4_4_7_5_8,33956,0.044,1708998323
TS,-0.2,DAFJS_3_5_9,22295,0.052,1708998323
TS,-0.3,YFJS_4_4_7_5_8,33763,0.044,1708998323
TS,-0.2,DAFJS_3_5_9,22227,0.069,1708998323
TS,-0.2,DAFJS_3_5_9,22155,0.07,1708998323
TS,-0.2,DAFJS_3_5_9,22132,0.07,1708998323
TS,-0.2,DAFJS_3_5_9,21762,0.071,1708998323
TS,-0.2,DAFJS_3_5_9,21711,0.104,1708998323
TS,-0.2,DAFJS_3_5_9,21698,0.104,1708998323
TS,-0.2,DAFJS_3_5_9,21552,0.152,1708998323
TS,-0.2,DAFJS_3_5_9,21552,100,1708998323
TS,-0.3,YFJS_4_4_7_5_0,31008,100,1708998323
TS,-0.3,YFJS_4_4_7_5_1,22010,100,1708998323
TS,-0.3,YFJS_4_4_7_5_2,41699,100,1708998323
TS,-0.3,YFJS_4_4_7_5_3,23774,100,1708998323
TS,-0.3,YFJS_4_4_7_5_4,22843,100,1708998323
TS,-0.3,YFJS_4_4_7_5_5,27366,100,1708998323
TS,-0.3,YFJS_4_4_7_5_6,38932,100,1708998323
TS,-0.3,YFJS_4_4_7_5_7,29898,100,1708998323
TS,-0.3,YFJS_4_4_7_5_8,33763,100,1708998323
TS,-0.3,YFJS_4_4_7_5_9,28513,0,1708998423
TS,-0.3,YFJS_4_4_7_5_9,27547,0,1708998423
TS,-0.3,YFJS_4_4_7_5_9,26682,0,1708998423
TS,-0.3,YFJS_5_4_7_5_0,43254,0,1708998423
TS,-0.3,YFJS_5_4_7_5_1,33495,0,1708998423
TS,-0.3,YFJS_5_4_7_5_1,33251,0,1708998423
TS,-0.3,YFJS_5_4_7_5_1,33064,0,1708998423
TS,-0.3,YFJS_5_4_7_5_0,42252,0.001,1708998423
TS,-0.3,YFJS_5_4_7_5_1,32958,0,1708998423
TS,-0.3,YFJS_5_4_7_5_0,41815,0.001,1708998423
TS,-0.3,YFJS_5_4_7_5_0,41570,0.001,1708998423
TS,-0.3,YFJS_5_4_7_5_1,32865,0,1708998423
TS,-0.3,YFJS_5_4_7_5_0,40751,0.001,1708998423
TS,-0.3,YFJS_5_4_7_5_0,40632,0.001,1708998423
TS,-0.3,YFJS_5_4_7_5_0,39806,0.001,1708998423
TS,-0.3,YFJS_5_4_7_5_0,39084,0.001,1708998423
TS,-0.3,YFJS_4_4_7_5_9,25548,0.002,1708998423
TS,-0.3,YFJS_5_4_7_5_0,38922,0.001,1708998423
TS,-0.3,YFJS_4_4_7_5_9,25131,0.002,1708998423
TS,-0.3,YFJS_5_4_7_5_0,38333,0.001,1708998423
TS,-0.3,YFJS_4_4_7_5_9,25093,0.002,1708998423
TS,-0.3,YFJS_5_4_7_5_0,38145,0.002,1708998423
TS,-0.3,YFJS_5_4_7_5_1,32678,0.001,1708998423
TS,-0.3,YFJS_4_4_7_5_9,25072,0.002,1708998423
TS,-0.3,YFJS_5_4_7_5_1,32456,0.001,1708998423
TS,-0.3,YFJS_5_4_7_5_1,31509,0.001,1708998423
TS,-0.3,YFJS_5_4_7_5_1,31330,0.001,1708998423
TS,-0.3,YFJS_5_4_7_5_2,26536,0,1708998423
TS,-0.3,YFJS_5_4_7_5_1,30030,0.002,1708998423
TS,-0.3,YFJS_5_4_7_5_2,25938,0,1708998423
TS,-0.3,YFJS_5_4_7_5_1,29775,0.002,1708998423
TS,-0.3,YFJS_5_4_7_5_1,28828,0.002,1708998423
TS,-0.3,YFJS_5_4_7_5_2,25881,0,1708998423
TS,-0.3,YFJS_5_4_7_5_1,28057,0.002,1708998423
TS,-0.3,YFJS_5_4_7_5_1,28010,0.002,1708998423
TS,-0.3,YFJS_5_4_7_5_2,25687,0,1708998423
TS,-0.3,YFJS_5_4_7_5_2,25619,0,1708998423
TS,-0.3,YFJS_5_4_7_5_0,37857,0.003,1708998423
TS,-0.3,YFJS_5_4_7_5_1,27473,0.003,1708998423
TS,-0.3,YFJS_5_4_7_5_3,37157,0,1708998423
TS,-0.3,YFJS_5_4_7_5_1,27061,0.003,1708998423
TS,-0.3,YFJS_5_4_7_5_3,36990,0,1708998423
TS,-0.3,YFJS_5_4_7_5_3,36862,0,1708998423
TS,-0.3,YFJS_5_4_7_5_3,35557,0,1708998423
TS,-0.3,YFJS_5_4_7_5_3,35418,0,1708998423
TS,-0.3,YFJS_5_4_7_5_3,34948,0,1708998423
TS,-0.3,YFJS_5_4_7_5_3,34611,0,1708998423
TS,-0.3,YFJS_5_4_7_5_3,33956,0,1708998423
TS,-0.3,YFJS_5_4_7_5_4,46583,0,1708998423
TS,-0.3,YFJS_5_4_7_5_3,33474,0.001,1708998423
TS,-0.3,YFJS_5_4_7_5_4,42848,0,1708998423
TS,-0.3,YFJS_5_4_7_5_4,42173,0,1708998423
TS,-0.3,YFJS_5_4_7_5_4,41961,0,1708998423
TS,-0.3,YFJS_5_4_7_5_4,41888,0,1708998423
TS,-0.3,YFJS_5_4_7_5_4,41667,0,1708998423
TS,-0.3,YFJS_5_4_7_5_4,41301,0,1708998423
TS,-0.3,YFJS_5_4_7_5_4,38619,0,1708998423
TS,-0.3,YFJS_5_4_7_5_3,33128,0.001,1708998423
TS,-0.3,YFJS_5_4_7_5_5,30576,0,1708998423
TS,-0.3,YFJS_5_4_7_5_4,38329,0.001,1708998423
TS,-0.3,YFJS_5_4_7_5_5,30483,0,1708998423
TS,-0.3,YFJS_5_4_7_5_6,44916,0,1708998423
TS,-0.3,YFJS_5_4_7_5_6,44761,0,1708998423
TS,-0.3,YFJS_5_4_7_5_6,44650,0,1708998423
TS,-0.3,YFJS_5_4_7_5_6,44565,0,1708998423
TS,-0.3,YFJS_5_4_7_5_6,44496,0,1708998423
TS,-0.3,YFJS_5_4_7_5_5,30386,0.001,1708998423
TS,-0.3,YFJS_5_4_7_5_5,30219,0.001,1708998423
TS,-0.3,YFJS_5_4_7_5_7,29764,0,1708998423
TS,-0.3,YFJS_5_4_7_5_7,29573,0,1708998423
TS,-0.3,YFJS_5_4_7_5_7,28927,0,1708998423
TS,-0.3,YFJS_5_4_7_5_7,28079,0,1708998423
TS,-0.3,YFJS_5_4_7_5_0,37701,0.007,1708998423
TS,-0.3,YFJS_5_4_7_5_7,27944,0,1708998423
TS,-0.3,YFJS_5_4_7_5_0,36749,0.007,1708998423
TS,-0.3,YFJS_5_4_7_5_0,36368,0.007,1708998423
TS,-0.3,YFJS_5_4_7_5_0,36307,0.007,1708998423
TS,-0.3,YFJS_5_4_7_5_6,44250,0.001,1708998423
TS,-0.3,YFJS_5_4_7_5_6,40501,0.002,1708998423
TS,-0.3,YFJS_5_4_7_5_6,40500,0.002,1708998423
TS,-0.3,YFJS_5_4_7_5_8,37034,0,1708998423
TS,-0.3,YFJS_5_4_7_5_6,40400,0.002,1708998423
TS,-0.3,YFJS_5_4_7_5_6,40373,0.002,1708998423
TS,-0.3,YFJS_5_4_7_5_8,36758,0,1708998423
TS,-0.3,YFJS_5_4_7_5_6,39750,0.002,1708998423
TS,-0.3,YFJS_5_4_7_5_8,36536,0,1708998423
TS,-0.3,YFJS_5_4_7_5_6,38650,0.002,1708998423
TS,-0.3,YFJS_5_4_7_5_8,36004,0,1708998423
TS,-0.3,YFJS_5_4_7_5_8,35635,0,1708998423
TS,-0.3,YFJS_5_4_7_5_8,34145,0,1708998423
TS,-0.3,YFJS_5_4_7_5_8,33607,0,1708998423
TS,-0.3,YFJS_5_4_7_5_8,33343,0,1708998423
TS,-0.3,YFJS_5_4_7_5_8,32545,0.001,1708998423
TS,-0.3,YFJS_5_4_7_5_7,25929,0.002,1708998423
TS,-0.3,YFJS_5_4_7_5_7,25769,0.002,1708998423
TS,-0.3,YFJS_5_4_7_5_7,25506,0.003,1708998423
TS,-0.3,YFJS_5_4_7_5_7,25067,0.003,1708998423
TS,-0.3,YFJS_5_4_7_5_8,31743,0.002,1708998423
TS,-0.3,YFJS_5_4_7_5_5,30067,0.004,1708998423
TS,-0.3,YFJS_5_4_7_5_4,38256,0.007,1708998423
TS,-0.3,YFJS_5_4_7_5_5,29601,0.006,1708998423
TS,-0.3,YFJS_5_4_7_5_8,31167,0.003,1708998423
TS,-0.3,YFJS_5_4_7_5_8,31083,0.003,1708998423
TS,-0.3,YFJS_5_4_7_5_8,31082,0.003,1708998423
TS,-0.3,YFJS_5_4_7_5_5,29594,0.006,1708998423
TS,-0.3,YFJS_5_4_7_5_5,29450,0.007,1708998423
TS,-0.3,YFJS_5_4_7_5_5,29442,0.007,1708998423
TS,-0.3,YFJS_5_4_7_5_3,31081,0.011,1708998423
TS,-0.3,YFJS_5_4_7_5_3,31046,0.011,1708998423
TS,-0.3,YFJS_5_4_7_5_3,30674,0.011,1708998423
TS,-0.3,YFJS_5_4_7_5_3,30159,0.011,1708998423
TS,-0.3,YFJS_5_4_7_5_3,30157,0.011,1708998423
TS,-0.3,YFJS_5_4_7_5_3,29918,0.011,1708998423
TS,-0.3,YFJS_5_4_7_5_3,29764,0.011,1708998423
TS,-0.3,YFJS_5_4_7_5_6,38584,0.009,1708998423
TS,-0.3,YFJS_5_4_7_5_3,29449,0.011,1708998423
TS,-0.3,YFJS_5_4_7_5_6,38473,0.009,1708998423
TS,-0.3,YFJS_5_4_7_5_3,29444,0.012,1708998423
TS,-0.3,YFJS_5_4_7_5_3,28694,0.012,1708998423
TS,-0.3,YFJS_5_4_7_5_3,28139,0.012,1708998423
TS,-0.3,YFJS_5_4_7_5_6,38388,0.01,1708998423
TS,-0.3,YFJS_5_4_7_5_3,28131,0.022,1708998423
TS,-0.3,YFJS_5_4_7_5_8,29239,0.035,1708998423
TS,-0.3,YFJS_5_4_7_5_8,29227,0.043,1708998423
TS,-0.3,YFJS_5_4_7_5_8,29207,0.043,1708998423
TS,-0.3,YFJS_5_4_7_5_3,27428,0.052,1708998423
TS,-0.3,YFJS_5_4_7_5_1,26893,0.107,1708998423
TS,-0.3,YFJS_5_4_7_5_6,37772,0.123,1708998423
TS,-0.3,YFJS_5_4_7_5_6,37465,0.123,1708998423
TS,-0.3,YFJS_5_4_7_5_1,26804,0.218,1708998423
TS,-0.3,YFJS_5_4_7_5_1,26571,0.218,1708998423
TS,-0.3,YFJS_5_4_7_5_1,26219,0.223,1708998423
TS,-0.3,YFJS_4_4_7_5_9,25072,100,1708998423
TS,-0.3,YFJS_5_4_7_5_0,36307,100,1708998423
TS,-0.3,YFJS_5_4_7_5_1,26219,100,1708998423
TS,-0.3,YFJS_5_4_7_5_2,25619,100,1708998423
TS,-0.3,YFJS_5_4_7_5_3,27428,100,1708998423
TS,-0.3,YFJS_5_4_7_5_4,38256,100,1708998423
TS,-0.3,YFJS_5_4_7_5_5,29442,100,1708998423
TS,-0.3,YFJS_5_4_7_5_6,37465,100,1708998423
TS,-0.3,YFJS_5_4_7_5_7,25067,100,1708998423
TS,-0.3,YFJS_5_4_7_5_8,29207,100,1708998423
TS,-0.3,YFJS_5_4_7_5_9,37063,0,1708998523
TS,-0.3,YFJS_5_4_7_5_9,34620,0,1708998523
TS,-0.3,YFJS_5_4_7_5_9,33573,0,1708998523
TS,-0.3,YFJS_5_4_7_5_9,32959,0,1708998523
TS,-0.3,YFJS_6_4_7_5_0,35905,0,1708998523
TS,-0.3,YFJS_5_4_7_5_9,32451,0,1708998523
TS,-0.3,YFJS_6_4_7_5_0,35292,0,1708998523
TS,-0.3,YFJS_5_4_7_5_9,31419,0,1708998523
TS,-0.3,YFJS_6_4_7_5_0,34212,0,1708998523
TS,-0.3,YFJS_5_4_7_5_9,30520,0,1708998523
TS,-0.3,YFJS_6_4_7_5_0,33747,0,1708998523
TS,-0.3,YFJS_5_4_7_5_9,30493,0,1708998523
TS,-0.3,YFJS_5_4_7_5_9,29759,0,1708998523
TS,-0.3,YFJS_6_4_7_5_0,33355,0,1708998523
TS,-0.3,YFJS_5_4_7_5_9,29251,0,1708998523
TS,-0.3,YFJS_6_4_7_5_0,33106,0,1708998523
TS,-0.3,YFJS_6_4_7_5_1,30212,0,1708998523
TS,-0.3,YFJS_6_4_7_5_1,30002,0,1708998523
TS,-0.3,YFJS_6_4_7_5_1,29582,0,1708998523
TS,-0.3,YFJS_6_4_7_5_1,29533,0,1708998523
TS,-0.3,YFJS_6_4_7_5_1,29498,0,1708998523
TS,-0.3,YFJS_6_4_7_5_1,29154,0,1708998523
TS,-0.3,YFJS_6_4_7_5_1,28985,0,1708998523
TS,-0.3,YFJS_6_4_7_5_2,45823,0,1708998523
TS,-0.3,YFJS_6_4_7_5_2,44215,0,1708998523
TS,-0.3,YFJS_6_4_7_5_2,43506,0,1708998523
TS,-0.3,YFJS_6_4_7_5_2,43490,0,1708998523
TS,-0.3,YFJS_6_4_7_5_2,43416,0,1708998523
TS,-0.3,YFJS_6_4_7_5_2,42816,0.001,1708998523
TS,-0.3,YFJS_6_4_7_5_2,41131,0.001,1708998523
TS,-0.3,YFJS_6_4_7_5_2,39400,0.001,1708998523
TS,-0.3,YFJS_6_4_7_5_0,32773,0.004,1708998523
TS,-0.3,YFJS_6_4_7_5_2,38863,0.001,1708998523
TS,-0.3,YFJS_6_4_7_5_3,37651,0,1708998523
TS,-0.3,YFJS_6_4_7_5_3,36735,0,1708998523
TS,-0.3,YFJS_6_4_7_5_3,35464,0,1708998523
TS,-0.3,YFJS_5_4_7_5_9,29193,0.005,1708998523
TS,-0.3,YFJS_5_4_7_5_9,28961,0.005,1708998523
TS,-0.3,YFJS_6_4_7_5_4,35966,0,1708998523
TS,-0.3,YFJS_6_4_7_5_4,35058,0,1708998523
TS,-0.3,YFJS_6_4_7_5_4,34538,0,1708998523
TS,-0.3,YFJS_6_4_7_5_4,34388,0,1708998523
TS,-0.3,YFJS_6_4_7_5_2,38745,0.003,1708998523
TS,-0.3,YFJS_6_4_7_5_3,35312,0.001,1708998523
TS,-0.3,YFJS_6_4_7_5_3,35098,0.002,1708998523
TS,-0.3,YFJS_6_4_7_5_2,38683,0.003,1708998523
TS,-0.3,YFJS_6_4_7_5_3,34588,0.002,1708998523
TS,-0.3,YFJS_6_4_7_5_2,38418,0.003,1708998523
TS,-0.3,YFJS_6_4_7_5_5,53604,0,1708998523
TS,-0.3,YFJS_6_4_7_5_2,37917,0.003,1708998523
TS,-0.3,YFJS_6_4_7_5_3,34581,0.002,1708998523
TS,-0.3,YFJS_6_4_7_5_3,33933,0.002,1708998523
TS,-0.3,YFJS_6_4_7_5_5,45848,0,1708998523
TS,-0.3,YFJS_6_4_7_5_3,33311,0.002,1708998523
TS,-0.3,YFJS_6_4_7_5_5,45342,0,1708998523
TS,-0.3,YFJS_6_4_7_5_5,44492,0,1708998523
TS,-0.3,YFJS_6_4_7_5_6,33799,0,1708998523
TS,-0.3,YFJS_6_4_7_5_5,44433,0.001,1708998523
TS,-0.3,YFJS_6_4_7_5_6,32974,0,1708998523
TS,-0.3,YFJS_6_4_7_5_5,44226,0.001,1708998523
TS,-0.3,YFJS_6_4_7_5_4,34110,0.002,1708998523
TS,-0.3,YFJS_6_4_7_5_6,32876,0,1708998523
TS,-0.3,YFJS_6_4_7_5_6,32473,0,1708998523
TS,-0.3,YFJS_6_4_7_5_5,44207,0.001,1708998523
TS,-0.3,YFJS_6_4_7_5_6,31993,0,1708998523
TS,-0.3,YFJS_6_4_7_5_6,31755,0,1708998523
TS,-0.3,YFJS_6_4_7_5_0,32755,0.008,1708998523
TS,-0.3,YFJS_6_4_7_5_6,31749,0.001,1708998523
TS,-0.3,YFJS_6_4_7_5_0,32409,0.008,1708998523
TS,-0.3,YFJS_6_4_7_5_7,37547,0,1708998523
TS,-0.3,YFJS_6_4_7_5_7,37321,0,1708998523
TS,-0.3,YFJS_6_4_7_5_7,36916,0,1708998523
TS,-0.3,YFJS_6_4_7_5_7,36359,0,1708998523
TS,-0.3,YFJS_6_4_7_5_7,35755,0,1708998523
TS,-0.3,YFJS_6_4_7_5_0,32166,0.009,1708998523
TS,-0.3,YFJS_6_4_7_5_8,39146,0,1708998523
TS,-0.3,YFJS_6_4_7_5_7,35610,0.001,1708998523
TS,-0.3,YFJS_6_4_7_5_8,35761,0,1708998523
TS,-0.3,YFJS_6_4_7_5_7,33356,0.001,1708998523
TS,-0.3,YFJS_6_4_7_5_8,34994,0,1708998523
TS,-0.3,YFJS_6_4_7_5_7,31647,0.001,1708998523
TS,-0.3,YFJS_6_4_7_5_8,34959,0,1708998523
TS,-0.3,YFJS_6_4_7_5_7,31135,0.001,1708998523
TS,-0.3,YFJS_6_4_7_5_8,34330,0,1708998523
TS,-0.3,YFJS_6_4_7_5_7,30800,0.001,1708998523
TS,-0.3,YFJS_6_4_7_5_3,30944,0.006,1708998523
TS,-0.3,YFJS_6_4_7_5_3,30723,0.006,1708998523
TS,-0.3,YFJS_6_4_7_5_3,30630,0.006,1708998523
TS,-0.3,YFJS_6_4_7_5_4,33928,0.005,1708998523
TS,-0.3,YFJS_6_4_7_5_2,37812,0.008,1708998523
TS,-0.3,YFJS_6_4_7_5_4,33803,0.005,1708998523
TS,-0.3,YFJS_6_4_7_5_2,37568,0.008,1708998523
TS,-0.3,YFJS_6_4_7_5_4,33629,0.006,1708998523
TS,-0.3,YFJS_6_4_7_5_8,34162,0.002,1708998523
TS,-0.3,YFJS_6_4_7_5_2,37193,0.008,1708998523
TS,-0.3,YFJS_6_4_7_5_4,33125,0.006,1708998523
TS,-0.3,YFJS_6_4_7_5_8,34051,0.002,1708998523
TS,-0.3,YFJS_6_4_7_5_4,32911,0.006,1708998523
TS,-0.3,YFJS_6_4_7_5_4,32621,0.006,1708998523
TS,-0.3,YFJS_6_4_7_5_2,37038,0.009,1708998523
TS,-0.3,YFJS_5_4_7_5_9,28490,0.014,1708998523
TS,-0.3,YFJS_6_4_7_5_2,36980,0.01,1708998523
TS,-0.3,YFJS_6_4_7_5_8,33480,0.004,1708998523
TS,-0.3,YFJS_6_4_7_5_8,33455,0.004,1708998523
TS,-0.3,YFJS_6_4_7_5_2,36776,0.011,1708998523
TS,-0.3,YFJS_6_4_7_5_4,32565,0.009,1708998523
TS,-0.3,YFJS_6_4_7_5_8,33305,0.007,1708998523
TS,-0.3,YFJS_6_4_7_5_6,31651,0.011,1708998523
TS,-0.3,YFJS_6_4_7_5_6,31571,0.011,1708998523
TS,-0.3,YFJS_6_4_7_5_3,30555,0.015,1708998523
TS,-0.3,YFJS_6_4_7_5_3,30323,0.015,1708998523
TS,-0.3,YFJS_6_4_7_5_3,30123,0.015,1708998523
TS,-0.3,YFJS_6_4_7_5_4,32346,0.02,1708998523
TS,-0.3,YFJS_6_4_7_5_2,35885,0.023,1708998523
TS,-0.3,YFJS_6_4_7_5_2,35779,0.023,1708998523
TS,-0.3,YFJS_5_4_7_5_9,28290,0.027,1708998523
TS,-0.3,YFJS_6_4_7_5_8,33054,0.021,1708998523
TS,-0.3,YFJS_6_4_7_5_8,32974,0.021,1708998523
TS,-0.3,YFJS_5_4_7_5_9,27344,0.036,1708998523
TS,-0.3,YFJS_6_4_7_5_3,27907,0.032,1708998523
TS,-0.3,YFJS_5_4_7_5_9,27091,0.036,1708998523
TS,-0.3,YFJS_6_4_7_5_3,27837,0.032,1708998523
TS,-0.3,YFJS_6_4_7_5_3,27395,0.032,1708998523
TS,-0.3,YFJS_6_4_7_5_7,30752,0.041,1708998523
TS,-0.3,YFJS_6_4_7_5_7,30428,0.041,1708998523
TS,-0.3,YFJS_6_4_7_5_3,27023,0.1,1708998523
TS,-0.3,YFJS_6_4_7_5_2,35588,0.172,1708998523
TS,-0.3,YFJS_6_4_7_5_2,35441,0.203,1708998523
TS,-0.3,YFJS_6_4_7_5_8,32826,0.451,1708998523
TS,-0.3,YFJS_5_4_7_5_9,27091,100,1708998523
TS,-0.3,YFJS_6_4_7_5_0,32166,100,1708998523
TS,-0.3,YFJS_6_4_7_5_1,28985,100,1708998523
TS,-0.3,YFJS_6_4_7_5_2,35441,100,1708998523
TS,-0.3,YFJS_6_4_7_5_3,27023,100,1708998523
TS,-0.3,YFJS_6_4_7_5_4,32346,100,1708998523
TS,-0.3,YFJS_6_4_7_5_5,44207,100,1708998523
TS,-0.3,YFJS_6_4_7_5_6,31571,100,1708998523
TS,-0.3,YFJS_6_4_7_5_7,30428,100,1708998523
TS,-0.3,YFJS_6_4_7_5_8,32826,100,1708998523
TS,-0.3,YFJS_6_4_7_5_9,40752,0,1708998623
TS,-0.3,YFJS_6_4_7_5_9,36464,0,1708998623
TS,-0.3,YFJS_6_4_7_5_9,35905,0,1708998623
TS,-0.3,YFJS_6_4_7_5_9,35549,0,1708998623
TS,-0.3,YFJS_6_4_7_5_9,35292,0,1708998623
TS,-0.3,YFJS_6_4_7_5_9,34571,0,1708998623
TS,-0.3,YFJS_6_4_7_5_9,33889,0,1708998623
TS,-0.3,DA_2_5_1,20757,0,1708998623
TS,-0.3,DA_2_5_1,20505,0,1708998623
TS,-0.3,DA_2_5_1,20388,0,1708998623
TS,-0.3,DA_2_5_1,20124,0,1708998623
TS,-0.3,DA_2_5_1,19886,0,1708998623
TS,-0.3,DA_2_5_1,19716,0,1708998623
TS,-0.3,DA_2_5_1,19702,0,1708998623
TS,-0.3,DA_2_5_10,21152,0,1708998623
TS,-0.3,DA_2_5_10,21136,0,1708998623
TS,-0.3,DA_2_5_10,20120,0,1708998623
TS,-0.3,YFJS_6_4_7_5_9,33022,0.001,1708998623
TS,-0.3,YFJS_6_4_7_5_9,32481,0.001,1708998623
TS,-0.3,YFJS_6_4_7_5_9,32321,0.001,1708998623
TS,-0.3,DA_2_5_10,19553,0,1708998623
TS,-0.3,YFJS_6_4_7_5_9,31491,0.001,1708998623
TS,-0.3,DA_2_5_10,18916,0,1708998623
TS,-0.3,DA_2_5_11,17621,0,1708998623
TS,-0.3,DA_2_5_11,17619,0,1708998623
TS,-0.3,DA_2_5_12,20391,0,1708998623
TS,-0.3,DA_2_5_12,20100,0,1708998623
TS,-0.3,DA_2_5_12,19833,0,1708998623
TS,-0.3,DA_2_5_12,19736,0,1708998623
TS,-0.3,DA_2_5_12,19547,0,1708998623
TS,-0.3,DA_2_5_12,19091,0,1708998623
TS,-0.3,DA_2_5_12,18800,0,1708998623
TS,-0.3,DA_2_5_1,19652,0.004,1708998623
TS,-0.3,DA_2_5_11,17419,0.001,1708998623
TS,-0.3,DA_2_5_13,19253,0,1708998623
TS,-0.3,DA_2_5_13,18878,0,1708998623
TS,-0.3,DA_2_5_14,21148,0,1708998623
TS,-0.3,DA_2_5_14,19605,0,1708998623
TS,-0.3,DA_2_5_14,18961,0,1708998623
TS,-0.3,DA_2_5_15,24767,0,1708998623
TS,-0.3,DA_2_5_14,18712,0,1708998623
TS,-0.3,DA_2_5_15,24256,0,1708998623
TS,-0.3,DA_2_5_13,18536,0.001,1708998623
TS,-0.3,DA_2_5_16,17927,0,1708998623
TS,-0.3,DA_2_5_16,17900,0,1708998623
TS,-0.3,YFJS_6_4_7_5_9,31093,0.008,1708998623
TS,-0.3,DA_2_5_14,18692,0.002,1708998623
TS,-0.3,DA_2_5_17,22398,0,1708998623
TS,-0.3,DA_2_5_17,22258,0,1708998623
TS,-0.3,DA_2_5_17,21987,0.001,1708998623
TS,-0.3,DA_2_5_17,21776,0.001,1708998623
TS,-0.3,DA_2_5_17,21298,0.001,1708998623
TS,-0.3,DA_2_5_17,21297,0.003,1708998623
TS,-0.3,DA_2_5_17,21166,0.004,1708998623
TS,-0.3,DA_2_5_17,20797,0.004,1708998623
TS,-0.3,DA_2_5_13,18256,0.018,1708998623
TS,-0.3,DA_2_5_13,18237,0.018,1708998623
TS,-0.3,DA_2_5_13,17828,0.019,1708998623
TS,-0.3,DA_2_5_13,17657,0.019,1708998623
TS,-0.3,YFJS_6_4_7_5_9,30550,0.034,1708998623
TS,-0.3,YFJS_6_4_7_5_9,30519,0.034,1708998623
TS,-0.3,YFJS_6_4_7_5_9,29922,0.035,1708998623
TS,-0.3,YFJS_6_4_7_5_9,29848,0.035,1708998623
TS,-0.3,YFJS_6_4_7_5_9,29848,100,1708998623
TS,-0.3,DA_2_5_1,19652,100,1708998623
TS,-0.3,DA_2_5_10,18916,100,1708998623
TS,-0.3,DA_2_5_11,17419,100,1708998623
TS,-0.3,DA_2_5_12,18800,100,1708998623
TS,-0.3,DA_2_5_13,17657,100,1708998623
TS,-0.3,DA_2_5_14,18692,100,1708998623
TS,-0.3,DA_2_5_15,24256,100,1708998623
TS,-0.3,DA_2_5_16,17900,100,1708998623
TS,-0.3,DA_2_5_17,20797,100,1708998623
TS,-0.3,DA_2_5_18,20176,0,1708998723
TS,-0.3,DA_2_5_18,19342,0,1708998723
TS,-0.3,DA_2_5_18,18622,0,1708998723
TS,-0.3,DA_2_5_18,18496,0,1708998723
TS,-0.3,DA_2_5_18,17568,0,1708998723
TS,-0.3,DA_2_5_18,17395,0,1708998723
TS,-0.3,DA_2_5_19,28718,0,1708998723
TS,-0.3,DA_2_5_19,28342,0,1708998723
TS,-0.3,DA_2_5_19,27387,0,1708998723
TS,-0.3,DA_2_5_2,19094,0,1708998723
TS,-0.3,DA_2_5_2,19041,0,1708998723
TS,-0.3,DA_2_5_2,18941,0.001,1708998723
TS,-0.3,DA_2_5_2,18797,0.001,1708998723
TS,-0.3,DA_2_5_20,15425,0,1708998723
TS,-0.3,DA_2_5_20,15278,0,1708998723
TS,-0.3,DA_2_5_20,15251,0,1708998723
TS,-0.3,DA_2_5_20,15053,0,1708998723
TS,-0.3,DA_2_5_20,14689,0,1708998723
TS,-0.3,DA_2_5_20,14077,0,1708998723
TS,-0.3,DA_2_5_2,18097,0.002,1708998723
TS,-0.3,DA_2_5_2,18015,0.002,1708998723
TS,-0.3,DA_2_5_2,17659,0.002,1708998723
TS,-0.3,DA_2_5_2,17594,0.003,1708998723
TS,-0.3,DA_2_5_3,23552,0,1708998723
TS,-0.3,DA_2_5_3,23385,0,1708998723
TS,-0.3,DA_2_5_3,22406,0,1708998723
TS,-0.3,DA_2_5_3,22233,0,1708998723
TS,-0.3,DA_2_5_3,21309,0,1708998723
TS,-0.3,DA_2_5_3,20890,0,1708998723
TS,-0.3,DA_2_5_3,20620,0,1708998723
TS,-0.3,DA_2_5_2,17382,0.004,1708998723
TS,-0.3,DA_2_5_2,17222,0.004,1708998723
TS,-0.3,DA_2_5_4,20524,0,1708998723
TS,-0.3,DA_2_5_4,19419,0,1708998723
TS,-0.3,DA_2_5_4,18858,0,1708998723
TS,-0.3,DA_2_5_4,18625,0,1708998723
TS,-0.3,DA_2_5_2,17105,0.004,1708998723
TS,-0.3,DA_2_5_5,23797,0,1708998723
TS,-0.3,DA_2_5_5,23592,0,1708998723
TS,-0.3,DA_2_5_5,22939,0,1708998723
TS,-0.3,DA_2_5_6,19941,0,1708998723
TS,-0.3,DA_2_5_6,19917,0,1708998723
TS,-0.3,DA_2_5_6,19807,0,1708998723
TS,-0.3,DA_2_5_6,19623,0,1708998723
TS,-0.3,DA_2_5_6,18853,0,1708998723
TS,-0.3,DA_2_5_6,18253,0,1708998723
TS,-0.3,DA_2_5_7,17784,0,1708998723
TS,-0.3,DA_2_5_7,17454,0,1708998723
TS,-0.3,DA_2_5_7,17295,0,1708998723
TS,-0.3,DA_2_5_7,17278,0,1708998723
TS,-0.3,DA_2_5_7,17182,0,1708998723
TS,-0.3,DA_2_5_7,17177,0,1708998723
TS,-0.3,DA_2_5_7,16997,0,1708998723
TS,-0.3,DA_2_5_7,16526,0,1708998723
TS,-0.3,DA_2_5_7,16495,0,1708998723
TS,-0.3,DA_2_5_8,19030,0,1708998723
TS,-0.3,DA_2_5_8,19022,0,1708998723
TS,-0.3,DA_2_5_8,18940,0,1708998723
TS,-0.3,DA_2_5_8,18851,0,1708998723
TS,-0.3,DA_2_5_8,18474,0.003,1708998723
TS,-0.3,DA_2_5_18,17395,100,1708998723
TS,-0.3,DA_2_5_19,27387,100,1708998723
TS,-0.3,DA_2_5_2,17105,100,1708998723
TS,-0.3,DA_2_5_20,14077,100,1708998723
TS,-0.3,DA_2_5_3,20620,100,1708998723
TS,-0.3,DA_2_5_4,18625,100,1708998723
TS,-0.3,DA_2_5_5,22939,100,1708998723
TS,-0.3,DA_2_5_6,18253,100,1708998723
TS,-0.3,DA_2_5_7,16495,100,1708998723
TS,-0.3,DA_2_5_8,18474,100,1708998723
TS,-0.3,DA_2_5_9,19587,0,1708998823
TS,-0.3,DAFJS_3_5_1,21299,0,1708998823
TS,-0.3,DAFJS_3_5_1,21009,0,1708998823
TS,-0.3,DAFJS_3_5_1,20599,0,1708998823
TS,-0.3,DAFJS_3_5_1,20368,0,1708998823
TS,-0.3,DAFJS_3_5_10,24671,0,1708998823
TS,-0.3,DAFJS_3_5_10,24526,0,1708998823
TS,-0.3,DAFJS_3_5_10,23568,0,1708998823
TS,-0.3,DAFJS_3_5_10,23419,0,1708998823
TS,-0.3,DAFJS_3_5_10,22887,0,1708998823
TS,-0.3,DAFJS_3_5_10,22767,0,1708998823
TS,-0.3,DAFJS_3_5_2,23847,0,1708998823
TS,-0.3,DAFJS_3_5_2,22828,0,1708998823
TS,-0.3,DAFJS_3_5_2,22710,0,1708998823
TS,-0.3,DAFJS_3_5_3,22524,0,1708998823
TS,-0.3,DAFJS_3_5_3,21989,0,1708998823
TS,-0.3,DAFJS_3_5_2,22582,0.001,1708998823
TS,-0.3,DAFJS_3_5_3,21827,0,1708998823
TS,-0.3,DAFJS_3_5_2,22501,0.001,1708998823
TS,-0.3,DAFJS_3_5_3,21482,0,1708998823
TS,-0.3,DAFJS_3_5_2,22077,0.002,1708998823
TS,-0.3,DAFJS_3_5_2,21958,0.002,1708998823
TS,-0.3,DAFJS_3_5_2,21883,0.002,1708998823
TS,-0.3,DAFJS_3_5_4,21923,0,1708998823
TS,-0.3,DAFJS_3_5_4,21309,0,1708998823
TS,-0.3,DAFJS_3_5_4,20834,0,1708998823
TS,-0.3,DAFJS_3_5_2,21817,0.003,1708998823
TS,-0.3,DAFJS_3_5_4,20502,0.001,1708998823
TS,-0.3,DAFJS_3_5_5,21613,0,1708998823
TS,-0.3,DAFJS_3_5_5,21450,0,1708998823
TS,-0.3,DAFJS_3_5_5,19944,0,1708998823
TS,-0.3,DAFJS_3_5_5,19891,0,1708998823
TS,-0.3,DAFJS_3_5_5,19782,0,1708998823
TS,-0.3,DAFJS_3_5_5,19725,0,1708998823
TS,-0.3,DAFJS_3_5_6,23089,0,1708998823
TS,-0.3,DAFJS_3_5_6,22575,0,1708998823
TS,-0.3,DAFJS_3_5_6,22513,0,1708998823
TS,-0.3,DAFJS_3_5_6,22334,0,1708998823
TS,-0.3,DAFJS_3_5_3,21321,0.004,1708998823
TS,-0.3,DAFJS_3_5_3,20938,0.004,1708998823
TS,-0.3,DAFJS_3_5_7,24429,0,1708998823
TS,-0.3,DAFJS_3_5_7,22001,0,1708998823
TS,-0.3,DAFJS_3_5_7,21270,0,1708998823
TS,-0.3,DAFJS_3_5_7,21199,0,1708998823
TS,-0.3,DAFJS_3_5_6,21818,0.001,1708998823
TS,-0.3,DAFJS_3_5_6,21443,0.001,1708998823
TS,-0.3,DAFJS_3_5_7,20895,0,1708998823
TS,-0.3,DAFJS_3_5_6,21394,0.001,1708998823
TS,-0.3,DAFJS_3_5_6,21164,0.002,1708998823
TS,-0.3,DAFJS_3_5_7,20476,0,1708998823
TS,-0.3,DAFJS_3_5_10,22396,0.008,1708998823
TS,-0.3,DAFJS_3_5_8,18560,0,1708998823
TS,-0.3,DAFJS_3_5_8,18414,0,1708998823
TS,-0.3,DAFJS_3_5_4,20497,0.004,1708998823
TS,-0.3,DAFJS_3_5_7,20442,0.001,1708998823
TS,-0.3,DAFJS_3_5_4,20402,0.005,1708998823
TS,-0.3,DAFJS_3_5_8,18323,0.001,1708998823
TS,-0.3,DAFJS_3_5_4,20378,0.005,1708998823
TS,-0.3,DAFJS_3_5_8,18253,0.001,1708998823
TS,-0.3,DAFJS_3_5_4,20353,0.005,1708998823
TS,-0.3,DAFJS_3_5_4,19960,0.005,1708998823
TS,-0.3,DAFJS_3_5_6,20534,0.003,1708998823
TS,-0.3,DAFJS_3_5_4,19917,0.005,1708998823
TS,-0.3,DAFJS_3_5_6,20515,0.003,1708998823
TS,-0.3,DAFJS_3_5_4,19876,0.005,1708998823
TS,-0.3,DAFJS_3_5_6,20463,0.003,1708998823
TS,-0.3,DAFJS_3_5_6,20447,0.003,1708998823
TS,-0.3,DAFJS_3_5_6,20247,0.004,1708998823
TS,-0.3,DAFJS_3_5_5,19712,0.005,1708998823
TS,-0.3,DAFJS_3_5_4,19764,0.006,1708998823
TS,-0.3,DAFJS_3_5_7,19323,0.003,1708998823
TS,-0.3,DAFJS_3_5_5,19031,0.005,1708998823
TS,-0.3,DAFJS_3_5_5,18870,0.005,1708998823
TS,-0.3,DAFJS_3_5_7,18916,0.003,1708998823
TS,-0.3,DAFJS_3_5_4,18688,0.007,1708998823
TS,-0.3,DAFJS_3_5_4,18472,0.007,1708998823
TS,-0.3,DAFJS_3_5_4,18400,0.007,1708998823
TS,-0.3,DAFJS_3_5_2,21344,0.011,1708998823
TS,-0.3,DAFJS_3_5_2,21317,0.011,1708998823
TS,-0.3,DAFJS_3_5_6,19275,0.006,1708998823
TS,-0.3,DAFJS_3_5_2,21176,0.011,1708998823
TS,-0.3,DAFJS_3_5_7,18762,0.005,1708998823
TS,-0.3,DAFJS_3_5_6,19021,0.006,1708998823
TS,-0.3,DAFJS_3_5_6,18783,0.007,1708998823
TS,-0.3,DAFJS_3_5_6,18734,0.007,1708998823
TS,-0.3,DAFJS_3_5_6,18501,0.022,1708998823
TS,-0.3,DA_2_5_9,19587,100,1708998823
TS,-0.3,DAFJS_3_5_1,20368,100,1708998823
TS,-0.3,DAFJS_3_5_10,22396,100,1708998823
TS,-0.3,DAFJS_3_5_2,21176,100,1708998823
TS,-0.3,DAFJS_3_5_3,20938,100,1708998823
TS,-0.3,DAFJS_3_5_4,18400,100,1708998823
TS,-0.3,DAFJS_3_5_5,18870,100,1708998823
TS,-0.3,DAFJS_3_5_6,18501,100,1708998823
TS,-0.3,DAFJS_3_5_7,18762,100,1708998823
TS,-0.3,DAFJS_3_5_8,18253,100,1708998823
TS,-0.3,DAFJS_3_5_9,21421,0,1708998923
TS,-0.3,DAFJS_3_5_9,21356,0,1708998923
TS,-0.3,DAFJS_3_5_9,20933,0,1708998923
TS,-0.3,DAFJS_3_5_9,20549,0.001,1708998923
TS,-0.3,DAFJS_3_5_9,20374,0.001,1708998923
TS,-0.3,DAFJS_3_5_9,20270,0.001,1708998923
TS,-0.3,DAFJS_3_5_9,20136,0.036,1708998923
TS,-0.3,DAFJS_3_5_9,20086,0.037,1708998923
TS,-0.3,DAFJS_3_5_9,20064,0.037,1708998923
TS,-0.3,DAFJS_3_5_9,19909,0.107,1708998923
TS,-0.3,DAFJS_3_5_9,19780,0.107,1708998923
TS,-0.3,DAFJS_3_5_9,19594,0.198,1708998923
TS,-0.3,DAFJS_3_5_9,19504,0.274,1708998923
TS,-0.3,DAFJS_3_5_9,19504,100,1708998923
