None,Reduced,First,Best,DAFJS01.txt,-0.1,28036,0,0,4,168
None,Reduced,Best,Best,DAFJS01.txt,-0.1,26465,0,0,4,370
None,Reduced,First,Best,DAFJS02.txt,-0.1,28098,0,0,9,285
None,Reduced,Best,Best,DAFJS02.txt,-0.1,28098,0,0,3,249
None,Reduced,First,Best,DAFJS04.txt,-0.1,54082,0.001,0,1,156
None,Reduced,Best,Best,DAFJS03.txt,-0.1,53688,0.002,0,1,168
None,Reduced,First,Best,DAFJS03.txt,-0.1,53688,0.002,0,1,168
None,Reduced,Best,Best,DAFJS04.txt,-0.1,54082,0.001,0,1,156
None,Reduced,First,Best,DAFJS05.txt,-0.1,40195,0.005,0.005,25,581
None,Reduced,Best,Best,DAFJS05.txt,-0.1,40723,0.009,0.009,10,1314
None,Reduced,First,Best,DAFJS06.txt,-0.1,41271,0.005,0.005,37,1560
None,Reduced,Best,Best,DAFJS06.txt,-0.1,45234,0.005,0.004,11,2016
None,Reduced,First,Best,DAFJS09.txt,-0.1,45139,0.001,0,11,585
None,Reduced,First,Best,DAFJS07.txt,-0.1,54989,0.003,0.003,7,1033
None,Reduced,Best,Best,DAFJS09.txt,-0.1,43032,0.002,0.001,9,1528
None,Reduced,Best,Best,DAFJS07.txt,-0.1,54937,0.003,0.003,5,1428
None,Reduced,First,Best,DAFJS08.txt,-0.1,58930,0.006,0.005,13,1721
None,Reduced,Best,Best,DAFJS08.txt,-0.1,58941,0.01,0.009,10,3107
None,Reduced,First,Best,DAFJS10.txt,-0.1,53977,0.001,0,6,582
None,Reduced,First,Best,DAFJS11.txt,-0.1,66872,0.002,0.001,6,843
None,Reduced,Best,Best,DAFJS10.txt,-0.1,54858,0.003,0.002,5,1182
None,Reduced,Best,Best,DAFJS11.txt,-0.1,63795,0.007,0.006,8,2793
None,Reduced,Best,Best,DAFJS13.txt,-0.1,58902,0.005,0.004,6,1731
None,Reduced,First,Best,DAFJS13.txt,-0.1,57874,0.005,0.004,16,1640
None,Reduced,First,Best,DAFJS14.txt,-0.1,70169,0.007,0.006,39,2255
None,Reduced,First,Best,DAFJS12.txt,-0.1,62198,0.018,0.017,31,3742
None,Reduced,Best,Best,DAFJS14.txt,-0.1,62637,0.025,0.024,42,13711
None,Reduced,Best,Best,DAFJS12.txt,-0.1,62433,0.029,0.027,15,7902
None,Reduced,First,Best,DAFJS19.txt,-0.1,63999,0.003,0.002,12,1015
None,Reduced,First,Best,DAFJS18.txt,-0.1,71871,0.008,0.007,31,2300
None,Reduced,Best,Best,DAFJS17.txt,-0.1,70803,0.014,0.013,9,4007
None,Reduced,First,Best,DAFJS16.txt,-0.1,70727,0.017,0.016,40,5187
None,Reduced,Best,Best,DAFJS19.txt,-0.1,57786,0.015,0.013,16,5123
None,Reduced,Best,Best,DAFJS15.txt,-0.1,64527,0.028,0.027,21,10511
None,Reduced,First,Best,DAFJS17.txt,-0.1,68446,0.028,0.026,50,7450
None,Reduced,First,Best,DAFJS15.txt,-0.1,61882,0.037,0.036,62,10884
None,Reduced,Best,Best,DAFJS16.txt,-0.1,69300,0.036,0.034,21,9730
None,Reduced,Best,Best,DAFJS18.txt,-0.1,67984,0.033,0.031,27,10474
None,Reduced,First,Best,DAFJS23.txt,-0.1,48338,0.002,0.002,9,849
None,Reduced,Best,Best,DAFJS23.txt,-0.1,47719,0.006,0.005,9,2240
None,Reduced,First,Best,DAFJS24.txt,-0.1,55507,0.007,0.006,9,2067
None,Reduced,First,Best,DAFJS20.txt,-0.1,64005,0.021,0.02,75,8796
None,Reduced,Best,Best,DAFJS24.txt,-0.1,54427,0.017,0.016,13,4552
None,Reduced,Best,Best,DAFJS21.txt,-0.1,72979,0.025,0.023,17,10273
None,Reduced,Best,Best,DAFJS20.txt,-0.1,67045,0.03,0.028,22,9860
None,Reduced,First,Best,DAFJS21.txt,-0.1,72142,0.029,0.028,57,7592
None,Reduced,First,Best,DAFJS22.txt,-0.1,60081,0.064,0.063,132,15260
None,Reduced,Best,Best,DAFJS22.txt,-0.1,60238,0.083,0.081,46,26035
None,Reduced,Best,Best,DAFJS28.txt,-0.1,58564,0.004,0.002,4,1187
None,Reduced,First,Best,DAFJS28.txt,-0.1,59201,0.006,0.005,18,1504
None,Reduced,Best,Best,DAFJS27.txt,-0.1,79254,0.007,0.002,2,1443
None,Reduced,First,Best,DAFJS25.txt,-0.1,79286,0.011,0.01,26,3639
None,Reduced,First,Best,DAFJS27.txt,-0.1,79234,0.008,0.005,13,1523
None,Reduced,First,Best,DAFJS29.txt,-0.1,68684,0.006,0.006,21,1554
None,Reduced,Best,Best,DAFJS29.txt,-0.1,70450,0.006,0.005,6,1816
None,Reduced,First,Best,DAFJS26.txt,-0.1,73969,0.023,0.022,54,7536
None,Reduced,Best,Best,DAFJS25.txt,-0.1,74359,0.05,0.048,37,17968
None,Reduced,Best,Best,DAFJS26.txt,-0.1,68577,0.08,0.078,50,30005
None,Reduced,First,Best,YFJS01.txt,-0.1,79662,0,0,10,472
None,Reduced,Best,Best,YFJS01.txt,-0.1,80167,0,0,6,539
None,Reduced,First,Best,YFJS02.txt,-0.1,76529,0,0,3,195
None,Reduced,First,Best,YFJS03.txt,-0.1,38424,0,0,3,82
None,Reduced,Best,Best,YFJS02.txt,-0.1,76529,0,0,3,254
None,Reduced,Best,Best,YFJS03.txt,-0.1,34166,0,0,5,214
None,Reduced,Best,Best,DAFJS30.txt,-0.1,57326,0.005,0.004,6,2161
None,Reduced,First,Best,DAFJS30.txt,-0.1,57350,0.005,0.004,17,2294
None,Reduced,First,Best,YFJS04.txt,-0.1,45683,0,0,3,103
None,Reduced,Best,Best,YFJS04.txt,-0.1,45683,0,0,3,206
None,Reduced,First,Best,YFJS05.txt,-0.1,45421,0,0,4,132
None,Reduced,Best,Best,YFJS05.txt,-0.1,45421,0,0,3,201
None,Reduced,First,Best,YFJS06.txt,-0.1,44848,0,0,13,355
None,Reduced,Best,Best,YFJS06.txt,-0.1,44936,0.001,0.001,10,860
None,Reduced,First,Best,YFJS07.txt,-0.1,48980,0,0,7,251
None,Reduced,Best,Best,YFJS07.txt,-0.1,48491,0.001,0,9,775
None,Reduced,First,Best,YFJS08.txt,-0.1,43073,0,0,7,222
None,Reduced,Best,Best,YFJS08.txt,-0.1,47429,0,0,3,243
None,Reduced,First,Best,YFJS09.txt,-0.1,25067,0,0,3,101
None,Reduced,Best,Best,YFJS09.txt,-0.1,24413,0,0,2,202
None,Reduced,First,Best,YFJS10.txt,-0.1,42583,0,0,1,45
None,Reduced,Best,Best,YFJS10.txt,-0.1,42583,0,0,1,45
None,Reduced,First,Best,YFJS11.txt,-0.1,55765,0,0,4,138
None,Reduced,Best,Best,YFJS11.txt,-0.1,52815,0,0,4,267
None,Reduced,First,Best,YFJS12.txt,-0.1,56674,0.001,0.001,24,641
None,Reduced,Best,Best,YFJS12.txt,-0.1,53094,0.002,0.001,11,997
None,Reduced,First,Best,YFJS13.txt,-0.1,44083,0.001,0,16,362
None,Reduced,Best,Best,YFJS13.txt,-0.1,47064,0.001,0,4,377
None,Reduced,First,Best,YFJS14.txt,-0.1,119977,0.016,0.015,27,2854
None,Reduced,Best,Best,YFJS14.txt,-0.1,119792,0.023,0.021,13,3438
None,Reduced,First,Best,YFJS15.txt,-0.1,126713,0.017,0.015,33,3168
None,Reduced,First,Best,YFJS16.txt,-0.1,116201,0.03,0.028,37,3572
None,Reduced,Best,Best,YFJS15.txt,-0.1,121960,0.034,0.031,14,4309
None,Reduced,Best,Best,YFJS16.txt,-0.1,116033,0.038,0.036,19,5102
None,Reduced,First,Best,YFJS17.txt,-0.1,104688,0.057,0.049,21,4036
None,Reduced,Best,Best,YFJS17.txt,-0.1,104862,0.058,0.051,9,4345
None,Reduced,Best,Best,YFJS18.txt,-0.1,124738,0.058,0.053,13,7615
None,Reduced,First,Best,YFJS18.txt,-0.1,126647,0.074,0.067,34,5278
None,Reduced,First,Best,YFJS19.txt,-0.1,93306,0.12,0.118,96,17356
None,Reduced,Best,Best,YFJS19.txt,-0.1,98795,0.165,0.155,24,13042
None,Reduced,First,Best,DAFJS01.txt,-0.2,26371,0,0,3,162
None,Reduced,Best,Best,DAFJS01.txt,-0.2,26371,0,0,3,268
None,Reduced,First,Best,DAFJS02.txt,-0.2,28141,0,0,2,95
None,Reduced,Best,Best,DAFJS02.txt,-0.2,27949,0,0,2,140
None,Reduced,First,Best,DAFJS03.txt,-0.2,47879,0,0,3,229
None,Reduced,Best,Best,DAFJS03.txt,-0.2,47879,0,0,2,332
None,Reduced,First,Best,DAFJS04.txt,-0.2,47778,0,0,5,368
None,Reduced,Best,Best,DAFJS04.txt,-0.2,47571,0.001,0,4,613
None,Reduced,First,Best,YFJS20.txt,-0.1,96248,0.019,0.016,17,3042
None,Reduced,Best,Best,YFJS20.txt,-0.1,95573,0.03,0.027,10,5195
None,Reduced,First,Best,DAFJS05.txt,-0.2,39771,0.001,0,16,696
None,Reduced,Best,Best,DAFJS05.txt,-0.2,37118,0.002,0.002,15,1875
None,Reduced,First,Best,DAFJS06.txt,-0.2,38087,0.001,0.001,20,976
None,Reduced,Best,Best,DAFJS06.txt,-0.2,41995,0.001,0.001,6,1033
None,Reduced,First,Best,DAFJS08.txt,-0.2,52816,0.002,0.001,5,477
None,Reduced,Best,Best,DAFJS08.txt,-0.2,52803,0.002,0.001,3,656
None,Reduced,First,Best,DAFJS09.txt,-0.2,36871,0.002,0.002,29,1715
None,Reduced,Best,Best,DAFJS09.txt,-0.2,38062,0.004,0.004,12,2080
None,Reduced,First,Best,DAFJS07.txt,-0.2,45737,0.011,0.01,34,3140
None,Reduced,Best,Best,DAFJS07.txt,-0.2,44414,0.015,0.014,16,4591
None,Reduced,First,Best,DAFJS10.txt,-0.2,45971,0,0,4,383
None,Reduced,Best,Best,DAFJS10.txt,-0.2,45971,0.001,0.001,4,687
None,Reduced,First,Best,DAFJS12.txt,-0.2,53738,0.003,0.002,9,610
None,Reduced,Best,Best,DAFJS11.txt,-0.2,53770,0.006,0.005,7,2563
None,Reduced,First,Best,DAFJS13.txt,-0.2,48847,0.006,0.006,22,2173
None,Reduced,Best,Best,DAFJS12.txt,-0.2,54073,0.011,0.008,5,2347
None,Reduced,Best,Best,DAFJS13.txt,-0.2,48838,0.01,0.009,13,3624
None,Reduced,First,Best,DAFJS14.txt,-0.2,56639,0.011,0.01,35,3208
None,Reduced,First,Best,DAFJS11.txt,-0.2,51746,0.016,0.015,37,6299
None,Reduced,Best,Best,DAFJS14.txt,-0.2,55503,0.019,0.017,19,5949
None,Reduced,First,Best,DAFJS15.txt,-0.2,53807,0.004,0.002,6,1120
None,Reduced,First,Best,DAFJS16.txt,-0.2,63277,0.005,0.004,11,1716
None,Reduced,Best,Best,DAFJS15.txt,-0.2,52115,0.01,0.009,9,3765
None,Reduced,First,Best,DAFJS18.txt,-0.2,58533,0.006,0.005,19,1809
None,Reduced,Best,Best,DAFJS16.txt,-0.2,61676,0.009,0.008,8,3553
None,Reduced,First,Best,DAFJS19.txt,-0.2,52824,0.006,0.005,24,3192
None,Reduced,Best,Best,DAFJS17.txt,-0.2,55294,0.008,0.006,6,2246
None,Reduced,Best,Best,DAFJS19.txt,-0.2,51065,0.006,0.005,8,2249
None,Reduced,First,Best,DAFJS17.txt,-0.2,57893,0.015,0.014,41,3841
None,Reduced,Best,Best,DAFJS18.txt,-0.2,57965,0.02,0.019,16,6390
None,Reduced,First,Best,DAFJS20.txt,-0.2,61871,0.002,0.001,5,986
None,Reduced,First,Best,DAFJS21.txt,-0.2,61483,0.005,0.004,12,1747
None,Reduced,First,Best,DAFJS23.txt,-0.2,41433,0.003,0.002,17,1450
None,Reduced,Best,Best,DAFJS23.txt,-0.2,42480,0.005,0.005,8,1778
None,Reduced,First,Best,DAFJS24.txt,-0.2,47277,0.007,0.006,14,2010
None,Reduced,Best,Best,DAFJS21.txt,-0.2,58044,0.018,0.017,14,7554
None,Reduced,Best,Best,DAFJS24.txt,-0.2,46797,0.014,0.013,15,5519
None,Reduced,First,Best,DAFJS22.txt,-0.2,53248,0.024,0.022,44,4743
None,Reduced,Best,Best,DAFJS20.txt,-0.2,57271,0.029,0.027,27,12327
None,Reduced,Best,Best,DAFJS22.txt,-0.2,54147,0.028,0.026,11,6201
None,Reduced,First,Best,DAFJS26.txt,-0.2,70211,0.004,0.003,8,1283
None,Reduced,First,Best,DAFJS28.txt,-0.2,48414,0.007,0.006,21,1861
None,Reduced,First,Best,DAFJS29.txt,-0.2,57356,0.008,0.007,16,2175
None,Reduced,Best,Best,DAFJS28.txt,-0.2,48593,0.012,0.01,12,3444
None,Reduced,First,Best,DAFJS27.txt,-0.2,62437,0.019,0.017,21,3685
None,Reduced,Best,Best,DAFJS29.txt,-0.2,56387,0.023,0.022,20,6400
None,Reduced,First,Best,DAFJS25.txt,-0.2,59672,0.034,0.033,68,11894
None,Reduced,Best,Best,DAFJS27.txt,-0.2,62520,0.035,0.03,12,7183
None,Reduced,Best,Best,DAFJS25.txt,-0.2,58767,0.044,0.042,31,16311
None,Reduced,Best,Best,DAFJS26.txt,-0.2,63243,0.05,0.047,36,19312
None,Reduced,First,Best,YFJS01.txt,-0.2,74547,0,0,9,555
None,Reduced,Best,Best,YFJS01.txt,-0.2,71592,0.001,0.001,9,863
None,Reduced,First,Best,YFJS02.txt,-0.2,66853,0,0,1,87
None,Reduced,Best,Best,YFJS02.txt,-0.2,66853,0,0,1,87
None,Reduced,First,Best,YFJS03.txt,-0.2,33273,0,0,5,108
None,Reduced,First,Best,DAFJS30.txt,-0.2,51283,0.004,0.003,14,1650
None,Reduced,Best,Best,YFJS03.txt,-0.2,32864,0,0,5,241
None,Reduced,First,Best,YFJS04.txt,-0.2,42553,0,0,4,105
None,Reduced,Best,Best,YFJS04.txt,-0.2,42553,0,0,4,262
None,Reduced,Best,Best,DAFJS30.txt,-0.2,49649,0.013,0.012,17,5739
None,Reduced,First,Best,YFJS05.txt,-0.2,40738,0,0,2,80
None,Reduced,Best,Best,YFJS05.txt,-0.2,40738,0,0,2,99
None,Reduced,First,Best,YFJS06.txt,-0.2,43384,0,0,15,434
None,Reduced,Best,Best,YFJS06.txt,-0.2,40272,0,0,9,611
None,Reduced,First,Best,YFJS07.txt,-0.2,43925,0,0,12,379
None,Reduced,First,Best,YFJS08.txt,-0.2,42901,0,0,3,96
None,Reduced,First,Best,YFJS09.txt,-0.2,23059,0,0,3,129
None,Reduced,Best,Best,YFJS07.txt,-0.2,40941,0.001,0.001,12,955
None,Reduced,Best,Best,YFJS08.txt,-0.2,41994,0,0,3,240
None,Reduced,Best,Best,YFJS09.txt,-0.2,23059,0,0,2,202
None,Reduced,First,Best,YFJS10.txt,-0.2,39126,0,0,5,81
None,Reduced,Best,Best,YFJS10.txt,-0.2,39126,0,0,4,181
None,Reduced,First,Best,YFJS11.txt,-0.2,49781,0,0,2,95
None,Reduced,Best,Best,YFJS11.txt,-0.2,49781,0,0,2,171
None,Reduced,First,Best,YFJS12.txt,-0.2,55174,0,0,11,226
None,Reduced,First,Best,YFJS13.txt,-0.2,42442,0,0,10,262
None,Reduced,Best,Best,YFJS12.txt,-0.2,56022,0.001,0.001,7,581
None,Reduced,Best,Best,YFJS13.txt,-0.2,41618,0.001,0,5,419
None,Reduced,First,Best,YFJS14.txt,-0.2,104506,0.015,0.014,19,2077
None,Reduced,Best,Best,YFJS14.txt,-0.2,97201,0.022,0.021,18,4748
None,Reduced,First,Best,YFJS16.txt,-0.2,101164,0.005,0.004,13,908
None,Reduced,Best,Best,YFJS15.txt,-0.2,110858,0.011,0.008,8,2319
None,Reduced,Best,Best,YFJS16.txt,-0.2,101073,0.014,0.012,7,1691
None,Reduced,First,Best,YFJS15.txt,-0.2,106511,0.017,0.015,28,3246
None,Reduced,First,Best,YFJS18.txt,-0.2,97157,0.027,0.025,15,3608
None,Reduced,First,Best,YFJS17.txt,-0.2,83355,0.033,0.029,18,2231
None,Reduced,Best,Best,YFJS18.txt,-0.2,97366,0.043,0.039,9,4557
None,Reduced,First,Best,YFJS19.txt,-0.2,86398,0.059,0.052,21,4330
None,Reduced,Best,Best,YFJS19.txt,-0.2,86289,0.068,0.064,9,5256
None,Reduced,Best,Best,YFJS17.txt,-0.2,83240,0.089,0.086,14,7381
None,Reduced,Best,Best,DAFJS01.txt,-0.3,21685,0,0,3,241
None,Reduced,First,Best,DAFJS01.txt,-0.3,21685,0,0,3,131
None,Reduced,Best,Best,DAFJS02.txt,-0.3,23021,0,0,3,242
None,Reduced,First,Best,DAFJS02.txt,-0.3,23672,0,0,8,285
None,Reduced,Best,Best,DAFJS03.txt,-0.3,43509,0,0,2,323
None,Reduced,First,Best,DAFJS03.txt,-0.3,43509,0,0,3,223
None,Reduced,First,Best,DAFJS04.txt,-0.3,41899,0,0,2,138
None,Reduced,Best,Best,DAFJS04.txt,-0.3,41899,0,0,2,291
None,Reduced,Best,Best,YFJS20.txt,-0.2,79653,0.067,0.063,24,11390
None,Reduced,First,Best,YFJS20.txt,-0.2,79408,0.092,0.09,85,15493
None,Reduced,First,Best,DAFJS05.txt,-0.3,35610,0.001,0.001,9,557
None,Reduced,Best,Best,DAFJS05.txt,-0.3,33331,0.002,0.001,12,1582
None,Reduced,Best,Best,DAFJS06.txt,-0.3,33956,0.001,0,5,770
None,Reduced,First,Best,DAFJS06.txt,-0.3,32168,0.002,0.001,29,1274
None,Reduced,First,Best,DAFJS07.txt,-0.3,40830,0.002,0.002,6,706
None,Reduced,First,Best,DAFJS08.txt,-0.3,44590,0.001,0.001,4,677
None,Reduced,Best,Best,DAFJS08.txt,-0.3,44590,0.001,0.001,4,815
None,Reduced,Best,Best,DAFJS09.txt,-0.3,36488,0.001,0,5,1037
None,Reduced,Best,Best,DAFJS07.txt,-0.3,40442,0.004,0.003,5,1240
None,Reduced,First,Best,DAFJS09.txt,-0.3,34185,0.002,0.002,19,1680
None,Reduced,First,Best,DAFJS10.txt,-0.3,36279,0.001,0,8,516
None,Reduced,Best,Best,DAFJS10.txt,-0.3,35273,0.002,0.002,8,1600
None,Reduced,First,Best,DAFJS13.txt,-0.3,41717,0.001,0.001,4,610
None,Reduced,Best,Best,DAFJS13.txt,-0.3,41717,0.003,0.002,4,1090
None,Reduced,First,Best,DAFJS11.txt,-0.3,45657,0.008,0.007,17,2385
None,Reduced,Best,Best,DAFJS11.txt,-0.3,44701,0.009,0.008,7,2169
None,Reduced,First,Best,DAFJS12.txt,-0.3,44490,0.007,0.006,8,1595
None,Reduced,Best,Best,DAFJS12.txt,-0.3,44051,0.008,0.006,5,1639
None,Reduced,Best,Best,DAFJS14.txt,-0.3,44777,0.008,0.008,16,4510
None,Reduced,First,Best,DAFJS14.txt,-0.3,46392,0.011,0.01,26,3512
None,Reduced,First,Best,DAFJS15.txt,-0.3,47692,0.004,0.003,10,1484
None,Reduced,First,Best,DAFJS18.txt,-0.3,50818,0.003,0.002,7,943
None,Reduced,First,Best,DAFJS16.txt,-0.3,55112,0.009,0.008,12,2323
None,Reduced,Best,Best,DAFJS19.txt,-0.3,43998,0.006,0.005,9,2023
None,Reduced,First,Best,DAFJS19.txt,-0.3,41426,0.007,0.006,28,2151
None,Reduced,Best,Best,DAFJS18.txt,-0.3,48351,0.008,0.006,7,2455
None,Reduced,Best,Best,DAFJS15.txt,-0.3,46921,0.015,0.014,12,4690
None,Reduced,Best,Best,DAFJS16.txt,-0.3,54072,0.016,0.015,15,5984
None,Reduced,Best,Best,DAFJS17.txt,-0.3,45667,0.026,0.025,17,7727
None,Reduced,First,Best,DAFJS17.txt,-0.3,46340,0.042,0.041,80,11773
None,Reduced,First,Best,DAFJS23.txt,-0.3,39105,0,0,3,182
None,Reduced,Best,Best,DAFJS23.txt,-0.3,39105,0.001,0.001,3,510
None,Reduced,First,Best,DAFJS21.txt,-0.3,50318,0.006,0.005,15,1791
None,Reduced,Best,Best,DAFJS24.txt,-0.3,41832,0.004,0.003,4,1658
None,Reduced,First,Best,DAFJS24.txt,-0.3,40921,0.005,0.005,17,1313
None,Reduced,First,Best,DAFJS20.txt,-0.3,46868,0.018,0.017,53,7191
None,Reduced,First,Best,DAFJS22.txt,-0.3,43566,0.016,0.014,17,3221
None,Reduced,Best,Best,DAFJS20.txt,-0.3,45160,0.022,0.021,23,9932
None,Reduced,Best,Best,DAFJS21.txt,-0.3,48693,0.021,0.018,16,8636
None,Reduced,Best,Best,DAFJS22.txt,-0.3,41480,0.05,0.048,28,14434
None,Reduced,First,Best,DAFJS28.txt,-0.3,41408,0.005,0.004,11,1315
None,Reduced,Best,Best,DAFJS28.txt,-0.3,41206,0.004,0.003,4,1289
None,Reduced,First,Best,DAFJS29.txt,-0.3,49819,0.005,0.004,7,1342
None,Reduced,Best,Best,DAFJS29.txt,-0.3,49906,0.005,0.004,5,1387
None,Reduced,Best,Best,DAFJS25.txt,-0.3,49919,0.011,0.01,9,4019
None,Reduced,First,Best,DAFJS25.txt,-0.3,48469,0.012,0.011,25,4216
None,Reduced,Best,Best,DAFJS26.txt,-0.3,51544,0.019,0.017,16,7268
None,Reduced,First,Best,DAFJS26.txt,-0.3,53944,0.022,0.021,39,7997
None,Reduced,First,Best,DAFJS27.txt,-0.3,53719,0.039,0.036,46,7541
None,Reduced,Best,Best,DAFJS27.txt,-0.3,51382,0.058,0.057,29,14468
None,Reduced,First,Best,DAFJS30.txt,-0.3,43426,0.001,0,3,393
None,Reduced,First,Best,YFJS01.txt,-0.3,66246,0,0,9,585
None,Reduced,Best,Best,DAFJS30.txt,-0.3,42819,0.002,0,2,834
None,Reduced,Best,Best,YFJS01.txt,-0.3,66246,0,0,6,598
None,Reduced,First,Best,YFJS02.txt,-0.3,59211,0,0,3,203
None,Reduced,Best,Best,YFJS02.txt,-0.3,59001,0,0,2,158
None,Reduced,First,Best,YFJS03.txt,-0.3,30995,0,0,3,48
None,Reduced,Best,Best,YFJS03.txt,-0.3,30995,0,0,3,100
None,Reduced,First,Best,YFJS04.txt,-0.3,38092,0,0,5,146
None,Reduced,Best,Best,YFJS04.txt,-0.3,38092,0,0,3,202
None,Reduced,First,Best,YFJS05.txt,-0.3,38324,0,0,5,147
None,Reduced,Best,Best,YFJS05.txt,-0.3,38324,0,0,4,269
None,Reduced,First,Best,YFJS06.txt,-0.3,45370,0,0,2,39
None,Reduced,Best,Best,YFJS06.txt,-0.3,43123,0,0,6,473
None,Reduced,Best,Best,YFJS07.txt,-0.3,38453,0,0,2,94
None,Reduced,First,Best,YFJS07.txt,-0.3,38453,0,0,5,60
None,Reduced,Best,Best,YFJS08.txt,-0.3,35429,0,0,2,81
None,Reduced,First,Best,YFJS08.txt,-0.3,35429,0,0,2,46
None,Reduced,First,Best,YFJS09.txt,-0.3,20916,0,0,7,142
None,Reduced,Best,Best,YFJS09.txt,-0.3,20916,0,0,7,627
None,Reduced,First,Best,YFJS10.txt,-0.3,34487,0,0,8,169
None,Reduced,Best,Best,YFJS10.txt,-0.3,34487,0,0,7,278
None,Reduced,Best,Best,YFJS11.txt,-0.3,45051,0,0,1,51
None,Reduced,First,Best,YFJS11.txt,-0.3,45051,0,0,1,51
None,Reduced,Best,Best,YFJS12.txt,-0.3,46471,0,0,5,437
None,Reduced,First,Best,YFJS12.txt,-0.3,47092,0,0,3,144
None,Reduced,Best,Best,YFJS13.txt,-0.3,36962,0,0,4,312
None,Reduced,First,Best,YFJS13.txt,-0.3,35776,0.001,0,16,368
None,Reduced,First,Best,YFJS14.txt,-0.3,89687,0.007,0.006,12,1464
None,Reduced,Best,Best,YFJS14.txt,-0.3,89371,0.008,0.006,6,1672
None,Reduced,First,Best,YFJS16.txt,-0.3,87351,0.005,0.004,10,1048
None,Reduced,First,Best,YFJS15.txt,-0.3,93075,0.007,0.006,14,1331
None,Reduced,Best,Best,YFJS16.txt,-0.3,88521,0.009,0.006,5,1230
None,Reduced,Best,Best,YFJS15.txt,-0.3,90041,0.036,0.033,15,4037
None,Reduced,First,Best,YFJS18.txt,-0.3,84518,0.035,0.029,9,2498
None,Reduced,First,Best,YFJS19.txt,-0.3,68792,0.058,0.055,53,8932
None,Reduced,Best,Best,YFJS17.txt,-0.3,71114,0.06,0.052,9,4377
None,Reduced,Best,Best,YFJS18.txt,-0.3,83681,0.063,0.055,9,5283
None,Reduced,Best,Best,YFJS19.txt,-0.3,70454,0.068,0.063,22,10925
None,Reduced,First,Best,YFJS17.txt,-0.3,71201,0.084,0.079,26,5947
None,Reduced,First,Best,YFJS20.txt,-0.3,71676,0.009,0.006,8,1403
None,Reduced,Best,Best,YFJS20.txt,-0.3,70928,0.028,0.022,9,4650
