GRASP,Reduced,Best,Best,1,0.5,mfjs01.txt, -0.1, 45306, 300,0.001
GRASP,Reduced,Best,Best,1,0.5,mfjs02.txt, -0.1, 42986, 300,4.009
GRASP,Reduced,Best,Best,1,0.5,mfjs03.txt, -0.1, 45331, 300,0.199
GRASP,Reduced,Best,Best,1,0.5,mfjs04.txt, -0.1, 52912, 300,0.073
GRASP,Reduced,Best,Best,1,0.5,mfjs05.txt, -0.1, 47680, 300,1.142
GRASP,Reduced,Best,Best,1,0.5,mfjs06.txt, -0.1, 60854, 300,258.352
GRASP,Reduced,Best,Best,1,0.5,mfjs07.txt, -0.1, 82438, 300,6.441
GRASP,Reduced,Best,Best,1,0.5,mfjs08.txt, -0.1, 83470, 300,12.776
GRASP,Reduced,Best,Best,1,0.5,mfjs09.txt, -0.1, 100332, 300,61.968
GRASP,Reduced,Best,Best,1,0.5,mfjs10.txt, -0.1, 115306, 300,253.244
GRASP,Reduced,Best,Best,1,0.5,MK02.txt, -0.1, 2394, 300,65.833
GRASP,Reduced,Best,Best,1,0.5,MK03.txt, -0.1, 17316, 300.002,0.045
GRASP,Reduced,Best,Best,1,0.5,MK01.txt, -0.1, 3530, 300.004,75.377
GRASP,Reduced,Best,Best,1,0.5,MK04.txt, -0.1, 5247, 300.004,263.956
GRASP,Reduced,Best,Best,1,0.5,MK05.txt, -0.1, 13760, 300.009,121.569
GRASP,Reduced,Best,Best,1,0.5,MK06.txt, -0.1, 5570, 300.017,202.895
GRASP,Reduced,Best,Best,1,0.5,MK08.txt, -0.1, 39233, 300.028,223.188
GRASP,Reduced,Best,Best,1,0.5,MK09.txt, -0.1, 26472, 300.03,52.917
GRASP,Reduced,Best,Best,1,0.5,MK07.txt, -0.1, 12282, 300.039,66.885
GRASP,Reduced,Best,Best,1,0.5,MK10.txt, -0.1, 19478, 300.131,30.427
GRASP,Reduced,Best,Best,1,0.5,MK11.txt, -0.1, 47221, 300.262,237.452
GRASP,Reduced,Best,Best,1,0.5,MK12.txt, -0.1, 39941, 300,32.394
GRASP,Reduced,Best,Best,1,0.5,sfjs01.txt, -0.1, 6459, 300,0
GRASP,Reduced,Best,Best,1,0.5,sfjs02.txt, -0.1, 10271, 300,0
GRASP,Reduced,Best,Best,1,0.5,sfjs03.txt, -0.1, 20623, 300,0
GRASP,Reduced,Best,Best,1,0.5,sfjs04.txt, -0.1, 33429, 300,0
GRASP,Reduced,Best,Best,1,0.5,sfjs05.txt, -0.1, 11006, 300,0.001
GRASP,Reduced,Best,Best,1,0.5,sfjs06.txt, -0.1, 29926, 300,0
GRASP,Reduced,Best,Best,1,0.5,sfjs07.txt, -0.1, 37824, 300,0
GRASP,Reduced,Best,Best,1,0.5,MK13.txt, -0.1, 35282, 300.026,285.471
GRASP,Reduced,Best,Best,1,0.5,MK14.txt, -0.1, 52574, 300.088,120.149
GRASP,Reduced,Best,Best,1,0.5,MK15.txt, -0.1, 30240, 300.103,283.679
GRASP,Reduced,Best,Best,1,0.5,sfjs08.txt, -0.1, 23842, 300,0
GRASP,Reduced,Best,Best,1,0.5,sfjs09.txt, -0.1, 19406, 300,0
GRASP,Reduced,Best,Best,1,0.5,sfjs10.txt, -0.1, 49368, 300,0
GRASP,Reduced,Best,Best,1,0.5,mfjs01.txt, -0.2, 43208, 300,1.231
GRASP,Reduced,Best,Best,1,0.5,mfjs02.txt, -0.2, 41273, 300,0.005
GRASP,Reduced,Best,Best,1,0.5,mfjs03.txt, -0.2, 43412, 300,0.369
GRASP,Reduced,Best,Best,1,0.5,mfjs04.txt, -0.2, 49024, 300,0.432
GRASP,Reduced,Best,Best,1,0.5,mfjs05.txt, -0.2, 45670, 300,0.034
GRASP,Reduced,Best,Best,1,0.5,mfjs06.txt, -0.2, 57409, 300,73.169
GRASP,Reduced,Best,Best,1,0.5,mfjs07.txt, -0.2, 75640, 300,50.57
GRASP,Reduced,Best,Best,1,0.5,mfjs08.txt, -0.2, 76815, 300,0.004
GRASP,Reduced,Best,Best,1,0.5,mfjs10.txt, -0.2, 104120, 300,150.852
GRASP,Reduced,Best,Best,1,0.5,mfjs09.txt, -0.2, 91798, 300.002,9.47
GRASP,Reduced,Best,Best,1,0.5,MK04.txt, -0.2, 4488, 300,7.103
GRASP,Reduced,Best,Best,1,0.5,MK01.txt, -0.2, 3050, 300.004,297.626
GRASP,Reduced,Best,Best,1,0.5,MK03.txt, -0.2, 14781, 300.005,0.05
GRASP,Reduced,Best,Best,1,0.5,MK02.txt, -0.2, 2129, 300.012,64.864
GRASP,Reduced,Best,Best,1,0.5,MK07.txt, -0.2, 9853, 300.011,121.726
GRASP,Reduced,Best,Best,1,0.5,MK05.txt, -0.2, 10979, 300.026,91.791
GRASP,Reduced,Best,Best,1,0.5,MK08.txt, -0.2, 30089, 300.039,180.294
GRASP,Reduced,Best,Best,1,0.5,MK09.txt, -0.2, 21171, 300.058,149.589
GRASP,Reduced,Best,Best,1,0.5,MK06.txt, -0.2, 4660, 300.07,42.401
GRASP,Reduced,Best,Best,1,0.5,sfjs01.txt, -0.2, 6328, 300,0
GRASP,Reduced,Best,Best,1,0.5,sfjs02.txt, -0.2, 9872, 300,0
GRASP,Reduced,Best,Best,1,0.5,sfjs03.txt, -0.2, 19281, 300,0
GRASP,Reduced,Best,Best,1,0.5,sfjs04.txt, -0.2, 31553, 300,0
GRASP,Reduced,Best,Best,1,0.5,sfjs05.txt, -0.2, 10198, 300,0
GRASP,Reduced,Best,Best,1,0.5,MK12.txt, -0.2, 31617, 300.019,131.825
GRASP,Reduced,Best,Best,1,0.5,MK10.txt, -0.2, 15857, 300.027,289.885
GRASP,Reduced,Best,Best,1,0.5,MK11.txt, -0.2, 36158, 300.032,0.304
GRASP,Reduced,Best,Best,1,0.5,MK14.txt, -0.2, 40108, 300.053,232.861
GRASP,Reduced,Best,Best,1,0.5,MK13.txt, -0.2, 28284, 300.074,152.565
GRASP,Reduced,Best,Best,1,0.5,MK15.txt, -0.2, 25029, 300.24,158.648
GRASP,Reduced,Best,Best,1,0.5,sfjs06.txt, -0.2, 28024, 300,0
GRASP,Reduced,Best,Best,1,0.5,sfjs07.txt, -0.2, 36075, 300,0
GRASP,Reduced,Best,Best,1,0.5,sfjs08.txt, -0.2, 22515, 300,0
GRASP,Reduced,Best,Best,1,0.5,sfjs09.txt, -0.2, 17552, 300,0
GRASP,Reduced,Best,Best,1,0.5,sfjs10.txt, -0.2, 47323, 300,0
GRASP,Reduced,Best,Best,1,0.5,mfjs01.txt, -0.3, 40508, 300,4.966
GRASP,Reduced,Best,Best,1,0.5,mfjs02.txt, -0.3, 38996, 300,0.689
GRASP,Reduced,Best,Best,1,0.5,mfjs03.txt, -0.3, 41318, 300,1.008
GRASP,Reduced,Best,Best,1,0.5,mfjs04.txt, -0.3, 46048, 300,259.545
GRASP,Reduced,Best,Best,1,0.5,mfjs05.txt, -0.3, 44376, 300,145.768
GRASP,Reduced,Best,Best,1,0.5,mfjs06.txt, -0.3, 55369, 300,127.362
GRASP,Reduced,Best,Best,1,0.5,mfjs07.txt, -0.3, 70523, 300,1.672
GRASP,Reduced,Best,Best,1,0.5,mfjs08.txt, -0.3, 70480, 300,66.798
GRASP,Reduced,Best,Best,1,0.5,mfjs09.txt, -0.3, 83394, 300.001,256.101
GRASP,Reduced,Best,Best,1,0.5,mfjs10.txt, -0.3, 92666, 300.001,144.062
GRASP,Reduced,Best,Best,1,0.5,MK01.txt, -0.3, 2669, 300.001,2.536
GRASP,Reduced,Best,Best,1,0.5,MK02.txt, -0.3, 1921, 300.003,87.641
GRASP,Reduced,Best,Best,1,0.5,MK04.txt, -0.3, 3928, 300.006,26.034
GRASP,Reduced,Best,Best,1,0.5,MK06.txt, -0.3, 3928, 300.007,107.966
GRASP,Reduced,Best,Best,1,0.5,MK07.txt, -0.3, 8088, 300.006,27.044
GRASP,Reduced,Best,Best,1,0.5,MK05.txt, -0.3, 8709, 300.014,154.099
GRASP,Reduced,Best,Best,1,0.5,MK03.txt, -0.3, 12439, 300.018,1.47
GRASP,Reduced,Best,Best,1,0.5,sfjs01.txt, -0.3, 6206, 300,0
GRASP,Reduced,Best,Best,1,0.5,sfjs02.txt, -0.3, 9498, 300,0
GRASP,Reduced,Best,Best,1,0.5,sfjs03.txt, -0.3, 18062, 300,0
GRASP,Reduced,Best,Best,1,0.5,MK08.txt, -0.3, 23456, 300.032,168.819
GRASP,Reduced,Best,Best,1,0.5,MK09.txt, -0.3, 17220, 300.036,119.57
GRASP,Reduced,Best,Best,1,0.5,MK11.txt, -0.3, 28004, 300.069,8.338
GRASP,Reduced,Best,Best,1,0.5,MK10.txt, -0.3, 12872, 300.081,29.64
GRASP,Reduced,Best,Best,1,0.5,MK15.txt, -0.3, 20700, 300.074,63.783
GRASP,Reduced,Best,Best,1,0.5,MK14.txt, -0.3, 31052, 300.1,29.964
GRASP,Reduced,Best,Best,1,0.5,MK13.txt, -0.3, 22664, 300.144,177.382
GRASP,Reduced,Best,Best,1,0.5,MK12.txt, -0.3, 25259, 300.156,163.721
GRASP,Reduced,Best,Best,1,0.5,sfjs04.txt, -0.3, 29852, 300,0
GRASP,Reduced,Best,Best,1,0.5,sfjs05.txt, -0.3, 9465, 300,0
GRASP,Reduced,Best,Best,1,0.5,sfjs06.txt, -0.3, 26281, 300,0
GRASP,Reduced,Best,Best,1,0.5,sfjs07.txt, -0.3, 34443, 300,0
GRASP,Reduced,Best,Best,1,0.5,sfjs08.txt, -0.3, 21309, 300,0
GRASP,Reduced,Best,Best,1,0.5,sfjs09.txt, -0.3, 15973, 300,0
GRASP,Reduced,Best,Best,1,0.5,sfjs10.txt, -0.3, 45450, 300,0
GRASP,Reduced,Best,Best,1,0.5,mfjs01.txt, -0.1, 45306, 300,0
GRASP,Reduced,Best,Best,1,0.5,mfjs02.txt, -0.1, 42986, 300,0.011
GRASP,Reduced,Best,Best,1,0.5,mfjs03.txt, -0.1, 45331, 300,0.501
GRASP,Reduced,Best,Best,1,0.5,mfjs04.txt, -0.1, 52912, 300,0.082
GRASP,Reduced,Best,Best,1,0.5,mfjs05.txt, -0.1, 47630, 300,124.194
GRASP,Reduced,Best,Best,1,0.5,mfjs06.txt, -0.1, 60702, 300,183.73
GRASP,Reduced,Best,Best,1,0.5,mfjs08.txt, -0.1, 83401, 300,196.311
GRASP,Reduced,Best,Best,1,0.5,mfjs07.txt, -0.1, 82438, 300.002,6.449
GRASP,Reduced,Best,Best,1,0.5,mfjs10.txt, -0.1, 114670, 300,148.398
GRASP,Reduced,Best,Best,1,0.5,MK01.txt, -0.1, 3530, 300,3.369
GRASP,Reduced,Best,Best,1,0.5,MK04.txt, -0.1, 5248, 300.004,82.775
GRASP,Reduced,Best,Best,1,0.5,MK02.txt, -0.1, 2413, 300.006,185.774
GRASP,Reduced,Best,Best,1,0.5,mfjs09.txt, -0.1, 100332, 300.01,25.928
GRASP,Reduced,Best,Best,1,0.5,MK03.txt, -0.1, 17316, 300.009,0.132
GRASP,Reduced,Best,Best,1,0.5,MK05.txt, -0.1, 13752, 300.01,184.241
GRASP,Reduced,Best,Best,1,0.5,MK06.txt, -0.1, 5520, 300.005,34.285
GRASP,Reduced,Best,Best,1,0.5,MK13.txt, -0.1, 35190, 300.002,10.505
GRASP,Reduced,Best,Best,1,0.5,sfjs01.txt, -0.1, 6459, 300,0
GRASP,Reduced,Best,Best,1,0.5,MK07.txt, -0.1, 12271, 300.02,161.421
GRASP,Reduced,Best,Best,1,0.5,MK12.txt, -0.1, 39950, 300.045,12.144
GRASP,Reduced,Best,Best,1,0.5,MK08.txt, -0.1, 39205, 300.053,248.419
GRASP,Reduced,Best,Best,1,0.5,MK09.txt, -0.1, 26227, 300.07,189.047
GRASP,Reduced,Best,Best,1,0.5,MK11.txt, -0.1, 47241, 300.084,259.006
GRASP,Reduced,Best,Best,1,0.5,MK15.txt, -0.1, 30069, 300.113,298.722
GRASP,Reduced,Best,Best,1,0.5,MK14.txt, -0.1, 52577, 300.162,95.123
GRASP,Reduced,Best,Best,1,0.5,MK10.txt, -0.1, 18893, 300.297,124.095
GRASP,Reduced,Best,Best,1,0.5,sfjs02.txt, -0.1, 10271, 300,0
GRASP,Reduced,Best,Best,1,0.5,sfjs03.txt, -0.1, 20623, 300,0
GRASP,Reduced,Best,Best,1,0.5,sfjs04.txt, -0.1, 33429, 300,0
GRASP,Reduced,Best,Best,1,0.5,sfjs05.txt, -0.1, 11006, 300,0
GRASP,Reduced,Best,Best,1,0.5,sfjs06.txt, -0.1, 29926, 300,0
GRASP,Reduced,Best,Best,1,0.5,sfjs07.txt, -0.1, 37824, 300,0
GRASP,Reduced,Best,Best,1,0.5,sfjs08.txt, -0.1, 23842, 300,0
GRASP,Reduced,Best,Best,1,0.5,sfjs09.txt, -0.1, 19406, 300,0
GRASP,Reduced,Best,Best,1,0.5,sfjs10.txt, -0.1, 49368, 300,0
GRASP,Reduced,Best,Best,1,0.5,mfjs01.txt, -0.2, 43208, 300,0.21
GRASP,Reduced,Best,Best,1,0.5,mfjs02.txt, -0.2, 41273, 300,0.011
GRASP,Reduced,Best,Best,1,0.5,mfjs03.txt, -0.2, 43412, 300,0.205
GRASP,Reduced,Best,Best,1,0.5,mfjs04.txt, -0.2, 49024, 300,0.019
GRASP,Reduced,Best,Best,1,0.5,mfjs05.txt, -0.2, 45670, 300,0.136
GRASP,Reduced,Best,Best,1,0.5,mfjs06.txt, -0.2, 57060, 300,53.678
GRASP,Reduced,Best,Best,1,0.5,mfjs07.txt, -0.2, 75640, 300,136.859
GRASP,Reduced,Best,Best,1,0.5,mfjs08.txt, -0.2, 76815, 300,8.907
GRASP,Reduced,Best,Best,1,0.5,mfjs10.txt, -0.2, 102903, 300,48.16
GRASP,Reduced,Best,Best,1,0.5,MK01.txt, -0.2, 3052, 300.001,42.485
GRASP,Reduced,Best,Best,1,0.5,MK02.txt, -0.2, 2132, 300,290.79
GRASP,Reduced,Best,Best,1,0.5,mfjs09.txt, -0.2, 92101, 300.004,201.892
GRASP,Reduced,Best,Best,1,0.5,MK03.txt, -0.2, 14781, 300.003,0.066
GRASP,Reduced,Best,Best,1,0.5,MK04.txt, -0.2, 4486, 300.001,110.231
GRASP,Reduced,Best,Best,1,0.5,MK06.txt, -0.2, 4622, 300,13.021
GRASP,Reduced,Best,Best,1,0.5,MK05.txt, -0.2, 10950, 300.02,149.971
GRASP,Reduced,Best,Best,1,0.5,MK09.txt, -0.2, 21571, 300.026,64.93
GRASP,Reduced,Best,Best,1,0.5,MK12.txt, -0.2, 31626, 300.027,230.485
GRASP,Reduced,Best,Best,1,0.5,MK07.txt, -0.2, 9857, 300.034,262.62
GRASP,Reduced,Best,Best,1,0.5,MK13.txt, -0.2, 28514, 300.043,173.47
GRASP,Reduced,Best,Best,1,0.5,MK11.txt, -0.2, 36026, 300.089,121.602
GRASP,Reduced,Best,Best,1,0.5,MK08.txt, -0.2, 30060, 300.103,113.563
GRASP,Reduced,Best,Best,1,0.5,MK14.txt, -0.2, 40559, 300.104,35.421
GRASP,Reduced,Best,Best,1,0.5,MK10.txt, -0.2, 15522, 300.162,170.039
GRASP,Reduced,Best,Best,1,0.5,sfjs01.txt, -0.2, 6328, 300,0
GRASP,Reduced,Best,Best,1,0.5,sfjs02.txt, -0.2, 9872, 300,0
GRASP,Reduced,Best,Best,1,0.5,sfjs03.txt, -0.2, 19281, 300,0
GRASP,Reduced,Best,Best,1,0.5,sfjs04.txt, -0.2, 31553, 300,0
GRASP,Reduced,Best,Best,1,0.5,sfjs05.txt, -0.2, 10198, 300,0
GRASP,Reduced,Best,Best,1,0.5,sfjs06.txt, -0.2, 28024, 300,0
GRASP,Reduced,Best,Best,1,0.5,sfjs07.txt, -0.2, 36075, 300,0
GRASP,Reduced,Best,Best,1,0.5,sfjs08.txt, -0.2, 22515, 300,0
GRASP,Reduced,Best,Best,1,0.5,sfjs09.txt, -0.2, 17552, 300,0
GRASP,Reduced,Best,Best,1,0.5,sfjs10.txt, -0.2, 47323, 300,0
GRASP,Reduced,Best,Best,1,0.5,MK15.txt, -0.2, 24464, 300.037,72.327
GRASP,Reduced,Best,Best,1,0.5,mfjs01.txt, -0.3, 40508, 300,1.738
GRASP,Reduced,Best,Best,1,0.5,mfjs02.txt, -0.3, 38996, 300,1.13
GRASP,Reduced,Best,Best,1,0.5,mfjs03.txt, -0.3, 41318, 300,87.061
GRASP,Reduced,Best,Best,1,0.5,mfjs04.txt, -0.3, 46048, 300,291.171
GRASP,Reduced,Best,Best,1,0.5,mfjs05.txt, -0.3, 44376, 300,35.967
GRASP,Reduced,Best,Best,1,0.5,mfjs06.txt, -0.3, 54501, 300,246.744
GRASP,Reduced,Best,Best,1,0.5,mfjs07.txt, -0.3, 70523, 300,64.734
GRASP,Reduced,Best,Best,1,0.5,mfjs08.txt, -0.3, 70480, 300,43.236
GRASP,Reduced,Best,Best,1,0.5,mfjs10.txt, -0.3, 92661, 300,167.423
GRASP,Reduced,Best,Best,1,0.5,MK01.txt, -0.3, 2669, 300,12.417
GRASP,Reduced,Best,Best,1,0.5,mfjs09.txt, -0.3, 84810, 300.002,191.844
GRASP,Reduced,Best,Best,1,0.5,MK04.txt, -0.3, 3918, 300.001,131.099
GRASP,Reduced,Best,Best,1,0.5,MK06.txt, -0.3, 3866, 300,199.764
GRASP,Reduced,Best,Best,1,0.5,MK02.txt, -0.3, 1921, 300.006,168.965
GRASP,Reduced,Best,Best,1,0.5,MK03.txt, -0.3, 12439, 300.007,1.718
GRASP,Reduced,Best,Best,1,0.5,MK05.txt, -0.3, 8764, 300.014,28.652
GRASP,Reduced,Best,Best,1,0.5,MK08.txt, -0.3, 23580, 300.02,237.175
GRASP,Reduced,Best,Best,1,0.5,MK07.txt, -0.3, 8105, 300.031,228.117
GRASP,Reduced,Best,Best,1,0.5,MK09.txt, -0.3, 17551, 300.03,253.847
GRASP,Reduced,Best,Best,1,0.5,MK10.txt, -0.3, 12885, 300.046,285.704
GRASP,Reduced,Best,Best,1,0.5,MK12.txt, -0.3, 25209, 300.06,288.066
GRASP,Reduced,Best,Best,1,0.5,MK11.txt, -0.3, 27983, 300.125,217.621
GRASP,Reduced,Best,Best,1,0.5,sfjs01.txt, -0.3, 6206, 300,0
GRASP,Reduced,Best,Best,1,0.5,sfjs02.txt, -0.3, 9498, 300,0
GRASP,Reduced,Best,Best,1,0.5,sfjs03.txt, -0.3, 18062, 300,0
GRASP,Reduced,Best,Best,1,0.5,sfjs04.txt, -0.3, 29852, 300,0
GRASP,Reduced,Best,Best,1,0.5,sfjs05.txt, -0.3, 9465, 300,0
GRASP,Reduced,Best,Best,1,0.5,sfjs06.txt, -0.3, 26281, 300,0
GRASP,Reduced,Best,Best,1,0.5,sfjs07.txt, -0.3, 34443, 300,0
GRASP,Reduced,Best,Best,1,0.5,sfjs08.txt, -0.3, 21309, 300,0
GRASP,Reduced,Best,Best,1,0.5,MK13.txt, -0.3, 22842, 300.038,28.305
GRASP,Reduced,Best,Best,1,0.5,MK14.txt, -0.3, 30907, 300.077,10.876
GRASP,Reduced,Best,Best,1,0.5,MK15.txt, -0.3, 20958, 300.144,199.541
GRASP,Reduced,Best,Best,1,0.5,sfjs09.txt, -0.3, 15973, 300,0
GRASP,Reduced,Best,Best,1,0.5,sfjs10.txt, -0.3, 45450, 300,0
GRASP,Reduced,Best,Best,1,0.5,mfjs01.txt, -0.1, 45306, 300,0.003
GRASP,Reduced,Best,Best,1,0.5,mfjs02.txt, -0.1, 42986, 300,0.37
GRASP,Reduced,Best,Best,1,0.5,mfjs03.txt, -0.1, 45331, 300,0.214
GRASP,Reduced,Best,Best,1,0.5,mfjs04.txt, -0.1, 52012, 300,130.768
GRASP,Reduced,Best,Best,1,0.5,mfjs05.txt, -0.1, 47630, 300,248.494
GRASP,Reduced,Best,Best,1,0.5,mfjs06.txt, -0.1, 61154, 300,0.049
GRASP,Reduced,Best,Best,1,0.5,mfjs07.txt, -0.1, 82438, 300,0.065
GRASP,Reduced,Best,Best,1,0.5,mfjs08.txt, -0.1, 83470, 300,120.881
GRASP,Reduced,Best,Best,1,0.5,mfjs09.txt, -0.1, 100332, 300,278.404
GRASP,Reduced,Best,Best,1,0.5,mfjs10.txt, -0.1, 114670, 300,229.195
GRASP,Reduced,Best,Best,1,0.5,MK01.txt, -0.1, 3530, 300.002,17.947
GRASP,Reduced,Best,Best,1,0.5,MK02.txt, -0.1, 2415, 300.002,151.357
GRASP,Reduced,Best,Best,1,0.5,MK04.txt, -0.1, 5232, 300.002,71.97
GRASP,Reduced,Best,Best,1,0.5,MK03.txt, -0.1, 17316, 300.004,0.085
GRASP,Reduced,Best,Best,1,0.5,MK05.txt, -0.1, 13799, 300.022,58.45
GRASP,Reduced,Best,Best,1,0.5,MK07.txt, -0.1, 12257, 300.03,166.638
GRASP,Reduced,Best,Best,1,0.5,MK08.txt, -0.1, 39173, 300.036,12.486
GRASP,Reduced,Best,Best,1,0.5,MK09.txt, -0.1, 26746, 300.055,161.243
GRASP,Reduced,Best,Best,1,0.5,MK06.txt, -0.1, 5529, 300.059,64.451
GRASP,Reduced,Best,Best,1,0.5,MK10.txt, -0.1, 19347, 300.207,185.248
GRASP,Reduced,Best,Best,1,0.5,MK12.txt, -0.1, 39933, 300.002,37.802
GRASP,Reduced,Best,Best,1,0.5,sfjs01.txt, -0.1, 6459, 300,0
GRASP,Reduced,Best,Best,1,0.5,sfjs02.txt, -0.1, 10271, 300,0
GRASP,Reduced,Best,Best,1,0.5,sfjs03.txt, -0.1, 20623, 300,0
GRASP,Reduced,Best,Best,1,0.5,sfjs04.txt, -0.1, 33429, 300,0
GRASP,Reduced,Best,Best,1,0.5,sfjs05.txt, -0.1, 11006, 300,0
GRASP,Reduced,Best,Best,1,0.5,sfjs06.txt, -0.1, 29926, 300,0
GRASP,Reduced,Best,Best,1,0.5,MK15.txt, -0.1, 30882, 300.043,2.028
GRASP,Reduced,Best,Best,1,0.5,MK13.txt, -0.1, 35452, 300.047,68.098
GRASP,Reduced,Best,Best,1,0.5,MK14.txt, -0.1, 52520, 300.051,18.944
GRASP,Reduced,Best,Best,1,0.5,MK11.txt, -0.1, 47381, 300.115,289.204
GRASP,Reduced,Best,Best,1,0.5,sfjs07.txt, -0.1, 37824, 300,0
GRASP,Reduced,Best,Best,1,0.5,sfjs08.txt, -0.1, 23842, 300,0
GRASP,Reduced,Best,Best,1,0.5,sfjs09.txt, -0.1, 19406, 300,0
GRASP,Reduced,Best,Best,1,0.5,sfjs10.txt, -0.1, 49368, 300,0
GRASP,Reduced,Best,Best,1,0.5,mfjs01.txt, -0.2, 43208, 300,0.338
GRASP,Reduced,Best,Best,1,0.5,mfjs02.txt, -0.2, 41273, 300,0.003
GRASP,Reduced,Best,Best,1,0.5,mfjs03.txt, -0.2, 43412, 300,0.021
GRASP,Reduced,Best,Best,1,0.5,mfjs04.txt, -0.2, 49024, 300,1.849
GRASP,Reduced,Best,Best,1,0.5,mfjs05.txt, -0.2, 45670, 300,0.149
GRASP,Reduced,Best,Best,1,0.5,mfjs06.txt, -0.2, 57225, 300,63.383
GRASP,Reduced,Best,Best,1,0.5,mfjs07.txt, -0.2, 75640, 300,187.489
GRASP,Reduced,Best,Best,1,0.5,mfjs08.txt, -0.2, 76815, 300,3.568
GRASP,Reduced,Best,Best,1,0.5,mfjs09.txt, -0.2, 90766, 300,62.927
GRASP,Reduced,Best,Best,1,0.5,mfjs10.txt, -0.2, 102515, 300,18.899
GRASP,Reduced,Best,Best,1,0.5,MK01.txt, -0.2, 3052, 300.001,72.577
GRASP,Reduced,Best,Best,1,0.5,MK03.txt, -0.2, 14781, 300,0.08
GRASP,Reduced,Best,Best,1,0.5,MK02.txt, -0.2, 2129, 300.006,93.545
GRASP,Reduced,Best,Best,1,0.5,MK08.txt, -0.2, 29917, 300.001,200.568
GRASP,Reduced,Best,Best,1,0.5,MK07.txt, -0.2, 9799, 300.005,164.152
GRASP,Reduced,Best,Best,1,0.5,MK04.txt, -0.2, 4484, 300.009,201.002
GRASP,Reduced,Best,Best,1,0.5,MK05.txt, -0.2, 10969, 300.012,210.55
GRASP,Reduced,Best,Best,1,0.5,MK06.txt, -0.2, 4579, 300.042,167.874
GRASP,Reduced,Best,Best,1,0.5,sfjs01.txt, -0.2, 6328, 300,0
GRASP,Reduced,Best,Best,1,0.5,sfjs02.txt, -0.2, 9872, 300,0
GRASP,Reduced,Best,Best,1,0.5,sfjs03.txt, -0.2, 19281, 300,0
GRASP,Reduced,Best,Best,1,0.5,MK12.txt, -0.2, 31637, 300.007,122.71
GRASP,Reduced,Best,Best,1,0.5,sfjs04.txt, -0.2, 31553, 300,0
GRASP,Reduced,Best,Best,1,0.5,MK09.txt, -0.2, 21514, 300.022,145.694
GRASP,Reduced,Best,Best,1,0.5,MK15.txt, -0.2, 24989, 300.036,197.714
GRASP,Reduced,Best,Best,1,0.5,MK11.txt, -0.2, 36267, 300.052,224.068
GRASP,Reduced,Best,Best,1,0.5,MK10.txt, -0.2, 15787, 300.175,104.452
GRASP,Reduced,Best,Best,1,0.5,MK13.txt, -0.2, 27955, 300.204,154.729
GRASP,Reduced,Best,Best,1,0.5,MK14.txt, -0.2, 40498, 300.243,120.793
GRASP,Reduced,Best,Best,1,0.5,sfjs05.txt, -0.2, 10198, 300,0
GRASP,Reduced,Best,Best,1,0.5,sfjs06.txt, -0.2, 28024, 300,0
GRASP,Reduced,Best,Best,1,0.5,sfjs07.txt, -0.2, 36075, 300,0
GRASP,Reduced,Best,Best,1,0.5,sfjs08.txt, -0.2, 22515, 300,0
GRASP,Reduced,Best,Best,1,0.5,sfjs09.txt, -0.2, 17552, 300,0
GRASP,Reduced,Best,Best,1,0.5,sfjs10.txt, -0.2, 47323, 300,0
GRASP,Reduced,Best,Best,1,0.5,mfjs01.txt, -0.3, 40508, 300,1.696
GRASP,Reduced,Best,Best,1,0.5,mfjs02.txt, -0.3, 38996, 300,0.936
GRASP,Reduced,Best,Best,1,0.5,mfjs03.txt, -0.3, 41318, 300,0.502
GRASP,Reduced,Best,Best,1,0.5,mfjs04.txt, -0.3, 46558, 300,0.002
GRASP,Reduced,Best,Best,1,0.5,mfjs05.txt, -0.3, 44376, 300,202.74
GRASP,Reduced,Best,Best,1,0.5,mfjs06.txt, -0.3, 55007, 300,279.639
GRASP,Reduced,Best,Best,1,0.5,mfjs07.txt, -0.3, 70523, 300,19.237
GRASP,Reduced,Best,Best,1,0.5,mfjs08.txt, -0.3, 70480, 300.001,74.576
GRASP,Reduced,Best,Best,1,0.5,mfjs09.txt, -0.3, 84811, 300,64.839
GRASP,Reduced,Best,Best,1,0.5,mfjs10.txt, -0.3, 92666, 300.001,158.461
GRASP,Reduced,Best,Best,1,0.5,MK01.txt, -0.3, 2656, 300.002,277.996
GRASP,Reduced,Best,Best,1,0.5,MK04.txt, -0.3, 3919, 300.001,220.779
GRASP,Reduced,Best,Best,1,0.5,MK02.txt, -0.3, 1921, 300.003,235.943
GRASP,Reduced,Best,Best,1,0.5,MK05.txt, -0.3, 8786, 300.004,213.944
GRASP,Reduced,Best,Best,1,0.5,MK06.txt, -0.3, 3942, 300.004,252.648
GRASP,Reduced,Best,Best,1,0.5,MK03.txt, -0.3, 12439, 300.025,0.984
GRASP,Reduced,Best,Best,1,0.5,sfjs01.txt, -0.3, 6206, 300,0
GRASP,Reduced,Best,Best,1,0.5,sfjs02.txt, -0.3, 9498, 300,0
GRASP,Reduced,Best,Best,1,0.5,MK07.txt, -0.3, 8078, 300.021,283.349
GRASP,Reduced,Best,Best,1,0.5,MK08.txt, -0.3, 23410, 300.023,295.374
GRASP,Reduced,Best,Best,1,0.5,MK15.txt, -0.3, 20758, 300.017,54.394
GRASP,Reduced,Best,Best,1,0.5,MK12.txt, -0.3, 25231, 300.084,0.557
GRASP,Reduced,Best,Best,1,0.5,MK09.txt, -0.3, 17428, 300.089,104.538
GRASP,Reduced,Best,Best,1,0.5,MK13.txt, -0.3, 22988, 300.091,15.437
GRASP,Reduced,Best,Best,1,0.5,MK10.txt, -0.3, 12529, 300.113,81.76
GRASP,Reduced,Best,Best,1,0.5,MK14.txt, -0.3, 31119, 300.119,187.871
GRASP,Reduced,Best,Best,1,0.5,MK11.txt, -0.3, 27897, 300.149,132.337
GRASP,Reduced,Best,Best,1,0.5,sfjs03.txt, -0.3, 18062, 300,0
GRASP,Reduced,Best,Best,1,0.5,sfjs04.txt, -0.3, 29852, 300,0
GRASP,Reduced,Best,Best,1,0.5,sfjs05.txt, -0.3, 9465, 300,0
GRASP,Reduced,Best,Best,1,0.5,sfjs06.txt, -0.3, 26281, 300,0
GRASP,Reduced,Best,Best,1,0.5,sfjs07.txt, -0.3, 34443, 300,0
GRASP,Reduced,Best,Best,1,0.5,sfjs08.txt, -0.3, 21309, 300,0
GRASP,Reduced,Best,Best,1,0.5,sfjs09.txt, -0.3, 15973, 300,0
GRASP,Reduced,Best,Best,1,0.5,sfjs10.txt, -0.3, 45450, 300,0
GRASP,Reduced,Best,Best,1,0.5,mfjs01.txt, -0.1, 45306, 300,0.008
GRASP,Reduced,Best,Best,1,0.5,mfjs02.txt, -0.1, 42986, 300,0.247
GRASP,Reduced,Best,Best,1,0.5,mfjs03.txt, -0.1, 45331, 300,0.221
GRASP,Reduced,Best,Best,1,0.5,mfjs04.txt, -0.1, 52012, 300,77.547
GRASP,Reduced,Best,Best,1,0.5,mfjs05.txt, -0.1, 47630, 300,145.704
GRASP,Reduced,Best,Best,1,0.5,mfjs06.txt, -0.1, 60702, 300,242.564
GRASP,Reduced,Best,Best,1,0.5,mfjs07.txt, -0.1, 82438, 300,1.889
GRASP,Reduced,Best,Best,1,0.5,mfjs08.txt, -0.1, 83470, 300.001,20.169
GRASP,Reduced,Best,Best,1,0.5,mfjs09.txt, -0.1, 100332, 300.002,116.032
GRASP,Reduced,Best,Best,1,0.5,mfjs10.txt, -0.1, 116699, 300.002,196.774
GRASP,Reduced,Best,Best,1,0.5,MK01.txt, -0.1, 3530, 300.004,49.474
GRASP,Reduced,Best,Best,1,0.5,MK02.txt, -0.1, 2415, 300.005,242.574
GRASP,Reduced,Best,Best,1,0.5,MK04.txt, -0.1, 5303, 300.007,75.95
GRASP,Reduced,Best,Best,1,0.5,MK03.txt, -0.1, 17316, 300.023,0.357
GRASP,Reduced,Best,Best,1,0.5,MK05.txt, -0.1, 13734, 300.024,65.372
GRASP,Reduced,Best,Best,1,0.5,MK07.txt, -0.1, 11958, 300.061,137.554
GRASP,Reduced,Best,Best,1,0.5,MK13.txt, -0.1, 35715, 300.076,107.954
GRASP,Reduced,Best,Best,1,0.5,MK11.txt, -0.1, 47346, 300.082,198.45
GRASP,Reduced,Best,Best,1,0.5,MK12.txt, -0.1, 39938, 300.086,240.948
GRASP,Reduced,Best,Best,1,0.5,MK10.txt, -0.1, 19204, 300.092,160.835
GRASP,Reduced,Best,Best,1,0.5,MK08.txt, -0.1, 39176, 300.097,296.21
GRASP,Reduced,Best,Best,1,0.5,MK06.txt, -0.1, 5378, 300.104,92.434
GRASP,Reduced,Best,Best,1,0.5,MK09.txt, -0.1, 26414, 300.185,252.762
GRASP,Reduced,Best,Best,1,0.5,MK14.txt, -0.1, 52515, 300.183,253.361
GRASP,Reduced,Best,Best,1,0.5,MK15.txt, -0.1, 30694, 300.422,290.954
GRASP,Reduced,Best,Best,1,0.5,sfjs01.txt, -0.1, 6459, 300,0
GRASP,Reduced,Best,Best,1,0.5,sfjs02.txt, -0.1, 10271, 300,0
GRASP,Reduced,Best,Best,1,0.5,sfjs03.txt, -0.1, 20623, 300,0
GRASP,Reduced,Best,Best,1,0.5,sfjs04.txt, -0.1, 33429, 300,0
GRASP,Reduced,Best,Best,1,0.5,sfjs05.txt, -0.1, 11006, 300,0
GRASP,Reduced,Best,Best,1,0.5,sfjs06.txt, -0.1, 29926, 300,0
GRASP,Reduced,Best,Best,1,0.5,sfjs07.txt, -0.1, 37824, 300,0
GRASP,Reduced,Best,Best,1,0.5,sfjs08.txt, -0.1, 23842, 300,0
GRASP,Reduced,Best,Best,1,0.5,sfjs09.txt, -0.1, 19406, 300,0
GRASP,Reduced,Best,Best,1,0.5,sfjs10.txt, -0.1, 49368, 300,0
GRASP,Reduced,Best,Best,1,0.5,mfjs01.txt, -0.2, 43208, 300,1.281
GRASP,Reduced,Best,Best,1,0.5,mfjs02.txt, -0.2, 41273, 300,0.027
GRASP,Reduced,Best,Best,1,0.5,mfjs03.txt, -0.2, 43412, 300,0.118
GRASP,Reduced,Best,Best,1,0.5,mfjs04.txt, -0.2, 49024, 300,0.014
GRASP,Reduced,Best,Best,1,0.5,mfjs05.txt, -0.2, 45670, 300,0.036
GRASP,Reduced,Best,Best,1,0.5,mfjs06.txt, -0.2, 57569, 300,187.418
GRASP,Reduced,Best,Best,1,0.5,mfjs07.txt, -0.2, 76436, 300,6.487
GRASP,Reduced,Best,Best,1,0.5,mfjs08.txt, -0.2, 76815, 300,2.242
GRASP,Reduced,Best,Best,1,0.5,mfjs09.txt, -0.2, 91415, 300,296.687
GRASP,Reduced,Best,Best,1,0.5,mfjs10.txt, -0.2, 102903, 300,175.758
GRASP,Reduced,Best,Best,1,0.5,MK01.txt, -0.2, 3052, 300,60.25
GRASP,Reduced,Best,Best,1,0.5,MK02.txt, -0.2, 2129, 300.007,76.593
GRASP,Reduced,Best,Best,1,0.5,MK04.txt, -0.2, 4486, 300.002,133.332
GRASP,Reduced,Best,Best,1,0.5,MK07.txt, -0.2, 9827, 300.002,286.51
GRASP,Reduced,Best,Best,1,0.5,MK12.txt, -0.2, 31623, 300.001,133.052
GRASP,Reduced,Best,Best,1,0.5,MK05.txt, -0.2, 10938, 300.009,299.717
GRASP,Reduced,Best,Best,1,0.5,MK06.txt, -0.2, 4588, 300.011,163.523
GRASP,Reduced,Best,Best,1,0.5,MK03.txt, -0.2, 14781, 300.014,0.151
GRASP,Reduced,Best,Best,1,0.5,MK09.txt, -0.2, 21165, 300.018,155.517
GRASP,Reduced,Best,Best,1,0.5,MK11.txt, -0.2, 36291, 300.022,285
GRASP,Reduced,Best,Best,1,0.5,MK08.txt, -0.2, 29913, 300.039,183.49
GRASP,Reduced,Best,Best,1,0.5,MK10.txt, -0.2, 16235, 300.117,185.478
GRASP,Reduced,Best,Best,1,0.5,MK13.txt, -0.2, 28387, 300.129,92.732
GRASP,Reduced,Best,Best,1,0.5,sfjs01.txt, -0.2, 6328, 300,0
GRASP,Reduced,Best,Best,1,0.5,sfjs02.txt, -0.2, 9872, 300,0
GRASP,Reduced,Best,Best,1,0.5,sfjs03.txt, -0.2, 19281, 300,0
GRASP,Reduced,Best,Best,1,0.5,sfjs04.txt, -0.2, 31553, 300,0
GRASP,Reduced,Best,Best,1,0.5,sfjs05.txt, -0.2, 10198, 300,0.001
GRASP,Reduced,Best,Best,1,0.5,sfjs06.txt, -0.2, 28024, 300,0
GRASP,Reduced,Best,Best,1,0.5,sfjs07.txt, -0.2, 36075, 300,0
GRASP,Reduced,Best,Best,1,0.5,sfjs08.txt, -0.2, 22515, 300,0
GRASP,Reduced,Best,Best,1,0.5,sfjs09.txt, -0.2, 17552, 300,0
GRASP,Reduced,Best,Best,1,0.5,MK14.txt, -0.2, 40161, 300.133,159.713
GRASP,Reduced,Best,Best,1,0.5,MK15.txt, -0.2, 24880, 300.147,39.615
GRASP,Reduced,Best,Best,1,0.5,sfjs10.txt, -0.2, 47323, 300,0
GRASP,Reduced,Best,Best,1,0.5,mfjs01.txt, -0.3, 40508, 300,3.331
GRASP,Reduced,Best,Best,1,0.5,mfjs02.txt, -0.3, 38996, 300,4.867
GRASP,Reduced,Best,Best,1,0.5,mfjs03.txt, -0.3, 41318, 300,10.637
GRASP,Reduced,Best,Best,1,0.5,mfjs04.txt, -0.3, 44869, 300,72.242
GRASP,Reduced,Best,Best,1,0.5,mfjs05.txt, -0.3, 45116, 300,0.002
GRASP,Reduced,Best,Best,1,0.5,mfjs06.txt, -0.3, 54219, 300,124.217
GRASP,Reduced,Best,Best,1,0.5,mfjs07.txt, -0.3, 70523, 300,65.661
GRASP,Reduced,Best,Best,1,0.5,mfjs08.txt, -0.3, 70480, 300,19.489
GRASP,Reduced,Best,Best,1,0.5,mfjs09.txt, -0.3, 83394, 300,117.485
GRASP,Reduced,Best,Best,1,0.5,mfjs10.txt, -0.3, 92578, 300,93.414
GRASP,Reduced,Best,Best,1,0.5,MK02.txt, -0.3, 1922, 300.001,138.159
GRASP,Reduced,Best,Best,1,0.5,MK01.txt, -0.3, 2669, 300.002,0.61
GRASP,Reduced,Best,Best,1,0.5,MK04.txt, -0.3, 3922, 300.004,126.292
GRASP,Reduced,Best,Best,1,0.5,MK07.txt, -0.3, 8052, 300.006,152.125
GRASP,Reduced,Best,Best,1,0.5,MK06.txt, -0.3, 3950, 300.01,184.249
GRASP,Reduced,Best,Best,1,0.5,MK03.txt, -0.3, 12439, 300.016,8.436
GRASP,Reduced,Best,Best,1,0.5,MK08.txt, -0.3, 23451, 300.013,183.053
GRASP,Reduced,Best,Best,1,0.5,MK05.txt, -0.3, 8773, 300.023,198.405
GRASP,Reduced,Best,Best,1,0.5,MK09.txt, -0.3, 17332, 300.054,77.25
GRASP,Reduced,Best,Best,1,0.5,MK11.txt, -0.3, 27937, 300.118,87.431
GRASP,Reduced,Best,Best,1,0.5,MK10.txt, -0.3, 12830, 300.141,215.757
GRASP,Reduced,Best,Best,1,0.5,sfjs01.txt, -0.3, 6206, 300,0
GRASP,Reduced,Best,Best,1,0.5,sfjs02.txt, -0.3, 9498, 300,0
GRASP,Reduced,Best,Best,1,0.5,sfjs03.txt, -0.3, 18062, 300,0
GRASP,Reduced,Best,Best,1,0.5,sfjs04.txt, -0.3, 29852, 300,0
GRASP,Reduced,Best,Best,1,0.5,sfjs05.txt, -0.3, 9465, 300,0
GRASP,Reduced,Best,Best,1,0.5,sfjs06.txt, -0.3, 26281, 300,0
GRASP,Reduced,Best,Best,1,0.5,sfjs07.txt, -0.3, 34443, 300,0
GRASP,Reduced,Best,Best,1,0.5,MK12.txt, -0.3, 25262, 300.027,164.171
GRASP,Reduced,Best,Best,1,0.5,MK14.txt, -0.3, 30849, 300.029,265.099
GRASP,Reduced,Best,Best,1,0.5,MK13.txt, -0.3, 22651, 300.039,278.064
GRASP,Reduced,Best,Best,1,0.5,MK15.txt, -0.3, 20477, 300.041,15.913
GRASP,Reduced,Best,Best,1,0.5,sfjs08.txt, -0.3, 21309, 300,0
GRASP,Reduced,Best,Best,1,0.5,sfjs09.txt, -0.3, 15973, 300,0
GRASP,Reduced,Best,Best,1,0.5,sfjs10.txt, -0.3, 45450, 300,0
GRASP,Reduced,Best,Best,1,0.5,mfjs01.txt, -0.1, 45306, 300,0.001
GRASP,Reduced,Best,Best,1,0.5,mfjs02.txt, -0.1, 42986, 300,0.861
GRASP,Reduced,Best,Best,1,0.5,mfjs03.txt, -0.1, 45331, 300,0.34
GRASP,Reduced,Best,Best,1,0.5,mfjs04.txt, -0.1, 52912, 300,0.077
GRASP,Reduced,Best,Best,1,0.5,mfjs05.txt, -0.1, 47680, 300,66.494
GRASP,Reduced,Best,Best,1,0.5,mfjs06.txt, -0.1, 60944, 300,290.872
GRASP,Reduced,Best,Best,1,0.5,mfjs07.txt, -0.1, 82438, 300,10.929
GRASP,Reduced,Best,Best,1,0.5,mfjs08.txt, -0.1, 83470, 300,40.373
GRASP,Reduced,Best,Best,1,0.5,mfjs09.txt, -0.1, 100332, 300,77.122
GRASP,Reduced,Best,Best,1,0.5,mfjs10.txt, -0.1, 114670, 300,239.772
GRASP,Reduced,Best,Best,1,0.5,MK01.txt, -0.1, 3530, 300.001,71.412
GRASP,Reduced,Best,Best,1,0.5,MK02.txt, -0.1, 2430, 300.006,255.618
GRASP,Reduced,Best,Best,1,0.5,MK04.txt, -0.1, 5232, 300.005,95.52
GRASP,Reduced,Best,Best,1,0.5,MK09.txt, -0.1, 26217, 300,199.739
GRASP,Reduced,Best,Best,1,0.5,MK08.txt, -0.1, 39211, 300.005,127.093
GRASP,Reduced,Best,Best,1,0.5,MK03.txt, -0.1, 17316, 300.011,0.32
GRASP,Reduced,Best,Best,1,0.5,MK05.txt, -0.1, 13734, 300.022,296.456
GRASP,Reduced,Best,Best,1,0.5,MK07.txt, -0.1, 12007, 300.029,56.08
GRASP,Reduced,Best,Best,1,0.5,MK06.txt, -0.1, 5290, 300.034,238.5
GRASP,Reduced,Best,Best,1,0.5,sfjs01.txt, -0.1, 6459, 300,0
GRASP,Reduced,Best,Best,1,0.5,sfjs02.txt, -0.1, 10271, 300,0
GRASP,Reduced,Best,Best,1,0.5,sfjs03.txt, -0.1, 20623, 300,0
GRASP,Reduced,Best,Best,1,0.5,sfjs04.txt, -0.1, 33429, 300,0
GRASP,Reduced,Best,Best,1,0.5,sfjs05.txt, -0.1, 11006, 300,0
GRASP,Reduced,Best,Best,1,0.5,MK12.txt, -0.1, 39957, 300.025,22.73
GRASP,Reduced,Best,Best,1,0.5,MK11.txt, -0.1, 47200, 300.043,171.449
GRASP,Reduced,Best,Best,1,0.5,MK10.txt, -0.1, 19388, 300.133,164.665
GRASP,Reduced,Best,Best,1,0.5,MK15.txt, -0.1, 30157, 300.193,148.058
GRASP,Reduced,Best,Best,1,0.5,MK13.txt, -0.1, 35409, 300.206,149.174
GRASP,Reduced,Best,Best,1,0.5,MK14.txt, -0.1, 53313, 300.207,265.107
GRASP,Reduced,Best,Best,1,0.5,sfjs06.txt, -0.1, 29926, 300,0
GRASP,Reduced,Best,Best,1,0.5,sfjs07.txt, -0.1, 37824, 300,0
GRASP,Reduced,Best,Best,1,0.5,sfjs08.txt, -0.1, 23842, 300,0
GRASP,Reduced,Best,Best,1,0.5,sfjs09.txt, -0.1, 19406, 300,0
GRASP,Reduced,Best,Best,1,0.5,sfjs10.txt, -0.1, 49368, 300,0
GRASP,Reduced,Best,Best,1,0.5,mfjs01.txt, -0.2, 43208, 300,0.397
GRASP,Reduced,Best,Best,1,0.5,mfjs02.txt, -0.2, 41273, 300,0.004
GRASP,Reduced,Best,Best,1,0.5,mfjs03.txt, -0.2, 43412, 300,0.103
GRASP,Reduced,Best,Best,1,0.5,mfjs04.txt, -0.2, 49024, 300,0.15
GRASP,Reduced,Best,Best,1,0.5,mfjs05.txt, -0.2, 45670, 300,0.105
GRASP,Reduced,Best,Best,1,0.5,mfjs06.txt, -0.2, 56743, 300,144.913
GRASP,Reduced,Best,Best,1,0.5,mfjs07.txt, -0.2, 76436, 300.001,22.843
GRASP,Reduced,Best,Best,1,0.5,mfjs09.txt, -0.2, 92113, 300,84.645
GRASP,Reduced,Best,Best,1,0.5,mfjs08.txt, -0.2, 76148, 300.001,136.908
GRASP,Reduced,Best,Best,1,0.5,mfjs10.txt, -0.2, 103777, 300.001,274.708
GRASP,Reduced,Best,Best,1,0.5,MK01.txt, -0.2, 3050, 300,164.464
GRASP,Reduced,Best,Best,1,0.5,MK03.txt, -0.2, 14781, 300,0.383
GRASP,Reduced,Best,Best,1,0.5,MK04.txt, -0.2, 4489, 300.002,215.826
GRASP,Reduced,Best,Best,1,0.5,MK06.txt, -0.2, 4652, 300.002,220.082
GRASP,Reduced,Best,Best,1,0.5,MK05.txt, -0.2, 10957, 300.01,222.465
GRASP,Reduced,Best,Best,1,0.5,MK02.txt, -0.2, 2129, 300.013,43.651
GRASP,Reduced,Best,Best,1,0.5,MK07.txt, -0.2, 9880, 300.021,191.713
GRASP,Reduced,Best,Best,1,0.5,sfjs01.txt, -0.2, 6328, 300,0
GRASP,Reduced,Best,Best,1,0.5,sfjs02.txt, -0.2, 9872, 300,0
GRASP,Reduced,Best,Best,1,0.5,sfjs03.txt, -0.2, 19281, 300,0
GRASP,Reduced,Best,Best,1,0.5,MK08.txt, -0.2, 30107, 300.024,101.601
GRASP,Reduced,Best,Best,1,0.5,MK10.txt, -0.2, 15859, 300.033,248.196
GRASP,Reduced,Best,Best,1,0.5,MK15.txt, -0.2, 25061, 300.049,36.018
GRASP,Reduced,Best,Best,1,0.5,MK09.txt, -0.2, 21306, 300.07,163.656
GRASP,Reduced,Best,Best,1,0.5,MK14.txt, -0.2, 40151, 300.074,5.531
GRASP,Reduced,Best,Best,1,0.5,MK12.txt, -0.2, 31622, 300.105,6.301
GRASP,Reduced,Best,Best,1,0.5,MK13.txt, -0.2, 28511, 300.104,157.647
GRASP,Reduced,Best,Best,1,0.5,MK11.txt, -0.2, 36126, 300.126,75.956
GRASP,Reduced,Best,Best,1,0.5,sfjs04.txt, -0.2, 31553, 300,0
GRASP,Reduced,Best,Best,1,0.5,sfjs05.txt, -0.2, 10198, 300,0
GRASP,Reduced,Best,Best,1,0.5,sfjs06.txt, -0.2, 28024, 300,0
GRASP,Reduced,Best,Best,1,0.5,sfjs07.txt, -0.2, 36075, 300,0
GRASP,Reduced,Best,Best,1,0.5,sfjs08.txt, -0.2, 22515, 300,0
GRASP,Reduced,Best,Best,1,0.5,sfjs09.txt, -0.2, 17552, 300,0
GRASP,Reduced,Best,Best,1,0.5,sfjs10.txt, -0.2, 47323, 300,0
GRASP,Reduced,Best,Best,1,0.5,mfjs01.txt, -0.3, 40508, 300,1.67
GRASP,Reduced,Best,Best,1,0.5,mfjs02.txt, -0.3, 38996, 300,2.299
GRASP,Reduced,Best,Best,1,0.5,mfjs03.txt, -0.3, 41318, 300,1.139
GRASP,Reduced,Best,Best,1,0.5,mfjs04.txt, -0.3, 46048, 300,214.129
GRASP,Reduced,Best,Best,1,0.5,mfjs05.txt, -0.3, 45116, 300,0
GRASP,Reduced,Best,Best,1,0.5,mfjs06.txt, -0.3, 53618, 300,79.731
GRASP,Reduced,Best,Best,1,0.5,mfjs07.txt, -0.3, 70523, 300.001,45.583
GRASP,Reduced,Best,Best,1,0.5,mfjs08.txt, -0.3, 70480, 300,35.358
GRASP,Reduced,Best,Best,1,0.5,mfjs09.txt, -0.3, 84282, 300,45.438
GRASP,Reduced,Best,Best,1,0.5,mfjs10.txt, -0.3, 92065, 300.004,215.555
GRASP,Reduced,Best,Best,1,0.5,MK04.txt, -0.3, 3926, 300.002,143.245
GRASP,Reduced,Best,Best,1,0.5,MK01.txt, -0.3, 2621, 300.004,164.721
GRASP,Reduced,Best,Best,1,0.5,MK02.txt, -0.3, 1922, 300.008,62.79
GRASP,Reduced,Best,Best,1,0.5,MK05.txt, -0.3, 8778, 300.008,247.234
GRASP,Reduced,Best,Best,1,0.5,MK03.txt, -0.3, 12439, 300.011,19.911
GRASP,Reduced,Best,Best,1,0.5,MK07.txt, -0.3, 8078, 300.009,194.394
GRASP,Reduced,Best,Best,1,0.5,sfjs01.txt, -0.3, 6206, 300,0
GRASP,Reduced,Best,Best,1,0.5,MK12.txt, -0.3, 25297, 300.024,239.593
GRASP,Reduced,Best,Best,1,0.5,MK13.txt, -0.3, 22976, 300.033,22.483
GRASP,Reduced,Best,Best,1,0.5,MK11.txt, -0.3, 28060, 300.04,233.169
GRASP,Reduced,Best,Best,1,0.5,MK09.txt, -0.3, 17383, 300.058,126.601
GRASP,Reduced,Best,Best,1,0.5,MK06.txt, -0.3, 3943, 300.065,272.265
GRASP,Reduced,Best,Best,1,0.5,MK15.txt, -0.3, 20571, 300.059,13.06
GRASP,Reduced,Best,Best,1,0.5,MK14.txt, -0.3, 30993, 300.063,285.911
GRASP,Reduced,Best,Best,1,0.5,MK08.txt, -0.3, 23448, 300.07,291.976
GRASP,Reduced,Best,Best,1,0.5,MK10.txt, -0.3, 12583, 300.134,248.96
GRASP,Reduced,Best,Best,1,0.5,sfjs03.txt, -0.3, 18062, 300,0
GRASP,Reduced,Best,Best,1,0.5,sfjs04.txt, -0.3, 29852, 300,0
GRASP,Reduced,Best,Best,1,0.5,sfjs05.txt, -0.3, 9465, 300,0
GRASP,Reduced,Best,Best,1,0.5,sfjs06.txt, -0.3, 26281, 300,0
GRASP,Reduced,Best,Best,1,0.5,sfjs02.txt, -0.3, 9498, 300.005,0
GRASP,Reduced,Best,Best,1,0.5,sfjs07.txt, -0.3, 34443, 300,0
GRASP,Reduced,Best,Best,1,0.5,sfjs08.txt, -0.3, 21309, 300,0
GRASP,Reduced,Best,Best,1,0.5,sfjs09.txt, -0.3, 15973, 300,0
GRASP,Reduced,Best,Best,1,0.5,sfjs10.txt, -0.3, 45450, 300,0
