None,None,None,ECT,mfjs01.txt,-0.1,59391,0,0,0,0
None,None,None,ECT,mfjs02.txt,-0.1,59391,0,0,0,0
None,None,None,ECT,mfjs03.txt,-0.1,69704,0,0,0,0
None,None,None,ECT,mfjs04.txt,-0.1,68028,0,0,0,0
None,None,None,ECT,mfjs05.txt,-0.1,78812,0,0,0,0
None,None,None,ECT,mfjs06.txt,-0.1,98166,0,0,0,0
None,None,None,ECT,mfjs07.txt,-0.1,125875,0,0,0,0
None,None,None,ECT,mfjs08.txt,-0.1,122673,0,0,0,0
None,None,None,ECT,mfjs09.txt,-0.1,160857,0,0,0,0
None,None,None,ECT,mfjs10.txt,-0.1,163362,0,0,0,0
None,None,None,ECT,MK01.txt,-0.1,4656,0,0,0,0
None,None,None,ECT,MK02.txt,-0.1,4683,0,0,0,0
None,None,None,ECT,MK03.txt,-0.1,25766,0,0,0,0
None,None,None,ECT,MK04.txt,-0.1,7061,0,0,0,0
None,None,None,ECT,MK05.txt,-0.1,16969,0,0,0,0
None,None,None,ECT,MK06.txt,-0.1,7039,0,0,0,0
None,None,None,ECT,MK07.txt,-0.1,16926,0,0,0,0
None,None,None,ECT,MK08.txt,-0.1,47418,0,0,0,0
None,None,None,ECT,MK09.txt,-0.1,33475,0,0,0,0
None,None,None,ECT,MK10.txt,-0.1,35466,0,0,0,0
None,None,None,ECT,MK11.txt,-0.1,52483,0,0,0,0
None,None,None,ECT,MK12.txt,-0.1,49066,0,0,0,0
None,None,None,ECT,MK13.txt,-0.1,42854,0,0,0,0
None,None,None,ECT,MK14.txt,-0.1,62942,0,0,0,0
None,None,None,ECT,MK15.txt,-0.1,48763,0,0,0,0
None,None,None,ECT,sfjs01.txt,-0.1,8581,0,0,0,0
None,None,None,ECT,sfjs02.txt,-0.1,11846,0,0,0,0
None,None,None,ECT,sfjs03.txt,-0.1,27359,0,0,0,0
None,None,None,ECT,sfjs04.txt,-0.1,48938,0,0,0,0
None,None,None,ECT,sfjs05.txt,-0.1,13413,0,0,0,0
None,None,None,ECT,sfjs06.txt,-0.1,32064,0,0,0,0
None,None,None,ECT,sfjs07.txt,-0.1,37824,0,0,0,0
None,None,None,ECT,sfjs08.txt,-0.1,25829,0,0,0,0
None,None,None,ECT,sfjs09.txt,-0.1,27439,0,0,0,0
None,None,None,ECT,sfjs10.txt,-0.1,57073,0,0,0,0
None,None,None,ECT,mfjs01.txt,-0.2,55118,0,0,0,0
None,None,None,ECT,mfjs02.txt,-0.2,55118,0,0,0,0
None,None,None,ECT,mfjs03.txt,-0.2,63975,0,0,0,0
None,None,None,ECT,mfjs04.txt,-0.2,65925,0,0,0,0
None,None,None,ECT,mfjs05.txt,-0.2,62440,0,0,0,0
None,None,None,ECT,mfjs06.txt,-0.2,89887,0,0,0,0
None,None,None,ECT,mfjs07.txt,-0.2,108358,0,0,0,0
None,None,None,ECT,mfjs08.txt,-0.2,105962,0,0,0,0
None,None,None,ECT,mfjs09.txt,-0.2,129510,0,0,0,0
None,None,None,ECT,mfjs10.txt,-0.2,130251,0,0,0,0
None,None,None,ECT,MK01.txt,-0.2,3895,0,0,0,0
None,None,None,ECT,MK02.txt,-0.2,3863,0,0,0,0
None,None,None,ECT,MK03.txt,-0.2,20585,0,0,0,0
None,None,None,ECT,MK04.txt,-0.2,5966,0,0,0,0
None,None,None,ECT,MK05.txt,-0.2,13162,0,0,0,0
None,None,None,ECT,MK06.txt,-0.2,4966,0,0,0,0
None,None,None,ECT,MK07.txt,-0.2,13512,0,0,0,0
None,None,None,ECT,MK08.txt,-0.2,35015,0,0,0,0
None,None,None,ECT,MK09.txt,-0.2,25988,0,0,0,0
None,None,None,ECT,MK10.txt,-0.2,27278,0,0,0,0
None,None,None,ECT,MK11.txt,-0.2,38781,0,0,0,0
None,None,None,ECT,MK12.txt,-0.2,36769,0,0,0,0
None,None,None,ECT,MK13.txt,-0.2,35472,0,0,0,0
None,None,None,ECT,MK14.txt,-0.2,49875,0,0,0,0
None,None,None,ECT,MK15.txt,-0.2,34267,0,0,0,0
None,None,None,ECT,sfjs01.txt,-0.2,8103,0,0,0,0
None,None,None,ECT,sfjs02.txt,-0.2,10981,0,0,0,0
None,None,None,ECT,sfjs03.txt,-0.2,25167,0,0,0,0
None,None,None,ECT,sfjs04.txt,-0.2,33845,0,0,0,0
None,None,None,ECT,sfjs05.txt,-0.2,12520,0,0,0,0
None,None,None,ECT,sfjs06.txt,-0.2,31225,0,0,0,0
None,None,None,ECT,sfjs07.txt,-0.2,36075,0,0,0,0
None,None,None,ECT,sfjs08.txt,-0.2,30241,0,0,0,0
None,None,None,ECT,sfjs09.txt,-0.2,24555,0,0,0,0
None,None,None,ECT,sfjs10.txt,-0.2,65710,0,0,0,0
None,None,None,ECT,mfjs01.txt,-0.3,51238,0,0,0,0
None,None,None,ECT,mfjs02.txt,-0.3,51238,0,0,0,0
None,None,None,ECT,mfjs03.txt,-0.3,58840,0,0,0,0
None,None,None,ECT,mfjs04.txt,-0.3,60584,0,0,0,0
None,None,None,ECT,mfjs05.txt,-0.3,56756,0,0,0,0
None,None,None,ECT,mfjs06.txt,-0.3,81315,0,0,0,0
None,None,None,ECT,mfjs07.txt,-0.3,94677,0,0,0,0
None,None,None,ECT,mfjs08.txt,-0.3,97469,0,0,0,0
None,None,None,ECT,mfjs09.txt,-0.3,119597,0,0,0,0
None,None,None,ECT,mfjs10.txt,-0.3,120055,0,0,0,0
None,None,None,ECT,MK01.txt,-0.3,3463,0,0,0,0
None,None,None,ECT,MK02.txt,-0.3,3187,0,0,0,0
None,None,None,ECT,MK03.txt,-0.3,16086,0,0,0,0
None,None,None,ECT,MK04.txt,-0.3,5129,0,0,0,0
None,None,None,ECT,MK05.txt,-0.3,10344,0,0,0,0
None,None,None,ECT,MK06.txt,-0.3,4536,0,0,0,0
None,None,None,ECT,MK07.txt,-0.3,10835,0,0,0,0
None,None,None,ECT,MK08.txt,-0.3,29281,0,0,0,0
None,None,None,ECT,MK09.txt,-0.3,19852,0,0,0,0
None,None,None,ECT,MK10.txt,-0.3,18502,0,0,0,0
None,None,None,ECT,MK11.txt,-0.3,30306,0,0,0,0
None,None,None,ECT,MK12.txt,-0.3,28078,0,0,0,0
None,None,None,ECT,MK13.txt,-0.3,30311,0,0,0,0
None,None,None,ECT,MK14.txt,-0.3,37041,0,0,0,0
None,None,None,ECT,MK15.txt,-0.3,27044,0,0,0,0
None,None,None,ECT,sfjs01.txt,-0.3,7665,0,0,0,0
None,None,None,ECT,sfjs02.txt,-0.3,10196,0,0,0,0
None,None,None,ECT,sfjs03.txt,-0.3,23194,0,0,0,0
None,None,None,ECT,sfjs04.txt,-0.3,30891,0,0,0,0
None,None,None,ECT,sfjs05.txt,-0.3,11674,0,0,0,0
None,None,None,ECT,sfjs06.txt,-0.3,29240,0,0,0,0
None,None,None,ECT,sfjs07.txt,-0.3,34443,0,0,0,0
None,None,None,ECT,sfjs08.txt,-0.3,22446,0,0,0,0
None,None,None,ECT,sfjs09.txt,-0.3,22005,0,0,0,0
None,None,None,ECT,sfjs10.txt,-0.3,50546,0,0,0,0
