None,None,None,SPT,mfjs01.txt,-0.1,50598,0,0,0,0
None,None,None,SPT,mfjs02.txt,-0.1,49762,0,0,0,0
None,None,None,SPT,mfjs03.txt,-0.1,54170,0,0,0,0
None,None,None,SPT,mfjs04.txt,-0.1,70149,0,0,0,0
None,None,None,SPT,mfjs05.txt,-0.1,59647,0,0,0,0
None,None,None,SPT,mfjs06.txt,-0.1,92597,0,0,0,0
None,None,None,SPT,mfjs07.txt,-0.1,116032,0,0,0,0
None,None,None,SPT,mfjs08.txt,-0.1,124206,0,0,0,0
None,None,None,SPT,mfjs09.txt,-0.1,138412,0,0,0,0
None,None,None,SPT,mfjs10.txt,-0.1,153259,0,0,0,0
None,None,None,SPT,MK01.txt,-0.1,4196,0,0,0,0
None,None,None,SPT,MK02.txt,-0.1,4561,0,0,0,0
None,None,None,SPT,MK03.txt,-0.1,21729,0,0,0,0
None,None,None,SPT,MK04.txt,-0.1,6626,0,0,0,0
None,None,None,SPT,MK05.txt,-0.1,15655,0,0,0,0
None,None,None,SPT,MK06.txt,-0.1,7716,0,0,0,0
None,None,None,SPT,MK07.txt,-0.1,17096,0,0,0,0
None,None,None,SPT,MK08.txt,-0.1,45733,0,0,0,0
None,None,None,SPT,MK09.txt,-0.1,31524,0,0,0,0
None,None,None,SPT,MK10.txt,-0.1,25960,0,0,0,0
None,None,None,SPT,MK11.txt,-0.1,55113,0,0,0,0
None,None,None,SPT,MK12.txt,-0.1,45598,0,0,0,0
None,None,None,SPT,MK13.txt,-0.1,42341,0,0,0,0
None,None,None,SPT,MK14.txt,-0.1,62430,0,0,0,0
None,None,None,SPT,MK15.txt,-0.1,38487,0,0,0,0
None,None,None,SPT,sfjs01.txt,-0.1,8382,0,0,0,0
None,None,None,SPT,sfjs02.txt,-0.1,11846,0,0,0,0
None,None,None,SPT,sfjs03.txt,-0.1,28059,0,0,0,0
None,None,None,SPT,sfjs04.txt,-0.1,48938,0,0,0,0
None,None,None,SPT,sfjs05.txt,-0.1,13413,0,0,0,0
None,None,None,SPT,sfjs06.txt,-0.1,33244,0,0,0,0
None,None,None,SPT,sfjs07.txt,-0.1,37824,0,0,0,0
None,None,None,SPT,sfjs08.txt,-0.1,25655,0,0,0,0
None,None,None,SPT,sfjs09.txt,-0.1,20595,0,0,0,0
None,None,None,SPT,sfjs10.txt,-0.1,54495,0,0,0,0
None,None,None,SPT,mfjs01.txt,-0.2,48420,0,0,0,0
None,None,None,SPT,mfjs02.txt,-0.2,48888,0,0,0,0
None,None,None,SPT,mfjs03.txt,-0.2,51048,0,0,0,0
None,None,None,SPT,mfjs04.txt,-0.2,63603,0,0,0,0
None,None,None,SPT,mfjs05.txt,-0.2,57732,0,0,0,0
None,None,None,SPT,mfjs06.txt,-0.2,80944,0,0,0,0
None,None,None,SPT,mfjs07.txt,-0.2,105265,0,0,0,0
None,None,None,SPT,mfjs08.txt,-0.2,105827,0,0,0,0
None,None,None,SPT,mfjs09.txt,-0.2,120633,0,0,0,0
None,None,None,SPT,mfjs10.txt,-0.2,136344,0,0,0,0
None,None,None,SPT,MK01.txt,-0.2,3267,0,0,0,0
None,None,None,SPT,MK02.txt,-0.2,3567,0,0,0,0
None,None,None,SPT,MK03.txt,-0.2,18583,0,0,0,0
None,None,None,SPT,MK04.txt,-0.2,5671,0,0,0,0
None,None,None,SPT,MK05.txt,-0.2,12953,0,0,0,0
None,None,None,SPT,MK06.txt,-0.2,5759,0,0,0,0
None,None,None,SPT,MK07.txt,-0.2,12999,0,0,0,0
None,None,None,SPT,MK08.txt,-0.2,35619,0,0,0,0
None,None,None,SPT,MK09.txt,-0.2,24783,0,0,0,0
None,None,None,SPT,MK10.txt,-0.2,21771,0,0,0,0
None,None,None,SPT,MK11.txt,-0.2,41917,0,0,0,0
None,None,None,SPT,MK12.txt,-0.2,36901,0,0,0,0
None,None,None,SPT,MK13.txt,-0.2,33267,0,0,0,0
None,None,None,SPT,MK14.txt,-0.2,45997,0,0,0,0
None,None,None,SPT,MK15.txt,-0.2,30921,0,0,0,0
None,None,None,SPT,sfjs01.txt,-0.2,8186,0,0,0,0
None,None,None,SPT,sfjs02.txt,-0.2,10981,0,0,0,0
None,None,None,SPT,sfjs03.txt,-0.2,25944,0,0,0,0
None,None,None,SPT,sfjs04.txt,-0.2,45225,0,0,0,0
None,None,None,SPT,sfjs05.txt,-0.2,12520,0,0,0,0
None,None,None,SPT,sfjs06.txt,-0.2,30821,0,0,0,0
None,None,None,SPT,sfjs07.txt,-0.2,36075,0,0,0,0
None,None,None,SPT,sfjs08.txt,-0.2,23570,0,0,0,0
None,None,None,SPT,sfjs09.txt,-0.2,19319,0,0,0,0
None,None,None,SPT,sfjs10.txt,-0.2,53558,0,0,0,0
None,None,None,SPT,mfjs01.txt,-0.3,48154,0,0,0,0
None,None,None,SPT,mfjs02.txt,-0.3,45436,0,0,0,0
None,None,None,SPT,mfjs03.txt,-0.3,52570,0,0,0,0
None,None,None,SPT,mfjs04.txt,-0.3,57769,0,0,0,0
None,None,None,SPT,mfjs05.txt,-0.3,53813,0,0,0,0
None,None,None,SPT,mfjs06.txt,-0.3,73257,0,0,0,0
None,None,None,SPT,mfjs07.txt,-0.3,89569,0,0,0,0
None,None,None,SPT,mfjs08.txt,-0.3,97005,0,0,0,0
None,None,None,SPT,mfjs09.txt,-0.3,107558,0,0,0,0
None,None,None,SPT,mfjs10.txt,-0.3,105965,0,0,0,0
None,None,None,SPT,MK01.txt,-0.3,2862,0,0,0,0
None,None,None,SPT,MK02.txt,-0.3,3003,0,0,0,0
None,None,None,SPT,MK03.txt,-0.3,14337,0,0,0,0
None,None,None,SPT,MK04.txt,-0.3,4889,0,0,0,0
None,None,None,SPT,MK05.txt,-0.3,10189,0,0,0,0
None,None,None,SPT,MK06.txt,-0.3,4747,0,0,0,0
None,None,None,SPT,MK07.txt,-0.3,10146,0,0,0,0
None,None,None,SPT,MK08.txt,-0.3,27565,0,0,0,0
None,None,None,SPT,MK09.txt,-0.3,20608,0,0,0,0
None,None,None,SPT,MK10.txt,-0.3,16951,0,0,0,0
None,None,None,SPT,MK11.txt,-0.3,30338,0,0,0,0
None,None,None,SPT,MK12.txt,-0.3,28770,0,0,0,0
None,None,None,SPT,MK13.txt,-0.3,26753,0,0,0,0
None,None,None,SPT,MK14.txt,-0.3,36132,0,0,0,0
None,None,None,SPT,sfjs01.txt,-0.3,8010,0,0,0,0
None,None,None,SPT,MK15.txt,-0.3,25236,0,0,0,0
None,None,None,SPT,sfjs02.txt,-0.3,10196,0,0,0,0
None,None,None,SPT,sfjs03.txt,-0.3,24032,0,0,0,0
None,None,None,SPT,sfjs04.txt,-0.3,41911,0,0,0,0
None,None,None,SPT,sfjs05.txt,-0.3,11711,0,0,0,0
None,None,None,SPT,sfjs06.txt,-0.3,29938,0,0,0,0
None,None,None,SPT,sfjs07.txt,-0.3,34443,0,0,0,0
None,None,None,SPT,sfjs08.txt,-0.3,21715,0,0,0,0
None,None,None,SPT,sfjs09.txt,-0.3,18159,0,0,0,0
None,None,None,SPT,sfjs10.txt,-0.3,52684,0,0,0,0
