None,Reduced,Best,Best,mfjs01.txt,-0.1,48443,0,0
None,Reduced,Best,Best,mfjs02.txt,-0.1,47161,0,0
None,Reduced,Best,Best,mfjs03.txt,-0.1,50598,0,0
None,Reduced,Best,Best,mfjs04.txt,-0.1,57160,0,0
None,Reduced,Best,Best,mfjs05.txt,-0.1,57993,0.002,0.001
None,Reduced,Best,Best,mfjs06.txt,-0.1,85902,0.001,0
None,Reduced,Best,Best,mfjs07.txt,-0.1,101831,0.007,0.005
None,Reduced,Best,Best,mfjs08.txt,-0.1,93324,0.019,0.018
None,Reduced,Best,Best,mfjs09.txt,-0.1,126503,0.017,0.017
None,Reduced,Best,Best,MK01.txt,-0.1,3714,0.009,0.007
None,Reduced,Best,Best,mfjs10.txt,-0.1,132898,0.019,0.018
None,Reduced,Best,Best,MK02.txt,-0.1,3394,0.029,0.026
None,Reduced,Best,Best,MK03.txt,-0.1,18769,0.124,0.114
None,Reduced,Best,Best,MK04.txt,-0.1,6234,0.013,0.01
None,Reduced,Best,Best,MK07.txt,-0.1,13391,0.069,0.059
None,Reduced,Best,Best,MK05.txt,-0.1,14236,0.098,0.09
None,Reduced,Best,Best,MK06.txt,-0.1,6469,0.109,0.1
None,Reduced,Best,Best,MK08.txt,-0.1,41965,0.144,0.131
None,Reduced,Best,Best,MK09.txt,-0.1,30473,0.552,0.52
None,Reduced,Best,Best,MK10.txt,-0.1,24331,0.661,0.619
None,Reduced,Best,Best,sfjs01.txt,-0.1,8382,0,0
None,Reduced,Best,Best,sfjs02.txt,-0.1,10271,0,0
None,Reduced,Best,Best,MK12.txt,-0.1,41782,0.293,0.279
None,Reduced,Best,Best,MK11.txt,-0.1,48391,0.385,0.368
None,Reduced,Best,Best,MK14.txt,-0.1,57637,0.652,0.619
None,Reduced,Best,Best,MK13.txt,-0.1,39179,0.858,0.819
None,Reduced,Best,Best,MK15.txt,-0.1,33706,2.88,2.801
None,Reduced,Best,Best,sfjs03.txt,-0.1,20623,0,0
None,Reduced,Best,Best,sfjs04.txt,-0.1,37292,0,0
None,Reduced,Best,Best,sfjs05.txt,-0.1,12107,0,0
None,Reduced,Best,Best,sfjs06.txt,-0.1,31835,0,0
None,Reduced,Best,Best,sfjs07.txt,-0.1,37824,0,0
None,Reduced,Best,Best,sfjs08.txt,-0.1,25655,0,0
None,Reduced,Best,Best,sfjs09.txt,-0.1,20595,0,0
None,Reduced,Best,Best,sfjs10.txt,-0.1,49368,0,0
None,Reduced,Best,Best,mfjs01.txt,-0.2,47026,0,0
None,Reduced,Best,Best,mfjs02.txt,-0.2,43536,0,0
None,Reduced,Best,Best,mfjs03.txt,-0.2,48420,0,0
None,Reduced,Best,Best,mfjs04.txt,-0.2,56067,0,0
None,Reduced,Best,Best,mfjs05.txt,-0.2,50618,0,0
None,Reduced,Best,Best,mfjs06.txt,-0.2,72760,0,0
None,Reduced,Best,Best,mfjs07.txt,-0.2,95482,0,0
None,Reduced,Best,Best,mfjs08.txt,-0.2,94882,0.001,0
None,Reduced,Best,Best,MK01.txt,-0.2,3201,0.003,0.001
None,Reduced,Best,Best,mfjs09.txt,-0.2,113000,0.006,0.005
None,Reduced,Best,Best,mfjs10.txt,-0.2,112909,0.011,0.01
None,Reduced,Best,Best,MK02.txt,-0.2,2667,0.034,0.031
None,Reduced,Best,Best,MK03.txt,-0.2,16380,0.157,0.141
None,Reduced,Best,Best,MK06.txt,-0.2,4964,0.026,0.013
None,Reduced,Best,Best,MK05.txt,-0.2,12033,0.036,0.029
None,Reduced,Best,Best,MK04.txt,-0.2,5169,0.047,0.042
None,Reduced,Best,Best,MK07.txt,-0.2,10712,0.126,0.115
None,Reduced,Best,Best,MK08.txt,-0.2,32242,0.209,0.194
None,Reduced,Best,Best,MK09.txt,-0.2,23867,1.079,1.036
None,Reduced,Best,Best,MK10.txt,-0.2,18640,1.081,1.033
None,Reduced,Best,Best,sfjs01.txt,-0.2,6328,0,0
None,Reduced,Best,Best,sfjs02.txt,-0.2,9872,0,0
None,Reduced,Best,Best,MK11.txt,-0.2,37330,0.137,0.121
None,Reduced,Best,Best,MK12.txt,-0.2,33877,0.367,0.345
None,Reduced,Best,Best,MK14.txt,-0.2,42535,0.45,0.412
None,Reduced,Best,Best,MK13.txt,-0.2,30546,1.784,1.732
None,Reduced,Best,Best,MK15.txt,-0.2,28676,2.323,2.26
None,Reduced,Best,Best,sfjs03.txt,-0.2,19281,0,0
None,Reduced,Best,Best,sfjs04.txt,-0.2,32472,0,0
None,Reduced,Best,Best,sfjs05.txt,-0.2,11209,0,0
None,Reduced,Best,Best,sfjs06.txt,-0.2,30821,0,0
None,Reduced,Best,Best,sfjs07.txt,-0.2,36075,0,0
None,Reduced,Best,Best,sfjs08.txt,-0.2,23570,0,0
None,Reduced,Best,Best,sfjs09.txt,-0.2,19319,0,0
None,Reduced,Best,Best,sfjs10.txt,-0.2,47323,0,0
None,Reduced,Best,Best,mfjs01.txt,-0.3,45413,0,0
None,Reduced,Best,Best,mfjs02.txt,-0.3,45436,0,0
None,Reduced,Best,Best,mfjs03.txt,-0.3,47097,0,0
None,Reduced,Best,Best,mfjs04.txt,-0.3,47060,0,0
None,Reduced,Best,Best,mfjs05.txt,-0.3,47442,0,0
None,Reduced,Best,Best,mfjs06.txt,-0.3,61746,0.001,0.001
None,Reduced,Best,Best,mfjs07.txt,-0.3,82943,0.002,0.001
None,Reduced,Best,Best,mfjs08.txt,-0.3,86847,0.002,0.002
None,Reduced,Best,Best,mfjs09.txt,-0.3,98888,0.005,0.004
None,Reduced,Best,Best,mfjs10.txt,-0.3,104837,0.004,0.002
None,Reduced,Best,Best,MK01.txt,-0.3,2743,0.006,0.005
None,Reduced,Best,Best,MK02.txt,-0.3,2467,0.024,0.021
None,Reduced,Best,Best,MK03.txt,-0.3,12939,0.103,0.091
None,Reduced,Best,Best,MK04.txt,-0.3,4609,0.017,0.013
None,Reduced,Best,Best,MK05.txt,-0.3,9792,0.031,0.025
None,Reduced,Best,Best,MK07.txt,-0.3,8710,0.095,0.082
None,Reduced,Best,Best,MK06.txt,-0.3,4290,0.099,0.09
None,Reduced,Best,Best,MK08.txt,-0.3,24413,0.299,0.285
None,Reduced,Best,Best,MK10.txt,-0.3,15778,0.314,0.271
None,Reduced,Best,Best,MK09.txt,-0.3,19665,0.328,0.293
None,Reduced,Best,Best,sfjs01.txt,-0.3,6206,0,0
None,Reduced,Best,Best,sfjs02.txt,-0.3,9498,0,0
None,Reduced,Best,Best,MK11.txt,-0.3,29550,0.163,0.143
None,Reduced,Best,Best,MK12.txt,-0.3,26803,0.357,0.34
None,Reduced,Best,Best,MK14.txt,-0.3,32221,0.691,0.66
None,Reduced,Best,Best,MK15.txt,-0.3,23945,1.098,1.047
None,Reduced,Best,Best,MK13.txt,-0.3,24845,1.415,1.355
None,Reduced,Best,Best,sfjs03.txt,-0.3,18062,0,0
None,Reduced,Best,Best,sfjs04.txt,-0.3,30648,0,0
None,Reduced,Best,Best,sfjs05.txt,-0.3,10288,0,0
None,Reduced,Best,Best,sfjs06.txt,-0.3,26281,0,0
None,Reduced,Best,Best,sfjs07.txt,-0.3,34443,0,0
None,Reduced,Best,Best,sfjs08.txt,-0.3,21715,0,0
None,Reduced,Best,Best,sfjs09.txt,-0.3,18159,0,0
None,Reduced,Best,Best,sfjs10.txt,-0.3,45450,0,0
