TS,Reduced,Best,Best,0,14,mfjs01.txt, -0.1, 45306, 300,0.007
TS,Reduced,Best,Best,0,14,mfjs02.txt, -0.1, 42986, 300,0.165
TS,Reduced,Best,Best,0,14,mfjs03.txt, -0.1, 45331, 300,0.119
TS,Reduced,Best,Best,0,14,mfjs04.txt, -0.1, 52012, 300,36.341
TS,Reduced,Best,Best,0,14,mfjs05.txt, -0.1, 47630, 300,0.215
TS,Reduced,Best,Best,0,14,mfjs06.txt, -0.1, 59523, 300,212.426
TS,Reduced,Best,Best,0,14,mfjs07.txt, -0.1, 81783, 300,180.238
TS,Reduced,Best,Best,0,14,mfjs08.txt, -0.1, 83284, 300,182.916
TS,Reduced,Best,Best,0,14,mfjs09.txt, -0.1, 101498, 300,126.106
TS,Reduced,Best,Best,0,14,mfjs10.txt, -0.1, 113263, 300,140.507
TS,Reduced,Best,Best,0,14,MK01.txt, -0.1, 3602, 300,2.996
TS,Reduced,Best,Best,0,14,MK02.txt, -0.1, 2372, 300.001,82.842
TS,Reduced,Best,Best,0,14,MK04.txt, -0.1, 5645, 300.001,31.138
TS,Reduced,Best,Best,0,14,MK03.txt, -0.1, 17316, 300.003,7.93
TS,Reduced,Best,Best,0,14,MK05.txt, -0.1, 14156, 300.005,1.19
TS,Reduced,Best,Best,0,14,MK07.txt, -0.1, 11864, 300.004,43.323
TS,Reduced,Best,Best,0,14,MK11.txt, -0.1, 48264, 300.002,5.452
TS,Reduced,Best,Best,0,14,MK09.txt, -0.1, 28443, 300.005,115.198
TS,Reduced,Best,Best,0,14,MK06.txt, -0.1, 5169, 300.008,104.527
TS,Reduced,Best,Best,0,14,MK08.txt, -0.1, 39466, 300.014,8.912
TS,Reduced,Best,Best,0,14,MK10.txt, -0.1, 18744, 300.022,279.107
TS,Reduced,Best,Best,0,14,sfjs01.txt, -0.1, 6459, 300,0
TS,Reduced,Best,Best,0,14,MK12.txt, -0.1, 42216, 300.004,2.728
TS,Reduced,Best,Best,0,14,sfjs02.txt, -0.1, 10271, 300,0
TS,Reduced,Best,Best,0,14,sfjs03.txt, -0.1, 20623, 300,0
TS,Reduced,Best,Best,0,14,sfjs04.txt, -0.1, 34483, 300,0
TS,Reduced,Best,Best,0,14,sfjs05.txt, -0.1, 11006, 300,0
TS,Reduced,Best,Best,0,14,sfjs06.txt, -0.1, 29926, 300,0
TS,Reduced,Best,Best,0,14,sfjs07.txt, -0.1, 37824, 300,0
TS,Reduced,Best,Best,0,14,MK14.txt, -0.1, 56622, 300.031,15.497
TS,Reduced,Best,Best,0,14,MK13.txt, -0.1, 33027, 300.036,267.891
TS,Reduced,Best,Best,0,14,MK15.txt, -0.1, 28963, 300.035,173.34
TS,Reduced,Best,Best,0,14,sfjs08.txt, -0.1, 23842, 300,0
TS,Reduced,Best,Best,0,14,sfjs09.txt, -0.1, 19406, 300,0
TS,Reduced,Best,Best,0,14,sfjs10.txt, -0.1, 49368, 300,0
TS,Reduced,Best,Best,0,14,mfjs01.txt, -0.2, 43208, 300,0.185
TS,Reduced,Best,Best,0,14,mfjs02.txt, -0.2, 41273, 300,0.075
TS,Reduced,Best,Best,0,14,mfjs03.txt, -0.2, 43412, 300,0.264
TS,Reduced,Best,Best,0,14,mfjs04.txt, -0.2, 47717, 300,6.559
TS,Reduced,Best,Best,0,14,mfjs05.txt, -0.2, 45670, 300,0.183
TS,Reduced,Best,Best,0,14,mfjs06.txt, -0.2, 57093, 300,0.025
TS,Reduced,Best,Best,0,14,mfjs07.txt, -0.2, 74786, 300,18.632
TS,Reduced,Best,Best,0,14,mfjs08.txt, -0.2, 77210, 300,173.306
TS,Reduced,Best,Best,0,14,mfjs10.txt, -0.2, 101955, 300,283.218
TS,Reduced,Best,Best,0,14,mfjs09.txt, -0.2, 92594, 300,119.541
TS,Reduced,Best,Best,0,14,MK01.txt, -0.2, 3084, 300.001,5.219
TS,Reduced,Best,Best,0,14,MK02.txt, -0.2, 2122, 300,15.552
TS,Reduced,Best,Best,0,14,MK04.txt, -0.2, 4853, 300,53.227
TS,Reduced,Best,Best,0,14,MK05.txt, -0.2, 11240, 300.001,0.973
TS,Reduced,Best,Best,0,14,MK03.txt, -0.2, 14781, 300.006,9.579
TS,Reduced,Best,Best,0,14,MK07.txt, -0.2, 9574, 300.008,55.784
TS,Reduced,Best,Best,0,14,MK08.txt, -0.2, 31326, 300.008,6.202
TS,Reduced,Best,Best,0,14,MK06.txt, -0.2, 4434, 300.01,252.406
TS,Reduced,Best,Best,0,14,MK09.txt, -0.2, 21426, 300.015,285.195
TS,Reduced,Best,Best,0,14,sfjs01.txt, -0.2, 6328, 300,0
TS,Reduced,Best,Best,0,14,MK12.txt, -0.2, 33281, 300.005,4.459
TS,Reduced,Best,Best,0,14,sfjs02.txt, -0.2, 9872, 300,0
TS,Reduced,Best,Best,0,14,sfjs03.txt, -0.2, 19281, 300,0
TS,Reduced,Best,Best,0,14,sfjs04.txt, -0.2, 32472, 300,0
TS,Reduced,Best,Best,0,14,MK13.txt, -0.2, 26396, 300.007,296.319
TS,Reduced,Best,Best,0,14,sfjs05.txt, -0.2, 10198, 300,0
TS,Reduced,Best,Best,0,14,MK11.txt, -0.2, 35891, 300.013,5.023
TS,Reduced,Best,Best,0,14,MK10.txt, -0.2, 14629, 300.014,176.411
TS,Reduced,Best,Best,0,14,MK15.txt, -0.2, 23848, 300.01,283.109
TS,Reduced,Best,Best,0,14,MK14.txt, -0.2, 43107, 300.022,21.027
TS,Reduced,Best,Best,0,14,sfjs06.txt, -0.2, 30821, 300,0
TS,Reduced,Best,Best,0,14,sfjs07.txt, -0.2, 36075, 300,0
TS,Reduced,Best,Best,0,14,sfjs08.txt, -0.2, 22515, 300,0
TS,Reduced,Best,Best,0,14,sfjs09.txt, -0.2, 17552, 300,0
TS,Reduced,Best,Best,0,14,sfjs10.txt, -0.2, 47323, 300,0
TS,Reduced,Best,Best,0,14,mfjs01.txt, -0.3, 41785, 300,0.008
TS,Reduced,Best,Best,0,14,mfjs02.txt, -0.3, 38996, 300,0.069
TS,Reduced,Best,Best,0,14,mfjs03.txt, -0.3, 41318, 300,0.928
TS,Reduced,Best,Best,0,14,mfjs04.txt, -0.3, 44869, 300,9.477
TS,Reduced,Best,Best,0,14,mfjs05.txt, -0.3, 44376, 300,0.173
TS,Reduced,Best,Best,0,14,mfjs06.txt, -0.3, 53760, 300,7.964
TS,Reduced,Best,Best,0,14,mfjs07.txt, -0.3, 69618, 300,125.51
TS,Reduced,Best,Best,0,14,mfjs08.txt, -0.3, 70999, 300,119.223
TS,Reduced,Best,Best,0,14,mfjs09.txt, -0.3, 84464, 300,142.376
TS,Reduced,Best,Best,0,14,mfjs10.txt, -0.3, 90961, 300,167.482
TS,Reduced,Best,Best,0,14,MK01.txt, -0.3, 2717, 300,11.285
TS,Reduced,Best,Best,0,14,MK02.txt, -0.3, 1920, 300.002,15.819
TS,Reduced,Best,Best,0,14,MK04.txt, -0.3, 4083, 300.003,6.535
TS,Reduced,Best,Best,0,14,MK05.txt, -0.3, 8835, 300.002,104.702
TS,Reduced,Best,Best,0,14,MK07.txt, -0.3, 7915, 300.001,56.603
TS,Reduced,Best,Best,0,14,MK06.txt, -0.3, 3928, 300.005,46.028
TS,Reduced,Best,Best,0,14,MK03.txt, -0.3, 12439, 300.008,22.266
TS,Reduced,Best,Best,0,14,MK12.txt, -0.3, 25853, 300.001,5.119
TS,Reduced,Best,Best,0,14,MK13.txt, -0.3, 21748, 300.002,293.518
TS,Reduced,Best,Best,0,14,sfjs01.txt, -0.3, 6206, 300,0
TS,Reduced,Best,Best,0,14,MK11.txt, -0.3, 28313, 300.006,1.957
TS,Reduced,Best,Best,0,14,sfjs02.txt, -0.3, 9498, 300,0
TS,Reduced,Best,Best,0,14,sfjs03.txt, -0.3, 18062, 300,0
TS,Reduced,Best,Best,0,14,MK09.txt, -0.3, 18389, 300.011,162.067
TS,Reduced,Best,Best,0,14,MK08.txt, -0.3, 24111, 300.014,5.684
TS,Reduced,Best,Best,0,14,MK10.txt, -0.3, 12350, 300.026,228.795
TS,Reduced,Best,Best,0,14,MK14.txt, -0.3, 32325, 300.021,23.868
TS,Reduced,Best,Best,0,14,MK15.txt, -0.3, 20565, 300.042,272.701
TS,Reduced,Best,Best,0,14,sfjs06.txt, -0.3, 26281, 300,0
TS,Reduced,Best,Best,0,14,sfjs07.txt, -0.3, 34443, 300,0
TS,Reduced,Best,Best,0,14,sfjs04.txt, -0.3, 30648, 300.002,0
TS,Reduced,Best,Best,0,14,sfjs08.txt, -0.3, 21309, 300,0
TS,Reduced,Best,Best,0,14,sfjs09.txt, -0.3, 15973, 300,0
TS,Reduced,Best,Best,0,14,sfjs05.txt, -0.3, 9465, 300.005,0
TS,Reduced,Best,Best,0,14,sfjs10.txt, -0.3, 45450, 300,0
