TS,Reduced,Best,Best,0,9,mfjs01.txt, -0.1, 46264, 300,0
TS,Reduced,Best,Best,0,9,mfjs02.txt, -0.1, 42986, 300,0.008
TS,Reduced,Best,Best,0,9,mfjs03.txt, -0.1, 45331, 300,0.008
TS,Reduced,Best,Best,0,9,mfjs04.txt, -0.1, 52012, 300,0.302
TS,Reduced,Best,Best,0,9,mfjs05.txt, -0.1, 47630, 300,0.023
TS,Reduced,Best,Best,0,9,mfjs06.txt, -0.1, 59523, 300,1.407
TS,Reduced,Best,Best,0,9,mfjs08.txt, -0.1, 80305, 300,216.736
TS,Reduced,Best,Best,0,9,mfjs07.txt, -0.1, 80877, 300,14.616
TS,Reduced,Best,Best,0,9,mfjs09.txt, -0.1, 98028, 300,93.664
TS,Reduced,Best,Best,0,9,mfjs10.txt, -0.1, 110314, 300,165.433
TS,Reduced,Best,Best,0,9,MK01.txt, -0.1, 3529, 300,0.68
TS,Reduced,Best,Best,0,9,MK02.txt, -0.1, 2332, 300,17.241
TS,Reduced,Best,Best,0,9,MK03.txt, -0.1, 17316, 300,1.782
TS,Reduced,Best,Best,0,9,MK04.txt, -0.1, 5665, 300,0.79
TS,Reduced,Best,Best,0,9,MK05.txt, -0.1, 13657, 300,38.479
TS,Reduced,Best,Best,0,9,MK08.txt, -0.1, 39660, 300.002,1.293
TS,Reduced,Best,Best,0,9,MK07.txt, -0.1, 11488, 300.003,266.54
TS,Reduced,Best,Best,0,9,MK06.txt, -0.1, 5055, 300.004,287.609
TS,Reduced,Best,Best,0,9,MK09.txt, -0.1, 28421, 300.011,278.253
TS,Reduced,Best,Best,0,9,MK11.txt, -0.1, 46599, 300,44.05
TS,Reduced,Best,Best,0,9,MK12.txt, -0.1, 42093, 300.002,0.556
TS,Reduced,Best,Best,0,9,sfjs01.txt, -0.1, 6459, 300,0
TS,Reduced,Best,Best,0,9,sfjs02.txt, -0.1, 10271, 300,0
TS,Reduced,Best,Best,0,9,sfjs03.txt, -0.1, 20623, 300,0
TS,Reduced,Best,Best,0,9,sfjs04.txt, -0.1, 33429, 300,0
TS,Reduced,Best,Best,0,9,MK10.txt, -0.1, 16855, 300.012,255.051
TS,Reduced,Best,Best,0,9,MK13.txt, -0.1, 32349, 300.01,221.113
TS,Reduced,Best,Best,0,9,MK14.txt, -0.1, 56617, 300.014,6.213
TS,Reduced,Best,Best,0,9,MK15.txt, -0.1, 28313, 300.022,279.367
TS,Reduced,Best,Best,0,9,sfjs05.txt, -0.1, 11006, 300,0
TS,Reduced,Best,Best,0,9,sfjs06.txt, -0.1, 31835, 300,0
TS,Reduced,Best,Best,0,9,sfjs07.txt, -0.1, 37824, 300,0
TS,Reduced,Best,Best,0,9,sfjs08.txt, -0.1, 23842, 300,0
TS,Reduced,Best,Best,0,9,sfjs09.txt, -0.1, 19406, 300,0
TS,Reduced,Best,Best,0,9,sfjs10.txt, -0.1, 49368, 300,0
TS,Reduced,Best,Best,0,9,mfjs01.txt, -0.2, 43208, 300,0.014
TS,Reduced,Best,Best,0,9,mfjs02.txt, -0.2, 41273, 300,0.011
TS,Reduced,Best,Best,0,9,mfjs03.txt, -0.2, 43412, 300,0.045
TS,Reduced,Best,Best,0,9,mfjs04.txt, -0.2, 47717, 300,0.738
TS,Reduced,Best,Best,0,9,mfjs05.txt, -0.2, 45670, 300,0.183
TS,Reduced,Best,Best,0,9,mfjs06.txt, -0.2, 57093, 300,4.137
TS,Reduced,Best,Best,0,9,mfjs07.txt, -0.2, 73865, 300,0.598
TS,Reduced,Best,Best,0,9,mfjs08.txt, -0.2, 75880, 300,7.059
TS,Reduced,Best,Best,0,9,mfjs09.txt, -0.2, 89991, 300,137.378
TS,Reduced,Best,Best,0,9,mfjs10.txt, -0.2, 97780, 300,90.391
TS,Reduced,Best,Best,0,9,MK01.txt, -0.2, 3052, 300,8.721
TS,Reduced,Best,Best,0,9,MK02.txt, -0.2, 2118, 300,6.644
TS,Reduced,Best,Best,0,9,MK03.txt, -0.2, 14781, 300.001,2.682
TS,Reduced,Best,Best,0,9,MK04.txt, -0.2, 4738, 300,9.037
TS,Reduced,Best,Best,0,9,MK07.txt, -0.2, 9427, 300.001,21.446
TS,Reduced,Best,Best,0,9,MK08.txt, -0.2, 30962, 300,4.868
TS,Reduced,Best,Best,0,9,MK05.txt, -0.2, 10875, 300.006,61.393
TS,Reduced,Best,Best,0,9,MK06.txt, -0.2, 4958, 300.006,30.182
TS,Reduced,Best,Best,0,9,MK12.txt, -0.2, 32605, 300.001,2.073
TS,Reduced,Best,Best,0,9,MK11.txt, -0.2, 36093, 300.007,1.583
TS,Reduced,Best,Best,0,9,MK13.txt, -0.2, 25764, 300.008,197.915
TS,Reduced,Best,Best,0,9,MK09.txt, -0.2, 23186, 300.012,55.941
TS,Reduced,Best,Best,0,9,MK14.txt, -0.2, 41968, 300.012,7.493
TS,Reduced,Best,Best,0,9,MK10.txt, -0.2, 14079, 300.016,231.513
TS,Reduced,Best,Best,0,9,sfjs01.txt, -0.2, 6328, 300,0
TS,Reduced,Best,Best,0,9,sfjs02.txt, -0.2, 9872, 300,0
TS,Reduced,Best,Best,0,9,sfjs03.txt, -0.2, 19281, 300,0
TS,Reduced,Best,Best,0,9,MK15.txt, -0.2, 23472, 300.003,146.436
TS,Reduced,Best,Best,0,9,sfjs04.txt, -0.2, 32472, 300,0
TS,Reduced,Best,Best,0,9,sfjs05.txt, -0.2, 10198, 300,0
TS,Reduced,Best,Best,0,9,sfjs06.txt, -0.2, 28024, 300,0.001
TS,Reduced,Best,Best,0,9,sfjs07.txt, -0.2, 36075, 300,0
TS,Reduced,Best,Best,0,9,sfjs08.txt, -0.2, 22515, 300,0.001
TS,Reduced,Best,Best,0,9,sfjs09.txt, -0.2, 17552, 300,0
TS,Reduced,Best,Best,0,9,sfjs10.txt, -0.2, 47323, 300,0
TS,Reduced,Best,Best,0,9,mfjs01.txt, -0.3, 42562, 300,0
TS,Reduced,Best,Best,0,9,mfjs02.txt, -0.3, 38996, 300,0.001
TS,Reduced,Best,Best,0,9,mfjs03.txt, -0.3, 41318, 300,0.003
TS,Reduced,Best,Best,0,9,mfjs04.txt, -0.3, 46048, 300,0.034
TS,Reduced,Best,Best,0,9,mfjs05.txt, -0.3, 44376, 300,0.328
TS,Reduced,Best,Best,0,9,mfjs06.txt, -0.3, 53760, 300,0.393
TS,Reduced,Best,Best,0,9,mfjs07.txt, -0.3, 69086, 300,12.877
TS,Reduced,Best,Best,0,9,mfjs08.txt, -0.3, 69845, 300,12.973
TS,Reduced,Best,Best,0,9,mfjs09.txt, -0.3, 80983, 300,27.372
TS,Reduced,Best,Best,0,9,mfjs10.txt, -0.3, 89644, 300,41.985
TS,Reduced,Best,Best,0,9,MK01.txt, -0.3, 2669, 300,38.631
TS,Reduced,Best,Best,0,9,MK03.txt, -0.3, 12439, 300,11.016
TS,Reduced,Best,Best,0,9,MK04.txt, -0.3, 3917, 300.001,6.968
TS,Reduced,Best,Best,0,9,MK05.txt, -0.3, 8708, 300.001,56.115
TS,Reduced,Best,Best,0,9,MK02.txt, -0.3, 1920, 300.006,1.453
TS,Reduced,Best,Best,0,9,MK07.txt, -0.3, 7938, 300.002,19.538
TS,Reduced,Best,Best,0,9,MK06.txt, -0.3, 3866, 300.006,188.732
TS,Reduced,Best,Best,0,9,MK08.txt, -0.3, 23813, 300.005,12.179
TS,Reduced,Best,Best,0,9,MK09.txt, -0.3, 18955, 300.014,47.758
TS,Reduced,Best,Best,0,9,MK12.txt, -0.3, 25882, 300.001,2.387
TS,Reduced,Best,Best,0,9,sfjs01.txt, -0.3, 6206, 300,0
TS,Reduced,Best,Best,0,9,sfjs02.txt, -0.3, 9498, 300,0
TS,Reduced,Best,Best,0,9,sfjs03.txt, -0.3, 18062, 300,0
TS,Reduced,Best,Best,0,9,sfjs04.txt, -0.3, 30648, 300,0
TS,Reduced,Best,Best,0,9,MK13.txt, -0.3, 21020, 300.009,133.811
TS,Reduced,Best,Best,0,9,MK11.txt, -0.3, 27692, 300.015,81.588
TS,Reduced,Best,Best,0,9,MK10.txt, -0.3, 11828, 300.019,297.772
TS,Reduced,Best,Best,0,9,MK15.txt, -0.3, 20477, 300.018,266.854
TS,Reduced,Best,Best,0,9,MK14.txt, -0.3, 31674, 300.024,131.729
TS,Reduced,Best,Best,0,9,sfjs05.txt, -0.3, 9465, 300,0
TS,Reduced,Best,Best,0,9,sfjs06.txt, -0.3, 26281, 300,0
TS,Reduced,Best,Best,0,9,sfjs08.txt, -0.3, 21715, 300,0
TS,Reduced,Best,Best,0,9,sfjs07.txt, -0.3, 34443, 300.001,0
TS,Reduced,Best,Best,0,9,sfjs09.txt, -0.3, 15973, 300,0
TS,Reduced,Best,Best,0,9,sfjs10.txt, -0.3, 45450, 300,0
