ILS,Reduced,Best,Best,1,1,3,mfjs01.txt, -0.1, 45306, 300,0.005
ILS,Reduced,Best,Best,1,1,3,mfjs02.txt, -0.1, 42986, 300,0.006
ILS,Reduced,Best,Best,1,1,3,mfjs03.txt, -0.1, 45331, 300,0.035
ILS,Reduced,Best,Best,1,1,3,mfjs04.txt, -0.1, 52012, 300,1.415
ILS,Reduced,Best,Best,1,1,3,mfjs05.txt, -0.1, 47630, 300,0.007
ILS,Reduced,Best,Best,1,1,3,mfjs06.txt, -0.1, 59523, 300,0.907
ILS,Reduced,Best,Best,1,1,3,mfjs07.txt, -0.1, 80877, 300,113.764
ILS,Reduced,Best,Best,1,1,3,mfjs08.txt, -0.1, 80305, 300,38.351
ILS,Reduced,Best,Best,1,1,3,mfjs09.txt, -0.1, 96236, 300,112.295
ILS,Reduced,Best,Best,1,1,3,MK01.txt, -0.1, 3507, 300,124.757
ILS,Reduced,Best,Best,1,1,3,mfjs10.txt, -0.1, 108804, 300.002,141.248
ILS,Reduced,Best,Best,1,1,3,MK02.txt, -0.1, 2347, 300.002,205.455
ILS,Reduced,Best,Best,1,1,3,MK04.txt, -0.1, 5173, 300.002,123.767
ILS,Reduced,Best,Best,1,1,3,MK05.txt, -0.1, 13747, 300.005,280.083
ILS,Reduced,Best,Best,1,1,3,MK03.txt, -0.1, 17316, 300.01,0.932
ILS,Reduced,Best,Best,1,1,3,MK06.txt, -0.1, 5075, 300.004,295.899
ILS,Reduced,Best,Best,1,1,3,MK07.txt, -0.1, 11556, 300.003,22.381
ILS,Reduced,Best,Best,1,1,3,MK08.txt, -0.1, 39020, 300.008,40.252
ILS,Reduced,Best,Best,1,1,3,MK09.txt, -0.1, 24958, 300.04,122.818
ILS,Reduced,Best,Best,1,1,3,MK10.txt, -0.1, 16802, 300.004,218.452
ILS,Reduced,Best,Best,1,1,3,MK12.txt, -0.1, 39878, 300.006,28.395
ILS,Reduced,Best,Best,1,1,3,MK11.txt, -0.1, 47073, 300.014,46.517
ILS,Reduced,Best,Best,1,1,3,MK13.txt, -0.1, 32410, 300.104,234.607
ILS,Reduced,Best,Best,1,1,3,sfjs01.txt, -0.1, 6459, 300,0
ILS,Reduced,Best,Best,1,1,3,sfjs02.txt, -0.1, 10271, 300,0
ILS,Reduced,Best,Best,1,1,3,MK14.txt, -0.1, 52358, 300.022,276.58
ILS,Reduced,Best,Best,1,1,3,MK15.txt, -0.1, 28430, 300.042,166.825
ILS,Reduced,Best,Best,1,1,3,sfjs03.txt, -0.1, 20623, 300,0
ILS,Reduced,Best,Best,1,1,3,sfjs04.txt, -0.1, 33429, 300,0
ILS,Reduced,Best,Best,1,1,3,sfjs05.txt, -0.1, 11006, 300,0
ILS,Reduced,Best,Best,1,1,3,sfjs06.txt, -0.1, 29926, 300,0
ILS,Reduced,Best,Best,1,1,3,sfjs07.txt, -0.1, 37824, 300,0
ILS,Reduced,Best,Best,1,1,3,sfjs08.txt, -0.1, 23842, 300,0.002
ILS,Reduced,Best,Best,1,1,3,sfjs09.txt, -0.1, 19406, 300,0
ILS,Reduced,Best,Best,1,1,3,sfjs10.txt, -0.1, 49368, 300,0
ILS,Reduced,Best,Best,1,1,3,mfjs01.txt, -0.2, 43208, 300,0.003
ILS,Reduced,Best,Best,1,1,3,mfjs02.txt, -0.2, 41273, 300,0.036
ILS,Reduced,Best,Best,1,1,3,mfjs03.txt, -0.2, 43412, 300,0.023
ILS,Reduced,Best,Best,1,1,3,mfjs04.txt, -0.2, 47717, 300,0.349
ILS,Reduced,Best,Best,1,1,3,mfjs05.txt, -0.2, 45670, 300,0.01
ILS,Reduced,Best,Best,1,1,3,mfjs06.txt, -0.2, 56743, 300,0.916
ILS,Reduced,Best,Best,1,1,3,mfjs07.txt, -0.2, 73865, 300,21.94
ILS,Reduced,Best,Best,1,1,3,mfjs08.txt, -0.2, 74561, 300,168.557
ILS,Reduced,Best,Best,1,1,3,mfjs09.txt, -0.2, 88800, 300,188.584
ILS,Reduced,Best,Best,1,1,3,mfjs10.txt, -0.2, 97972, 300,149.7
ILS,Reduced,Best,Best,1,1,3,MK01.txt, -0.2, 3041, 300,118.506
ILS,Reduced,Best,Best,1,1,3,MK02.txt, -0.2, 2118, 300.001,0.547
ILS,Reduced,Best,Best,1,1,3,MK03.txt, -0.2, 14781, 300,0.233
ILS,Reduced,Best,Best,1,1,3,MK04.txt, -0.2, 4483, 300.001,132.57
ILS,Reduced,Best,Best,1,1,3,MK05.txt, -0.2, 10926, 300.007,31.984
ILS,Reduced,Best,Best,1,1,3,MK06.txt, -0.2, 4272, 300.008,180.497
ILS,Reduced,Best,Best,1,1,3,MK07.txt, -0.2, 9427, 300.001,143.789
ILS,Reduced,Best,Best,1,1,3,MK09.txt, -0.2, 20385, 300.003,40.379
ILS,Reduced,Best,Best,1,1,3,MK08.txt, -0.2, 29762, 300.01,87.367
ILS,Reduced,Best,Best,1,1,3,MK10.txt, -0.2, 13718, 300.135,204.978
ILS,Reduced,Best,Best,1,1,3,MK12.txt, -0.2, 31522, 300.001,274.833
ILS,Reduced,Best,Best,1,1,3,MK11.txt, -0.2, 35760, 300.022,16.716
ILS,Reduced,Best,Best,1,1,3,MK14.txt, -0.2, 39835, 300.026,109.257
ILS,Reduced,Best,Best,1,1,3,MK13.txt, -0.2, 26573, 300.031,212.875
ILS,Reduced,Best,Best,1,1,3,sfjs01.txt, -0.2, 6328, 300,0
ILS,Reduced,Best,Best,1,1,3,sfjs02.txt, -0.2, 9872, 300,0
ILS,Reduced,Best,Best,1,1,3,sfjs03.txt, -0.2, 19281, 300,0
ILS,Reduced,Best,Best,1,1,3,MK15.txt, -0.2, 23685, 300.057,229.217
ILS,Reduced,Best,Best,1,1,3,sfjs04.txt, -0.2, 31553, 300,0
ILS,Reduced,Best,Best,1,1,3,sfjs05.txt, -0.2, 10198, 300,0
ILS,Reduced,Best,Best,1,1,3,sfjs06.txt, -0.2, 28024, 300,0
ILS,Reduced,Best,Best,1,1,3,sfjs07.txt, -0.2, 36075, 300,0
ILS,Reduced,Best,Best,1,1,3,sfjs08.txt, -0.2, 22515, 300,0.001
ILS,Reduced,Best,Best,1,1,3,sfjs09.txt, -0.2, 17552, 300,0
ILS,Reduced,Best,Best,1,1,3,sfjs10.txt, -0.2, 47323, 300,0
ILS,Reduced,Best,Best,1,1,3,mfjs01.txt, -0.3, 40508, 300,0.026
ILS,Reduced,Best,Best,1,1,3,mfjs02.txt, -0.3, 38996, 300,0.08
ILS,Reduced,Best,Best,1,1,3,mfjs03.txt, -0.3, 41318, 300,0.022
ILS,Reduced,Best,Best,1,1,3,mfjs04.txt, -0.3, 44869, 300,0.834
ILS,Reduced,Best,Best,1,1,3,mfjs05.txt, -0.3, 44376, 300,0.064
ILS,Reduced,Best,Best,1,1,3,mfjs06.txt, -0.3, 53618, 300,23.012
ILS,Reduced,Best,Best,1,1,3,mfjs07.txt, -0.3, 69086, 300,3.39
ILS,Reduced,Best,Best,1,1,3,mfjs08.txt, -0.3, 68053, 300,227.47
ILS,Reduced,Best,Best,1,1,3,mfjs09.txt, -0.3, 80653, 300.001,286.584
ILS,Reduced,Best,Best,1,1,3,mfjs10.txt, -0.3, 89299, 300,68.107
ILS,Reduced,Best,Best,1,1,3,MK01.txt, -0.3, 2618, 300.002,99.986
ILS,Reduced,Best,Best,1,1,3,MK02.txt, -0.3, 1920, 300,1.663
ILS,Reduced,Best,Best,1,1,3,MK03.txt, -0.3, 12439, 300.002,1.027
ILS,Reduced,Best,Best,1,1,3,MK04.txt, -0.3, 3904, 300,20.792
ILS,Reduced,Best,Best,1,1,3,MK07.txt, -0.3, 7933, 300.009,243.657
ILS,Reduced,Best,Best,1,1,3,MK05.txt, -0.3, 8735, 300.013,86.962
ILS,Reduced,Best,Best,1,1,3,MK06.txt, -0.3, 3626, 300.022,127.141
ILS,Reduced,Best,Best,1,1,3,MK08.txt, -0.3, 23267, 300.005,248.456
ILS,Reduced,Best,Best,1,1,3,MK11.txt, -0.3, 27570, 300.004,86.981
ILS,Reduced,Best,Best,1,1,3,MK10.txt, -0.3, 11255, 300.013,296.524
ILS,Reduced,Best,Best,1,1,3,MK09.txt, -0.3, 16777, 300.055,239.256
ILS,Reduced,Best,Best,1,1,3,MK15.txt, -0.3, 19800, 300,52.311
ILS,Reduced,Best,Best,1,1,3,MK14.txt, -0.3, 30635, 300.013,164.766
ILS,Reduced,Best,Best,1,1,3,MK12.txt, -0.3, 25115, 300.07,129.544
ILS,Reduced,Best,Best,1,1,3,MK13.txt, -0.3, 21468, 300.08,217.469
ILS,Reduced,Best,Best,1,1,3,sfjs01.txt, -0.3, 6206, 300,0
ILS,Reduced,Best,Best,1,1,3,sfjs02.txt, -0.3, 9498, 300,0
ILS,Reduced,Best,Best,1,1,3,sfjs03.txt, -0.3, 18062, 300,0
ILS,Reduced,Best,Best,1,1,3,sfjs04.txt, -0.3, 29852, 300,0
ILS,Reduced,Best,Best,1,1,3,sfjs05.txt, -0.3, 9465, 300,0
ILS,Reduced,Best,Best,1,1,3,sfjs06.txt, -0.3, 26281, 300,0
ILS,Reduced,Best,Best,1,1,3,sfjs07.txt, -0.3, 34443, 300,0
ILS,Reduced,Best,Best,1,1,3,sfjs08.txt, -0.3, 21309, 300,0.001
ILS,Reduced,Best,Best,1,1,3,sfjs09.txt, -0.3, 15973, 300,0.001
ILS,Reduced,Best,Best,1,1,3,sfjs10.txt, -0.3, 45450, 300,0
ILS,Reduced,Best,Best,1,1,3,mfjs01.txt, -0.1, 45306, 300,0.005
ILS,Reduced,Best,Best,1,1,3,mfjs02.txt, -0.1, 42986, 300,0.031
ILS,Reduced,Best,Best,1,1,3,mfjs03.txt, -0.1, 45331, 300,0.05
ILS,Reduced,Best,Best,1,1,3,mfjs04.txt, -0.1, 52012, 300,2.875
ILS,Reduced,Best,Best,1,1,3,mfjs05.txt, -0.1, 47630, 300,0.039
ILS,Reduced,Best,Best,1,1,3,mfjs06.txt, -0.1, 59523, 300,10.184
ILS,Reduced,Best,Best,1,1,3,mfjs07.txt, -0.1, 80877, 300,9.739
ILS,Reduced,Best,Best,1,1,3,mfjs08.txt, -0.1, 80305, 300,24.703
ILS,Reduced,Best,Best,1,1,3,mfjs09.txt, -0.1, 97258, 300,136.398
ILS,Reduced,Best,Best,1,1,3,mfjs10.txt, -0.1, 108804, 300.002,57.856
ILS,Reduced,Best,Best,1,1,3,MK01.txt, -0.1, 3507, 300,5.205
ILS,Reduced,Best,Best,1,1,3,MK02.txt, -0.1, 2348, 300.003,1.702
ILS,Reduced,Best,Best,1,1,3,MK03.txt, -0.1, 17316, 300.002,0.73
ILS,Reduced,Best,Best,1,1,3,MK04.txt, -0.1, 5173, 300.003,35.03
ILS,Reduced,Best,Best,1,1,3,MK06.txt, -0.1, 5096, 300,114.544
ILS,Reduced,Best,Best,1,1,3,MK05.txt, -0.1, 13711, 300.006,139.353
ILS,Reduced,Best,Best,1,1,3,MK07.txt, -0.1, 11577, 300.006,181.937
ILS,Reduced,Best,Best,1,1,3,MK08.txt, -0.1, 39005, 300.006,249.064
ILS,Reduced,Best,Best,1,1,3,MK09.txt, -0.1, 24952, 300.01,78.52
ILS,Reduced,Best,Best,1,1,3,MK10.txt, -0.1, 16842, 300.009,70.851
ILS,Reduced,Best,Best,1,1,3,MK12.txt, -0.1, 39869, 300.007,32.843
ILS,Reduced,Best,Best,1,1,3,MK11.txt, -0.1, 46917, 300.011,114.49
ILS,Reduced,Best,Best,1,1,3,sfjs01.txt, -0.1, 6459, 300,0
ILS,Reduced,Best,Best,1,1,3,MK14.txt, -0.1, 52371, 300.004,190.726
ILS,Reduced,Best,Best,1,1,3,MK15.txt, -0.1, 28592, 300.009,286.154
ILS,Reduced,Best,Best,1,1,3,MK13.txt, -0.1, 32941, 300.031,253.966
ILS,Reduced,Best,Best,1,1,3,sfjs02.txt, -0.1, 10271, 300,0
ILS,Reduced,Best,Best,1,1,3,sfjs03.txt, -0.1, 20623, 300,0
ILS,Reduced,Best,Best,1,1,3,sfjs04.txt, -0.1, 33429, 300,0
ILS,Reduced,Best,Best,1,1,3,sfjs05.txt, -0.1, 11006, 300,0
ILS,Reduced,Best,Best,1,1,3,sfjs06.txt, -0.1, 29926, 300,0
ILS,Reduced,Best,Best,1,1,3,sfjs07.txt, -0.1, 37824, 300,0
ILS,Reduced,Best,Best,1,1,3,sfjs08.txt, -0.1, 23842, 300,0
ILS,Reduced,Best,Best,1,1,3,sfjs09.txt, -0.1, 19406, 300,0.002
ILS,Reduced,Best,Best,1,1,3,sfjs10.txt, -0.1, 49368, 300,0
ILS,Reduced,Best,Best,1,1,3,mfjs01.txt, -0.2, 43208, 300,0.008
ILS,Reduced,Best,Best,1,1,3,mfjs02.txt, -0.2, 41273, 300,0.015
ILS,Reduced,Best,Best,1,1,3,mfjs03.txt, -0.2, 43412, 300,0.118
ILS,Reduced,Best,Best,1,1,3,mfjs04.txt, -0.2, 47717, 300,0.653
ILS,Reduced,Best,Best,1,1,3,mfjs05.txt, -0.2, 45670, 300,0.084
ILS,Reduced,Best,Best,1,1,3,mfjs06.txt, -0.2, 56743, 300,15.06
ILS,Reduced,Best,Best,1,1,3,mfjs07.txt, -0.2, 73865, 300,0.772
ILS,Reduced,Best,Best,1,1,3,mfjs08.txt, -0.2, 74561, 300,25.239
ILS,Reduced,Best,Best,1,1,3,mfjs09.txt, -0.2, 88457, 300,127.408
ILS,Reduced,Best,Best,1,1,3,MK01.txt, -0.2, 3041, 300.001,13.966
ILS,Reduced,Best,Best,1,1,3,mfjs10.txt, -0.2, 97980, 300.003,148.901
ILS,Reduced,Best,Best,1,1,3,MK02.txt, -0.2, 2118, 300,90.946
ILS,Reduced,Best,Best,1,1,3,MK05.txt, -0.2, 10892, 300.002,266.121
ILS,Reduced,Best,Best,1,1,3,MK03.txt, -0.2, 14781, 300.005,0.253
ILS,Reduced,Best,Best,1,1,3,MK04.txt, -0.2, 4483, 300.008,190.436
ILS,Reduced,Best,Best,1,1,3,MK08.txt, -0.2, 29758, 300.002,98.743
ILS,Reduced,Best,Best,1,1,3,MK09.txt, -0.2, 20359, 300.007,206.552
ILS,Reduced,Best,Best,1,1,3,MK07.txt, -0.2, 9469, 300.013,8.213
ILS,Reduced,Best,Best,1,1,3,MK06.txt, -0.2, 4316, 300.017,64.308
ILS,Reduced,Best,Best,1,1,3,MK11.txt, -0.2, 35851, 300,74.318
ILS,Reduced,Best,Best,1,1,3,MK12.txt, -0.2, 31518, 300.001,111.062
ILS,Reduced,Best,Best,1,1,3,MK13.txt, -0.2, 26329, 300.079,29.606
ILS,Reduced,Best,Best,1,1,3,MK10.txt, -0.2, 13878, 300.093,242.864
ILS,Reduced,Best,Best,1,1,3,sfjs01.txt, -0.2, 6328, 300,0
ILS,Reduced,Best,Best,1,1,3,sfjs02.txt, -0.2, 9872, 300,0
ILS,Reduced,Best,Best,1,1,3,MK15.txt, -0.2, 23590, 300.052,119.275
ILS,Reduced,Best,Best,1,1,3,MK14.txt, -0.2, 39833, 300.101,280.576
ILS,Reduced,Best,Best,1,1,3,sfjs03.txt, -0.2, 19281, 300,0
ILS,Reduced,Best,Best,1,1,3,sfjs04.txt, -0.2, 31553, 300,0
ILS,Reduced,Best,Best,1,1,3,sfjs05.txt, -0.2, 10198, 300,0
ILS,Reduced,Best,Best,1,1,3,sfjs06.txt, -0.2, 28024, 300,0
ILS,Reduced,Best,Best,1,1,3,sfjs07.txt, -0.2, 36075, 300,0
ILS,Reduced,Best,Best,1,1,3,sfjs08.txt, -0.2, 22515, 300,0.001
ILS,Reduced,Best,Best,1,1,3,sfjs09.txt, -0.2, 17552, 300,0
ILS,Reduced,Best,Best,1,1,3,sfjs10.txt, -0.2, 47323, 300,0
ILS,Reduced,Best,Best,1,1,3,mfjs01.txt, -0.3, 40508, 300,0.022
ILS,Reduced,Best,Best,1,1,3,mfjs02.txt, -0.3, 38996, 300,0.012
ILS,Reduced,Best,Best,1,1,3,mfjs03.txt, -0.3, 41318, 300,0.032
ILS,Reduced,Best,Best,1,1,3,mfjs04.txt, -0.3, 44869, 300,0.122
ILS,Reduced,Best,Best,1,1,3,mfjs05.txt, -0.3, 44376, 300,0.024
ILS,Reduced,Best,Best,1,1,3,mfjs06.txt, -0.3, 53618, 300,2.005
ILS,Reduced,Best,Best,1,1,3,mfjs07.txt, -0.3, 69086, 300,8.823
ILS,Reduced,Best,Best,1,1,3,mfjs08.txt, -0.3, 68053, 300.001,216.895
ILS,Reduced,Best,Best,1,1,3,mfjs09.txt, -0.3, 80653, 300,100.07
ILS,Reduced,Best,Best,1,1,3,MK01.txt, -0.3, 2618, 300.001,144.555
ILS,Reduced,Best,Best,1,1,3,mfjs10.txt, -0.3, 89774, 300.003,164.149
ILS,Reduced,Best,Best,1,1,3,MK02.txt, -0.3, 1920, 300,4.169
ILS,Reduced,Best,Best,1,1,3,MK04.txt, -0.3, 3886, 300.001,288.956
ILS,Reduced,Best,Best,1,1,3,MK03.txt, -0.3, 12439, 300.004,8.668
ILS,Reduced,Best,Best,1,1,3,MK05.txt, -0.3, 8716, 300.002,254.958
ILS,Reduced,Best,Best,1,1,3,MK06.txt, -0.3, 3643, 300.007,299.991
ILS,Reduced,Best,Best,1,1,3,MK08.txt, -0.3, 23257, 300.005,60.793
ILS,Reduced,Best,Best,1,1,3,MK07.txt, -0.3, 7938, 300.008,44.678
ILS,Reduced,Best,Best,1,1,3,MK09.txt, -0.3, 16761, 300.008,121.541
ILS,Reduced,Best,Best,1,1,3,MK10.txt, -0.3, 11415, 300.007,293.178
ILS,Reduced,Best,Best,1,1,3,MK14.txt, -0.3, 30550, 300.007,94.944
ILS,Reduced,Best,Best,1,1,3,MK12.txt, -0.3, 25102, 300.011,173.069
ILS,Reduced,Best,Best,1,1,3,MK11.txt, -0.3, 27581, 300.013,254.811
ILS,Reduced,Best,Best,1,1,3,MK13.txt, -0.3, 21330, 300.056,177.486
ILS,Reduced,Best,Best,1,1,3,sfjs01.txt, -0.3, 6206, 300,0
ILS,Reduced,Best,Best,1,1,3,sfjs02.txt, -0.3, 9498, 300,0
ILS,Reduced,Best,Best,1,1,3,sfjs03.txt, -0.3, 18062, 300,0
ILS,Reduced,Best,Best,1,1,3,MK15.txt, -0.3, 19912, 300.007,290.739
ILS,Reduced,Best,Best,1,1,3,sfjs04.txt, -0.3, 29852, 300,0
ILS,Reduced,Best,Best,1,1,3,sfjs05.txt, -0.3, 9465, 300,0
ILS,Reduced,Best,Best,1,1,3,sfjs06.txt, -0.3, 26281, 300,0
ILS,Reduced,Best,Best,1,1,3,sfjs07.txt, -0.3, 34443, 300,0
ILS,Reduced,Best,Best,1,1,3,sfjs08.txt, -0.3, 21309, 300,0
ILS,Reduced,Best,Best,1,1,3,sfjs09.txt, -0.3, 15973, 300,0
ILS,Reduced,Best,Best,1,1,3,sfjs10.txt, -0.3, 45450, 300,0
ILS,Reduced,Best,Best,1,1,3,mfjs01.txt, -0.1, 45306, 300,0.005
ILS,Reduced,Best,Best,1,1,3,mfjs02.txt, -0.1, 42986, 300,0.006
ILS,Reduced,Best,Best,1,1,3,mfjs03.txt, -0.1, 45331, 300,0.005
ILS,Reduced,Best,Best,1,1,3,mfjs04.txt, -0.1, 52012, 300,0.303
ILS,Reduced,Best,Best,1,1,3,mfjs05.txt, -0.1, 47630, 300,0.059
ILS,Reduced,Best,Best,1,1,3,mfjs06.txt, -0.1, 59523, 300,2.912
ILS,Reduced,Best,Best,1,1,3,mfjs07.txt, -0.1, 80877, 300,10.826
ILS,Reduced,Best,Best,1,1,3,mfjs08.txt, -0.1, 80305, 300,112.624
ILS,Reduced,Best,Best,1,1,3,mfjs09.txt, -0.1, 96236, 300,108.168
ILS,Reduced,Best,Best,1,1,3,mfjs10.txt, -0.1, 108201, 300,262.905
ILS,Reduced,Best,Best,1,1,3,MK01.txt, -0.1, 3507, 300.001,112.462
ILS,Reduced,Best,Best,1,1,3,MK03.txt, -0.1, 17316, 300,2.418
ILS,Reduced,Best,Best,1,1,3,MK02.txt, -0.1, 2348, 300.002,23.366
ILS,Reduced,Best,Best,1,1,3,MK04.txt, -0.1, 5173, 300,24.514
ILS,Reduced,Best,Best,1,1,3,MK05.txt, -0.1, 13683, 300.003,120.308
ILS,Reduced,Best,Best,1,1,3,MK06.txt, -0.1, 5053, 300.006,185.652
ILS,Reduced,Best,Best,1,1,3,MK07.txt, -0.1, 11572, 300.005,25.727
ILS,Reduced,Best,Best,1,1,3,MK08.txt, -0.1, 39014, 300.005,84.18
ILS,Reduced,Best,Best,1,1,3,MK11.txt, -0.1, 46871, 300.034,99.476
ILS,Reduced,Best,Best,1,1,3,MK09.txt, -0.1, 24934, 300.051,148.305
ILS,Reduced,Best,Best,1,1,3,MK10.txt, -0.1, 16803, 300.053,40.512
ILS,Reduced,Best,Best,1,1,3,MK12.txt, -0.1, 39889, 300.01,22.817
ILS,Reduced,Best,Best,1,1,3,MK13.txt, -0.1, 32825, 300.015,153.703
ILS,Reduced,Best,Best,1,1,3,MK14.txt, -0.1, 52362, 300.024,43.286
ILS,Reduced,Best,Best,1,1,3,MK15.txt, -0.1, 28069, 300.032,98.353
ILS,Reduced,Best,Best,1,1,3,sfjs01.txt, -0.1, 6459, 300,0
ILS,Reduced,Best,Best,1,1,3,sfjs02.txt, -0.1, 10271, 300,0
ILS,Reduced,Best,Best,1,1,3,sfjs03.txt, -0.1, 20623, 300,0
ILS,Reduced,Best,Best,1,1,3,sfjs04.txt, -0.1, 33429, 300,0
ILS,Reduced,Best,Best,1,1,3,sfjs05.txt, -0.1, 11006, 300,0
ILS,Reduced,Best,Best,1,1,3,sfjs06.txt, -0.1, 29926, 300,0.002
ILS,Reduced,Best,Best,1,1,3,sfjs07.txt, -0.1, 37824, 300,0
ILS,Reduced,Best,Best,1,1,3,sfjs08.txt, -0.1, 23842, 300,0
ILS,Reduced,Best,Best,1,1,3,sfjs09.txt, -0.1, 19406, 300,0
ILS,Reduced,Best,Best,1,1,3,sfjs10.txt, -0.1, 49368, 300,0
ILS,Reduced,Best,Best,1,1,3,mfjs01.txt, -0.2, 43208, 300,0.007
ILS,Reduced,Best,Best,1,1,3,mfjs02.txt, -0.2, 41273, 300,0.054
ILS,Reduced,Best,Best,1,1,3,mfjs03.txt, -0.2, 43412, 300,0.085
ILS,Reduced,Best,Best,1,1,3,mfjs04.txt, -0.2, 47717, 300,0.32
ILS,Reduced,Best,Best,1,1,3,mfjs05.txt, -0.2, 45670, 300,0.004
ILS,Reduced,Best,Best,1,1,3,mfjs06.txt, -0.2, 56743, 300,0.631
ILS,Reduced,Best,Best,1,1,3,mfjs07.txt, -0.2, 73865, 300,2.896
ILS,Reduced,Best,Best,1,1,3,mfjs08.txt, -0.2, 74561, 300,63.836
ILS,Reduced,Best,Best,1,1,3,mfjs09.txt, -0.2, 87676, 300,9.057
ILS,Reduced,Best,Best,1,1,3,mfjs10.txt, -0.2, 97929, 300,206.549
ILS,Reduced,Best,Best,1,1,3,MK01.txt, -0.2, 3041, 300,5.702
ILS,Reduced,Best,Best,1,1,3,MK04.txt, -0.2, 4483, 300,28.261
ILS,Reduced,Best,Best,1,1,3,MK02.txt, -0.2, 2118, 300.007,9.114
ILS,Reduced,Best,Best,1,1,3,MK03.txt, -0.2, 14781, 300.008,0.329
ILS,Reduced,Best,Best,1,1,3,MK06.txt, -0.2, 4243, 300.001,83.618
ILS,Reduced,Best,Best,1,1,3,MK05.txt, -0.2, 10893, 300.002,247.77
ILS,Reduced,Best,Best,1,1,3,MK07.txt, -0.2, 9393, 300.001,23.835
ILS,Reduced,Best,Best,1,1,3,MK08.txt, -0.2, 29762, 300.003,105.042
ILS,Reduced,Best,Best,1,1,3,MK12.txt, -0.2, 31512, 300.006,181.456
ILS,Reduced,Best,Best,1,1,3,MK11.txt, -0.2, 35866, 300.008,215.929
ILS,Reduced,Best,Best,1,1,3,MK09.txt, -0.2, 20376, 300.015,67.032
ILS,Reduced,Best,Best,1,1,3,MK10.txt, -0.2, 13773, 300.013,200.947
ILS,Reduced,Best,Best,1,1,3,sfjs01.txt, -0.2, 6328, 300,0
ILS,Reduced,Best,Best,1,1,3,MK14.txt, -0.2, 39833, 300.015,145.822
ILS,Reduced,Best,Best,1,1,3,MK15.txt, -0.2, 23553, 300.019,227.707
ILS,Reduced,Best,Best,1,1,3,MK13.txt, -0.2, 26238, 300.087,292.549
ILS,Reduced,Best,Best,1,1,3,sfjs02.txt, -0.2, 9872, 300,0
ILS,Reduced,Best,Best,1,1,3,sfjs03.txt, -0.2, 19281, 300,0
ILS,Reduced,Best,Best,1,1,3,sfjs04.txt, -0.2, 31553, 300,0
ILS,Reduced,Best,Best,1,1,3,sfjs05.txt, -0.2, 10198, 300,0
ILS,Reduced,Best,Best,1,1,3,sfjs06.txt, -0.2, 28024, 300,0
ILS,Reduced,Best,Best,1,1,3,sfjs07.txt, -0.2, 36075, 300,0
ILS,Reduced,Best,Best,1,1,3,sfjs08.txt, -0.2, 22515, 300,0
ILS,Reduced,Best,Best,1,1,3,sfjs09.txt, -0.2, 17552, 300,0
ILS,Reduced,Best,Best,1,1,3,sfjs10.txt, -0.2, 47323, 300,0
ILS,Reduced,Best,Best,1,1,3,mfjs01.txt, -0.3, 40508, 300,0.057
ILS,Reduced,Best,Best,1,1,3,mfjs02.txt, -0.3, 38996, 300,0.084
ILS,Reduced,Best,Best,1,1,3,mfjs03.txt, -0.3, 41318, 300,0.054
ILS,Reduced,Best,Best,1,1,3,mfjs04.txt, -0.3, 44869, 300,0.884
ILS,Reduced,Best,Best,1,1,3,mfjs05.txt, -0.3, 44376, 300,0.063
ILS,Reduced,Best,Best,1,1,3,mfjs06.txt, -0.3, 53618, 300,15.21
ILS,Reduced,Best,Best,1,1,3,mfjs07.txt, -0.3, 69086, 300,5.734
ILS,Reduced,Best,Best,1,1,3,mfjs08.txt, -0.3, 68053, 300,150.869
ILS,Reduced,Best,Best,1,1,3,mfjs09.txt, -0.3, 80531, 300,291.272
ILS,Reduced,Best,Best,1,1,3,mfjs10.txt, -0.3, 89608, 300,29.936
ILS,Reduced,Best,Best,1,1,3,MK01.txt, -0.3, 2618, 300,41.122
ILS,Reduced,Best,Best,1,1,3,MK02.txt, -0.3, 1920, 300.001,1.895
ILS,Reduced,Best,Best,1,1,3,MK03.txt, -0.3, 12439, 300.002,5.798
ILS,Reduced,Best,Best,1,1,3,MK04.txt, -0.3, 3902, 300.001,282.434
ILS,Reduced,Best,Best,1,1,3,MK05.txt, -0.3, 8747, 300.006,245.922
ILS,Reduced,Best,Best,1,1,3,MK06.txt, -0.3, 3647, 300.003,21.821
ILS,Reduced,Best,Best,1,1,3,MK07.txt, -0.3, 7916, 300.005,57.635
ILS,Reduced,Best,Best,1,1,3,MK08.txt, -0.3, 23240, 300.005,198.231
ILS,Reduced,Best,Best,1,1,3,MK09.txt, -0.3, 16770, 300.003,274.832
ILS,Reduced,Best,Best,1,1,3,MK11.txt, -0.3, 27587, 300.013,268.893
ILS,Reduced,Best,Best,1,1,3,MK12.txt, -0.3, 25145, 300.013,185.425
ILS,Reduced,Best,Best,1,1,3,MK13.txt, -0.3, 21150, 300.04,227.991
ILS,Reduced,Best,Best,1,1,3,MK10.txt, -0.3, 11286, 300.074,298.116
ILS,Reduced,Best,Best,1,1,3,MK14.txt, -0.3, 30593, 300.001,267.892
ILS,Reduced,Best,Best,1,1,3,sfjs01.txt, -0.3, 6206, 300,0
ILS,Reduced,Best,Best,1,1,3,sfjs02.txt, -0.3, 9498, 300,0
ILS,Reduced,Best,Best,1,1,3,MK15.txt, -0.3, 19815, 300.008,103.256
ILS,Reduced,Best,Best,1,1,3,sfjs03.txt, -0.3, 18062, 300,0
ILS,Reduced,Best,Best,1,1,3,sfjs04.txt, -0.3, 29852, 300,0
ILS,Reduced,Best,Best,1,1,3,sfjs05.txt, -0.3, 9465, 300,0
ILS,Reduced,Best,Best,1,1,3,sfjs06.txt, -0.3, 26281, 300,0
ILS,Reduced,Best,Best,1,1,3,sfjs07.txt, -0.3, 34443, 300,0
ILS,Reduced,Best,Best,1,1,3,sfjs08.txt, -0.3, 21309, 300,0
ILS,Reduced,Best,Best,1,1,3,sfjs09.txt, -0.3, 15973, 300,0.001
ILS,Reduced,Best,Best,1,1,3,sfjs10.txt, -0.3, 45450, 300,0
ILS,Reduced,Best,Best,1,1,3,mfjs01.txt, -0.1, 45306, 300,0.003
ILS,Reduced,Best,Best,1,1,3,mfjs02.txt, -0.1, 42986, 300,0.004
ILS,Reduced,Best,Best,1,1,3,mfjs03.txt, -0.1, 45331, 300,0.009
ILS,Reduced,Best,Best,1,1,3,mfjs04.txt, -0.1, 52012, 300,0.992
ILS,Reduced,Best,Best,1,1,3,mfjs05.txt, -0.1, 47630, 300,0.303
ILS,Reduced,Best,Best,1,1,3,mfjs06.txt, -0.1, 59523, 300,1.346
ILS,Reduced,Best,Best,1,1,3,mfjs07.txt, -0.1, 80877, 300,36.474
ILS,Reduced,Best,Best,1,1,3,mfjs08.txt, -0.1, 80305, 300,106.691
ILS,Reduced,Best,Best,1,1,3,mfjs09.txt, -0.1, 97719, 300.001,222.62
ILS,Reduced,Best,Best,1,1,3,MK01.txt, -0.1, 3507, 300,113.83
ILS,Reduced,Best,Best,1,1,3,mfjs10.txt, -0.1, 108848, 300.002,119.972
ILS,Reduced,Best,Best,1,1,3,MK02.txt, -0.1, 2348, 300,25.039
ILS,Reduced,Best,Best,1,1,3,MK03.txt, -0.1, 17316, 300,0.716
ILS,Reduced,Best,Best,1,1,3,MK04.txt, -0.1, 5173, 300.001,11.851
ILS,Reduced,Best,Best,1,1,3,MK06.txt, -0.1, 5043, 300,22.939
ILS,Reduced,Best,Best,1,1,3,MK05.txt, -0.1, 13666, 300.012,187.215
ILS,Reduced,Best,Best,1,1,3,MK09.txt, -0.1, 24921, 300,74.651
ILS,Reduced,Best,Best,1,1,3,MK07.txt, -0.1, 11603, 300.014,121.817
ILS,Reduced,Best,Best,1,1,3,MK10.txt, -0.1, 17068, 300.02,130.66
ILS,Reduced,Best,Best,1,1,3,MK08.txt, -0.1, 38999, 300.027,245.976
ILS,Reduced,Best,Best,1,1,3,MK14.txt, -0.1, 52349, 300.019,165.798
ILS,Reduced,Best,Best,1,1,3,MK11.txt, -0.1, 46792, 300.029,179.438
ILS,Reduced,Best,Best,1,1,3,MK12.txt, -0.1, 39885, 300.034,31.912
ILS,Reduced,Best,Best,1,1,3,MK13.txt, -0.1, 32600, 300.054,269.966
ILS,Reduced,Best,Best,1,1,3,sfjs01.txt, -0.1, 6459, 300,0
ILS,Reduced,Best,Best,1,1,3,sfjs02.txt, -0.1, 10271, 300,0
ILS,Reduced,Best,Best,1,1,3,sfjs03.txt, -0.1, 20623, 300,0
ILS,Reduced,Best,Best,1,1,3,MK15.txt, -0.1, 28336, 300.069,73.772
ILS,Reduced,Best,Best,1,1,3,sfjs04.txt, -0.1, 33429, 300,0
ILS,Reduced,Best,Best,1,1,3,sfjs05.txt, -0.1, 11006, 300,0
ILS,Reduced,Best,Best,1,1,3,sfjs06.txt, -0.1, 29926, 300,0
ILS,Reduced,Best,Best,1,1,3,sfjs07.txt, -0.1, 37824, 300,0
ILS,Reduced,Best,Best,1,1,3,sfjs08.txt, -0.1, 23842, 300,0
ILS,Reduced,Best,Best,1,1,3,sfjs09.txt, -0.1, 19406, 300,0.001
ILS,Reduced,Best,Best,1,1,3,sfjs10.txt, -0.1, 49368, 300,0
ILS,Reduced,Best,Best,1,1,3,mfjs01.txt, -0.2, 43208, 300,0.01
ILS,Reduced,Best,Best,1,1,3,mfjs02.txt, -0.2, 41273, 300,0.124
ILS,Reduced,Best,Best,1,1,3,mfjs03.txt, -0.2, 43412, 300,0.293
ILS,Reduced,Best,Best,1,1,3,mfjs04.txt, -0.2, 47717, 300,1
ILS,Reduced,Best,Best,1,1,3,mfjs05.txt, -0.2, 45670, 300,0.09
ILS,Reduced,Best,Best,1,1,3,mfjs06.txt, -0.2, 56743, 300,16.443
ILS,Reduced,Best,Best,1,1,3,mfjs07.txt, -0.2, 73865, 300,7.529
ILS,Reduced,Best,Best,1,1,3,mfjs08.txt, -0.2, 74561, 300.001,102.956
ILS,Reduced,Best,Best,1,1,3,mfjs09.txt, -0.2, 88066, 300.001,40.081
ILS,Reduced,Best,Best,1,1,3,mfjs10.txt, -0.2, 97980, 300,92.62
ILS,Reduced,Best,Best,1,1,3,MK01.txt, -0.2, 3041, 300.001,1.01
ILS,Reduced,Best,Best,1,1,3,MK02.txt, -0.2, 2118, 300,48.015
ILS,Reduced,Best,Best,1,1,3,MK03.txt, -0.2, 14781, 300.003,0.513
ILS,Reduced,Best,Best,1,1,3,MK04.txt, -0.2, 4483, 300,26.638
ILS,Reduced,Best,Best,1,1,3,MK05.txt, -0.2, 10895, 300.002,260.844
ILS,Reduced,Best,Best,1,1,3,MK06.txt, -0.2, 4288, 300.001,33.066
ILS,Reduced,Best,Best,1,1,3,MK07.txt, -0.2, 9469, 300.024,192.289
ILS,Reduced,Best,Best,1,1,3,MK09.txt, -0.2, 20415, 300.011,216.569
ILS,Reduced,Best,Best,1,1,3,MK08.txt, -0.2, 29759, 300.012,95.865
ILS,Reduced,Best,Best,1,1,3,MK10.txt, -0.2, 13900, 300.061,50.728
ILS,Reduced,Best,Best,1,1,3,MK11.txt, -0.2, 35680, 300.1,212.31
ILS,Reduced,Best,Best,1,1,3,MK13.txt, -0.2, 26494, 300.001,192.083
ILS,Reduced,Best,Best,1,1,3,MK15.txt, -0.2, 23442, 300.002,140.998
ILS,Reduced,Best,Best,1,1,3,MK14.txt, -0.2, 39834, 300.006,79.719
ILS,Reduced,Best,Best,1,1,3,MK12.txt, -0.2, 31530, 300.01,239.137
ILS,Reduced,Best,Best,1,1,3,sfjs01.txt, -0.2, 6328, 300,0
ILS,Reduced,Best,Best,1,1,3,sfjs02.txt, -0.2, 9872, 300,0
ILS,Reduced,Best,Best,1,1,3,sfjs03.txt, -0.2, 19281, 300,0
ILS,Reduced,Best,Best,1,1,3,sfjs04.txt, -0.2, 31553, 300,0
ILS,Reduced,Best,Best,1,1,3,sfjs05.txt, -0.2, 10198, 300,0
ILS,Reduced,Best,Best,1,1,3,sfjs06.txt, -0.2, 28024, 300,0
ILS,Reduced,Best,Best,1,1,3,sfjs07.txt, -0.2, 36075, 300,0
ILS,Reduced,Best,Best,1,1,3,sfjs08.txt, -0.2, 22515, 300,0.002
ILS,Reduced,Best,Best,1,1,3,sfjs09.txt, -0.2, 17552, 300,0
ILS,Reduced,Best,Best,1,1,3,sfjs10.txt, -0.2, 47323, 300,0
ILS,Reduced,Best,Best,1,1,3,mfjs01.txt, -0.3, 40508, 300,0.002
ILS,Reduced,Best,Best,1,1,3,mfjs02.txt, -0.3, 38996, 300,0.006
ILS,Reduced,Best,Best,1,1,3,mfjs03.txt, -0.3, 41318, 300,0.008
ILS,Reduced,Best,Best,1,1,3,mfjs04.txt, -0.3, 44869, 300,1.155
ILS,Reduced,Best,Best,1,1,3,mfjs05.txt, -0.3, 44376, 300,0.102
ILS,Reduced,Best,Best,1,1,3,mfjs06.txt, -0.3, 53618, 300,8.494
ILS,Reduced,Best,Best,1,1,3,mfjs07.txt, -0.3, 69086, 300,1.763
ILS,Reduced,Best,Best,1,1,3,mfjs08.txt, -0.3, 68053, 300,292.423
ILS,Reduced,Best,Best,1,1,3,mfjs09.txt, -0.3, 80679, 300,196.458
ILS,Reduced,Best,Best,1,1,3,mfjs10.txt, -0.3, 89233, 300,10.878
ILS,Reduced,Best,Best,1,1,3,MK02.txt, -0.3, 1920, 300,5.892
ILS,Reduced,Best,Best,1,1,3,MK01.txt, -0.3, 2618, 300.001,23.755
ILS,Reduced,Best,Best,1,1,3,MK04.txt, -0.3, 3904, 300,4.42
ILS,Reduced,Best,Best,1,1,3,MK03.txt, -0.3, 12439, 300.002,6.846
ILS,Reduced,Best,Best,1,1,3,MK05.txt, -0.3, 8692, 300,246.559
ILS,Reduced,Best,Best,1,1,3,MK06.txt, -0.3, 3649, 300.001,191.4
ILS,Reduced,Best,Best,1,1,3,MK08.txt, -0.3, 23246, 300.001,129.532
ILS,Reduced,Best,Best,1,1,3,MK07.txt, -0.3, 7914, 300.008,224.481
ILS,Reduced,Best,Best,1,1,3,MK10.txt, -0.3, 11172, 300.004,130.849
ILS,Reduced,Best,Best,1,1,3,MK12.txt, -0.3, 25104, 300.008,217.369
ILS,Reduced,Best,Best,1,1,3,MK09.txt, -0.3, 16767, 300.027,150.539
ILS,Reduced,Best,Best,1,1,3,MK11.txt, -0.3, 27684, 300.025,202.29
ILS,Reduced,Best,Best,1,1,3,MK13.txt, -0.3, 21437, 300,179.477
ILS,Reduced,Best,Best,1,1,3,sfjs01.txt, -0.3, 6206, 300,0
ILS,Reduced,Best,Best,1,1,3,MK15.txt, -0.3, 19775, 300.01,196.629
ILS,Reduced,Best,Best,1,1,3,MK14.txt, -0.3, 30596, 300.035,174.176
ILS,Reduced,Best,Best,1,1,3,sfjs02.txt, -0.3, 9498, 300,0
ILS,Reduced,Best,Best,1,1,3,sfjs03.txt, -0.3, 18062, 300,0
ILS,Reduced,Best,Best,1,1,3,sfjs04.txt, -0.3, 29852, 300,0
ILS,Reduced,Best,Best,1,1,3,sfjs05.txt, -0.3, 9465, 300,0
ILS,Reduced,Best,Best,1,1,3,sfjs06.txt, -0.3, 26281, 300,0
ILS,Reduced,Best,Best,1,1,3,sfjs07.txt, -0.3, 34443, 300,0
ILS,Reduced,Best,Best,1,1,3,sfjs08.txt, -0.3, 21309, 300,0
ILS,Reduced,Best,Best,1,1,3,sfjs09.txt, -0.3, 15973, 300,0
ILS,Reduced,Best,Best,1,1,3,sfjs10.txt, -0.3, 45450, 300,0
ILS,Reduced,Best,Best,1,1,3,mfjs01.txt, -0.1, 45306, 300,0.002
ILS,Reduced,Best,Best,1,1,3,mfjs02.txt, -0.1, 42986, 300,0.004
ILS,Reduced,Best,Best,1,1,3,mfjs03.txt, -0.1, 45331, 300,0.008
ILS,Reduced,Best,Best,1,1,3,mfjs04.txt, -0.1, 52012, 300,0.416
ILS,Reduced,Best,Best,1,1,3,mfjs05.txt, -0.1, 47630, 300,0.189
ILS,Reduced,Best,Best,1,1,3,mfjs06.txt, -0.1, 59523, 300,1.392
ILS,Reduced,Best,Best,1,1,3,mfjs07.txt, -0.1, 80877, 300,12.293
ILS,Reduced,Best,Best,1,1,3,mfjs08.txt, -0.1, 80941, 300,289.577
ILS,Reduced,Best,Best,1,1,3,mfjs09.txt, -0.1, 97719, 300,18.641
ILS,Reduced,Best,Best,1,1,3,mfjs10.txt, -0.1, 107489, 300,227.233
ILS,Reduced,Best,Best,1,1,3,MK01.txt, -0.1, 3507, 300,50.172
ILS,Reduced,Best,Best,1,1,3,MK02.txt, -0.1, 2327, 300.002,176.392
ILS,Reduced,Best,Best,1,1,3,MK04.txt, -0.1, 5173, 300,52.302
ILS,Reduced,Best,Best,1,1,3,MK05.txt, -0.1, 13707, 300,186.607
ILS,Reduced,Best,Best,1,1,3,MK03.txt, -0.1, 17316, 300.009,1.764
ILS,Reduced,Best,Best,1,1,3,MK06.txt, -0.1, 5040, 300.003,114.413
ILS,Reduced,Best,Best,1,1,3,MK07.txt, -0.1, 11551, 300.003,259.274
ILS,Reduced,Best,Best,1,1,3,MK08.txt, -0.1, 39038, 300.012,101.023
ILS,Reduced,Best,Best,1,1,3,MK09.txt, -0.1, 24919, 300.03,43.067
ILS,Reduced,Best,Best,1,1,3,MK12.txt, -0.1, 39900, 300.004,192.283
ILS,Reduced,Best,Best,1,1,3,MK10.txt, -0.1, 16839, 300.074,88.731
ILS,Reduced,Best,Best,1,1,3,MK13.txt, -0.1, 32795, 300.082,241.061
ILS,Reduced,Best,Best,1,1,3,MK11.txt, -0.1, 46708, 300.096,144.038
ILS,Reduced,Best,Best,1,1,3,sfjs01.txt, -0.1, 6459, 300,0
ILS,Reduced,Best,Best,1,1,3,sfjs02.txt, -0.1, 10271, 300,0
ILS,Reduced,Best,Best,1,1,3,MK14.txt, -0.1, 52373, 300.01,276.413
ILS,Reduced,Best,Best,1,1,3,MK15.txt, -0.1, 28574, 300.023,143.097
ILS,Reduced,Best,Best,1,1,3,sfjs03.txt, -0.1, 20623, 300,0
ILS,Reduced,Best,Best,1,1,3,sfjs04.txt, -0.1, 33429, 300,0
ILS,Reduced,Best,Best,1,1,3,sfjs05.txt, -0.1, 11006, 300,0
ILS,Reduced,Best,Best,1,1,3,sfjs06.txt, -0.1, 29926, 300,0
ILS,Reduced,Best,Best,1,1,3,sfjs07.txt, -0.1, 37824, 300,0
ILS,Reduced,Best,Best,1,1,3,sfjs08.txt, -0.1, 23842, 300,0
ILS,Reduced,Best,Best,1,1,3,sfjs09.txt, -0.1, 19406, 300,0
ILS,Reduced,Best,Best,1,1,3,sfjs10.txt, -0.1, 49368, 300,0
ILS,Reduced,Best,Best,1,1,3,mfjs01.txt, -0.2, 43208, 300,0.001
ILS,Reduced,Best,Best,1,1,3,mfjs02.txt, -0.2, 41273, 300,0.188
ILS,Reduced,Best,Best,1,1,3,mfjs03.txt, -0.2, 43412, 300,0.08
ILS,Reduced,Best,Best,1,1,3,mfjs04.txt, -0.2, 47717, 300,2.162
ILS,Reduced,Best,Best,1,1,3,mfjs05.txt, -0.2, 45670, 300,0.11
ILS,Reduced,Best,Best,1,1,3,mfjs06.txt, -0.2, 56743, 300,0.27
ILS,Reduced,Best,Best,1,1,3,mfjs07.txt, -0.2, 73865, 300.001,0.427
ILS,Reduced,Best,Best,1,1,3,mfjs08.txt, -0.2, 74359, 300,246.388
ILS,Reduced,Best,Best,1,1,3,mfjs09.txt, -0.2, 87962, 300.001,296.783
ILS,Reduced,Best,Best,1,1,3,mfjs10.txt, -0.2, 97980, 300,218.313
ILS,Reduced,Best,Best,1,1,3,MK01.txt, -0.2, 3041, 300,290.502
ILS,Reduced,Best,Best,1,1,3,MK02.txt, -0.2, 2118, 300.002,40.825
ILS,Reduced,Best,Best,1,1,3,MK03.txt, -0.2, 14781, 300,0.322
ILS,Reduced,Best,Best,1,1,3,MK04.txt, -0.2, 4484, 300,142.052
ILS,Reduced,Best,Best,1,1,3,MK06.txt, -0.2, 4277, 300.001,107.739
ILS,Reduced,Best,Best,1,1,3,MK05.txt, -0.2, 10910, 300.01,111.493
ILS,Reduced,Best,Best,1,1,3,MK08.txt, -0.2, 29764, 300.006,219.708
ILS,Reduced,Best,Best,1,1,3,MK10.txt, -0.2, 13694, 300.007,185.132
ILS,Reduced,Best,Best,1,1,3,MK07.txt, -0.2, 9478, 300.014,96.586
ILS,Reduced,Best,Best,1,1,3,MK09.txt, -0.2, 20371, 300.028,82.637
ILS,Reduced,Best,Best,1,1,3,MK11.txt, -0.2, 35902, 300.017,212.056
ILS,Reduced,Best,Best,1,1,3,MK14.txt, -0.2, 39829, 300.022,148.396
ILS,Reduced,Best,Best,1,1,3,MK12.txt, -0.2, 31536, 300.025,128.529
ILS,Reduced,Best,Best,1,1,3,MK13.txt, -0.2, 26327, 300.024,175.481
ILS,Reduced,Best,Best,1,1,3,sfjs01.txt, -0.2, 6328, 300,0
ILS,Reduced,Best,Best,1,1,3,sfjs02.txt, -0.2, 9872, 300,0
ILS,Reduced,Best,Best,1,1,3,sfjs03.txt, -0.2, 19281, 300,0
ILS,Reduced,Best,Best,1,1,3,MK15.txt, -0.2, 23639, 300.01,36.547
ILS,Reduced,Best,Best,1,1,3,sfjs04.txt, -0.2, 31553, 300,0
ILS,Reduced,Best,Best,1,1,3,sfjs05.txt, -0.2, 10198, 300,0.001
ILS,Reduced,Best,Best,1,1,3,sfjs06.txt, -0.2, 28024, 300,0
ILS,Reduced,Best,Best,1,1,3,sfjs07.txt, -0.2, 36075, 300,0
ILS,Reduced,Best,Best,1,1,3,sfjs08.txt, -0.2, 22515, 300,0
ILS,Reduced,Best,Best,1,1,3,sfjs09.txt, -0.2, 17552, 300,0.002
ILS,Reduced,Best,Best,1,1,3,sfjs10.txt, -0.2, 47323, 300,0
ILS,Reduced,Best,Best,1,1,3,mfjs01.txt, -0.3, 40508, 300,0.022
ILS,Reduced,Best,Best,1,1,3,mfjs02.txt, -0.3, 38996, 300,0.066
ILS,Reduced,Best,Best,1,1,3,mfjs03.txt, -0.3, 41318, 300,0.091
ILS,Reduced,Best,Best,1,1,3,mfjs04.txt, -0.3, 44869, 300,0.027
ILS,Reduced,Best,Best,1,1,3,mfjs05.txt, -0.3, 44376, 300,0.027
ILS,Reduced,Best,Best,1,1,3,mfjs06.txt, -0.3, 53618, 300,2.252
ILS,Reduced,Best,Best,1,1,3,mfjs07.txt, -0.3, 69086, 300.001,3.354
ILS,Reduced,Best,Best,1,1,3,mfjs08.txt, -0.3, 68053, 300,54.154
ILS,Reduced,Best,Best,1,1,3,mfjs09.txt, -0.3, 80277, 300.001,249.666
ILS,Reduced,Best,Best,1,1,3,mfjs10.txt, -0.3, 88515, 300,195.67
ILS,Reduced,Best,Best,1,1,3,MK01.txt, -0.3, 2618, 300,90.251
ILS,Reduced,Best,Best,1,1,3,MK03.txt, -0.3, 12439, 300.001,24.846
ILS,Reduced,Best,Best,1,1,3,MK02.txt, -0.3, 1920, 300.008,2.728
ILS,Reduced,Best,Best,1,1,3,MK04.txt, -0.3, 3885, 300,298.13
ILS,Reduced,Best,Best,1,1,3,MK05.txt, -0.3, 8745, 300.003,70.352
ILS,Reduced,Best,Best,1,1,3,MK07.txt, -0.3, 7938, 300.001,66.352
ILS,Reduced,Best,Best,1,1,3,MK06.txt, -0.3, 3611, 300.011,232.131
ILS,Reduced,Best,Best,1,1,3,MK09.txt, -0.3, 16791, 300.018,257.432
ILS,Reduced,Best,Best,1,1,3,MK08.txt, -0.3, 23250, 300.025,138.873
ILS,Reduced,Best,Best,1,1,3,MK11.txt, -0.3, 27542, 300.052,125.246
ILS,Reduced,Best,Best,1,1,3,MK10.txt, -0.3, 11246, 300.074,222.685
ILS,Reduced,Best,Best,1,1,3,MK12.txt, -0.3, 25097, 300.007,127.564
ILS,Reduced,Best,Best,1,1,3,MK14.txt, -0.3, 30620, 300.017,135.966
ILS,Reduced,Best,Best,1,1,3,MK15.txt, -0.3, 19831, 300.036,51.881
ILS,Reduced,Best,Best,1,1,3,MK13.txt, -0.3, 21294, 300.094,34.583
ILS,Reduced,Best,Best,1,1,3,sfjs01.txt, -0.3, 6206, 300,0
ILS,Reduced,Best,Best,1,1,3,sfjs02.txt, -0.3, 9498, 300,0
ILS,Reduced,Best,Best,1,1,3,sfjs03.txt, -0.3, 18062, 300,0
ILS,Reduced,Best,Best,1,1,3,sfjs04.txt, -0.3, 29852, 300,0
ILS,Reduced,Best,Best,1,1,3,sfjs05.txt, -0.3, 9465, 300,0
ILS,Reduced,Best,Best,1,1,3,sfjs06.txt, -0.3, 26281, 300,0
ILS,Reduced,Best,Best,1,1,3,sfjs07.txt, -0.3, 34443, 300,0
ILS,Reduced,Best,Best,1,1,3,sfjs08.txt, -0.3, 21309, 300,0.001
ILS,Reduced,Best,Best,1,1,3,sfjs09.txt, -0.3, 15973, 300,0
ILS,Reduced,Best,Best,1,1,3,sfjs10.txt, -0.3, 45450, 300,0
