ILS,Reduced,Best,Best,1,1,3,mfjs01.txt, -0.1, 45306, 300,0.004
ILS,Reduced,Best,Best,1,1,3,mfjs02.txt, -0.1, 42986, 300,0.004
ILS,Reduced,Best,Best,1,1,3,mfjs03.txt, -0.1, 45331, 300,0.007
ILS,Reduced,Best,Best,1,1,3,mfjs04.txt, -0.1, 52012, 300,0.133
ILS,Reduced,Best,Best,1,1,3,mfjs05.txt, -0.1, 47630, 300,0.094
ILS,Reduced,Best,Best,1,1,3,mfjs06.txt, -0.1, 59523, 300,1.082
ILS,Reduced,Best,Best,1,1,3,mfjs07.txt, -0.1, 80877, 300,2.421
ILS,Reduced,Best,Best,1,1,3,mfjs08.txt, -0.1, 81307, 300,26.402
ILS,Reduced,Best,Best,1,1,3,mfjs09.txt, -0.1, 97280, 300,4.278
ILS,Reduced,Best,Best,1,1,3,mfjs10.txt, -0.1, 108155, 300,67.845
ILS,Reduced,Best,Best,1,1,3,MK01.txt, -0.1, 3507, 300,42.626
ILS,Reduced,Best,Best,1,1,3,MK02.txt, -0.1, 2347, 300,82.541
ILS,Reduced,Best,Best,1,1,3,MK04.txt, -0.1, 5173, 300,61.962
ILS,Reduced,Best,Best,1,1,3,MK03.txt, -0.1, 17316, 300.003,0.317
ILS,Reduced,Best,Best,1,1,3,MK05.txt, -0.1, 13728, 300,64.273
ILS,Reduced,Best,Best,1,1,3,MK06.txt, -0.1, 5039, 300.003,204.633
ILS,Reduced,Best,Best,1,1,3,MK08.txt, -0.1, 39019, 300.005,212.023
ILS,Reduced,Best,Best,1,1,3,MK07.txt, -0.1, 11588, 300.006,270.562
ILS,Reduced,Best,Best,1,1,3,MK10.txt, -0.1, 16962, 300.008,139.933
ILS,Reduced,Best,Best,1,1,3,MK09.txt, -0.1, 24966, 300.033,90.608
ILS,Reduced,Best,Best,1,1,3,MK11.txt, -0.1, 46746, 300.041,276.361
ILS,Reduced,Best,Best,1,1,3,sfjs01.txt, -0.1, 6459, 300,0
ILS,Reduced,Best,Best,1,1,3,sfjs02.txt, -0.1, 10271, 300,0
ILS,Reduced,Best,Best,1,1,3,MK15.txt, -0.1, 27985, 300.004,284.503
ILS,Reduced,Best,Best,1,1,3,sfjs03.txt, -0.1, 20623, 300,0
ILS,Reduced,Best,Best,1,1,3,MK14.txt, -0.1, 52366, 300.005,214.872
ILS,Reduced,Best,Best,1,1,3,sfjs04.txt, -0.1, 33429, 300,0
ILS,Reduced,Best,Best,1,1,3,sfjs05.txt, -0.1, 11006, 300,0
ILS,Reduced,Best,Best,1,1,3,sfjs06.txt, -0.1, 29926, 300,0.001
ILS,Reduced,Best,Best,1,1,3,sfjs07.txt, -0.1, 37824, 300,0
ILS,Reduced,Best,Best,1,1,3,MK12.txt, -0.1, 39889, 300.036,180.458
ILS,Reduced,Best,Best,1,1,3,MK13.txt, -0.1, 32867, 300.105,243.003
ILS,Reduced,Best,Best,1,1,3,sfjs08.txt, -0.1, 23842, 300,0
ILS,Reduced,Best,Best,1,1,3,sfjs09.txt, -0.1, 19406, 300,0
ILS,Reduced,Best,Best,1,1,3,sfjs10.txt, -0.1, 49368, 300,0
ILS,Reduced,Best,Best,1,1,3,mfjs01.txt, -0.2, 43208, 300,0.001
ILS,Reduced,Best,Best,1,1,3,mfjs02.txt, -0.2, 41273, 300,0.047
ILS,Reduced,Best,Best,1,1,3,mfjs03.txt, -0.2, 43412, 300,0.065
ILS,Reduced,Best,Best,1,1,3,mfjs04.txt, -0.2, 47717, 300,1.823
ILS,Reduced,Best,Best,1,1,3,mfjs05.txt, -0.2, 45670, 300,0.154
ILS,Reduced,Best,Best,1,1,3,mfjs06.txt, -0.2, 56743, 300,8.774
ILS,Reduced,Best,Best,1,1,3,mfjs07.txt, -0.2, 73865, 300,0.483
ILS,Reduced,Best,Best,1,1,3,mfjs08.txt, -0.2, 74561, 300,9.199
ILS,Reduced,Best,Best,1,1,3,mfjs09.txt, -0.2, 87676, 300.001,185.523
ILS,Reduced,Best,Best,1,1,3,mfjs10.txt, -0.2, 98047, 300.001,265.149
ILS,Reduced,Best,Best,1,1,3,MK01.txt, -0.2, 3041, 300.001,7.743
ILS,Reduced,Best,Best,1,1,3,MK02.txt, -0.2, 2118, 300,159.307
ILS,Reduced,Best,Best,1,1,3,MK04.txt, -0.2, 4483, 300,74.444
ILS,Reduced,Best,Best,1,1,3,MK05.txt, -0.2, 10894, 300.002,83.905
ILS,Reduced,Best,Best,1,1,3,MK09.txt, -0.2, 20388, 300.002,127.193
ILS,Reduced,Best,Best,1,1,3,MK03.txt, -0.2, 14781, 300.014,1.268
ILS,Reduced,Best,Best,1,1,3,MK08.txt, -0.2, 29765, 300.009,217.018
ILS,Reduced,Best,Best,1,1,3,MK06.txt, -0.2, 4352, 300.011,216.006
ILS,Reduced,Best,Best,1,1,3,MK07.txt, -0.2, 9393, 300.012,266.953
ILS,Reduced,Best,Best,1,1,3,sfjs01.txt, -0.2, 6328, 300,0
ILS,Reduced,Best,Best,1,1,3,sfjs02.txt, -0.2, 9872, 300,0
ILS,Reduced,Best,Best,1,1,3,sfjs03.txt, -0.2, 19281, 300,0
ILS,Reduced,Best,Best,1,1,3,sfjs04.txt, -0.2, 31553, 300,0
ILS,Reduced,Best,Best,1,1,3,sfjs05.txt, -0.2, 10198, 300,0.001
ILS,Reduced,Best,Best,1,1,3,MK15.txt, -0.2, 23412, 300.005,226.59
ILS,Reduced,Best,Best,1,1,3,MK12.txt, -0.2, 31505, 300.01,192.205
ILS,Reduced,Best,Best,1,1,3,MK11.txt, -0.2, 35835, 300.026,104.818
ILS,Reduced,Best,Best,1,1,3,MK10.txt, -0.2, 13623, 300.031,204.923
ILS,Reduced,Best,Best,1,1,3,MK14.txt, -0.2, 39829, 300.027,95.773
ILS,Reduced,Best,Best,1,1,3,MK13.txt, -0.2, 26485, 300.066,174.775
ILS,Reduced,Best,Best,1,1,3,sfjs06.txt, -0.2, 28024, 300,0
ILS,Reduced,Best,Best,1,1,3,sfjs07.txt, -0.2, 36075, 300,0
ILS,Reduced,Best,Best,1,1,3,sfjs08.txt, -0.2, 22515, 300,0.001
ILS,Reduced,Best,Best,1,1,3,sfjs09.txt, -0.2, 17552, 300,0
ILS,Reduced,Best,Best,1,1,3,sfjs10.txt, -0.2, 47323, 300,0
ILS,Reduced,Best,Best,1,1,3,mfjs01.txt, -0.3, 40508, 300,0.006
ILS,Reduced,Best,Best,1,1,3,mfjs02.txt, -0.3, 38996, 300,0.046
ILS,Reduced,Best,Best,1,1,3,mfjs03.txt, -0.3, 41318, 300,0.134
ILS,Reduced,Best,Best,1,1,3,mfjs04.txt, -0.3, 44869, 300,0.341
ILS,Reduced,Best,Best,1,1,3,mfjs05.txt, -0.3, 44376, 300,0.249
ILS,Reduced,Best,Best,1,1,3,mfjs06.txt, -0.3, 53618, 300,5.213
ILS,Reduced,Best,Best,1,1,3,mfjs08.txt, -0.3, 68053, 300,16.743
ILS,Reduced,Best,Best,1,1,3,mfjs07.txt, -0.3, 69086, 300.001,9.124
ILS,Reduced,Best,Best,1,1,3,mfjs09.txt, -0.3, 80653, 300,15.232
ILS,Reduced,Best,Best,1,1,3,mfjs10.txt, -0.3, 88882, 300,276.716
ILS,Reduced,Best,Best,1,1,3,MK01.txt, -0.3, 2621, 300,129.275
ILS,Reduced,Best,Best,1,1,3,MK02.txt, -0.3, 1920, 300.002,6.053
ILS,Reduced,Best,Best,1,1,3,MK07.txt, -0.3, 7925, 300.001,219.468
ILS,Reduced,Best,Best,1,1,3,MK05.txt, -0.3, 8717, 300.004,143.356
ILS,Reduced,Best,Best,1,1,3,MK04.txt, -0.3, 3893, 300.007,259.435
ILS,Reduced,Best,Best,1,1,3,MK06.txt, -0.3, 3578, 300.008,198.947
ILS,Reduced,Best,Best,1,1,3,MK03.txt, -0.3, 12439, 300.015,2.613
ILS,Reduced,Best,Best,1,1,3,sfjs01.txt, -0.3, 6206, 300,0
ILS,Reduced,Best,Best,1,1,3,MK12.txt, -0.3, 25107, 300.006,260.401
ILS,Reduced,Best,Best,1,1,3,sfjs02.txt, -0.3, 9498, 300,0
ILS,Reduced,Best,Best,1,1,3,MK08.txt, -0.3, 23257, 300.013,152.963
ILS,Reduced,Best,Best,1,1,3,sfjs03.txt, -0.3, 18062, 300,0
ILS,Reduced,Best,Best,1,1,3,MK15.txt, -0.3, 19800, 300.003,74.981
ILS,Reduced,Best,Best,1,1,3,MK10.txt, -0.3, 11283, 300.016,147.998
ILS,Reduced,Best,Best,1,1,3,MK14.txt, -0.3, 30550, 300.008,275.015
ILS,Reduced,Best,Best,1,1,3,MK11.txt, -0.3, 27658, 300.017,279.734
ILS,Reduced,Best,Best,1,1,3,MK09.txt, -0.3, 16773, 300.053,246.436
ILS,Reduced,Best,Best,1,1,3,MK13.txt, -0.3, 21374, 300.045,36.244
ILS,Reduced,Best,Best,1,1,3,sfjs04.txt, -0.3, 29852, 300,0
ILS,Reduced,Best,Best,1,1,3,sfjs05.txt, -0.3, 9465, 300,0
ILS,Reduced,Best,Best,1,1,3,sfjs06.txt, -0.3, 26281, 300,0
ILS,Reduced,Best,Best,1,1,3,sfjs07.txt, -0.3, 34443, 300,0
ILS,Reduced,Best,Best,1,1,3,sfjs08.txt, -0.3, 21309, 300,0
ILS,Reduced,Best,Best,1,1,3,sfjs09.txt, -0.3, 15973, 300,0
ILS,Reduced,Best,Best,1,1,3,sfjs10.txt, -0.3, 45450, 300,0
ILS,Reduced,Best,Best,1,1,3,mfjs01.txt, -0.1, 45306, 300,0.005
ILS,Reduced,Best,Best,1,1,3,mfjs02.txt, -0.1, 42986, 300,0.039
ILS,Reduced,Best,Best,1,1,3,mfjs03.txt, -0.1, 45331, 300,0.014
ILS,Reduced,Best,Best,1,1,3,mfjs04.txt, -0.1, 52012, 300,0.093
ILS,Reduced,Best,Best,1,1,3,mfjs05.txt, -0.1, 47630, 300,0.083
ILS,Reduced,Best,Best,1,1,3,mfjs06.txt, -0.1, 59523, 300,0.572
ILS,Reduced,Best,Best,1,1,3,mfjs07.txt, -0.1, 80877, 300.001,58.041
ILS,Reduced,Best,Best,1,1,3,mfjs08.txt, -0.1, 80305, 300,78.04
ILS,Reduced,Best,Best,1,1,3,mfjs09.txt, -0.1, 97977, 300,96.37
ILS,Reduced,Best,Best,1,1,3,mfjs10.txt, -0.1, 108891, 300.002,116.282
ILS,Reduced,Best,Best,1,1,3,MK01.txt, -0.1, 3507, 300,20.022
ILS,Reduced,Best,Best,1,1,3,MK02.txt, -0.1, 2348, 300.001,20.245
ILS,Reduced,Best,Best,1,1,3,MK03.txt, -0.1, 17316, 300,0.764
ILS,Reduced,Best,Best,1,1,3,MK04.txt, -0.1, 5173, 300.001,50.374
ILS,Reduced,Best,Best,1,1,3,MK05.txt, -0.1, 13752, 300.002,181.068
ILS,Reduced,Best,Best,1,1,3,MK06.txt, -0.1, 4982, 300.001,197.71
ILS,Reduced,Best,Best,1,1,3,MK09.txt, -0.1, 24933, 300.001,174.901
ILS,Reduced,Best,Best,1,1,3,MK07.txt, -0.1, 11608, 300.003,202.517
ILS,Reduced,Best,Best,1,1,3,MK08.txt, -0.1, 39001, 300.006,145.994
ILS,Reduced,Best,Best,1,1,3,sfjs01.txt, -0.1, 6459, 300,0
ILS,Reduced,Best,Best,1,1,3,MK14.txt, -0.1, 52376, 300.002,291.531
ILS,Reduced,Best,Best,1,1,3,MK12.txt, -0.1, 39887, 300.006,160.127
ILS,Reduced,Best,Best,1,1,3,MK15.txt, -0.1, 28021, 300.011,168.243
ILS,Reduced,Best,Best,1,1,3,MK13.txt, -0.1, 32476, 300.014,236.118
ILS,Reduced,Best,Best,1,1,3,MK11.txt, -0.1, 47012, 300.031,116.89
ILS,Reduced,Best,Best,1,1,3,MK10.txt, -0.1, 16840, 300.05,178.508
ILS,Reduced,Best,Best,1,1,3,sfjs02.txt, -0.1, 10271, 300,0
ILS,Reduced,Best,Best,1,1,3,sfjs03.txt, -0.1, 20623, 300,0
ILS,Reduced,Best,Best,1,1,3,sfjs04.txt, -0.1, 33429, 300,0
ILS,Reduced,Best,Best,1,1,3,sfjs05.txt, -0.1, 11006, 300,0
ILS,Reduced,Best,Best,1,1,3,sfjs06.txt, -0.1, 29926, 300,0
ILS,Reduced,Best,Best,1,1,3,sfjs07.txt, -0.1, 37824, 300,0
ILS,Reduced,Best,Best,1,1,3,sfjs08.txt, -0.1, 23842, 300,0.002
ILS,Reduced,Best,Best,1,1,3,sfjs09.txt, -0.1, 19406, 300,0
ILS,Reduced,Best,Best,1,1,3,sfjs10.txt, -0.1, 49368, 300,0
ILS,Reduced,Best,Best,1,1,3,mfjs01.txt, -0.2, 43208, 300,0.006
ILS,Reduced,Best,Best,1,1,3,mfjs02.txt, -0.2, 41273, 300,0.148
ILS,Reduced,Best,Best,1,1,3,mfjs03.txt, -0.2, 43412, 300,0.049
ILS,Reduced,Best,Best,1,1,3,mfjs04.txt, -0.2, 47717, 300,0.209
ILS,Reduced,Best,Best,1,1,3,mfjs05.txt, -0.2, 45670, 300,0.099
ILS,Reduced,Best,Best,1,1,3,mfjs06.txt, -0.2, 56743, 300,7.428
ILS,Reduced,Best,Best,1,1,3,mfjs08.txt, -0.2, 74561, 300,15.858
ILS,Reduced,Best,Best,1,1,3,mfjs07.txt, -0.2, 73865, 300.002,8.581
ILS,Reduced,Best,Best,1,1,3,mfjs09.txt, -0.2, 87676, 300,26.817
ILS,Reduced,Best,Best,1,1,3,MK01.txt, -0.2, 3041, 300,16.17
ILS,Reduced,Best,Best,1,1,3,mfjs10.txt, -0.2, 98047, 300.001,233.387
ILS,Reduced,Best,Best,1,1,3,MK02.txt, -0.2, 2118, 300.001,211.343
ILS,Reduced,Best,Best,1,1,3,MK03.txt, -0.2, 14781, 300.001,0.897
ILS,Reduced,Best,Best,1,1,3,MK04.txt, -0.2, 4483, 300.001,54.006
ILS,Reduced,Best,Best,1,1,3,MK05.txt, -0.2, 10904, 300.002,14.377
ILS,Reduced,Best,Best,1,1,3,MK08.txt, -0.2, 29761, 300.001,71.336
ILS,Reduced,Best,Best,1,1,3,MK06.txt, -0.2, 4295, 300.005,185.848
ILS,Reduced,Best,Best,1,1,3,MK12.txt, -0.2, 31512, 300.008,205.906
ILS,Reduced,Best,Best,1,1,3,MK07.txt, -0.2, 9454, 300.022,43.562
ILS,Reduced,Best,Best,1,1,3,MK10.txt, -0.2, 13803, 300.036,180.558
ILS,Reduced,Best,Best,1,1,3,MK09.txt, -0.2, 20383, 300.049,168.045
ILS,Reduced,Best,Best,1,1,3,MK13.txt, -0.2, 26443, 300.071,123.415
ILS,Reduced,Best,Best,1,1,3,MK11.txt, -0.2, 35911, 300.08,1.876
ILS,Reduced,Best,Best,1,1,3,MK14.txt, -0.2, 39845, 300.113,37.535
ILS,Reduced,Best,Best,1,1,3,sfjs01.txt, -0.2, 6328, 300,0
ILS,Reduced,Best,Best,1,1,3,sfjs02.txt, -0.2, 9872, 300,0
ILS,Reduced,Best,Best,1,1,3,sfjs03.txt, -0.2, 19281, 300,0
ILS,Reduced,Best,Best,1,1,3,sfjs04.txt, -0.2, 31553, 300,0
ILS,Reduced,Best,Best,1,1,3,sfjs05.txt, -0.2, 10198, 300,0
ILS,Reduced,Best,Best,1,1,3,sfjs06.txt, -0.2, 28024, 300,0
ILS,Reduced,Best,Best,1,1,3,sfjs07.txt, -0.2, 36075, 300,0
ILS,Reduced,Best,Best,1,1,3,sfjs08.txt, -0.2, 22515, 300,0
ILS,Reduced,Best,Best,1,1,3,sfjs09.txt, -0.2, 17552, 300,0
ILS,Reduced,Best,Best,1,1,3,sfjs10.txt, -0.2, 47323, 300,0
ILS,Reduced,Best,Best,1,1,3,MK15.txt, -0.2, 23437, 300.032,19.008
ILS,Reduced,Best,Best,1,1,3,mfjs01.txt, -0.3, 40508, 300,0.003
ILS,Reduced,Best,Best,1,1,3,mfjs02.txt, -0.3, 38996, 300,0.002
ILS,Reduced,Best,Best,1,1,3,mfjs03.txt, -0.3, 41318, 300,0.017
ILS,Reduced,Best,Best,1,1,3,mfjs04.txt, -0.3, 44869, 300,0.229
ILS,Reduced,Best,Best,1,1,3,mfjs05.txt, -0.3, 44376, 300,0.023
ILS,Reduced,Best,Best,1,1,3,mfjs06.txt, -0.3, 53618, 300,3.159
ILS,Reduced,Best,Best,1,1,3,mfjs07.txt, -0.3, 69086, 300,10.117
ILS,Reduced,Best,Best,1,1,3,mfjs08.txt, -0.3, 68362, 300,185.346
ILS,Reduced,Best,Best,1,1,3,mfjs09.txt, -0.3, 80653, 300,48.361
ILS,Reduced,Best,Best,1,1,3,mfjs10.txt, -0.3, 89402, 300,20.921
ILS,Reduced,Best,Best,1,1,3,MK01.txt, -0.3, 2618, 300,8.113
ILS,Reduced,Best,Best,1,1,3,MK03.txt, -0.3, 12439, 300,30.863
ILS,Reduced,Best,Best,1,1,3,MK02.txt, -0.3, 1920, 300.001,5.492
ILS,Reduced,Best,Best,1,1,3,MK07.txt, -0.3, 7915, 300.001,4.884
ILS,Reduced,Best,Best,1,1,3,MK04.txt, -0.3, 3904, 300.006,6.607
ILS,Reduced,Best,Best,1,1,3,MK09.txt, -0.3, 16787, 300.001,219.07
ILS,Reduced,Best,Best,1,1,3,MK05.txt, -0.3, 8671, 300.006,17.892
ILS,Reduced,Best,Best,1,1,3,MK11.txt, -0.3, 27546, 300,70.539
ILS,Reduced,Best,Best,1,1,3,MK08.txt, -0.3, 23246, 300.006,286.598
ILS,Reduced,Best,Best,1,1,3,MK12.txt, -0.3, 25089, 300.01,117.975
ILS,Reduced,Best,Best,1,1,3,MK06.txt, -0.3, 3660, 300.016,49.988
ILS,Reduced,Best,Best,1,1,3,MK10.txt, -0.3, 11304, 300.046,239.511
ILS,Reduced,Best,Best,1,1,3,sfjs01.txt, -0.3, 6206, 300,0
ILS,Reduced,Best,Best,1,1,3,sfjs02.txt, -0.3, 9498, 300,0
ILS,Reduced,Best,Best,1,1,3,sfjs03.txt, -0.3, 18062, 300,0
ILS,Reduced,Best,Best,1,1,3,sfjs04.txt, -0.3, 29852, 300,0
ILS,Reduced,Best,Best,1,1,3,MK14.txt, -0.3, 30570, 300.007,77.573
ILS,Reduced,Best,Best,1,1,3,sfjs05.txt, -0.3, 9465, 300,0.001
ILS,Reduced,Best,Best,1,1,3,sfjs06.txt, -0.3, 26281, 300,0
ILS,Reduced,Best,Best,1,1,3,sfjs07.txt, -0.3, 34443, 300,0
ILS,Reduced,Best,Best,1,1,3,sfjs08.txt, -0.3, 21309, 300,0.002
ILS,Reduced,Best,Best,1,1,3,MK15.txt, -0.3, 19813, 300.014,126.312
ILS,Reduced,Best,Best,1,1,3,MK13.txt, -0.3, 21164, 300.046,255.355
ILS,Reduced,Best,Best,1,1,3,sfjs09.txt, -0.3, 15973, 300,0
ILS,Reduced,Best,Best,1,1,3,sfjs10.txt, -0.3, 45450, 300,0
ILS,Reduced,Best,Best,1,1,3,mfjs01.txt, -0.1, 45306, 300,0
ILS,Reduced,Best,Best,1,1,3,mfjs02.txt, -0.1, 42986, 300,0.01
ILS,Reduced,Best,Best,1,1,3,mfjs03.txt, -0.1, 45331, 300,0.039
ILS,Reduced,Best,Best,1,1,3,mfjs04.txt, -0.1, 52012, 300,2.036
ILS,Reduced,Best,Best,1,1,3,mfjs05.txt, -0.1, 47630, 300,0.111
ILS,Reduced,Best,Best,1,1,3,mfjs06.txt, -0.1, 59523, 300,0.521
ILS,Reduced,Best,Best,1,1,3,mfjs07.txt, -0.1, 80877, 300,22.067
ILS,Reduced,Best,Best,1,1,3,mfjs08.txt, -0.1, 80687, 300,162.387
ILS,Reduced,Best,Best,1,1,3,mfjs09.txt, -0.1, 96837, 300,8.706
ILS,Reduced,Best,Best,1,1,3,mfjs10.txt, -0.1, 108792, 300.001,40.602
ILS,Reduced,Best,Best,1,1,3,MK01.txt, -0.1, 3507, 300.001,137.844
ILS,Reduced,Best,Best,1,1,3,MK02.txt, -0.1, 2348, 300.001,16.164
ILS,Reduced,Best,Best,1,1,3,MK03.txt, -0.1, 17316, 300,0.181
ILS,Reduced,Best,Best,1,1,3,MK06.txt, -0.1, 5120, 300,114.682
ILS,Reduced,Best,Best,1,1,3,MK05.txt, -0.1, 13720, 300.002,245.611
ILS,Reduced,Best,Best,1,1,3,MK04.txt, -0.1, 5173, 300.005,72.968
ILS,Reduced,Best,Best,1,1,3,MK07.txt, -0.1, 11440, 300.002,261.293
ILS,Reduced,Best,Best,1,1,3,MK10.txt, -0.1, 16724, 300,138.269
ILS,Reduced,Best,Best,1,1,3,MK09.txt, -0.1, 25021, 300.006,298.491
ILS,Reduced,Best,Best,1,1,3,MK08.txt, -0.1, 39002, 300.009,126.128
ILS,Reduced,Best,Best,1,1,3,sfjs01.txt, -0.1, 6459, 300,0
ILS,Reduced,Best,Best,1,1,3,sfjs02.txt, -0.1, 10271, 300,0
ILS,Reduced,Best,Best,1,1,3,MK11.txt, -0.1, 46832, 300.007,39.2
ILS,Reduced,Best,Best,1,1,3,sfjs03.txt, -0.1, 20623, 300,0
ILS,Reduced,Best,Best,1,1,3,sfjs04.txt, -0.1, 33429, 300,0
ILS,Reduced,Best,Best,1,1,3,sfjs05.txt, -0.1, 11006, 300,0
ILS,Reduced,Best,Best,1,1,3,sfjs06.txt, -0.1, 29926, 300,0
ILS,Reduced,Best,Best,1,1,3,MK14.txt, -0.1, 52366, 300.011,165.485
ILS,Reduced,Best,Best,1,1,3,MK15.txt, -0.1, 28380, 300.011,228.999
ILS,Reduced,Best,Best,1,1,3,MK12.txt, -0.1, 39874, 300.016,297.341
ILS,Reduced,Best,Best,1,1,3,MK13.txt, -0.1, 32551, 300.061,115.95
ILS,Reduced,Best,Best,1,1,3,sfjs07.txt, -0.1, 37824, 300,0
ILS,Reduced,Best,Best,1,1,3,sfjs08.txt, -0.1, 23842, 300,0
ILS,Reduced,Best,Best,1,1,3,sfjs09.txt, -0.1, 19406, 300,0
ILS,Reduced,Best,Best,1,1,3,sfjs10.txt, -0.1, 49368, 300,0
ILS,Reduced,Best,Best,1,1,3,mfjs01.txt, -0.2, 43208, 300,0.019
ILS,Reduced,Best,Best,1,1,3,mfjs02.txt, -0.2, 41273, 300,0.048
ILS,Reduced,Best,Best,1,1,3,mfjs03.txt, -0.2, 43412, 300,0.422
ILS,Reduced,Best,Best,1,1,3,mfjs04.txt, -0.2, 47717, 300,0.098
ILS,Reduced,Best,Best,1,1,3,mfjs05.txt, -0.2, 45670, 300,0.04
ILS,Reduced,Best,Best,1,1,3,mfjs06.txt, -0.2, 56743, 300,3.082
ILS,Reduced,Best,Best,1,1,3,mfjs07.txt, -0.2, 73865, 300,8.322
ILS,Reduced,Best,Best,1,1,3,mfjs08.txt, -0.2, 74561, 300,4.195
ILS,Reduced,Best,Best,1,1,3,mfjs09.txt, -0.2, 87917, 300,218.228
ILS,Reduced,Best,Best,1,1,3,MK01.txt, -0.2, 3041, 300,149.689
ILS,Reduced,Best,Best,1,1,3,mfjs10.txt, -0.2, 98134, 300,91.389
ILS,Reduced,Best,Best,1,1,3,MK02.txt, -0.2, 2118, 300,268.087
ILS,Reduced,Best,Best,1,1,3,MK03.txt, -0.2, 14781, 300.002,0.467
ILS,Reduced,Best,Best,1,1,3,MK05.txt, -0.2, 10923, 300.006,149.74
ILS,Reduced,Best,Best,1,1,3,MK04.txt, -0.2, 4483, 300.007,31.889
ILS,Reduced,Best,Best,1,1,3,MK06.txt, -0.2, 4373, 300.008,173.89
ILS,Reduced,Best,Best,1,1,3,MK08.txt, -0.2, 29771, 300.015,154.048
ILS,Reduced,Best,Best,1,1,3,MK07.txt, -0.2, 9478, 300.039,261.616
ILS,Reduced,Best,Best,1,1,3,MK09.txt, -0.2, 20366, 300.006,92.964
ILS,Reduced,Best,Best,1,1,3,sfjs01.txt, -0.2, 6328, 300,0
ILS,Reduced,Best,Best,1,1,3,sfjs02.txt, -0.2, 9872, 300,0
ILS,Reduced,Best,Best,1,1,3,MK10.txt, -0.2, 13803, 300.008,249.387
ILS,Reduced,Best,Best,1,1,3,sfjs03.txt, -0.2, 19281, 300,0
ILS,Reduced,Best,Best,1,1,3,MK13.txt, -0.2, 26174, 300.005,271.92
ILS,Reduced,Best,Best,1,1,3,sfjs04.txt, -0.2, 31553, 300,0
ILS,Reduced,Best,Best,1,1,3,MK12.txt, -0.2, 31514, 300.026,42.501
ILS,Reduced,Best,Best,1,1,3,MK11.txt, -0.2, 35984, 300.036,33.474
ILS,Reduced,Best,Best,1,1,3,MK14.txt, -0.2, 39843, 300.067,155.973
ILS,Reduced,Best,Best,1,1,3,MK15.txt, -0.2, 23648, 300.121,81.046
ILS,Reduced,Best,Best,1,1,3,sfjs05.txt, -0.2, 10198, 300,0
ILS,Reduced,Best,Best,1,1,3,sfjs06.txt, -0.2, 28024, 300,0
ILS,Reduced,Best,Best,1,1,3,sfjs07.txt, -0.2, 36075, 300,0
ILS,Reduced,Best,Best,1,1,3,sfjs08.txt, -0.2, 22515, 300,0
ILS,Reduced,Best,Best,1,1,3,sfjs09.txt, -0.2, 17552, 300,0.001
ILS,Reduced,Best,Best,1,1,3,sfjs10.txt, -0.2, 47323, 300,0
ILS,Reduced,Best,Best,1,1,3,mfjs01.txt, -0.3, 40508, 300,0.021
ILS,Reduced,Best,Best,1,1,3,mfjs02.txt, -0.3, 38996, 300,0.046
ILS,Reduced,Best,Best,1,1,3,mfjs03.txt, -0.3, 41318, 300,0.037
ILS,Reduced,Best,Best,1,1,3,mfjs04.txt, -0.3, 44869, 300,1.658
ILS,Reduced,Best,Best,1,1,3,mfjs05.txt, -0.3, 44376, 300,0.025
ILS,Reduced,Best,Best,1,1,3,mfjs07.txt, -0.3, 69086, 300,6.153
ILS,Reduced,Best,Best,1,1,3,mfjs06.txt, -0.3, 53618, 300,1.523
ILS,Reduced,Best,Best,1,1,3,mfjs08.txt, -0.3, 68362, 300,178.757
ILS,Reduced,Best,Best,1,1,3,mfjs09.txt, -0.3, 80816, 300,12.943
ILS,Reduced,Best,Best,1,1,3,mfjs10.txt, -0.3, 89233, 300.002,239.738
ILS,Reduced,Best,Best,1,1,3,MK01.txt, -0.3, 2621, 300.001,161.846
ILS,Reduced,Best,Best,1,1,3,MK02.txt, -0.3, 1920, 300.001,1.418
ILS,Reduced,Best,Best,1,1,3,MK03.txt, -0.3, 12439, 300,13.301
ILS,Reduced,Best,Best,1,1,3,MK04.txt, -0.3, 3892, 300.002,184.15
ILS,Reduced,Best,Best,1,1,3,MK06.txt, -0.3, 3644, 300,51.66
ILS,Reduced,Best,Best,1,1,3,MK05.txt, -0.3, 8693, 300.009,21.127
ILS,Reduced,Best,Best,1,1,3,MK14.txt, -0.3, 30539, 300,114.117
ILS,Reduced,Best,Best,1,1,3,sfjs01.txt, -0.3, 6206, 300,0
ILS,Reduced,Best,Best,1,1,3,MK12.txt, -0.3, 25115, 300.003,118.946
ILS,Reduced,Best,Best,1,1,3,sfjs02.txt, -0.3, 9498, 300,0
ILS,Reduced,Best,Best,1,1,3,MK13.txt, -0.3, 21213, 300.01,231.596
ILS,Reduced,Best,Best,1,1,3,MK15.txt, -0.3, 19811, 300.012,26.635
ILS,Reduced,Best,Best,1,1,3,MK07.txt, -0.3, 7881, 300.021,263.015
ILS,Reduced,Best,Best,1,1,3,MK09.txt, -0.3, 16793, 300.028,127.661
ILS,Reduced,Best,Best,1,1,3,MK08.txt, -0.3, 23253, 300.041,183.1
ILS,Reduced,Best,Best,1,1,3,MK11.txt, -0.3, 27625, 300.047,41.743
ILS,Reduced,Best,Best,1,1,3,MK10.txt, -0.3, 11210, 300.085,167.381
ILS,Reduced,Best,Best,1,1,3,sfjs03.txt, -0.3, 18062, 300,0
ILS,Reduced,Best,Best,1,1,3,sfjs04.txt, -0.3, 29852, 300,0
ILS,Reduced,Best,Best,1,1,3,sfjs05.txt, -0.3, 9465, 300,0
ILS,Reduced,Best,Best,1,1,3,sfjs06.txt, -0.3, 26281, 300,0
ILS,Reduced,Best,Best,1,1,3,sfjs07.txt, -0.3, 34443, 300,0
ILS,Reduced,Best,Best,1,1,3,sfjs08.txt, -0.3, 21309, 300,0
ILS,Reduced,Best,Best,1,1,3,sfjs09.txt, -0.3, 15973, 300,0.002
ILS,Reduced,Best,Best,1,1,3,sfjs10.txt, -0.3, 45450, 300,0
ILS,Reduced,Best,Best,1,1,3,mfjs01.txt, -0.1, 45306, 300,0.006
ILS,Reduced,Best,Best,1,1,3,mfjs02.txt, -0.1, 42986, 300,0.002
ILS,Reduced,Best,Best,1,1,3,mfjs03.txt, -0.1, 45331, 300,0.018
ILS,Reduced,Best,Best,1,1,3,mfjs04.txt, -0.1, 52012, 300,0.162
ILS,Reduced,Best,Best,1,1,3,mfjs05.txt, -0.1, 47630, 300,0.04
ILS,Reduced,Best,Best,1,1,3,mfjs06.txt, -0.1, 59523, 300,1.995
ILS,Reduced,Best,Best,1,1,3,mfjs07.txt, -0.1, 80877, 300,22.408
ILS,Reduced,Best,Best,1,1,3,mfjs08.txt, -0.1, 81161, 300,28.69
ILS,Reduced,Best,Best,1,1,3,mfjs09.txt, -0.1, 97189, 300,10.654
ILS,Reduced,Best,Best,1,1,3,mfjs10.txt, -0.1, 108804, 300,181.112
ILS,Reduced,Best,Best,1,1,3,MK02.txt, -0.1, 2347, 300,215.815
ILS,Reduced,Best,Best,1,1,3,MK01.txt, -0.1, 3507, 300.001,175.388
ILS,Reduced,Best,Best,1,1,3,MK03.txt, -0.1, 17316, 300.007,2.067
ILS,Reduced,Best,Best,1,1,3,MK04.txt, -0.1, 5173, 300.008,6.727
ILS,Reduced,Best,Best,1,1,3,MK06.txt, -0.1, 5067, 300.001,203.842
ILS,Reduced,Best,Best,1,1,3,MK07.txt, -0.1, 11501, 300.007,127.057
ILS,Reduced,Best,Best,1,1,3,MK12.txt, -0.1, 39881, 300.002,196.425
ILS,Reduced,Best,Best,1,1,3,MK05.txt, -0.1, 13697, 300.013,56.677
ILS,Reduced,Best,Best,1,1,3,MK08.txt, -0.1, 38981, 300.011,148.424
ILS,Reduced,Best,Best,1,1,3,MK15.txt, -0.1, 28323, 300.007,288.817
ILS,Reduced,Best,Best,1,1,3,MK14.txt, -0.1, 52356, 300.015,190.192
ILS,Reduced,Best,Best,1,1,3,MK09.txt, -0.1, 24981, 300.027,95.005
ILS,Reduced,Best,Best,1,1,3,MK10.txt, -0.1, 16836, 300.03,155.285
ILS,Reduced,Best,Best,1,1,3,MK13.txt, -0.1, 32639, 300.068,190.905
ILS,Reduced,Best,Best,1,1,3,MK11.txt, -0.1, 46897, 300.096,46.23
ILS,Reduced,Best,Best,1,1,3,sfjs01.txt, -0.1, 6459, 300,0
ILS,Reduced,Best,Best,1,1,3,sfjs02.txt, -0.1, 10271, 300,0
ILS,Reduced,Best,Best,1,1,3,sfjs03.txt, -0.1, 20623, 300,0
ILS,Reduced,Best,Best,1,1,3,sfjs04.txt, -0.1, 33429, 300,0
ILS,Reduced,Best,Best,1,1,3,sfjs05.txt, -0.1, 11006, 300,0
ILS,Reduced,Best,Best,1,1,3,sfjs06.txt, -0.1, 29926, 300,0
ILS,Reduced,Best,Best,1,1,3,sfjs07.txt, -0.1, 37824, 300,0
ILS,Reduced,Best,Best,1,1,3,sfjs08.txt, -0.1, 23842, 300,0.001
ILS,Reduced,Best,Best,1,1,3,sfjs09.txt, -0.1, 19406, 300,0
ILS,Reduced,Best,Best,1,1,3,sfjs10.txt, -0.1, 49368, 300,0
ILS,Reduced,Best,Best,1,1,3,mfjs01.txt, -0.2, 43208, 300,0.022
ILS,Reduced,Best,Best,1,1,3,mfjs02.txt, -0.2, 41273, 300,0.164
ILS,Reduced,Best,Best,1,1,3,mfjs03.txt, -0.2, 43412, 300,0.027
ILS,Reduced,Best,Best,1,1,3,mfjs04.txt, -0.2, 47717, 300,0.784
ILS,Reduced,Best,Best,1,1,3,mfjs05.txt, -0.2, 45670, 300,0.006
ILS,Reduced,Best,Best,1,1,3,mfjs06.txt, -0.2, 56743, 300,6.539
ILS,Reduced,Best,Best,1,1,3,mfjs07.txt, -0.2, 73865, 300,0.135
ILS,Reduced,Best,Best,1,1,3,mfjs08.txt, -0.2, 74561, 300,56.647
ILS,Reduced,Best,Best,1,1,3,mfjs10.txt, -0.2, 97929, 300,227.349
ILS,Reduced,Best,Best,1,1,3,mfjs09.txt, -0.2, 87820, 300,196.775
ILS,Reduced,Best,Best,1,1,3,MK01.txt, -0.2, 3041, 300,2.715
ILS,Reduced,Best,Best,1,1,3,MK02.txt, -0.2, 2118, 300.003,5.169
ILS,Reduced,Best,Best,1,1,3,MK04.txt, -0.2, 4483, 300.002,34.411
ILS,Reduced,Best,Best,1,1,3,MK03.txt, -0.2, 14781, 300.004,1.172
ILS,Reduced,Best,Best,1,1,3,MK06.txt, -0.2, 4353, 300.003,212.846
ILS,Reduced,Best,Best,1,1,3,MK07.txt, -0.2, 9427, 300.003,70.092
ILS,Reduced,Best,Best,1,1,3,MK08.txt, -0.2, 29750, 300.003,240.941
ILS,Reduced,Best,Best,1,1,3,MK05.txt, -0.2, 10886, 300.01,38.521
ILS,Reduced,Best,Best,1,1,3,MK10.txt, -0.2, 13754, 300.006,199.554
ILS,Reduced,Best,Best,1,1,3,MK12.txt, -0.2, 31517, 300.004,196.741
ILS,Reduced,Best,Best,1,1,3,MK11.txt, -0.2, 35921, 300.01,71.459
ILS,Reduced,Best,Best,1,1,3,MK09.txt, -0.2, 20411, 300.033,181.191
ILS,Reduced,Best,Best,1,1,3,MK13.txt, -0.2, 26327, 300.04,72.076
ILS,Reduced,Best,Best,1,1,3,sfjs01.txt, -0.2, 6328, 300,0
ILS,Reduced,Best,Best,1,1,3,sfjs02.txt, -0.2, 9872, 300,0
ILS,Reduced,Best,Best,1,1,3,MK15.txt, -0.2, 23473, 300.001,299.167
ILS,Reduced,Best,Best,1,1,3,sfjs03.txt, -0.2, 19281, 300,0
ILS,Reduced,Best,Best,1,1,3,sfjs04.txt, -0.2, 31553, 300,0
ILS,Reduced,Best,Best,1,1,3,sfjs05.txt, -0.2, 10198, 300,0
ILS,Reduced,Best,Best,1,1,3,sfjs06.txt, -0.2, 28024, 300,0
ILS,Reduced,Best,Best,1,1,3,sfjs07.txt, -0.2, 36075, 300,0
ILS,Reduced,Best,Best,1,1,3,sfjs08.txt, -0.2, 22515, 300,0
ILS,Reduced,Best,Best,1,1,3,sfjs09.txt, -0.2, 17552, 300,0
ILS,Reduced,Best,Best,1,1,3,MK14.txt, -0.2, 39814, 300.014,120.562
ILS,Reduced,Best,Best,1,1,3,sfjs10.txt, -0.2, 47323, 300,0
ILS,Reduced,Best,Best,1,1,3,mfjs01.txt, -0.3, 40508, 300,0.014
ILS,Reduced,Best,Best,1,1,3,mfjs02.txt, -0.3, 38996, 300,0.028
ILS,Reduced,Best,Best,1,1,3,mfjs03.txt, -0.3, 41318, 300,0.309
ILS,Reduced,Best,Best,1,1,3,mfjs04.txt, -0.3, 44869, 300,0.879
ILS,Reduced,Best,Best,1,1,3,mfjs05.txt, -0.3, 44376, 300,0.345
ILS,Reduced,Best,Best,1,1,3,mfjs06.txt, -0.3, 53618, 300,3.014
ILS,Reduced,Best,Best,1,1,3,mfjs08.txt, -0.3, 68053, 300,147.02
ILS,Reduced,Best,Best,1,1,3,mfjs07.txt, -0.3, 69086, 300.001,1.026
ILS,Reduced,Best,Best,1,1,3,mfjs09.txt, -0.3, 80653, 300,146.724
ILS,Reduced,Best,Best,1,1,3,mfjs10.txt, -0.3, 89416, 300.002,147.495
ILS,Reduced,Best,Best,1,1,3,MK02.txt, -0.3, 1920, 300,21.89
ILS,Reduced,Best,Best,1,1,3,MK01.txt, -0.3, 2618, 300.001,155.526
ILS,Reduced,Best,Best,1,1,3,MK04.txt, -0.3, 3884, 300.001,81.342
ILS,Reduced,Best,Best,1,1,3,MK03.txt, -0.3, 12439, 300.003,5.249
ILS,Reduced,Best,Best,1,1,3,MK06.txt, -0.3, 3623, 300.001,261.005
ILS,Reduced,Best,Best,1,1,3,MK08.txt, -0.3, 23273, 300,137.895
ILS,Reduced,Best,Best,1,1,3,MK07.txt, -0.3, 7938, 300.008,72.514
ILS,Reduced,Best,Best,1,1,3,MK05.txt, -0.3, 8739, 300.011,36.211
ILS,Reduced,Best,Best,1,1,3,MK11.txt, -0.3, 27597, 300.005,75.862
ILS,Reduced,Best,Best,1,1,3,MK10.txt, -0.3, 11103, 300.012,206.619
ILS,Reduced,Best,Best,1,1,3,MK09.txt, -0.3, 16769, 300.035,133.271
ILS,Reduced,Best,Best,1,1,3,MK12.txt, -0.3, 25118, 300.001,120.456
ILS,Reduced,Best,Best,1,1,3,sfjs01.txt, -0.3, 6206, 300,0
ILS,Reduced,Best,Best,1,1,3,sfjs02.txt, -0.3, 9498, 300,0
ILS,Reduced,Best,Best,1,1,3,sfjs03.txt, -0.3, 18062, 300,0
ILS,Reduced,Best,Best,1,1,3,sfjs04.txt, -0.3, 29852, 300,0
ILS,Reduced,Best,Best,1,1,3,sfjs05.txt, -0.3, 9465, 300,0
ILS,Reduced,Best,Best,1,1,3,sfjs06.txt, -0.3, 26281, 300,0
ILS,Reduced,Best,Best,1,1,3,sfjs07.txt, -0.3, 34443, 300,0
ILS,Reduced,Best,Best,1,1,3,MK15.txt, -0.3, 19899, 300.01,29.086
ILS,Reduced,Best,Best,1,1,3,MK13.txt, -0.3, 21460, 300.035,298.246
ILS,Reduced,Best,Best,1,1,3,MK14.txt, -0.3, 30634, 300.035,35.525
ILS,Reduced,Best,Best,1,1,3,sfjs08.txt, -0.3, 21309, 300,0.001
ILS,Reduced,Best,Best,1,1,3,sfjs09.txt, -0.3, 15973, 300,0
ILS,Reduced,Best,Best,1,1,3,sfjs10.txt, -0.3, 45450, 300,0
ILS,Reduced,Best,Best,1,1,3,mfjs01.txt, -0.1, 45306, 300,0.002
ILS,Reduced,Best,Best,1,1,3,mfjs02.txt, -0.1, 42986, 300,0.015
ILS,Reduced,Best,Best,1,1,3,mfjs03.txt, -0.1, 45331, 300,0.018
ILS,Reduced,Best,Best,1,1,3,mfjs04.txt, -0.1, 52012, 300,1.527
ILS,Reduced,Best,Best,1,1,3,mfjs05.txt, -0.1, 47630, 300,0.06
ILS,Reduced,Best,Best,1,1,3,mfjs06.txt, -0.1, 59523, 300,2.931
ILS,Reduced,Best,Best,1,1,3,mfjs07.txt, -0.1, 80877, 300,4.409
ILS,Reduced,Best,Best,1,1,3,mfjs08.txt, -0.1, 80305, 300,197.375
ILS,Reduced,Best,Best,1,1,3,mfjs09.txt, -0.1, 97128, 300.001,156.966
ILS,Reduced,Best,Best,1,1,3,mfjs10.txt, -0.1, 107536, 300,48.445
ILS,Reduced,Best,Best,1,1,3,MK01.txt, -0.1, 3507, 300,70.288
ILS,Reduced,Best,Best,1,1,3,MK02.txt, -0.1, 2348, 300,4.451
ILS,Reduced,Best,Best,1,1,3,MK04.txt, -0.1, 5173, 300.002,12.685
ILS,Reduced,Best,Best,1,1,3,MK05.txt, -0.1, 13734, 300.002,32.907
ILS,Reduced,Best,Best,1,1,3,MK03.txt, -0.1, 17316, 300.004,0.405
ILS,Reduced,Best,Best,1,1,3,MK07.txt, -0.1, 11584, 300.002,27.834
ILS,Reduced,Best,Best,1,1,3,MK06.txt, -0.1, 5034, 300.003,153.116
ILS,Reduced,Best,Best,1,1,3,MK08.txt, -0.1, 38998, 300.003,173.966
ILS,Reduced,Best,Best,1,1,3,MK09.txt, -0.1, 24949, 300.034,84.296
ILS,Reduced,Best,Best,1,1,3,sfjs01.txt, -0.1, 6459, 300,0
ILS,Reduced,Best,Best,1,1,3,sfjs02.txt, -0.1, 10271, 300,0
ILS,Reduced,Best,Best,1,1,3,sfjs03.txt, -0.1, 20623, 300,0
ILS,Reduced,Best,Best,1,1,3,MK13.txt, -0.1, 32997, 300.006,255.047
ILS,Reduced,Best,Best,1,1,3,MK12.txt, -0.1, 39869, 300.006,45.896
ILS,Reduced,Best,Best,1,1,3,sfjs04.txt, -0.1, 33429, 300,0
ILS,Reduced,Best,Best,1,1,3,sfjs05.txt, -0.1, 11006, 300,0
ILS,Reduced,Best,Best,1,1,3,MK11.txt, -0.1, 46768, 300.01,49.721
ILS,Reduced,Best,Best,1,1,3,MK14.txt, -0.1, 52373, 300.013,198.67
ILS,Reduced,Best,Best,1,1,3,MK15.txt, -0.1, 28603, 300.029,121.992
ILS,Reduced,Best,Best,1,1,3,MK10.txt, -0.1, 16705, 300.067,109.682
ILS,Reduced,Best,Best,1,1,3,sfjs06.txt, -0.1, 29926, 300,0
ILS,Reduced,Best,Best,1,1,3,sfjs07.txt, -0.1, 37824, 300,0
ILS,Reduced,Best,Best,1,1,3,sfjs08.txt, -0.1, 23842, 300,0
ILS,Reduced,Best,Best,1,1,3,sfjs09.txt, -0.1, 19406, 300,0
ILS,Reduced,Best,Best,1,1,3,sfjs10.txt, -0.1, 49368, 300,0
ILS,Reduced,Best,Best,1,1,3,mfjs01.txt, -0.2, 43208, 300,0.005
ILS,Reduced,Best,Best,1,1,3,mfjs02.txt, -0.2, 41273, 300,0.003
ILS,Reduced,Best,Best,1,1,3,mfjs03.txt, -0.2, 43412, 300,0.04
ILS,Reduced,Best,Best,1,1,3,mfjs04.txt, -0.2, 47717, 300,0.573
ILS,Reduced,Best,Best,1,1,3,mfjs05.txt, -0.2, 45670, 300,0.189
ILS,Reduced,Best,Best,1,1,3,mfjs06.txt, -0.2, 56743, 300,11.832
ILS,Reduced,Best,Best,1,1,3,mfjs07.txt, -0.2, 73865, 300,1.366
ILS,Reduced,Best,Best,1,1,3,mfjs08.txt, -0.2, 74561, 300,27.214
ILS,Reduced,Best,Best,1,1,3,mfjs09.txt, -0.2, 87970, 300,30.294
ILS,Reduced,Best,Best,1,1,3,mfjs10.txt, -0.2, 97929, 300.001,217.538
ILS,Reduced,Best,Best,1,1,3,MK01.txt, -0.2, 3041, 300,5.159
ILS,Reduced,Best,Best,1,1,3,MK02.txt, -0.2, 2118, 300,100.584
ILS,Reduced,Best,Best,1,1,3,MK04.txt, -0.2, 4484, 300.002,96.205
ILS,Reduced,Best,Best,1,1,3,MK05.txt, -0.2, 10876, 300.001,108.444
ILS,Reduced,Best,Best,1,1,3,MK06.txt, -0.2, 4374, 300.001,290.223
ILS,Reduced,Best,Best,1,1,3,MK03.txt, -0.2, 14781, 300.007,0.575
ILS,Reduced,Best,Best,1,1,3,MK07.txt, -0.2, 9427, 300.016,28.07
ILS,Reduced,Best,Best,1,1,3,sfjs01.txt, -0.2, 6328, 300,0
ILS,Reduced,Best,Best,1,1,3,sfjs02.txt, -0.2, 9872, 300,0
ILS,Reduced,Best,Best,1,1,3,sfjs03.txt, -0.2, 19281, 300,0
ILS,Reduced,Best,Best,1,1,3,MK08.txt, -0.2, 29770, 300.011,71.511
ILS,Reduced,Best,Best,1,1,3,MK11.txt, -0.2, 35864, 300.01,274.41
ILS,Reduced,Best,Best,1,1,3,MK12.txt, -0.2, 31543, 300.008,111.799
ILS,Reduced,Best,Best,1,1,3,MK14.txt, -0.2, 39846, 300.012,271.504
ILS,Reduced,Best,Best,1,1,3,MK13.txt, -0.2, 26402, 300.016,62.579
ILS,Reduced,Best,Best,1,1,3,MK09.txt, -0.2, 20370, 300.022,96.862
ILS,Reduced,Best,Best,1,1,3,MK10.txt, -0.2, 13777, 300.029,242.794
ILS,Reduced,Best,Best,1,1,3,MK15.txt, -0.2, 23659, 300.064,248.697
ILS,Reduced,Best,Best,1,1,3,sfjs04.txt, -0.2, 31553, 300,0
ILS,Reduced,Best,Best,1,1,3,sfjs05.txt, -0.2, 10198, 300,0
ILS,Reduced,Best,Best,1,1,3,sfjs06.txt, -0.2, 28024, 300,0
ILS,Reduced,Best,Best,1,1,3,sfjs07.txt, -0.2, 36075, 300,0
ILS,Reduced,Best,Best,1,1,3,sfjs08.txt, -0.2, 22515, 300,0
ILS,Reduced,Best,Best,1,1,3,sfjs09.txt, -0.2, 17552, 300,0.001
ILS,Reduced,Best,Best,1,1,3,sfjs10.txt, -0.2, 47323, 300,0
ILS,Reduced,Best,Best,1,1,3,mfjs01.txt, -0.3, 40508, 300,0.033
ILS,Reduced,Best,Best,1,1,3,mfjs02.txt, -0.3, 38996, 300,0.002
ILS,Reduced,Best,Best,1,1,3,mfjs03.txt, -0.3, 41318, 300,0.01
ILS,Reduced,Best,Best,1,1,3,mfjs04.txt, -0.3, 44869, 300,1.37
ILS,Reduced,Best,Best,1,1,3,mfjs05.txt, -0.3, 44376, 300,0.003
ILS,Reduced,Best,Best,1,1,3,mfjs06.txt, -0.3, 53618, 300,10.203
ILS,Reduced,Best,Best,1,1,3,mfjs07.txt, -0.3, 69086, 300,5.303
ILS,Reduced,Best,Best,1,1,3,mfjs08.txt, -0.3, 68053, 300,265.153
ILS,Reduced,Best,Best,1,1,3,mfjs09.txt, -0.3, 80596, 300,261.318
ILS,Reduced,Best,Best,1,1,3,MK01.txt, -0.3, 2618, 300,6.541
ILS,Reduced,Best,Best,1,1,3,mfjs10.txt, -0.3, 89188, 300.002,285.285
ILS,Reduced,Best,Best,1,1,3,MK03.txt, -0.3, 12439, 300.002,2.811
ILS,Reduced,Best,Best,1,1,3,MK05.txt, -0.3, 8682, 300,298.956
ILS,Reduced,Best,Best,1,1,3,MK04.txt, -0.3, 3899, 300.001,258.661
ILS,Reduced,Best,Best,1,1,3,MK02.txt, -0.3, 1920, 300.009,2.699
ILS,Reduced,Best,Best,1,1,3,MK06.txt, -0.3, 3612, 300.002,279.183
ILS,Reduced,Best,Best,1,1,3,MK12.txt, -0.3, 25104, 300,47.842
ILS,Reduced,Best,Best,1,1,3,sfjs01.txt, -0.3, 6206, 300,0
ILS,Reduced,Best,Best,1,1,3,MK07.txt, -0.3, 7916, 300.011,270.287
ILS,Reduced,Best,Best,1,1,3,MK15.txt, -0.3, 19791, 300.002,62.27
ILS,Reduced,Best,Best,1,1,3,MK08.txt, -0.3, 23266, 300.02,146.67
ILS,Reduced,Best,Best,1,1,3,MK14.txt, -0.3, 30567, 300.014,297.351
ILS,Reduced,Best,Best,1,1,3,MK09.txt, -0.3, 16770, 300.025,90.19
ILS,Reduced,Best,Best,1,1,3,MK13.txt, -0.3, 21301, 300.023,199.403
ILS,Reduced,Best,Best,1,1,3,MK10.txt, -0.3, 11083, 300.037,265.22
ILS,Reduced,Best,Best,1,1,3,MK11.txt, -0.3, 27503, 300.096,110.893
ILS,Reduced,Best,Best,1,1,3,sfjs02.txt, -0.3, 9498, 300,0
ILS,Reduced,Best,Best,1,1,3,sfjs05.txt, -0.3, 9465, 300,0
ILS,Reduced,Best,Best,1,1,3,sfjs03.txt, -0.3, 18062, 300.002,0
ILS,Reduced,Best,Best,1,1,3,sfjs06.txt, -0.3, 26281, 300,0
ILS,Reduced,Best,Best,1,1,3,sfjs07.txt, -0.3, 34443, 300,0
ILS,Reduced,Best,Best,1,1,3,sfjs08.txt, -0.3, 21309, 300,0
ILS,Reduced,Best,Best,1,1,3,sfjs04.txt, -0.3, 29852, 300.006,0
ILS,Reduced,Best,Best,1,1,3,sfjs09.txt, -0.3, 15973, 300,0.002
ILS,Reduced,Best,Best,1,1,3,sfjs10.txt, -0.3, 45450, 300,0
