ILS,Reduced,Best,Best,1,2,4,mfjs01.txt, -0.1, 45306, 300,0.023
ILS,Reduced,Best,Best,1,2,4,mfjs02.txt, -0.1, 42986, 300,0.004
ILS,Reduced,Best,Best,1,2,4,mfjs03.txt, -0.1, 45331, 300,0.022
ILS,Reduced,Best,Best,1,2,4,mfjs04.txt, -0.1, 52012, 300,0.681
ILS,Reduced,Best,Best,1,2,4,mfjs05.txt, -0.1, 47630, 300,0.588
ILS,Reduced,Best,Best,1,2,4,mfjs06.txt, -0.1, 59523, 300,15.162
ILS,Reduced,Best,Best,1,2,4,mfjs07.txt, -0.1, 80877, 300.002,171.561
ILS,Reduced,Best,Best,1,2,4,mfjs08.txt, -0.1, 81442, 300.002,287.435
ILS,Reduced,Best,Best,1,2,4,mfjs09.txt, -0.1, 97492, 300.005,88.574
ILS,Reduced,Best,Best,1,2,4,mfjs10.txt, -0.1, 111111, 300.002,238.945
ILS,Reduced,Best,Best,1,2,4,MK01.txt, -0.1, 3529, 300,80.927
ILS,Reduced,Best,Best,1,2,4,MK02.txt, -0.1, 2348, 300.005,19.102
ILS,Reduced,Best,Best,1,2,4,MK04.txt, -0.1, 5191, 300.004,238.444
ILS,Reduced,Best,Best,1,2,4,MK07.txt, -0.1, 11591, 300.002,275.055
ILS,Reduced,Best,Best,1,2,4,MK06.txt, -0.1, 5161, 300.007,200.218
ILS,Reduced,Best,Best,1,2,4,MK11.txt, -0.1, 46862, 300.003,196.085
ILS,Reduced,Best,Best,1,2,4,MK03.txt, -0.1, 17316, 300.024,6.329
ILS,Reduced,Best,Best,1,2,4,MK05.txt, -0.1, 13784, 300.079,87.202
ILS,Reduced,Best,Best,1,2,4,MK08.txt, -0.1, 39039, 300.076,266.51
ILS,Reduced,Best,Best,1,2,4,MK09.txt, -0.1, 24963, 300.263,225.796
ILS,Reduced,Best,Best,1,2,4,MK10.txt, -0.1, 17835, 300.488,189.49
ILS,Reduced,Best,Best,1,2,4,sfjs01.txt, -0.1, 6459, 300,0
ILS,Reduced,Best,Best,1,2,4,sfjs02.txt, -0.1, 10271, 300,0
ILS,Reduced,Best,Best,1,2,4,sfjs03.txt, -0.1, 20623, 300,0
ILS,Reduced,Best,Best,1,2,4,sfjs04.txt, -0.1, 33429, 300,0
ILS,Reduced,Best,Best,1,2,4,sfjs05.txt, -0.1, 11006, 300,0
ILS,Reduced,Best,Best,1,2,4,sfjs06.txt, -0.1, 29926, 300,0
ILS,Reduced,Best,Best,1,2,4,sfjs07.txt, -0.1, 37824, 300,0
ILS,Reduced,Best,Best,1,2,4,MK14.txt, -0.1, 52402, 300.039,297.066
ILS,Reduced,Best,Best,1,2,4,MK12.txt, -0.1, 39908, 300.09,114.952
ILS,Reduced,Best,Best,1,2,4,MK13.txt, -0.1, 33036, 300.606,187.914
ILS,Reduced,Best,Best,1,2,4,MK15.txt, -0.1, 29280, 302.37,122.559
ILS,Reduced,Best,Best,1,2,4,sfjs08.txt, -0.1, 23842, 300,0.001
ILS,Reduced,Best,Best,1,2,4,sfjs09.txt, -0.1, 19406, 300,0
ILS,Reduced,Best,Best,1,2,4,sfjs10.txt, -0.1, 49368, 300,0
ILS,Reduced,Best,Best,1,2,4,mfjs01.txt, -0.2, 43208, 300,0.017
ILS,Reduced,Best,Best,1,2,4,mfjs02.txt, -0.2, 41273, 300,0.087
ILS,Reduced,Best,Best,1,2,4,mfjs03.txt, -0.2, 43412, 300,0.118
ILS,Reduced,Best,Best,1,2,4,mfjs04.txt, -0.2, 47717, 300,2.246
ILS,Reduced,Best,Best,1,2,4,mfjs05.txt, -0.2, 45670, 300,0.112
ILS,Reduced,Best,Best,1,2,4,mfjs06.txt, -0.2, 56743, 300,11.479
ILS,Reduced,Best,Best,1,2,4,mfjs08.txt, -0.2, 74561, 300.001,159.976
ILS,Reduced,Best,Best,1,2,4,mfjs07.txt, -0.2, 73865, 300.003,17.649
ILS,Reduced,Best,Best,1,2,4,mfjs10.txt, -0.2, 97980, 300.004,282.413
ILS,Reduced,Best,Best,1,2,4,MK01.txt, -0.2, 3041, 300.005,38.089
ILS,Reduced,Best,Best,1,2,4,mfjs09.txt, -0.2, 89471, 300.009,243.751
ILS,Reduced,Best,Best,1,2,4,MK02.txt, -0.2, 2118, 300.01,76.084
ILS,Reduced,Best,Best,1,2,4,MK08.txt, -0.2, 29785, 300.012,200.868
ILS,Reduced,Best,Best,1,2,4,MK04.txt, -0.2, 4484, 300.022,293.221
ILS,Reduced,Best,Best,1,2,4,MK07.txt, -0.2, 9469, 300.029,239.206
ILS,Reduced,Best,Best,1,2,4,MK03.txt, -0.2, 14781, 300.035,17.141
ILS,Reduced,Best,Best,1,2,4,MK05.txt, -0.2, 10927, 300.046,163.08
ILS,Reduced,Best,Best,1,2,4,MK06.txt, -0.2, 4377, 300.092,207.798
ILS,Reduced,Best,Best,1,2,4,MK09.txt, -0.2, 20668, 300.11,237.043
ILS,Reduced,Best,Best,1,2,4,sfjs01.txt, -0.2, 6328, 300,0
ILS,Reduced,Best,Best,1,2,4,sfjs02.txt, -0.2, 9872, 300,0
ILS,Reduced,Best,Best,1,2,4,sfjs03.txt, -0.2, 19281, 300,0
ILS,Reduced,Best,Best,1,2,4,sfjs04.txt, -0.2, 31553, 300,0
ILS,Reduced,Best,Best,1,2,4,sfjs05.txt, -0.2, 10198, 300,0
ILS,Reduced,Best,Best,1,2,4,MK12.txt, -0.2, 31556, 300.034,193.605
ILS,Reduced,Best,Best,1,2,4,MK11.txt, -0.2, 35966, 300.186,2.424
ILS,Reduced,Best,Best,1,2,4,MK15.txt, -0.2, 24801, 300.211,157.316
ILS,Reduced,Best,Best,1,2,4,MK13.txt, -0.2, 26724, 300.359,228.564
ILS,Reduced,Best,Best,1,2,4,MK14.txt, -0.2, 40016, 300.463,206.087
ILS,Reduced,Best,Best,1,2,4,MK10.txt, -0.2, 14102, 301.075,262.588
ILS,Reduced,Best,Best,1,2,4,sfjs06.txt, -0.2, 28024, 300,0
ILS,Reduced,Best,Best,1,2,4,sfjs07.txt, -0.2, 36075, 300,0
ILS,Reduced,Best,Best,1,2,4,sfjs08.txt, -0.2, 22515, 300,0.001
ILS,Reduced,Best,Best,1,2,4,sfjs09.txt, -0.2, 17552, 300,0
ILS,Reduced,Best,Best,1,2,4,sfjs10.txt, -0.2, 47323, 300,0
ILS,Reduced,Best,Best,1,2,4,mfjs01.txt, -0.3, 40508, 300,0.012
ILS,Reduced,Best,Best,1,2,4,mfjs02.txt, -0.3, 38996, 300,0.008
ILS,Reduced,Best,Best,1,2,4,mfjs03.txt, -0.3, 41318, 300,0.24
ILS,Reduced,Best,Best,1,2,4,mfjs04.txt, -0.3, 44869, 300,1.676
ILS,Reduced,Best,Best,1,2,4,mfjs06.txt, -0.3, 53618, 300,23.611
ILS,Reduced,Best,Best,1,2,4,mfjs05.txt, -0.3, 44376, 300.002,0.025
ILS,Reduced,Best,Best,1,2,4,mfjs07.txt, -0.3, 69086, 300.001,1.003
ILS,Reduced,Best,Best,1,2,4,mfjs09.txt, -0.3, 80983, 300.002,166.375
ILS,Reduced,Best,Best,1,2,4,mfjs08.txt, -0.3, 68053, 300.005,58.652
ILS,Reduced,Best,Best,1,2,4,MK01.txt, -0.3, 2618, 300.003,113.175
ILS,Reduced,Best,Best,1,2,4,MK06.txt, -0.3, 3742, 300,151.043
ILS,Reduced,Best,Best,1,2,4,MK02.txt, -0.3, 1920, 300.007,8.915
ILS,Reduced,Best,Best,1,2,4,MK03.txt, -0.3, 12439, 300.009,2.148
ILS,Reduced,Best,Best,1,2,4,mfjs10.txt, -0.3, 89660, 300.015,106.578
ILS,Reduced,Best,Best,1,2,4,MK05.txt, -0.3, 8735, 300.008,136.993
ILS,Reduced,Best,Best,1,2,4,MK04.txt, -0.3, 3897, 300.019,140.045
ILS,Reduced,Best,Best,1,2,4,MK07.txt, -0.3, 7980, 300.032,183.098
ILS,Reduced,Best,Best,1,2,4,sfjs01.txt, -0.3, 6206, 300,0
ILS,Reduced,Best,Best,1,2,4,sfjs02.txt, -0.3, 9498, 300,0
ILS,Reduced,Best,Best,1,2,4,sfjs03.txt, -0.3, 18062, 300,0
ILS,Reduced,Best,Best,1,2,4,MK12.txt, -0.3, 25243, 300.035,184.079
ILS,Reduced,Best,Best,1,2,4,MK08.txt, -0.3, 23250, 300.088,135.761
ILS,Reduced,Best,Best,1,2,4,MK14.txt, -0.3, 30882, 300.115,153.735
ILS,Reduced,Best,Best,1,2,4,MK11.txt, -0.3, 27660, 300.138,79.146
ILS,Reduced,Best,Best,1,2,4,MK13.txt, -0.3, 22200, 300.152,248.751
ILS,Reduced,Best,Best,1,2,4,MK09.txt, -0.3, 17246, 300.176,297.12
ILS,Reduced,Best,Best,1,2,4,MK15.txt, -0.3, 20610, 300.472,268.196
ILS,Reduced,Best,Best,1,2,4,MK10.txt, -0.3, 11753, 300.951,284.127
ILS,Reduced,Best,Best,1,2,4,sfjs04.txt, -0.3, 29852, 300,0
ILS,Reduced,Best,Best,1,2,4,sfjs05.txt, -0.3, 9465, 300,0
ILS,Reduced,Best,Best,1,2,4,sfjs06.txt, -0.3, 26281, 300,0
ILS,Reduced,Best,Best,1,2,4,sfjs07.txt, -0.3, 34443, 300,0
ILS,Reduced,Best,Best,1,2,4,sfjs08.txt, -0.3, 21309, 300,0
ILS,Reduced,Best,Best,1,2,4,sfjs09.txt, -0.3, 15973, 300,0.001
ILS,Reduced,Best,Best,1,2,4,sfjs10.txt, -0.3, 45450, 300,0
ILS,Reduced,Best,Best,1,2,4,mfjs01.txt, -0.1, 45306, 300,0.014
ILS,Reduced,Best,Best,1,2,4,mfjs02.txt, -0.1, 42986, 300,0.029
ILS,Reduced,Best,Best,1,2,4,mfjs03.txt, -0.1, 45331, 300,0.016
ILS,Reduced,Best,Best,1,2,4,mfjs04.txt, -0.1, 52012, 300,0.302
ILS,Reduced,Best,Best,1,2,4,mfjs06.txt, -0.1, 59523, 300,18.415
ILS,Reduced,Best,Best,1,2,4,mfjs05.txt, -0.1, 47630, 300.001,0.346
ILS,Reduced,Best,Best,1,2,4,mfjs07.txt, -0.1, 80877, 300.001,20.367
ILS,Reduced,Best,Best,1,2,4,mfjs08.txt, -0.1, 81161, 300,27.699
ILS,Reduced,Best,Best,1,2,4,mfjs09.txt, -0.1, 98009, 300.003,115.119
ILS,Reduced,Best,Best,1,2,4,MK01.txt, -0.1, 3529, 300,28.53
ILS,Reduced,Best,Best,1,2,4,mfjs10.txt, -0.1, 107511, 300.005,6.996
ILS,Reduced,Best,Best,1,2,4,MK04.txt, -0.1, 5281, 300.002,74.343
ILS,Reduced,Best,Best,1,2,4,MK05.txt, -0.1, 13749, 300.003,227.35
ILS,Reduced,Best,Best,1,2,4,MK02.txt, -0.1, 2348, 300.017,12.167
ILS,Reduced,Best,Best,1,2,4,MK03.txt, -0.1, 17316, 300.173,5.113
ILS,Reduced,Best,Best,1,2,4,MK07.txt, -0.1, 11596, 300.002,159.108
ILS,Reduced,Best,Best,1,2,4,sfjs01.txt, -0.1, 6459, 300,0
ILS,Reduced,Best,Best,1,2,4,MK08.txt, -0.1, 39042, 300.024,285.543
ILS,Reduced,Best,Best,1,2,4,MK09.txt, -0.1, 25642, 300.036,280.509
ILS,Reduced,Best,Best,1,2,4,MK06.txt, -0.1, 5229, 300.055,271.65
ILS,Reduced,Best,Best,1,2,4,MK12.txt, -0.1, 39882, 300.17,203.675
ILS,Reduced,Best,Best,1,2,4,MK14.txt, -0.1, 52428, 300.233,160.573
ILS,Reduced,Best,Best,1,2,4,MK10.txt, -0.1, 17546, 300.343,295.36
ILS,Reduced,Best,Best,1,2,4,MK15.txt, -0.1, 29200, 300.355,250.213
ILS,Reduced,Best,Best,1,2,4,MK11.txt, -0.1, 47062, 300.373,250.86
ILS,Reduced,Best,Best,1,2,4,MK13.txt, -0.1, 33831, 300.515,254.319
ILS,Reduced,Best,Best,1,2,4,sfjs02.txt, -0.1, 10271, 300,0
ILS,Reduced,Best,Best,1,2,4,sfjs03.txt, -0.1, 20623, 300,0
ILS,Reduced,Best,Best,1,2,4,sfjs04.txt, -0.1, 33429, 300,0
ILS,Reduced,Best,Best,1,2,4,sfjs05.txt, -0.1, 11006, 300,0
ILS,Reduced,Best,Best,1,2,4,sfjs06.txt, -0.1, 29926, 300,0
ILS,Reduced,Best,Best,1,2,4,sfjs07.txt, -0.1, 37824, 300,0
ILS,Reduced,Best,Best,1,2,4,sfjs08.txt, -0.1, 23842, 300,0
ILS,Reduced,Best,Best,1,2,4,sfjs09.txt, -0.1, 19406, 300,0
ILS,Reduced,Best,Best,1,2,4,sfjs10.txt, -0.1, 49368, 300,0
ILS,Reduced,Best,Best,1,2,4,mfjs01.txt, -0.2, 43208, 300,0.048
ILS,Reduced,Best,Best,1,2,4,mfjs02.txt, -0.2, 41273, 300,0.041
ILS,Reduced,Best,Best,1,2,4,mfjs03.txt, -0.2, 43412, 300,0.23
ILS,Reduced,Best,Best,1,2,4,mfjs04.txt, -0.2, 47717, 300,19.08
ILS,Reduced,Best,Best,1,2,4,mfjs05.txt, -0.2, 45670, 300.001,0.063
ILS,Reduced,Best,Best,1,2,4,mfjs06.txt, -0.2, 56743, 300,6.507
ILS,Reduced,Best,Best,1,2,4,mfjs07.txt, -0.2, 73865, 300,17.703
ILS,Reduced,Best,Best,1,2,4,mfjs08.txt, -0.2, 75032, 300.003,85.227
ILS,Reduced,Best,Best,1,2,4,mfjs09.txt, -0.2, 90266, 300.005,114.967
ILS,Reduced,Best,Best,1,2,4,mfjs10.txt, -0.2, 98978, 300.008,69.112
ILS,Reduced,Best,Best,1,2,4,MK01.txt, -0.2, 3041, 300.015,51.916
ILS,Reduced,Best,Best,1,2,4,MK02.txt, -0.2, 2118, 300.021,127.284
ILS,Reduced,Best,Best,1,2,4,MK03.txt, -0.2, 14781, 300.022,1.818
ILS,Reduced,Best,Best,1,2,4,MK04.txt, -0.2, 4483, 300.002,97.648
ILS,Reduced,Best,Best,1,2,4,MK05.txt, -0.2, 11004, 300.038,233.097
ILS,Reduced,Best,Best,1,2,4,MK07.txt, -0.2, 9520, 300.045,127.757
ILS,Reduced,Best,Best,1,2,4,MK09.txt, -0.2, 21541, 300.048,161.64
ILS,Reduced,Best,Best,1,2,4,MK08.txt, -0.2, 29794, 300.085,200.589
ILS,Reduced,Best,Best,1,2,4,MK12.txt, -0.2, 31578, 300.098,291.649
ILS,Reduced,Best,Best,1,2,4,MK10.txt, -0.2, 14948, 300.127,288.158
ILS,Reduced,Best,Best,1,2,4,MK06.txt, -0.2, 4386, 300.176,183.844
ILS,Reduced,Best,Best,1,2,4,MK14.txt, -0.2, 39857, 300.191,185.837
ILS,Reduced,Best,Best,1,2,4,MK11.txt, -0.2, 35984, 300.476,131.685
ILS,Reduced,Best,Best,1,2,4,MK13.txt, -0.2, 26355, 300.862,285.853
ILS,Reduced,Best,Best,1,2,4,sfjs01.txt, -0.2, 6328, 300,0
ILS,Reduced,Best,Best,1,2,4,sfjs02.txt, -0.2, 9872, 300,0
ILS,Reduced,Best,Best,1,2,4,sfjs03.txt, -0.2, 19281, 300,0
ILS,Reduced,Best,Best,1,2,4,sfjs04.txt, -0.2, 31553, 300,0
ILS,Reduced,Best,Best,1,2,4,sfjs05.txt, -0.2, 10198, 300,0
ILS,Reduced,Best,Best,1,2,4,sfjs06.txt, -0.2, 28024, 300,0
ILS,Reduced,Best,Best,1,2,4,sfjs07.txt, -0.2, 36075, 300,0
ILS,Reduced,Best,Best,1,2,4,sfjs08.txt, -0.2, 22515, 300,0
ILS,Reduced,Best,Best,1,2,4,sfjs09.txt, -0.2, 17552, 300,0
ILS,Reduced,Best,Best,1,2,4,sfjs10.txt, -0.2, 47323, 300,0
ILS,Reduced,Best,Best,1,2,4,MK15.txt, -0.2, 24493, 301.226,247.377
ILS,Reduced,Best,Best,1,2,4,mfjs01.txt, -0.3, 40508, 300,0.018
ILS,Reduced,Best,Best,1,2,4,mfjs02.txt, -0.3, 38996, 300,0.003
ILS,Reduced,Best,Best,1,2,4,mfjs03.txt, -0.3, 41318, 300,0.476
ILS,Reduced,Best,Best,1,2,4,mfjs05.txt, -0.3, 44376, 300,0.075
ILS,Reduced,Best,Best,1,2,4,mfjs06.txt, -0.3, 53618, 300,6.187
ILS,Reduced,Best,Best,1,2,4,mfjs04.txt, -0.3, 44869, 300.004,0.252
ILS,Reduced,Best,Best,1,2,4,mfjs07.txt, -0.3, 69086, 300,12.29
ILS,Reduced,Best,Best,1,2,4,mfjs09.txt, -0.3, 81681, 300.001,243.812
ILS,Reduced,Best,Best,1,2,4,mfjs10.txt, -0.3, 89533, 300.001,182.226
ILS,Reduced,Best,Best,1,2,4,mfjs08.txt, -0.3, 68053, 300.004,165.571
ILS,Reduced,Best,Best,1,2,4,MK01.txt, -0.3, 2618, 300.002,107.494
ILS,Reduced,Best,Best,1,2,4,MK04.txt, -0.3, 3904, 300.009,9.731
ILS,Reduced,Best,Best,1,2,4,MK05.txt, -0.3, 8755, 300.018,27.197
ILS,Reduced,Best,Best,1,2,4,MK02.txt, -0.3, 1920, 300.025,30.335
ILS,Reduced,Best,Best,1,2,4,MK06.txt, -0.3, 3753, 300.022,188.081
ILS,Reduced,Best,Best,1,2,4,MK07.txt, -0.3, 7980, 300.023,186.336
ILS,Reduced,Best,Best,1,2,4,MK08.txt, -0.3, 23308, 300.049,71.254
ILS,Reduced,Best,Best,1,2,4,MK09.txt, -0.3, 17121, 300.057,259.931
ILS,Reduced,Best,Best,1,2,4,MK12.txt, -0.3, 25192, 300.076,86.461
ILS,Reduced,Best,Best,1,2,4,MK11.txt, -0.3, 27714, 300.122,265.522
ILS,Reduced,Best,Best,1,2,4,MK03.txt, -0.3, 12439, 300.318,0.946
ILS,Reduced,Best,Best,1,2,4,MK10.txt, -0.3, 11786, 300.697,300.697
ILS,Reduced,Best,Best,1,2,4,sfjs01.txt, -0.3, 6206, 300,0
ILS,Reduced,Best,Best,1,2,4,sfjs02.txt, -0.3, 9498, 300,0
ILS,Reduced,Best,Best,1,2,4,sfjs03.txt, -0.3, 18062, 300,0
ILS,Reduced,Best,Best,1,2,4,sfjs04.txt, -0.3, 29852, 300,0
ILS,Reduced,Best,Best,1,2,4,sfjs05.txt, -0.3, 9465, 300,0
ILS,Reduced,Best,Best,1,2,4,sfjs06.txt, -0.3, 26281, 300,0
ILS,Reduced,Best,Best,1,2,4,sfjs07.txt, -0.3, 34443, 300,0
ILS,Reduced,Best,Best,1,2,4,sfjs08.txt, -0.3, 21309, 300,0
ILS,Reduced,Best,Best,1,2,4,MK14.txt, -0.3, 30646, 300.07,185.955
ILS,Reduced,Best,Best,1,2,4,MK15.txt, -0.3, 20193, 300.07,250.714
ILS,Reduced,Best,Best,1,2,4,MK13.txt, -0.3, 22095, 300.692,85.367
ILS,Reduced,Best,Best,1,2,4,sfjs09.txt, -0.3, 15973, 300,0
ILS,Reduced,Best,Best,1,2,4,sfjs10.txt, -0.3, 45450, 300,0
ILS,Reduced,Best,Best,1,2,4,mfjs01.txt, -0.1, 45306, 300,0.004
ILS,Reduced,Best,Best,1,2,4,mfjs02.txt, -0.1, 42986, 300,0.077
ILS,Reduced,Best,Best,1,2,4,mfjs03.txt, -0.1, 45331, 300,0.16
ILS,Reduced,Best,Best,1,2,4,mfjs04.txt, -0.1, 52012, 300.001,3.194
ILS,Reduced,Best,Best,1,2,4,mfjs05.txt, -0.1, 47630, 300,0.027
ILS,Reduced,Best,Best,1,2,4,mfjs06.txt, -0.1, 59523, 300.001,0.619
ILS,Reduced,Best,Best,1,2,4,mfjs07.txt, -0.1, 80877, 300,60.711
ILS,Reduced,Best,Best,1,2,4,mfjs09.txt, -0.1, 98078, 300.002,209.604
ILS,Reduced,Best,Best,1,2,4,mfjs08.txt, -0.1, 81649, 300.004,25.649
ILS,Reduced,Best,Best,1,2,4,MK02.txt, -0.1, 2348, 300,148.579
ILS,Reduced,Best,Best,1,2,4,MK01.txt, -0.1, 3507, 300.004,37.022
ILS,Reduced,Best,Best,1,2,4,MK03.txt, -0.1, 17316, 300.004,2.742
ILS,Reduced,Best,Best,1,2,4,MK04.txt, -0.1, 5224, 300.008,181.543
ILS,Reduced,Best,Best,1,2,4,MK05.txt, -0.1, 13712, 300.015,38.467
ILS,Reduced,Best,Best,1,2,4,MK10.txt, -0.1, 17586, 300.011,299.059
ILS,Reduced,Best,Best,1,2,4,mfjs10.txt, -0.1, 110432, 300.025,257.7
ILS,Reduced,Best,Best,1,2,4,MK06.txt, -0.1, 5068, 300.034,230.584
ILS,Reduced,Best,Best,1,2,4,MK07.txt, -0.1, 11366, 300.079,293.536
ILS,Reduced,Best,Best,1,2,4,MK08.txt, -0.1, 39028, 300.099,255.239
ILS,Reduced,Best,Best,1,2,4,MK09.txt, -0.1, 26617, 301.476,88.973
ILS,Reduced,Best,Best,1,2,4,MK14.txt, -0.1, 52407, 300.002,53.373
ILS,Reduced,Best,Best,1,2,4,sfjs01.txt, -0.1, 6459, 300,0
ILS,Reduced,Best,Best,1,2,4,sfjs02.txt, -0.1, 10271, 300,0
ILS,Reduced,Best,Best,1,2,4,sfjs03.txt, -0.1, 20623, 300,0
ILS,Reduced,Best,Best,1,2,4,sfjs04.txt, -0.1, 33429, 300,0
ILS,Reduced,Best,Best,1,2,4,sfjs05.txt, -0.1, 11006, 300,0
ILS,Reduced,Best,Best,1,2,4,sfjs06.txt, -0.1, 29926, 300,0
ILS,Reduced,Best,Best,1,2,4,MK11.txt, -0.1, 46953, 300.019,49.195
ILS,Reduced,Best,Best,1,2,4,MK15.txt, -0.1, 29348, 300.055,250.549
ILS,Reduced,Best,Best,1,2,4,MK12.txt, -0.1, 39911, 300.064,226.219
ILS,Reduced,Best,Best,1,2,4,MK13.txt, -0.1, 33900, 300.572,252.273
ILS,Reduced,Best,Best,1,2,4,sfjs07.txt, -0.1, 37824, 300,0
ILS,Reduced,Best,Best,1,2,4,sfjs08.txt, -0.1, 23842, 300,0
ILS,Reduced,Best,Best,1,2,4,sfjs09.txt, -0.1, 19406, 300,0
ILS,Reduced,Best,Best,1,2,4,sfjs10.txt, -0.1, 49368, 300,0
ILS,Reduced,Best,Best,1,2,4,mfjs01.txt, -0.2, 43208, 300,0.013
ILS,Reduced,Best,Best,1,2,4,mfjs02.txt, -0.2, 41273, 300,0.123
ILS,Reduced,Best,Best,1,2,4,mfjs03.txt, -0.2, 43412, 300,0.003
ILS,Reduced,Best,Best,1,2,4,mfjs04.txt, -0.2, 47717, 300,13.253
ILS,Reduced,Best,Best,1,2,4,mfjs05.txt, -0.2, 45670, 300,0.014
ILS,Reduced,Best,Best,1,2,4,mfjs06.txt, -0.2, 56743, 300.001,27.407
ILS,Reduced,Best,Best,1,2,4,mfjs07.txt, -0.2, 73865, 300.003,73.476
ILS,Reduced,Best,Best,1,2,4,mfjs08.txt, -0.2, 75032, 300.002,2.553
ILS,Reduced,Best,Best,1,2,4,mfjs09.txt, -0.2, 89964, 300.002,146.012
ILS,Reduced,Best,Best,1,2,4,mfjs10.txt, -0.2, 98114, 300.002,126.725
ILS,Reduced,Best,Best,1,2,4,MK01.txt, -0.2, 3041, 300.003,1.511
ILS,Reduced,Best,Best,1,2,4,MK04.txt, -0.2, 4484, 300.001,163.188
ILS,Reduced,Best,Best,1,2,4,MK05.txt, -0.2, 10909, 300.005,94.698
ILS,Reduced,Best,Best,1,2,4,MK02.txt, -0.2, 2118, 300.012,162.821
ILS,Reduced,Best,Best,1,2,4,MK07.txt, -0.2, 9554, 300.02,210.441
ILS,Reduced,Best,Best,1,2,4,MK03.txt, -0.2, 14781, 300.052,3.451
ILS,Reduced,Best,Best,1,2,4,MK08.txt, -0.2, 29797, 300.054,243.584
ILS,Reduced,Best,Best,1,2,4,MK06.txt, -0.2, 4377, 300.14,118.936
ILS,Reduced,Best,Best,1,2,4,sfjs01.txt, -0.2, 6328, 300,0
ILS,Reduced,Best,Best,1,2,4,sfjs02.txt, -0.2, 9872, 300,0
ILS,Reduced,Best,Best,1,2,4,sfjs03.txt, -0.2, 19281, 300,0
ILS,Reduced,Best,Best,1,2,4,sfjs04.txt, -0.2, 31553, 300,0
ILS,Reduced,Best,Best,1,2,4,MK13.txt, -0.2, 26733, 300.08,214.091
ILS,Reduced,Best,Best,1,2,4,MK11.txt, -0.2, 36064, 300.101,7.195
ILS,Reduced,Best,Best,1,2,4,MK10.txt, -0.2, 14006, 300.13,258.289
ILS,Reduced,Best,Best,1,2,4,MK09.txt, -0.2, 21254, 300.134,253.038
ILS,Reduced,Best,Best,1,2,4,MK14.txt, -0.2, 39894, 300.153,123.505
ILS,Reduced,Best,Best,1,2,4,MK12.txt, -0.2, 31531, 300.18,208.811
ILS,Reduced,Best,Best,1,2,4,MK15.txt, -0.2, 24595, 300.615,206.166
ILS,Reduced,Best,Best,1,2,4,sfjs05.txt, -0.2, 10198, 300,0
ILS,Reduced,Best,Best,1,2,4,sfjs06.txt, -0.2, 28024, 300,0
ILS,Reduced,Best,Best,1,2,4,sfjs07.txt, -0.2, 36075, 300,0
ILS,Reduced,Best,Best,1,2,4,sfjs08.txt, -0.2, 22515, 300,0.002
ILS,Reduced,Best,Best,1,2,4,sfjs09.txt, -0.2, 17552, 300,0.002
ILS,Reduced,Best,Best,1,2,4,sfjs10.txt, -0.2, 47323, 300,0
ILS,Reduced,Best,Best,1,2,4,mfjs02.txt, -0.3, 38996, 300,0.011
ILS,Reduced,Best,Best,1,2,4,mfjs01.txt, -0.3, 40508, 300.002,0.024
ILS,Reduced,Best,Best,1,2,4,mfjs03.txt, -0.3, 41318, 300,0.041
ILS,Reduced,Best,Best,1,2,4,mfjs04.txt, -0.3, 44869, 300,1.824
ILS,Reduced,Best,Best,1,2,4,mfjs05.txt, -0.3, 44376, 300,0.792
ILS,Reduced,Best,Best,1,2,4,mfjs06.txt, -0.3, 53618, 300,0.216
ILS,Reduced,Best,Best,1,2,4,mfjs08.txt, -0.3, 68515, 300,15.042
ILS,Reduced,Best,Best,1,2,4,mfjs09.txt, -0.3, 80653, 300,5.327
ILS,Reduced,Best,Best,1,2,4,mfjs07.txt, -0.3, 69086, 300.003,14.82
ILS,Reduced,Best,Best,1,2,4,MK01.txt, -0.3, 2621, 300.004,22.122
ILS,Reduced,Best,Best,1,2,4,MK05.txt, -0.3, 8758, 300.003,59.104
ILS,Reduced,Best,Best,1,2,4,MK02.txt, -0.3, 1920, 300.008,29.547
ILS,Reduced,Best,Best,1,2,4,mfjs10.txt, -0.3, 89660, 300.012,252.119
ILS,Reduced,Best,Best,1,2,4,MK04.txt, -0.3, 3904, 300.016,143.505
ILS,Reduced,Best,Best,1,2,4,MK03.txt, -0.3, 12439, 300.023,11.34
ILS,Reduced,Best,Best,1,2,4,MK06.txt, -0.3, 3643, 300.085,236.208
ILS,Reduced,Best,Best,1,2,4,sfjs01.txt, -0.3, 6206, 300,0
ILS,Reduced,Best,Best,1,2,4,sfjs02.txt, -0.3, 9498, 300,0
ILS,Reduced,Best,Best,1,2,4,MK07.txt, -0.3, 8006, 300.013,13.172
ILS,Reduced,Best,Best,1,2,4,MK09.txt, -0.3, 17882, 300.035,203.834
ILS,Reduced,Best,Best,1,2,4,MK08.txt, -0.3, 23310, 300.068,299.229
ILS,Reduced,Best,Best,1,2,4,MK14.txt, -0.3, 30649, 300.065,226.825
ILS,Reduced,Best,Best,1,2,4,MK12.txt, -0.3, 25206, 300.117,241.758
ILS,Reduced,Best,Best,1,2,4,MK13.txt, -0.3, 22823, 300.243,146.932
ILS,Reduced,Best,Best,1,2,4,MK11.txt, -0.3, 27831, 300.312,220.05
ILS,Reduced,Best,Best,1,2,4,MK10.txt, -0.3, 12320, 300.606,221.407
ILS,Reduced,Best,Best,1,2,4,MK15.txt, -0.3, 20603, 300.988,148.235
ILS,Reduced,Best,Best,1,2,4,sfjs03.txt, -0.3, 18062, 300,0
ILS,Reduced,Best,Best,1,2,4,sfjs04.txt, -0.3, 29852, 300,0
ILS,Reduced,Best,Best,1,2,4,sfjs05.txt, -0.3, 9465, 300,0
ILS,Reduced,Best,Best,1,2,4,sfjs06.txt, -0.3, 26281, 300,0
ILS,Reduced,Best,Best,1,2,4,sfjs07.txt, -0.3, 34443, 300,0
ILS,Reduced,Best,Best,1,2,4,sfjs08.txt, -0.3, 21309, 300,0
ILS,Reduced,Best,Best,1,2,4,sfjs09.txt, -0.3, 15973, 300,0
ILS,Reduced,Best,Best,1,2,4,sfjs10.txt, -0.3, 45450, 300,0
ILS,Reduced,Best,Best,1,2,4,mfjs01.txt, -0.1, 45306, 300,0.004
ILS,Reduced,Best,Best,1,2,4,mfjs02.txt, -0.1, 42986, 300,0.007
ILS,Reduced,Best,Best,1,2,4,mfjs03.txt, -0.1, 45331, 300,0.016
ILS,Reduced,Best,Best,1,2,4,mfjs04.txt, -0.1, 52012, 300,2.975
ILS,Reduced,Best,Best,1,2,4,mfjs05.txt, -0.1, 47630, 300,0.054
ILS,Reduced,Best,Best,1,2,4,mfjs06.txt, -0.1, 59523, 300,14.824
ILS,Reduced,Best,Best,1,2,4,mfjs07.txt, -0.1, 80877, 300.001,267.407
ILS,Reduced,Best,Best,1,2,4,mfjs08.txt, -0.1, 81307, 300.001,255.365
ILS,Reduced,Best,Best,1,2,4,mfjs10.txt, -0.1, 110001, 300.003,4.935
ILS,Reduced,Best,Best,1,2,4,mfjs09.txt, -0.1, 98078, 300.005,175.08
ILS,Reduced,Best,Best,1,2,4,MK02.txt, -0.1, 2348, 300.003,5.928
ILS,Reduced,Best,Best,1,2,4,MK01.txt, -0.1, 3529, 300.008,28.207
ILS,Reduced,Best,Best,1,2,4,MK03.txt, -0.1, 17316, 300.009,1.132
ILS,Reduced,Best,Best,1,2,4,MK04.txt, -0.1, 5209, 300.037,99.875
ILS,Reduced,Best,Best,1,2,4,MK08.txt, -0.1, 39070, 300.015,208.56
ILS,Reduced,Best,Best,1,2,4,MK05.txt, -0.1, 13747, 300.028,250.586
ILS,Reduced,Best,Best,1,2,4,MK06.txt, -0.1, 5175, 300.033,135.203
ILS,Reduced,Best,Best,1,2,4,MK10.txt, -0.1, 17865, 300.03,282.977
ILS,Reduced,Best,Best,1,2,4,MK07.txt, -0.1, 11629, 300.071,185.899
ILS,Reduced,Best,Best,1,2,4,MK12.txt, -0.1, 39926, 300.07,66.929
ILS,Reduced,Best,Best,1,2,4,MK09.txt, -0.1, 26183, 300.177,273.228
ILS,Reduced,Best,Best,1,2,4,MK11.txt, -0.1, 47130, 300.232,15.638
ILS,Reduced,Best,Best,1,2,4,MK13.txt, -0.1, 34141, 300.332,234.982
ILS,Reduced,Best,Best,1,2,4,MK14.txt, -0.1, 52367, 300.462,220.892
ILS,Reduced,Best,Best,1,2,4,MK15.txt, -0.1, 28493, 300.627,189.494
ILS,Reduced,Best,Best,1,2,4,sfjs01.txt, -0.1, 6459, 300,0
ILS,Reduced,Best,Best,1,2,4,sfjs02.txt, -0.1, 10271, 300,0
ILS,Reduced,Best,Best,1,2,4,sfjs03.txt, -0.1, 20623, 300,0
ILS,Reduced,Best,Best,1,2,4,sfjs04.txt, -0.1, 33429, 300,0
ILS,Reduced,Best,Best,1,2,4,sfjs05.txt, -0.1, 11006, 300,0
ILS,Reduced,Best,Best,1,2,4,sfjs06.txt, -0.1, 29926, 300,0
ILS,Reduced,Best,Best,1,2,4,sfjs07.txt, -0.1, 37824, 300,0
ILS,Reduced,Best,Best,1,2,4,sfjs08.txt, -0.1, 23842, 300,0.002
ILS,Reduced,Best,Best,1,2,4,sfjs09.txt, -0.1, 19406, 300,0
ILS,Reduced,Best,Best,1,2,4,sfjs10.txt, -0.1, 49368, 300,0
ILS,Reduced,Best,Best,1,2,4,mfjs01.txt, -0.2, 43208, 300,0.01
ILS,Reduced,Best,Best,1,2,4,mfjs02.txt, -0.2, 41273, 300,0.128
ILS,Reduced,Best,Best,1,2,4,mfjs03.txt, -0.2, 43412, 300,0.073
ILS,Reduced,Best,Best,1,2,4,mfjs04.txt, -0.2, 47717, 300,2.768
ILS,Reduced,Best,Best,1,2,4,mfjs05.txt, -0.2, 45670, 300,0.041
ILS,Reduced,Best,Best,1,2,4,mfjs06.txt, -0.2, 56743, 300,33.446
ILS,Reduced,Best,Best,1,2,4,mfjs08.txt, -0.2, 74561, 300,266.515
ILS,Reduced,Best,Best,1,2,4,mfjs07.txt, -0.2, 73865, 300.002,1.477
ILS,Reduced,Best,Best,1,2,4,mfjs09.txt, -0.2, 87676, 300.001,215.332
ILS,Reduced,Best,Best,1,2,4,MK01.txt, -0.2, 3041, 300.001,3.926
ILS,Reduced,Best,Best,1,2,4,mfjs10.txt, -0.2, 98678, 300.003,238.265
ILS,Reduced,Best,Best,1,2,4,MK02.txt, -0.2, 2119, 300.002,20.031
ILS,Reduced,Best,Best,1,2,4,MK04.txt, -0.2, 4483, 300.007,16.026
ILS,Reduced,Best,Best,1,2,4,MK10.txt, -0.2, 14436, 300.012,293.282
ILS,Reduced,Best,Best,1,2,4,MK05.txt, -0.2, 10916, 300.025,57.284
ILS,Reduced,Best,Best,1,2,4,MK03.txt, -0.2, 14781, 300.045,5.725
ILS,Reduced,Best,Best,1,2,4,MK08.txt, -0.2, 29816, 300.045,280.129
ILS,Reduced,Best,Best,1,2,4,MK07.txt, -0.2, 9469, 300.055,114.474
ILS,Reduced,Best,Best,1,2,4,MK12.txt, -0.2, 31610, 300.082,181.001
ILS,Reduced,Best,Best,1,2,4,MK06.txt, -0.2, 4378, 300.095,71.782
ILS,Reduced,Best,Best,1,2,4,MK11.txt, -0.2, 35934, 300.23,18.862
ILS,Reduced,Best,Best,1,2,4,MK09.txt, -0.2, 21587, 300.301,288.686
ILS,Reduced,Best,Best,1,2,4,MK13.txt, -0.2, 27743, 300.87,201.26
ILS,Reduced,Best,Best,1,2,4,sfjs01.txt, -0.2, 6328, 300,0
ILS,Reduced,Best,Best,1,2,4,sfjs02.txt, -0.2, 9872, 300,0
ILS,Reduced,Best,Best,1,2,4,sfjs03.txt, -0.2, 19281, 300,0
ILS,Reduced,Best,Best,1,2,4,sfjs04.txt, -0.2, 31553, 300,0
ILS,Reduced,Best,Best,1,2,4,sfjs05.txt, -0.2, 10198, 300,0
ILS,Reduced,Best,Best,1,2,4,sfjs06.txt, -0.2, 28024, 300,0.001
ILS,Reduced,Best,Best,1,2,4,sfjs07.txt, -0.2, 36075, 300,0
ILS,Reduced,Best,Best,1,2,4,sfjs08.txt, -0.2, 22515, 300,0.001
ILS,Reduced,Best,Best,1,2,4,sfjs09.txt, -0.2, 17552, 300,0
ILS,Reduced,Best,Best,1,2,4,MK14.txt, -0.2, 39940, 300.027,178.216
ILS,Reduced,Best,Best,1,2,4,MK15.txt, -0.2, 24479, 300.111,254.204
ILS,Reduced,Best,Best,1,2,4,sfjs10.txt, -0.2, 47323, 300,0
ILS,Reduced,Best,Best,1,2,4,mfjs01.txt, -0.3, 40508, 300,0.01
ILS,Reduced,Best,Best,1,2,4,mfjs02.txt, -0.3, 38996, 300,0.003
ILS,Reduced,Best,Best,1,2,4,mfjs03.txt, -0.3, 41318, 300,0.086
ILS,Reduced,Best,Best,1,2,4,mfjs04.txt, -0.3, 44869, 300,3.569
ILS,Reduced,Best,Best,1,2,4,mfjs05.txt, -0.3, 44376, 300,1.719
ILS,Reduced,Best,Best,1,2,4,mfjs06.txt, -0.3, 53618, 300,18.613
ILS,Reduced,Best,Best,1,2,4,mfjs08.txt, -0.3, 69021, 300,48.489
ILS,Reduced,Best,Best,1,2,4,mfjs07.txt, -0.3, 69086, 300.001,5.234
ILS,Reduced,Best,Best,1,2,4,mfjs10.txt, -0.3, 89652, 300.002,268.23
ILS,Reduced,Best,Best,1,2,4,mfjs09.txt, -0.3, 80897, 300.004,106.338
ILS,Reduced,Best,Best,1,2,4,MK01.txt, -0.3, 2665, 300.002,108.805
ILS,Reduced,Best,Best,1,2,4,MK04.txt, -0.3, 3904, 300.005,28.348
ILS,Reduced,Best,Best,1,2,4,MK02.txt, -0.3, 1920, 300.017,17.914
ILS,Reduced,Best,Best,1,2,4,MK07.txt, -0.3, 7980, 300.011,184.768
ILS,Reduced,Best,Best,1,2,4,MK05.txt, -0.3, 8771, 300.018,244.511
ILS,Reduced,Best,Best,1,2,4,MK03.txt, -0.3, 12439, 300.028,2.498
ILS,Reduced,Best,Best,1,2,4,MK11.txt, -0.3, 27525, 300.03,250.652
ILS,Reduced,Best,Best,1,2,4,MK08.txt, -0.3, 23287, 300.049,218.584
ILS,Reduced,Best,Best,1,2,4,MK06.txt, -0.3, 3804, 300.131,105.048
ILS,Reduced,Best,Best,1,2,4,MK10.txt, -0.3, 11753, 300.324,300.323
ILS,Reduced,Best,Best,1,2,4,MK09.txt, -0.3, 17615, 300.391,247.814
ILS,Reduced,Best,Best,1,2,4,MK12.txt, -0.3, 25192, 300.004,25.286
ILS,Reduced,Best,Best,1,2,4,sfjs01.txt, -0.3, 6206, 300,0
ILS,Reduced,Best,Best,1,2,4,sfjs02.txt, -0.3, 9498, 300,0
ILS,Reduced,Best,Best,1,2,4,sfjs03.txt, -0.3, 18062, 300,0
ILS,Reduced,Best,Best,1,2,4,sfjs04.txt, -0.3, 29852, 300,0
ILS,Reduced,Best,Best,1,2,4,sfjs05.txt, -0.3, 9465, 300,0
ILS,Reduced,Best,Best,1,2,4,sfjs06.txt, -0.3, 26281, 300,0
ILS,Reduced,Best,Best,1,2,4,sfjs07.txt, -0.3, 34443, 300,0
ILS,Reduced,Best,Best,1,2,4,MK14.txt, -0.3, 30672, 300.497,151.459
ILS,Reduced,Best,Best,1,2,4,MK13.txt, -0.3, 22240, 300.577,147.636
ILS,Reduced,Best,Best,1,2,4,MK15.txt, -0.3, 20271, 301.157,301.157
ILS,Reduced,Best,Best,1,2,4,sfjs08.txt, -0.3, 21309, 300,0
ILS,Reduced,Best,Best,1,2,4,sfjs09.txt, -0.3, 15973, 300,0
ILS,Reduced,Best,Best,1,2,4,sfjs10.txt, -0.3, 45450, 300,0
ILS,Reduced,Best,Best,1,2,4,mfjs01.txt, -0.1, 45306, 300,0.005
ILS,Reduced,Best,Best,1,2,4,mfjs02.txt, -0.1, 42986, 300,0.007
ILS,Reduced,Best,Best,1,2,4,mfjs03.txt, -0.1, 45331, 300,0.075
ILS,Reduced,Best,Best,1,2,4,mfjs04.txt, -0.1, 52012, 300,10.106
ILS,Reduced,Best,Best,1,2,4,mfjs05.txt, -0.1, 47630, 300,2.373
ILS,Reduced,Best,Best,1,2,4,mfjs06.txt, -0.1, 59523, 300.001,35.45
ILS,Reduced,Best,Best,1,2,4,mfjs07.txt, -0.1, 80877, 300,248.531
ILS,Reduced,Best,Best,1,2,4,mfjs08.txt, -0.1, 81307, 300.001,161.562
ILS,Reduced,Best,Best,1,2,4,mfjs09.txt, -0.1, 97986, 300.002,180.851
ILS,Reduced,Best,Best,1,2,4,MK01.txt, -0.1, 3529, 300.002,74.067
ILS,Reduced,Best,Best,1,2,4,mfjs10.txt, -0.1, 110711, 300.004,291.851
ILS,Reduced,Best,Best,1,2,4,MK02.txt, -0.1, 2348, 300.005,100.934
ILS,Reduced,Best,Best,1,2,4,MK08.txt, -0.1, 39074, 300.003,231.29
ILS,Reduced,Best,Best,1,2,4,MK05.txt, -0.1, 13783, 300.009,151.135
ILS,Reduced,Best,Best,1,2,4,MK03.txt, -0.1, 17316, 300.022,5.51
ILS,Reduced,Best,Best,1,2,4,MK04.txt, -0.1, 5194, 300.027,94.115
ILS,Reduced,Best,Best,1,2,4,MK06.txt, -0.1, 5164, 300.034,266.368
ILS,Reduced,Best,Best,1,2,4,MK07.txt, -0.1, 11603, 300.131,231.663
ILS,Reduced,Best,Best,1,2,4,MK09.txt, -0.1, 26717, 300.344,259.016
ILS,Reduced,Best,Best,1,2,4,sfjs01.txt, -0.1, 6459, 300,0
ILS,Reduced,Best,Best,1,2,4,sfjs02.txt, -0.1, 10271, 300,0
ILS,Reduced,Best,Best,1,2,4,sfjs03.txt, -0.1, 20623, 300,0
ILS,Reduced,Best,Best,1,2,4,sfjs04.txt, -0.1, 33429, 300,0
ILS,Reduced,Best,Best,1,2,4,sfjs05.txt, -0.1, 11006, 300,0
ILS,Reduced,Best,Best,1,2,4,MK11.txt, -0.1, 46959, 300.011,9.124
ILS,Reduced,Best,Best,1,2,4,MK14.txt, -0.1, 52413, 300.077,103.084
ILS,Reduced,Best,Best,1,2,4,MK10.txt, -0.1, 17175, 300.105,203.804
ILS,Reduced,Best,Best,1,2,4,MK12.txt, -0.1, 39924, 300.115,195.769
ILS,Reduced,Best,Best,1,2,4,MK13.txt, -0.1, 33247, 301.172,178.175
ILS,Reduced,Best,Best,1,2,4,MK15.txt, -0.1, 29259, 302.297,263.549
ILS,Reduced,Best,Best,1,2,4,sfjs06.txt, -0.1, 29926, 300,0
ILS,Reduced,Best,Best,1,2,4,sfjs07.txt, -0.1, 37824, 300,0
ILS,Reduced,Best,Best,1,2,4,sfjs08.txt, -0.1, 23842, 300,0.002
ILS,Reduced,Best,Best,1,2,4,sfjs09.txt, -0.1, 19406, 300,0
ILS,Reduced,Best,Best,1,2,4,sfjs10.txt, -0.1, 49368, 300,0
ILS,Reduced,Best,Best,1,2,4,mfjs01.txt, -0.2, 43208, 300,0.012
ILS,Reduced,Best,Best,1,2,4,mfjs02.txt, -0.2, 41273, 300,0.08
ILS,Reduced,Best,Best,1,2,4,mfjs03.txt, -0.2, 43412, 300,0.019
ILS,Reduced,Best,Best,1,2,4,mfjs04.txt, -0.2, 47717, 300,11.587
ILS,Reduced,Best,Best,1,2,4,mfjs05.txt, -0.2, 45670, 300,0.053
ILS,Reduced,Best,Best,1,2,4,mfjs06.txt, -0.2, 56743, 300,7.906
ILS,Reduced,Best,Best,1,2,4,mfjs07.txt, -0.2, 73865, 300,64.611
ILS,Reduced,Best,Best,1,2,4,mfjs08.txt, -0.2, 74561, 300.001,164.491
ILS,Reduced,Best,Best,1,2,4,mfjs09.txt, -0.2, 89991, 300.001,36.965
ILS,Reduced,Best,Best,1,2,4,MK04.txt, -0.2, 4483, 300.002,97.346
ILS,Reduced,Best,Best,1,2,4,mfjs10.txt, -0.2, 98497, 300.007,269.804
ILS,Reduced,Best,Best,1,2,4,MK01.txt, -0.2, 3041, 300.006,17.967
ILS,Reduced,Best,Best,1,2,4,MK02.txt, -0.2, 2119, 300.009,58.393
ILS,Reduced,Best,Best,1,2,4,MK05.txt, -0.2, 10926, 300.011,202.415
ILS,Reduced,Best,Best,1,2,4,MK03.txt, -0.2, 14781, 300.019,9.919
ILS,Reduced,Best,Best,1,2,4,MK07.txt, -0.2, 9511, 300.018,22.971
ILS,Reduced,Best,Best,1,2,4,MK06.txt, -0.2, 4433, 300.063,143.354
ILS,Reduced,Best,Best,1,2,4,MK08.txt, -0.2, 29783, 300,187.846
ILS,Reduced,Best,Best,1,2,4,sfjs01.txt, -0.2, 6328, 300,0
ILS,Reduced,Best,Best,1,2,4,sfjs02.txt, -0.2, 9872, 300,0
ILS,Reduced,Best,Best,1,2,4,sfjs03.txt, -0.2, 19281, 300,0
ILS,Reduced,Best,Best,1,2,4,MK11.txt, -0.2, 36262, 300.027,213.524
ILS,Reduced,Best,Best,1,2,4,MK10.txt, -0.2, 14015, 300.033,281.896
ILS,Reduced,Best,Best,1,2,4,MK12.txt, -0.2, 31567, 300.034,74.007
ILS,Reduced,Best,Best,1,2,4,MK14.txt, -0.2, 39888, 300.128,295.171
ILS,Reduced,Best,Best,1,2,4,MK09.txt, -0.2, 20630, 300.178,286.744
ILS,Reduced,Best,Best,1,2,4,MK15.txt, -0.2, 23937, 300.461,295.747
ILS,Reduced,Best,Best,1,2,4,MK13.txt, -0.2, 27372, 301.611,245.948
ILS,Reduced,Best,Best,1,2,4,sfjs04.txt, -0.2, 31553, 300,0
ILS,Reduced,Best,Best,1,2,4,sfjs05.txt, -0.2, 10198, 300,0
ILS,Reduced,Best,Best,1,2,4,sfjs06.txt, -0.2, 28024, 300,0
ILS,Reduced,Best,Best,1,2,4,sfjs07.txt, -0.2, 36075, 300,0
ILS,Reduced,Best,Best,1,2,4,sfjs08.txt, -0.2, 22515, 300,0.001
ILS,Reduced,Best,Best,1,2,4,sfjs09.txt, -0.2, 17552, 300,0.001
ILS,Reduced,Best,Best,1,2,4,sfjs10.txt, -0.2, 47323, 300,0
ILS,Reduced,Best,Best,1,2,4,mfjs01.txt, -0.3, 40508, 300,0.006
ILS,Reduced,Best,Best,1,2,4,mfjs02.txt, -0.3, 38996, 300,0.1
ILS,Reduced,Best,Best,1,2,4,mfjs03.txt, -0.3, 41318, 300,0.059
ILS,Reduced,Best,Best,1,2,4,mfjs04.txt, -0.3, 44869, 300,3.487
ILS,Reduced,Best,Best,1,2,4,mfjs06.txt, -0.3, 53618, 300,1.513
ILS,Reduced,Best,Best,1,2,4,mfjs05.txt, -0.3, 44376, 300,0.109
ILS,Reduced,Best,Best,1,2,4,mfjs07.txt, -0.3, 69086, 300,4.608
ILS,Reduced,Best,Best,1,2,4,mfjs08.txt, -0.3, 68362, 300.003,34.873
ILS,Reduced,Best,Best,1,2,4,MK01.txt, -0.3, 2618, 300.003,251.608
ILS,Reduced,Best,Best,1,2,4,MK02.txt, -0.3, 1920, 300.002,9.493
ILS,Reduced,Best,Best,1,2,4,mfjs09.txt, -0.3, 80653, 300.006,255.323
ILS,Reduced,Best,Best,1,2,4,mfjs10.txt, -0.3, 89746, 300.008,122.212
ILS,Reduced,Best,Best,1,2,4,MK04.txt, -0.3, 3904, 300.008,80.687
ILS,Reduced,Best,Best,1,2,4,MK05.txt, -0.3, 8712, 300.008,237.097
ILS,Reduced,Best,Best,1,2,4,MK03.txt, -0.3, 12439, 300.045,0.421
ILS,Reduced,Best,Best,1,2,4,sfjs01.txt, -0.3, 6206, 300,0
ILS,Reduced,Best,Best,1,2,4,MK07.txt, -0.3, 7938, 300.01,51.114
ILS,Reduced,Best,Best,1,2,4,MK11.txt, -0.3, 27749, 300.06,290.985
ILS,Reduced,Best,Best,1,2,4,MK08.txt, -0.3, 23296, 300.072,293.067
ILS,Reduced,Best,Best,1,2,4,MK06.txt, -0.3, 3714, 300.105,92.93
ILS,Reduced,Best,Best,1,2,4,MK12.txt, -0.3, 25138, 300.106,160.624
ILS,Reduced,Best,Best,1,2,4,MK14.txt, -0.3, 30650, 300.136,211.513
ILS,Reduced,Best,Best,1,2,4,MK10.txt, -0.3, 11961, 300.143,276.485
ILS,Reduced,Best,Best,1,2,4,MK15.txt, -0.3, 20257, 300.145,204.716
ILS,Reduced,Best,Best,1,2,4,MK13.txt, -0.3, 22427, 300.313,216.938
ILS,Reduced,Best,Best,1,2,4,MK09.txt, -0.3, 17795, 300.363,241.23
ILS,Reduced,Best,Best,1,2,4,sfjs03.txt, -0.3, 18062, 300,0
ILS,Reduced,Best,Best,1,2,4,sfjs02.txt, -0.3, 9498, 300.001,0
ILS,Reduced,Best,Best,1,2,4,sfjs04.txt, -0.3, 29852, 300,0
ILS,Reduced,Best,Best,1,2,4,sfjs05.txt, -0.3, 9465, 300,0
ILS,Reduced,Best,Best,1,2,4,sfjs06.txt, -0.3, 26281, 300,0
ILS,Reduced,Best,Best,1,2,4,sfjs07.txt, -0.3, 34443, 300,0
ILS,Reduced,Best,Best,1,2,4,sfjs08.txt, -0.3, 21309, 300,0.002
ILS,Reduced,Best,Best,1,2,4,sfjs09.txt, -0.3, 15973, 300,0
ILS,Reduced,Best,Best,1,2,4,sfjs10.txt, -0.3, 45450, 300,0
