GRASP,Reduced,Best,Best,1,0.5,DAFJS01.txt, -0.2, 22063, 300,1.713
GRASP,Reduced,Best,Best,1,0.5,DAFJS01.txt, -0.1, 24236, 300.002,50.129
GRASP,Reduced,Best,Best,1,0.5,DAFJS01.txt, -0.3, 19960, 300.002,0.258
GRASP,Reduced,Best,Best,1,0.5,DAFJS02.txt, -0.1, 26869, 300,0.278
GRASP,Reduced,Best,Best,1,0.5,DAFJS02.txt, -0.2, 24618, 300,0.617
GRASP,Reduced,Best,Best,1,0.5,DAFJS02.txt, -0.3, 22178, 300,0.45
GRASP,Reduced,Best,Best,1,0.5,DAFJS03.txt, -0.1, 50621, 300,281.96
GRASP,Reduced,Best,Best,1,0.5,DAFJS03.txt, -0.2, 44538, 300.004,130.334
GRASP,Reduced,Best,Best,1,0.5,DAFJS03.txt, -0.3, 39600, 300.007,234.293
GRASP,Reduced,Best,Best,1,0.5,DAFJS04.txt, -0.2, 44966, 300.001,270.024
GRASP,Reduced,Best,Best,1,0.5,DAFJS05.txt, -0.1, 36874, 300.005,95.647
GRASP,Reduced,Best,Best,1,0.5,DAFJS05.txt, -0.2, 31848, 300.004,89.583
GRASP,Reduced,Best,Best,1,0.5,DAFJS04.txt, -0.1, 51988, 300.009,17.561
GRASP,Reduced,Best,Best,1,0.5,DAFJS06.txt, -0.2, 31960, 300.002,4.619
GRASP,Reduced,Best,Best,1,0.5,DAFJS04.txt, -0.3, 39234, 300.008,135.608
GRASP,Reduced,Best,Best,1,0.5,DAFJS06.txt, -0.3, 27579, 300.002,235.728
GRASP,Reduced,Best,Best,1,0.5,DAFJS06.txt, -0.1, 36522, 300.006,102.28
GRASP,Reduced,Best,Best,1,0.5,DAFJS05.txt, -0.3, 27438, 300.008,18.196
GRASP,Reduced,Best,Best,1,0.5,DAFJS07.txt, -0.1, 46769, 300.011,16.779
GRASP,Reduced,Best,Best,1,0.5,DAFJS09.txt, -0.1, 41381, 300.003,26.49
GRASP,Reduced,Best,Best,1,0.5,DAFJS07.txt, -0.3, 36555, 300.009,252.014
GRASP,Reduced,Best,Best,1,0.5,DAFJS09.txt, -0.3, 31008, 300.006,59.066
GRASP,Reduced,Best,Best,1,0.5,DAFJS09.txt, -0.2, 35611, 300.007,157.751
GRASP,Reduced,Best,Best,1,0.5,DAFJS10.txt, -0.2, 38245, 300.008,275.671
GRASP,Reduced,Best,Best,1,0.5,DAFJS08.txt, -0.3, 39887, 300.021,161.291
GRASP,Reduced,Best,Best,1,0.5,DAFJS10.txt, -0.1, 45042, 300.017,133.202
GRASP,Reduced,Best,Best,1,0.5,DAFJS08.txt, -0.2, 46223, 300.049,75.679
GRASP,Reduced,Best,Best,1,0.5,DAFJS07.txt, -0.2, 41265, 300.059,246.518
GRASP,Reduced,Best,Best,1,0.5,DAFJS08.txt, -0.1, 53698, 300.111,102.448
GRASP,Reduced,Best,Best,1,0.5,DAFJS11.txt, -0.3, 42188, 300.001,116.172
GRASP,Reduced,Best,Best,1,0.5,DAFJS13.txt, -0.2, 45485, 300.001,105.311
GRASP,Reduced,Best,Best,1,0.5,DAFJS13.txt, -0.1, 54426, 300.004,262.409
GRASP,Reduced,Best,Best,1,0.5,DAFJS10.txt, -0.3, 31791, 300.019,293.341
GRASP,Reduced,Best,Best,1,0.5,DAFJS13.txt, -0.3, 38257, 300.019,122.307
GRASP,Reduced,Best,Best,1,0.5,DAFJS11.txt, -0.2, 50155, 300.05,247.91
GRASP,Reduced,Best,Best,1,0.5,DAFJS11.txt, -0.1, 58833, 300.106,244.625
GRASP,Reduced,Best,Best,1,0.5,DAFJS12.txt, -0.2, 48437, 300.155,292.316
GRASP,Reduced,Best,Best,1,0.5,DAFJS12.txt, -0.1, 56206, 300.195,88.152
GRASP,Reduced,Best,Best,1,0.5,DAFJS12.txt, -0.3, 41830, 300.196,85.773
GRASP,Reduced,Best,Best,1,0.5,DAFJS14.txt, -0.1, 61828, 300.002,29.392
GRASP,Reduced,Best,Best,1,0.5,DAFJS15.txt, -0.3, 43893, 300.015,163.548
GRASP,Reduced,Best,Best,1,0.5,DAFJS16.txt, -0.1, 64347, 300.019,32.912
GRASP,Reduced,Best,Best,1,0.5,DAFJS14.txt, -0.2, 51135, 300.063,229.712
GRASP,Reduced,Best,Best,1,0.5,DAFJS15.txt, -0.2, 51345, 300.06,196.382
GRASP,Reduced,Best,Best,1,0.5,DAFJS16.txt, -0.3, 45519, 300.058,188.744
GRASP,Reduced,Best,Best,1,0.5,DAFJS17.txt, -0.1, 64819, 300.059,39.428
GRASP,Reduced,Best,Best,1,0.5,DAFJS14.txt, -0.3, 43157, 300.072,37.946
GRASP,Reduced,Best,Best,1,0.5,DAFJS15.txt, -0.1, 60843, 300.077,147.281
GRASP,Reduced,Best,Best,1,0.5,DAFJS16.txt, -0.2, 54508, 300.2,263.48
GRASP,Reduced,Best,Best,1,0.5,DAFJS19.txt, -0.2, 41848, 300.005,175.592
GRASP,Reduced,Best,Best,1,0.5,DAFJS17.txt, -0.3, 44109, 300.021,232.862
GRASP,Reduced,Best,Best,1,0.5,DAFJS18.txt, -0.1, 66679, 300.02,213.461
GRASP,Reduced,Best,Best,1,0.5,DAFJS19.txt, -0.1, 46995, 300.026,2.813
GRASP,Reduced,Best,Best,1,0.5,DAFJS19.txt, -0.3, 36076, 300.03,245.462
GRASP,Reduced,Best,Best,1,0.5,DAFJS20.txt, -0.2, 50671, 300.045,229.645
GRASP,Reduced,Best,Best,1,0.5,DAFJS18.txt, -0.3, 46050, 300.054,283.61
GRASP,Reduced,Best,Best,1,0.5,DAFJS20.txt, -0.1, 60367, 300.053,40.05
GRASP,Reduced,Best,Best,1,0.5,DAFJS18.txt, -0.2, 55261, 300.065,208.019
GRASP,Reduced,Best,Best,1,0.5,DAFJS17.txt, -0.2, 53742, 300.128,215.032
GRASP,Reduced,Best,Best,1,0.5,DAFJS23.txt, -0.2, 38509, 300.001,233.18
GRASP,Reduced,Best,Best,1,0.5,DAFJS23.txt, -0.1, 44096, 300.016,272.634
GRASP,Reduced,Best,Best,1,0.5,DAFJS20.txt, -0.3, 42383, 300.029,138.874
GRASP,Reduced,Best,Best,1,0.5,DAFJS23.txt, -0.3, 34031, 300.044,74.709
GRASP,Reduced,Best,Best,1,0.5,DAFJS21.txt, -0.3, 46162, 300.056,64.706
GRASP,Reduced,Best,Best,1,0.5,DAFJS21.txt, -0.1, 67036, 300.06,274.087
GRASP,Reduced,Best,Best,1,0.5,DAFJS22.txt, -0.2, 49145, 300.073,198.535
GRASP,Reduced,Best,Best,1,0.5,DAFJS21.txt, -0.2, 55459, 300.104,86.552
GRASP,Reduced,Best,Best,1,0.5,DAFJS22.txt, -0.3, 39377, 300.214,137.201
GRASP,Reduced,Best,Best,1,0.5,DAFJS22.txt, -0.1, 60358, 300.404,244.86
GRASP,Reduced,Best,Best,1,0.5,DAFJS24.txt, -0.3, 38088, 300.005,121.568
GRASP,Reduced,Best,Best,1,0.5,DAFJS26.txt, -0.3, 47162, 300.035,96.779
GRASP,Reduced,Best,Best,1,0.5,DAFJS26.txt, -0.2, 57242, 300.051,88.74
GRASP,Reduced,Best,Best,1,0.5,DAFJS24.txt, -0.1, 50978, 300.08,191.096
GRASP,Reduced,Best,Best,1,0.5,DAFJS24.txt, -0.2, 44294, 300.108,181.533
GRASP,Reduced,Best,Best,1,0.5,DAFJS26.txt, -0.1, 66729, 300.11,25.503
GRASP,Reduced,Best,Best,1,0.5,DAFJS25.txt, -0.1, 67409, 300.146,281.905
GRASP,Reduced,Best,Best,1,0.5,DAFJS27.txt, -0.1, 71686, 300.175,233.53
GRASP,Reduced,Best,Best,1,0.5,DAFJS25.txt, -0.3, 47160, 300.182,64.896
GRASP,Reduced,Best,Best,1,0.5,DAFJS25.txt, -0.2, 56401, 300.191,9.047
GRASP,Reduced,Best,Best,1,0.5,DAFJS30.txt, -0.1, 50940, 300.032,70.085
GRASP,Reduced,Best,Best,1,0.5,DAFJS29.txt, -0.3, 45074, 300.042,240.351
GRASP,Reduced,Best,Best,1,0.5,DAFJS28.txt, -0.1, 49520, 300.05,208.57
GRASP,Reduced,Best,Best,1,0.5,DAFJS27.txt, -0.2, 59500, 300.057,177.722
GRASP,Reduced,Best,Best,1,0.5,DAFJS30.txt, -0.2, 43964, 300.05,34.843
GRASP,Reduced,Best,Best,1,0.5,DAFJS28.txt, -0.2, 43075, 300.066,84.137
GRASP,Reduced,Best,Best,1,0.5,DAFJS28.txt, -0.3, 38027, 300.065,288.14
GRASP,Reduced,Best,Best,1,0.5,DAFJS27.txt, -0.3, 48923, 300.074,277.396
GRASP,Reduced,Best,Best,1,0.5,DAFJS29.txt, -0.2, 52356, 300.084,190.881
GRASP,Reduced,Best,Best,1,0.5,DAFJS29.txt, -0.1, 59967, 300.09,247.005
GRASP,Reduced,Best,Best,1,0.5,YFJS01.txt, -0.2, 62259, 300.001,12.367
GRASP,Reduced,Best,Best,1,0.5,YFJS01.txt, -0.1, 68714, 300.004,0.165
GRASP,Reduced,Best,Best,1,0.5,YFJS01.txt, -0.3, 55458, 300.003,0.334
GRASP,Reduced,Best,Best,1,0.5,YFJS02.txt, -0.1, 72681, 300.001,37.837
GRASP,Reduced,Best,Best,1,0.5,YFJS02.txt, -0.3, 58279, 300,4.269
GRASP,Reduced,Best,Best,1,0.5,YFJS02.txt, -0.2, 64487, 300.002,1.265
GRASP,Reduced,Best,Best,1,0.5,DAFJS30.txt, -0.3, 38344, 300.01,6.678
GRASP,Reduced,Best,Best,1,0.5,YFJS03.txt, -0.1, 32538, 300,54.561
GRASP,Reduced,Best,Best,1,0.5,YFJS03.txt, -0.2, 30073, 300,0.283
GRASP,Reduced,Best,Best,1,0.5,YFJS03.txt, -0.3, 27686, 300.001,0.004
GRASP,Reduced,Best,Best,1,0.5,YFJS04.txt, -0.3, 31267, 300,0.002
GRASP,Reduced,Best,Best,1,0.5,YFJS04.txt, -0.2, 33877, 300.001,173.544
GRASP,Reduced,Best,Best,1,0.5,YFJS04.txt, -0.1, 36946, 300.002,0.125
GRASP,Reduced,Best,Best,1,0.5,YFJS05.txt, -0.1, 41034, 300.002,7.493
GRASP,Reduced,Best,Best,1,0.5,YFJS05.txt, -0.2, 37670, 300,0.78
GRASP,Reduced,Best,Best,1,0.5,YFJS05.txt, -0.3, 34430, 300,0.453
GRASP,Reduced,Best,Best,1,0.5,YFJS06.txt, -0.1, 41046, 300.001,58.089
GRASP,Reduced,Best,Best,1,0.5,YFJS06.txt, -0.2, 36812, 300.001,123.968
GRASP,Reduced,Best,Best,1,0.5,YFJS06.txt, -0.3, 33557, 300,187.14
GRASP,Reduced,Best,Best,1,0.5,YFJS07.txt, -0.1, 41394, 300.001,189.774
GRASP,Reduced,Best,Best,1,0.5,YFJS07.txt, -0.2, 37159, 300.001,5.002
GRASP,Reduced,Best,Best,1,0.5,YFJS08.txt, -0.2, 30267, 300,0.423
GRASP,Reduced,Best,Best,1,0.5,YFJS07.txt, -0.3, 33352, 300.003,144.936
GRASP,Reduced,Best,Best,1,0.5,YFJS08.txt, -0.1, 32623, 300.002,0.115
GRASP,Reduced,Best,Best,1,0.5,YFJS08.txt, -0.3, 28347, 300.001,186.324
GRASP,Reduced,Best,Best,1,0.5,YFJS09.txt, -0.1, 22681, 300.002,11.198
GRASP,Reduced,Best,Best,1,0.5,YFJS10.txt, -0.1, 37423, 300,0.444
GRASP,Reduced,Best,Best,1,0.5,YFJS09.txt, -0.3, 20077, 300.002,11.978
GRASP,Reduced,Best,Best,1,0.5,YFJS10.txt, -0.2, 34922, 300,3.563
GRASP,Reduced,Best,Best,1,0.5,YFJS09.txt, -0.2, 21450, 300.005,11.449
GRASP,Reduced,Best,Best,1,0.5,YFJS10.txt, -0.3, 32582, 300,0.627
GRASP,Reduced,Best,Best,1,0.5,YFJS11.txt, -0.1, 48929, 300.001,11.336
GRASP,Reduced,Best,Best,1,0.5,YFJS11.txt, -0.3, 40735, 300.001,17.65
GRASP,Reduced,Best,Best,1,0.5,YFJS12.txt, -0.1, 48545, 300.001,4.386
GRASP,Reduced,Best,Best,1,0.5,YFJS11.txt, -0.2, 45168, 300.005,3.359
GRASP,Reduced,Best,Best,1,0.5,YFJS12.txt, -0.2, 43656, 300.001,75.835
GRASP,Reduced,Best,Best,1,0.5,YFJS12.txt, -0.3, 39123, 300.003,49.113
GRASP,Reduced,Best,Best,1,0.5,YFJS13.txt, -0.3, 31518, 300.002,13.957
GRASP,Reduced,Best,Best,1,0.5,YFJS13.txt, -0.1, 38042, 300.004,23.258
GRASP,Reduced,Best,Best,1,0.5,YFJS13.txt, -0.2, 34401, 300.004,22.137
GRASP,Reduced,Best,Best,1,0.5,YFJS15.txt, -0.2, 98254, 300.002,42.846
GRASP,Reduced,Best,Best,1,0.5,YFJS16.txt, -0.3, 85595, 300.18,68.058
GRASP,Reduced,Best,Best,1,0.5,YFJS16.txt, -0.1, 113781, 300.212,43.397
GRASP,Reduced,Best,Best,1,0.5,YFJS14.txt, -0.1, 111681, 300.248,136.629
GRASP,Reduced,Best,Best,1,0.5,YFJS15.txt, -0.1, 112758, 300.246,293.853
GRASP,Reduced,Best,Best,1,0.5,YFJS15.txt, -0.3, 85376, 300.271,248.599
GRASP,Reduced,Best,Best,1,0.5,YFJS16.txt, -0.2, 98556, 300.291,102.767
GRASP,Reduced,Best,Best,1,0.5,YFJS14.txt, -0.3, 85604, 300.44,161.432
GRASP,Reduced,Best,Best,1,0.5,YFJS14.txt, -0.2, 97933, 300.478,74.713
GRASP,Reduced,Best,Best,1,0.5,YFJS17.txt, -0.1, 105330, 303.125,194.93
GRASP,Reduced,Best,Best,1,0.5,YFJS17.txt, -0.3, 73682, 300.103,0
GRASP,Reduced,Best,Best,1,0.5,YFJS18.txt, -0.1, 109758, 300.893,137.208
GRASP,Reduced,Best,Best,1,0.5,YFJS20.txt, -0.2, 84915, 301.017,134.884
GRASP,Reduced,Best,Best,1,0.5,YFJS18.txt, -0.3, 84304, 301.086,55.838
GRASP,Reduced,Best,Best,1,0.5,YFJS20.txt, -0.1, 97868, 301.083,0
GRASP,Reduced,Best,Best,1,0.5,YFJS17.txt, -0.2, 85736, 301.359,0
GRASP,Reduced,Best,Best,1,0.5,YFJS18.txt, -0.2, 99069, 301.509,301.509
GRASP,Reduced,Best,Best,1,0.5,YFJS19.txt, -0.2, 82679, 302.73,77.338
GRASP,Reduced,Best,Best,1,0.5,YFJS19.txt, -0.3, 68758, 303.935,177.775
GRASP,Reduced,Best,Best,1,0.5,YFJS19.txt, -0.1, 93501, 305.02,101.283
GRASP,Reduced,Best,Best,1,0.5,DAFJS01.txt, -0.2, 22063, 300,0.714
GRASP,Reduced,Best,Best,1,0.5,DAFJS01.txt, -0.1, 24519, 300.002,4.98
GRASP,Reduced,Best,Best,1,0.5,DAFJS01.txt, -0.3, 19960, 300.001,2.975
GRASP,Reduced,Best,Best,1,0.5,DAFJS02.txt, -0.1, 26869, 300.001,0.555
GRASP,Reduced,Best,Best,1,0.5,DAFJS02.txt, -0.2, 24618, 300,0.075
GRASP,Reduced,Best,Best,1,0.5,DAFJS02.txt, -0.3, 22178, 300,0.094
GRASP,Reduced,Best,Best,1,0.5,DAFJS03.txt, -0.1, 50492, 300.007,202.168
GRASP,Reduced,Best,Best,1,0.5,DAFJS03.txt, -0.2, 44419, 300.009,278.088
GRASP,Reduced,Best,Best,1,0.5,DAFJS03.txt, -0.3, 39676, 300.009,134.41
GRASP,Reduced,Best,Best,1,0.5,YFJS20.txt, -0.3, 69892, 306.18,180.38
GRASP,Reduced,Best,Best,1,0.5,DAFJS05.txt, -0.1, 36874, 300.001,26.993
GRASP,Reduced,Best,Best,1,0.5,DAFJS04.txt, -0.1, 51927, 300.005,236.181
GRASP,Reduced,Best,Best,1,0.5,DAFJS04.txt, -0.3, 39254, 300.008,13.763
GRASP,Reduced,Best,Best,1,0.5,DAFJS05.txt, -0.2, 31848, 300.006,66.808
GRASP,Reduced,Best,Best,1,0.5,DAFJS05.txt, -0.3, 27438, 300.005,210.278
GRASP,Reduced,Best,Best,1,0.5,DAFJS06.txt, -0.1, 36454, 300.003,142.964
GRASP,Reduced,Best,Best,1,0.5,DAFJS06.txt, -0.2, 31871, 300.003,222.619
GRASP,Reduced,Best,Best,1,0.5,DAFJS04.txt, -0.2, 44978, 300.018,94.06
GRASP,Reduced,Best,Best,1,0.5,DAFJS06.txt, -0.3, 27527, 300.008,241.702
GRASP,Reduced,Best,Best,1,0.5,DAFJS07.txt, -0.1, 46615, 300.071,59.841
GRASP,Reduced,Best,Best,1,0.5,DAFJS08.txt, -0.2, 46348, 300.01,149.292
GRASP,Reduced,Best,Best,1,0.5,DAFJS09.txt, -0.1, 41381, 300.01,21.144
GRASP,Reduced,Best,Best,1,0.5,DAFJS10.txt, -0.2, 38008, 300.008,60.5
GRASP,Reduced,Best,Best,1,0.5,DAFJS09.txt, -0.2, 35718, 300.012,84.45
GRASP,Reduced,Best,Best,1,0.5,DAFJS08.txt, -0.1, 53892, 300.022,52.718
GRASP,Reduced,Best,Best,1,0.5,DAFJS08.txt, -0.3, 40041, 300.02,128.734
GRASP,Reduced,Best,Best,1,0.5,DAFJS09.txt, -0.3, 31015, 300.017,0.534
GRASP,Reduced,Best,Best,1,0.5,DAFJS07.txt, -0.3, 36617, 300.028,90.256
GRASP,Reduced,Best,Best,1,0.5,DAFJS10.txt, -0.1, 45433, 300.019,252.294
GRASP,Reduced,Best,Best,1,0.5,DAFJS07.txt, -0.2, 41019, 300.045,43.058
GRASP,Reduced,Best,Best,1,0.5,DAFJS13.txt, -0.2, 45451, 300.001,21.227
GRASP,Reduced,Best,Best,1,0.5,DAFJS10.txt, -0.3, 32182, 300.018,71.07
GRASP,Reduced,Best,Best,1,0.5,DAFJS13.txt, -0.1, 54985, 300.009,84.385
GRASP,Reduced,Best,Best,1,0.5,DAFJS13.txt, -0.3, 37956, 300.035,199.309
GRASP,Reduced,Best,Best,1,0.5,DAFJS11.txt, -0.2, 50074, 300.047,104.029
GRASP,Reduced,Best,Best,1,0.5,DAFJS12.txt, -0.2, 49236, 300.046,70.751
GRASP,Reduced,Best,Best,1,0.5,DAFJS11.txt, -0.3, 42878, 300.05,121.227
GRASP,Reduced,Best,Best,1,0.5,DAFJS11.txt, -0.1, 58520, 300.07,140.102
GRASP,Reduced,Best,Best,1,0.5,DAFJS12.txt, -0.3, 41372, 300.101,157.991
GRASP,Reduced,Best,Best,1,0.5,DAFJS12.txt, -0.1, 57580, 300.199,294.227
GRASP,Reduced,Best,Best,1,0.5,DAFJS14.txt, -0.3, 42806, 300.005,165.988
GRASP,Reduced,Best,Best,1,0.5,DAFJS14.txt, -0.2, 51350, 300.015,131.553
GRASP,Reduced,Best,Best,1,0.5,DAFJS15.txt, -0.3, 43997, 300.016,183.976
GRASP,Reduced,Best,Best,1,0.5,DAFJS14.txt, -0.1, 61751, 300.026,271.739
GRASP,Reduced,Best,Best,1,0.5,DAFJS16.txt, -0.1, 64785, 300.035,180.109
GRASP,Reduced,Best,Best,1,0.5,DAFJS17.txt, -0.1, 65677, 300.043,218.138
GRASP,Reduced,Best,Best,1,0.5,DAFJS15.txt, -0.2, 51710, 300.061,125.771
GRASP,Reduced,Best,Best,1,0.5,DAFJS16.txt, -0.3, 45915, 300.062,273.578
GRASP,Reduced,Best,Best,1,0.5,DAFJS16.txt, -0.2, 54075, 300.106,195.237
GRASP,Reduced,Best,Best,1,0.5,DAFJS15.txt, -0.1, 60172, 300.197,14.587
GRASP,Reduced,Best,Best,1,0.5,DAFJS20.txt, -0.1, 59515, 300,100.565
GRASP,Reduced,Best,Best,1,0.5,DAFJS18.txt, -0.2, 55240, 300.016,210.82
GRASP,Reduced,Best,Best,1,0.5,DAFJS20.txt, -0.2, 49863, 300.009,222.497
GRASP,Reduced,Best,Best,1,0.5,DAFJS18.txt, -0.1, 66849, 300.03,134.693
GRASP,Reduced,Best,Best,1,0.5,DAFJS19.txt, -0.2, 41284, 300.025,31.718
GRASP,Reduced,Best,Best,1,0.5,DAFJS17.txt, -0.3, 43443, 300.033,237.006
GRASP,Reduced,Best,Best,1,0.5,DAFJS19.txt, -0.3, 35623, 300.034,97.907
GRASP,Reduced,Best,Best,1,0.5,DAFJS17.txt, -0.2, 53675, 300.059,143.616
GRASP,Reduced,Best,Best,1,0.5,DAFJS19.txt, -0.1, 46996, 300.083,135.721
GRASP,Reduced,Best,Best,1,0.5,DAFJS18.txt, -0.3, 45998, 300.092,171.81
GRASP,Reduced,Best,Best,1,0.5,DAFJS21.txt, -0.1, 67550, 300.004,259.595
GRASP,Reduced,Best,Best,1,0.5,DAFJS23.txt, -0.3, 33698, 300.011,235.159
GRASP,Reduced,Best,Best,1,0.5,DAFJS23.txt, -0.2, 38471, 300.034,41.538
GRASP,Reduced,Best,Best,1,0.5,DAFJS21.txt, -0.2, 55270, 300.049,243.762
GRASP,Reduced,Best,Best,1,0.5,DAFJS20.txt, -0.3, 42364, 300.056,90.136
GRASP,Reduced,Best,Best,1,0.5,DAFJS23.txt, -0.1, 44293, 300.06,239.587
GRASP,Reduced,Best,Best,1,0.5,DAFJS22.txt, -0.2, 48103, 300.095,172.448
GRASP,Reduced,Best,Best,1,0.5,DAFJS21.txt, -0.3, 46371, 300.107,30.405
GRASP,Reduced,Best,Best,1,0.5,DAFJS22.txt, -0.1, 60241, 300.149,263.387
GRASP,Reduced,Best,Best,1,0.5,DAFJS22.txt, -0.3, 39466, 300.305,6.223
GRASP,Reduced,Best,Best,1,0.5,DAFJS24.txt, -0.1, 51249, 300.014,179.612
GRASP,Reduced,Best,Best,1,0.5,DAFJS24.txt, -0.2, 44620, 300.021,242.001
GRASP,Reduced,Best,Best,1,0.5,DAFJS25.txt, -0.3, 47635, 300.026,119.788
GRASP,Reduced,Best,Best,1,0.5,DAFJS24.txt, -0.3, 38399, 300.034,110.843
GRASP,Reduced,Best,Best,1,0.5,DAFJS25.txt, -0.1, 65504, 300.051,115.514
GRASP,Reduced,Best,Best,1,0.5,DAFJS26.txt, -0.2, 56694, 300.11,5.868
GRASP,Reduced,Best,Best,1,0.5,DAFJS26.txt, -0.3, 47974, 300.117,156.42
GRASP,Reduced,Best,Best,1,0.5,DAFJS26.txt, -0.1, 65508, 300.139,159.283
GRASP,Reduced,Best,Best,1,0.5,DAFJS25.txt, -0.2, 56152, 300.216,116.414
GRASP,Reduced,Best,Best,1,0.5,DAFJS27.txt, -0.1, 71581, 300.281,35.105
GRASP,Reduced,Best,Best,1,0.5,DAFJS28.txt, -0.1, 48764, 300.006,224.767
GRASP,Reduced,Best,Best,1,0.5,DAFJS29.txt, -0.1, 60590, 300.007,263.861
GRASP,Reduced,Best,Best,1,0.5,DAFJS30.txt, -0.2, 43980, 300.009,62.063
GRASP,Reduced,Best,Best,1,0.5,DAFJS29.txt, -0.3, 45440, 300.041,108.724
GRASP,Reduced,Best,Best,1,0.5,DAFJS29.txt, -0.2, 52392, 300.054,224.263
GRASP,Reduced,Best,Best,1,0.5,DAFJS28.txt, -0.2, 43455, 300.059,251.096
GRASP,Reduced,Best,Best,1,0.5,DAFJS28.txt, -0.3, 37513, 300.057,57.655
GRASP,Reduced,Best,Best,1,0.5,DAFJS30.txt, -0.1, 50544, 300.075,177.972
GRASP,Reduced,Best,Best,1,0.5,DAFJS27.txt, -0.3, 50025, 300.171,300.171
GRASP,Reduced,Best,Best,1,0.5,DAFJS27.txt, -0.2, 59518, 300.195,176.253
GRASP,Reduced,Best,Best,1,0.5,YFJS01.txt, -0.1, 68714, 300.001,0.173
GRASP,Reduced,Best,Best,1,0.5,YFJS01.txt, -0.2, 62259, 300.001,5.378
GRASP,Reduced,Best,Best,1,0.5,YFJS01.txt, -0.3, 55458, 300.004,0.29
GRASP,Reduced,Best,Best,1,0.5,YFJS02.txt, -0.1, 72681, 300.001,2.489
GRASP,Reduced,Best,Best,1,0.5,YFJS02.txt, -0.3, 58279, 300.001,31.331
GRASP,Reduced,Best,Best,1,0.5,YFJS02.txt, -0.2, 64487, 300.002,0.048
GRASP,Reduced,Best,Best,1,0.5,YFJS03.txt, -0.1, 32538, 300,227.299
GRASP,Reduced,Best,Best,1,0.5,YFJS03.txt, -0.2, 30073, 300,0.047
GRASP,Reduced,Best,Best,1,0.5,YFJS03.txt, -0.3, 27686, 300,0.003
GRASP,Reduced,Best,Best,1,0.5,DAFJS30.txt, -0.3, 38321, 300.029,76.834
GRASP,Reduced,Best,Best,1,0.5,YFJS04.txt, -0.1, 36146, 300,265.827
GRASP,Reduced,Best,Best,1,0.5,YFJS04.txt, -0.2, 33892, 300,286.256
GRASP,Reduced,Best,Best,1,0.5,YFJS04.txt, -0.3, 31267, 300,0.024
GRASP,Reduced,Best,Best,1,0.5,YFJS05.txt, -0.1, 41034, 300.001,4.458
GRASP,Reduced,Best,Best,1,0.5,YFJS05.txt, -0.2, 37670, 300,0.199
GRASP,Reduced,Best,Best,1,0.5,YFJS05.txt, -0.3, 34430, 300.001,0.338
GRASP,Reduced,Best,Best,1,0.5,YFJS06.txt, -0.1, 41046, 300,128.401
GRASP,Reduced,Best,Best,1,0.5,YFJS07.txt, -0.1, 41625, 300,171.235
GRASP,Reduced,Best,Best,1,0.5,YFJS06.txt, -0.3, 33557, 300.002,75.31
GRASP,Reduced,Best,Best,1,0.5,YFJS06.txt, -0.2, 36812, 300.003,42.609
GRASP,Reduced,Best,Best,1,0.5,YFJS07.txt, -0.3, 33059, 300,212.019
GRASP,Reduced,Best,Best,1,0.5,YFJS08.txt, -0.1, 32623, 300,0.048
GRASP,Reduced,Best,Best,1,0.5,YFJS08.txt, -0.2, 30267, 300,0.476
GRASP,Reduced,Best,Best,1,0.5,YFJS07.txt, -0.2, 37159, 300.006,5.152
GRASP,Reduced,Best,Best,1,0.5,YFJS08.txt, -0.3, 28560, 300.001,1.385
GRASP,Reduced,Best,Best,1,0.5,YFJS09.txt, -0.1, 22681, 300,6.899
GRASP,Reduced,Best,Best,1,0.5,YFJS09.txt, -0.2, 21363, 300.002,88.34
GRASP,Reduced,Best,Best,1,0.5,YFJS10.txt, -0.1, 37423, 300,0.128
GRASP,Reduced,Best,Best,1,0.5,YFJS10.txt, -0.2, 34922, 300,0.17
GRASP,Reduced,Best,Best,1,0.5,YFJS09.txt, -0.3, 20077, 300.005,130.69
GRASP,Reduced,Best,Best,1,0.5,YFJS10.txt, -0.3, 32582, 300,0.831
GRASP,Reduced,Best,Best,1,0.5,YFJS11.txt, -0.3, 40735, 300,27.048
GRASP,Reduced,Best,Best,1,0.5,YFJS11.txt, -0.1, 48929, 300.002,10.961
GRASP,Reduced,Best,Best,1,0.5,YFJS12.txt, -0.2, 43656, 300,7.934
GRASP,Reduced,Best,Best,1,0.5,YFJS12.txt, -0.1, 48545, 300.002,8.347
GRASP,Reduced,Best,Best,1,0.5,YFJS11.txt, -0.2, 45168, 300.007,9.597
GRASP,Reduced,Best,Best,1,0.5,YFJS13.txt, -0.3, 31823, 300,4.405
GRASP,Reduced,Best,Best,1,0.5,YFJS13.txt, -0.1, 38042, 300.006,5.005
GRASP,Reduced,Best,Best,1,0.5,YFJS12.txt, -0.3, 39123, 300.008,204.059
GRASP,Reduced,Best,Best,1,0.5,YFJS13.txt, -0.2, 34401, 300.009,6.002
GRASP,Reduced,Best,Best,1,0.5,YFJS16.txt, -0.3, 86541, 300.043,107.27
GRASP,Reduced,Best,Best,1,0.5,YFJS15.txt, -0.3, 84717, 300.2,285.764
GRASP,Reduced,Best,Best,1,0.5,YFJS15.txt, -0.1, 109723, 300.233,45.349
GRASP,Reduced,Best,Best,1,0.5,YFJS16.txt, -0.1, 114071, 300.431,255.844
GRASP,Reduced,Best,Best,1,0.5,YFJS14.txt, -0.1, 112830, 300.526,58.222
GRASP,Reduced,Best,Best,1,0.5,YFJS14.txt, -0.2, 97416, 300.604,221.45
GRASP,Reduced,Best,Best,1,0.5,YFJS16.txt, -0.2, 98836, 300.643,36.871
GRASP,Reduced,Best,Best,1,0.5,YFJS15.txt, -0.2, 96772, 300.666,105.432
GRASP,Reduced,Best,Best,1,0.5,YFJS14.txt, -0.3, 84865, 300.77,110.794
GRASP,Reduced,Best,Best,1,0.5,YFJS17.txt, -0.1, 99689, 301.631,72.205
GRASP,Reduced,Best,Best,1,0.5,YFJS18.txt, -0.2, 93843, 300.214,176.306
GRASP,Reduced,Best,Best,1,0.5,YFJS19.txt, -0.1, 94792, 300.587,14.597
GRASP,Reduced,Best,Best,1,0.5,YFJS20.txt, -0.2, 83960, 300.967,273.606
GRASP,Reduced,Best,Best,1,0.5,YFJS17.txt, -0.2, 85736, 301.064,0
GRASP,Reduced,Best,Best,1,0.5,YFJS19.txt, -0.2, 84135, 301.292,12.375
GRASP,Reduced,Best,Best,1,0.5,YFJS18.txt, -0.3, 84317, 301.408,224.085
GRASP,Reduced,Best,Best,1,0.5,YFJS17.txt, -0.3, 73682, 302.15,0
GRASP,Reduced,Best,Best,1,0.5,YFJS18.txt, -0.1, 113914, 302.153,67.647
GRASP,Reduced,Best,Best,1,0.5,YFJS20.txt, -0.1, 92128, 304.071,158.589
GRASP,Reduced,Best,Best,1,0.5,YFJS19.txt, -0.3, 71513, 308.93,31.645
GRASP,Reduced,Best,Best,1,0.5,DAFJS01.txt, -0.3, 19960, 300,2.386
GRASP,Reduced,Best,Best,1,0.5,DAFJS01.txt, -0.1, 24519, 300.002,0.981
GRASP,Reduced,Best,Best,1,0.5,DAFJS01.txt, -0.2, 21898, 300.002,151.703
GRASP,Reduced,Best,Best,1,0.5,DAFJS02.txt, -0.1, 26869, 300.001,0.628
GRASP,Reduced,Best,Best,1,0.5,DAFJS02.txt, -0.2, 24618, 300,0.093
GRASP,Reduced,Best,Best,1,0.5,DAFJS02.txt, -0.3, 22178, 300,0.029
GRASP,Reduced,Best,Best,1,0.5,DAFJS03.txt, -0.1, 50569, 300.01,55.004
GRASP,Reduced,Best,Best,1,0.5,DAFJS03.txt, -0.3, 39604, 300.013,32.656
GRASP,Reduced,Best,Best,1,0.5,DAFJS03.txt, -0.2, 44540, 300.014,280.405
GRASP,Reduced,Best,Best,1,0.5,YFJS20.txt, -0.3, 71610, 301.324,239.746
GRASP,Reduced,Best,Best,1,0.5,DAFJS04.txt, -0.3, 39346, 300,190.542
GRASP,Reduced,Best,Best,1,0.5,DAFJS04.txt, -0.2, 44898, 300.003,227.187
GRASP,Reduced,Best,Best,1,0.5,DAFJS04.txt, -0.1, 51927, 300.003,98.914
GRASP,Reduced,Best,Best,1,0.5,DAFJS05.txt, -0.1, 36874, 300.002,49.17
GRASP,Reduced,Best,Best,1,0.5,DAFJS05.txt, -0.3, 28184, 300.004,111.56
GRASP,Reduced,Best,Best,1,0.5,DAFJS06.txt, -0.2, 31960, 300.002,139.324
GRASP,Reduced,Best,Best,1,0.5,DAFJS05.txt, -0.2, 31848, 300.01,40.058
GRASP,Reduced,Best,Best,1,0.5,DAFJS06.txt, -0.3, 27706, 300.005,281.363
GRASP,Reduced,Best,Best,1,0.5,DAFJS06.txt, -0.1, 37123, 300.019,57.447
GRASP,Reduced,Best,Best,1,0.5,DAFJS07.txt, -0.1, 46748, 300.021,109.474
GRASP,Reduced,Best,Best,1,0.5,DAFJS09.txt, -0.2, 35757, 300,128.36
GRASP,Reduced,Best,Best,1,0.5,DAFJS09.txt, -0.3, 31015, 300,193.752
GRASP,Reduced,Best,Best,1,0.5,DAFJS10.txt, -0.1, 45485, 300,170.83
GRASP,Reduced,Best,Best,1,0.5,DAFJS09.txt, -0.1, 40966, 300.008,43.421
GRASP,Reduced,Best,Best,1,0.5,DAFJS10.txt, -0.2, 37993, 300.006,25.258
GRASP,Reduced,Best,Best,1,0.5,DAFJS08.txt, -0.1, 53975, 300.029,248.442
GRASP,Reduced,Best,Best,1,0.5,DAFJS07.txt, -0.3, 36393, 300.036,290.512
GRASP,Reduced,Best,Best,1,0.5,DAFJS08.txt, -0.3, 39929, 300.038,19.69
GRASP,Reduced,Best,Best,1,0.5,DAFJS07.txt, -0.2, 41006, 300.045,87.947
GRASP,Reduced,Best,Best,1,0.5,DAFJS08.txt, -0.2, 46081, 300.047,157.406
GRASP,Reduced,Best,Best,1,0.5,DAFJS13.txt, -0.3, 37912, 300.007,96.476
GRASP,Reduced,Best,Best,1,0.5,DAFJS13.txt, -0.1, 54903, 300.012,96.564
GRASP,Reduced,Best,Best,1,0.5,DAFJS13.txt, -0.2, 45166, 300.011,56.6
GRASP,Reduced,Best,Best,1,0.5,DAFJS11.txt, -0.3, 42726, 300.023,111.249
GRASP,Reduced,Best,Best,1,0.5,DAFJS12.txt, -0.3, 41437, 300.027,68.808
GRASP,Reduced,Best,Best,1,0.5,DAFJS10.txt, -0.3, 31759, 300.038,218.83
GRASP,Reduced,Best,Best,1,0.5,DAFJS11.txt, -0.2, 49688, 300.038,36.833
GRASP,Reduced,Best,Best,1,0.5,DAFJS11.txt, -0.1, 58084, 300.118,47.317
GRASP,Reduced,Best,Best,1,0.5,DAFJS12.txt, -0.2, 48521, 300.119,63.481
GRASP,Reduced,Best,Best,1,0.5,DAFJS12.txt, -0.1, 56915, 300.342,129.548
GRASP,Reduced,Best,Best,1,0.5,DAFJS14.txt, -0.2, 51382, 300.002,268.27
GRASP,Reduced,Best,Best,1,0.5,DAFJS14.txt, -0.1, 61464, 300.03,26.903
GRASP,Reduced,Best,Best,1,0.5,DAFJS14.txt, -0.3, 42383, 300.037,134.94
GRASP,Reduced,Best,Best,1,0.5,DAFJS15.txt, -0.3, 43520, 300.037,221.13
GRASP,Reduced,Best,Best,1,0.5,DAFJS16.txt, -0.3, 45777, 300.061,70.235
GRASP,Reduced,Best,Best,1,0.5,DAFJS17.txt, -0.1, 66066, 300.063,192.916
GRASP,Reduced,Best,Best,1,0.5,DAFJS16.txt, -0.2, 54163, 300.092,52.948
GRASP,Reduced,Best,Best,1,0.5,DAFJS15.txt, -0.1, 60912, 300.13,140.945
GRASP,Reduced,Best,Best,1,0.5,DAFJS16.txt, -0.1, 64283, 300.158,8.835
GRASP,Reduced,Best,Best,1,0.5,DAFJS15.txt, -0.2, 51397, 300.19,115.256
GRASP,Reduced,Best,Best,1,0.5,DAFJS17.txt, -0.3, 43952, 300.016,140.864
GRASP,Reduced,Best,Best,1,0.5,DAFJS18.txt, -0.1, 66867, 300.021,139.798
GRASP,Reduced,Best,Best,1,0.5,DAFJS20.txt, -0.1, 59934, 300.025,291.674
GRASP,Reduced,Best,Best,1,0.5,DAFJS19.txt, -0.2, 40578, 300.034,142.154
GRASP,Reduced,Best,Best,1,0.5,DAFJS19.txt, -0.3, 35687, 300.034,9.334
GRASP,Reduced,Best,Best,1,0.5,DAFJS18.txt, -0.2, 55137, 300.053,65.94
GRASP,Reduced,Best,Best,1,0.5,DAFJS19.txt, -0.1, 48160, 300.06,33.681
GRASP,Reduced,Best,Best,1,0.5,DAFJS18.txt, -0.3, 45653, 300.074,183.577
GRASP,Reduced,Best,Best,1,0.5,DAFJS17.txt, -0.2, 52695, 300.09,39.063
GRASP,Reduced,Best,Best,1,0.5,DAFJS20.txt, -0.2, 50091, 300.17,84.198
GRASP,Reduced,Best,Best,1,0.5,DAFJS20.txt, -0.3, 42271, 300.01,110.798
GRASP,Reduced,Best,Best,1,0.5,DAFJS21.txt, -0.3, 46160, 300.01,240.798
GRASP,Reduced,Best,Best,1,0.5,DAFJS23.txt, -0.3, 34206, 300.013,60.391
GRASP,Reduced,Best,Best,1,0.5,DAFJS23.txt, -0.2, 38591, 300.015,294.665
GRASP,Reduced,Best,Best,1,0.5,DAFJS23.txt, -0.1, 43607, 300.016,134.995
GRASP,Reduced,Best,Best,1,0.5,DAFJS21.txt, -0.1, 66481, 300.04,269.486
GRASP,Reduced,Best,Best,1,0.5,DAFJS21.txt, -0.2, 54952, 300.056,224.462
GRASP,Reduced,Best,Best,1,0.5,DAFJS22.txt, -0.1, 60837, 300.156,236.715
GRASP,Reduced,Best,Best,1,0.5,DAFJS22.txt, -0.2, 49341, 300.333,107.388
GRASP,Reduced,Best,Best,1,0.5,DAFJS22.txt, -0.3, 39718, 300.375,149.4
GRASP,Reduced,Best,Best,1,0.5,DAFJS26.txt, -0.3, 48052, 300.02,122.388
GRASP,Reduced,Best,Best,1,0.5,DAFJS24.txt, -0.1, 51448, 300.032,122.629
GRASP,Reduced,Best,Best,1,0.5,DAFJS24.txt, -0.3, 38123, 300.042,124.678
GRASP,Reduced,Best,Best,1,0.5,DAFJS24.txt, -0.2, 43262, 300.052,66.815
GRASP,Reduced,Best,Best,1,0.5,DAFJS25.txt, -0.2, 56197, 300.139,153.723
GRASP,Reduced,Best,Best,1,0.5,DAFJS25.txt, -0.1, 65834, 300.152,246.76
GRASP,Reduced,Best,Best,1,0.5,DAFJS26.txt, -0.1, 67192, 300.184,76.734
GRASP,Reduced,Best,Best,1,0.5,DAFJS26.txt, -0.2, 56175, 300.221,282.649
GRASP,Reduced,Best,Best,1,0.5,DAFJS25.txt, -0.3, 47160, 300.239,144.364
GRASP,Reduced,Best,Best,1,0.5,DAFJS27.txt, -0.1, 71499, 300.255,19.973
GRASP,Reduced,Best,Best,1,0.5,DAFJS30.txt, -0.1, 50941, 300,178.208
GRASP,Reduced,Best,Best,1,0.5,DAFJS29.txt, -0.2, 52254, 300.005,13.059
GRASP,Reduced,Best,Best,1,0.5,DAFJS27.txt, -0.3, 49509, 300.02,164.393
GRASP,Reduced,Best,Best,1,0.5,DAFJS29.txt, -0.3, 45790, 300.015,229.501
GRASP,Reduced,Best,Best,1,0.5,DAFJS28.txt, -0.1, 50099, 300.025,277.135
GRASP,Reduced,Best,Best,1,0.5,DAFJS30.txt, -0.2, 43267, 300.018,13.773
GRASP,Reduced,Best,Best,1,0.5,DAFJS28.txt, -0.3, 38279, 300.029,270.518
GRASP,Reduced,Best,Best,1,0.5,DAFJS28.txt, -0.2, 43717, 300.035,149.175
GRASP,Reduced,Best,Best,1,0.5,DAFJS29.txt, -0.1, 59414, 300.085,70.168
GRASP,Reduced,Best,Best,1,0.5,DAFJS27.txt, -0.2, 59566, 300.114,23.113
GRASP,Reduced,Best,Best,1,0.5,YFJS01.txt, -0.3, 55458, 300.002,0.321
GRASP,Reduced,Best,Best,1,0.5,YFJS01.txt, -0.2, 62259, 300.004,11.652
GRASP,Reduced,Best,Best,1,0.5,YFJS02.txt, -0.3, 58279, 300,26.162
GRASP,Reduced,Best,Best,1,0.5,YFJS02.txt, -0.1, 72681, 300.003,6.107
GRASP,Reduced,Best,Best,1,0.5,YFJS01.txt, -0.1, 68714, 300.008,0.029
GRASP,Reduced,Best,Best,1,0.5,YFJS03.txt, -0.1, 32538, 300,192.118
GRASP,Reduced,Best,Best,1,0.5,YFJS03.txt, -0.2, 30073, 300,0.016
GRASP,Reduced,Best,Best,1,0.5,YFJS02.txt, -0.2, 64487, 300.005,5.292
GRASP,Reduced,Best,Best,1,0.5,YFJS03.txt, -0.3, 27686, 300,0.003
GRASP,Reduced,Best,Best,1,0.5,DAFJS30.txt, -0.3, 38374, 300.016,2.293
GRASP,Reduced,Best,Best,1,0.5,YFJS04.txt, -0.1, 36132, 300,81.425
GRASP,Reduced,Best,Best,1,0.5,YFJS04.txt, -0.2, 33302, 300,158.558
GRASP,Reduced,Best,Best,1,0.5,YFJS04.txt, -0.3, 29921, 300,86.102
GRASP,Reduced,Best,Best,1,0.5,YFJS05.txt, -0.3, 34430, 300,4.056
GRASP,Reduced,Best,Best,1,0.5,YFJS05.txt, -0.2, 37670, 300.001,0.691
GRASP,Reduced,Best,Best,1,0.5,YFJS05.txt, -0.1, 41034, 300.005,4.402
GRASP,Reduced,Best,Best,1,0.5,YFJS06.txt, -0.1, 41046, 300,59.419
GRASP,Reduced,Best,Best,1,0.5,YFJS06.txt, -0.2, 36812, 300.001,182.808
GRASP,Reduced,Best,Best,1,0.5,YFJS06.txt, -0.3, 33557, 300,139.641
GRASP,Reduced,Best,Best,1,0.5,YFJS07.txt, -0.1, 41394, 300,167.251
GRASP,Reduced,Best,Best,1,0.5,YFJS07.txt, -0.2, 37159, 300.001,38.977
GRASP,Reduced,Best,Best,1,0.5,YFJS07.txt, -0.3, 33059, 300.001,9.607
GRASP,Reduced,Best,Best,1,0.5,YFJS08.txt, -0.1, 32623, 300,0.095
GRASP,Reduced,Best,Best,1,0.5,YFJS08.txt, -0.2, 30267, 300.001,0.091
GRASP,Reduced,Best,Best,1,0.5,YFJS08.txt, -0.3, 28560, 300.002,0.462
GRASP,Reduced,Best,Best,1,0.5,YFJS09.txt, -0.2, 21363, 300.001,68.815
GRASP,Reduced,Best,Best,1,0.5,YFJS10.txt, -0.1, 37423, 300,0.393
GRASP,Reduced,Best,Best,1,0.5,YFJS09.txt, -0.3, 20121, 300.003,198.448
GRASP,Reduced,Best,Best,1,0.5,YFJS10.txt, -0.2, 34922, 300.001,2.88
GRASP,Reduced,Best,Best,1,0.5,YFJS09.txt, -0.1, 22681, 300.008,8.898
GRASP,Reduced,Best,Best,1,0.5,YFJS10.txt, -0.3, 32582, 300,0.038
GRASP,Reduced,Best,Best,1,0.5,YFJS11.txt, -0.2, 45168, 300.001,4.56
GRASP,Reduced,Best,Best,1,0.5,YFJS11.txt, -0.3, 40735, 300,120.79
GRASP,Reduced,Best,Best,1,0.5,YFJS12.txt, -0.2, 43656, 300,34.51
GRASP,Reduced,Best,Best,1,0.5,YFJS12.txt, -0.3, 39123, 300.002,43.097
GRASP,Reduced,Best,Best,1,0.5,YFJS13.txt, -0.3, 31823, 300,6.844
GRASP,Reduced,Best,Best,1,0.5,YFJS13.txt, -0.2, 34401, 300.001,4.878
GRASP,Reduced,Best,Best,1,0.5,YFJS11.txt, -0.1, 48929, 300.011,12.756
GRASP,Reduced,Best,Best,1,0.5,YFJS13.txt, -0.1, 38042, 300.004,6.373
GRASP,Reduced,Best,Best,1,0.5,YFJS12.txt, -0.1, 47925, 300.009,120.602
GRASP,Reduced,Best,Best,1,0.5,YFJS16.txt, -0.3, 86196, 300.104,81.606
GRASP,Reduced,Best,Best,1,0.5,YFJS16.txt, -0.2, 100367, 300.297,10.305
GRASP,Reduced,Best,Best,1,0.5,YFJS15.txt, -0.2, 97203, 300.315,28.999
GRASP,Reduced,Best,Best,1,0.5,YFJS14.txt, -0.3, 85373, 300.47,49.272
GRASP,Reduced,Best,Best,1,0.5,YFJS15.txt, -0.1, 112458, 300.538,127.49
GRASP,Reduced,Best,Best,1,0.5,YFJS15.txt, -0.3, 84039, 300.54,211.692
GRASP,Reduced,Best,Best,1,0.5,YFJS14.txt, -0.1, 113631, 300.702,123.361
GRASP,Reduced,Best,Best,1,0.5,YFJS14.txt, -0.2, 97002, 300.718,98.702
GRASP,Reduced,Best,Best,1,0.5,YFJS16.txt, -0.1, 114099, 301.361,107.757
GRASP,Reduced,Best,Best,1,0.5,YFJS17.txt, -0.1, 104480, 302.348,71.279
GRASP,Reduced,Best,Best,1,0.5,YFJS18.txt, -0.2, 96710, 300.165,176.119
GRASP,Reduced,Best,Best,1,0.5,YFJS19.txt, -0.1, 93521, 300.183,140.767
GRASP,Reduced,Best,Best,1,0.5,YFJS17.txt, -0.3, 73682, 300.236,0
GRASP,Reduced,Best,Best,1,0.5,YFJS20.txt, -0.2, 84071, 300.825,300.825
GRASP,Reduced,Best,Best,1,0.5,YFJS17.txt, -0.2, 85736, 301.207,0
GRASP,Reduced,Best,Best,1,0.5,YFJS18.txt, -0.3, 84679, 301.681,182.207
GRASP,Reduced,Best,Best,1,0.5,YFJS19.txt, -0.3, 68609, 302.233,183.598
GRASP,Reduced,Best,Best,1,0.5,YFJS18.txt, -0.1, 114052, 303.025,155.863
GRASP,Reduced,Best,Best,1,0.5,YFJS20.txt, -0.1, 96418, 303.241,121.451
GRASP,Reduced,Best,Best,1,0.5,YFJS19.txt, -0.2, 82002, 303.813,184.627
GRASP,Reduced,Best,Best,1,0.5,DAFJS01.txt, -0.1, 24482, 300,267.028
GRASP,Reduced,Best,Best,1,0.5,DAFJS01.txt, -0.2, 22063, 300,0.442
GRASP,Reduced,Best,Best,1,0.5,DAFJS01.txt, -0.3, 19960, 300.001,0.103
GRASP,Reduced,Best,Best,1,0.5,DAFJS02.txt, -0.1, 26869, 300.001,1.15
GRASP,Reduced,Best,Best,1,0.5,DAFJS02.txt, -0.2, 24618, 300.001,0.248
GRASP,Reduced,Best,Best,1,0.5,DAFJS02.txt, -0.3, 22178, 300.001,0.1
GRASP,Reduced,Best,Best,1,0.5,DAFJS03.txt, -0.1, 50548, 300.004,299.423
GRASP,Reduced,Best,Best,1,0.5,DAFJS03.txt, -0.3, 39669, 300.003,183.866
GRASP,Reduced,Best,Best,1,0.5,DAFJS03.txt, -0.2, 44512, 300.017,122.981
GRASP,Reduced,Best,Best,1,0.5,YFJS20.txt, -0.3, 72481, 303.19,0
GRASP,Reduced,Best,Best,1,0.5,DAFJS04.txt, -0.3, 39175, 300.003,85.16
GRASP,Reduced,Best,Best,1,0.5,DAFJS04.txt, -0.1, 51927, 300.005,3.936
GRASP,Reduced,Best,Best,1,0.5,DAFJS05.txt, -0.1, 36874, 300.004,199.59
GRASP,Reduced,Best,Best,1,0.5,DAFJS04.txt, -0.2, 44966, 300.009,29.821
GRASP,Reduced,Best,Best,1,0.5,DAFJS06.txt, -0.2, 31994, 300.001,129.324
GRASP,Reduced,Best,Best,1,0.5,DAFJS05.txt, -0.3, 28184, 300.006,211.669
GRASP,Reduced,Best,Best,1,0.5,DAFJS05.txt, -0.2, 31848, 300.007,0.079
GRASP,Reduced,Best,Best,1,0.5,DAFJS06.txt, -0.1, 37123, 300.012,209.745
GRASP,Reduced,Best,Best,1,0.5,DAFJS06.txt, -0.3, 27918, 300.011,57.902
GRASP,Reduced,Best,Best,1,0.5,DAFJS07.txt, -0.1, 46674, 300.07,285.711
GRASP,Reduced,Best,Best,1,0.5,DAFJS09.txt, -0.2, 35718, 300.001,127.937
GRASP,Reduced,Best,Best,1,0.5,DAFJS09.txt, -0.3, 31008, 300.002,202.461
GRASP,Reduced,Best,Best,1,0.5,DAFJS07.txt, -0.3, 36249, 300.01,97.051
GRASP,Reduced,Best,Best,1,0.5,DAFJS10.txt, -0.2, 38072, 300.001,188.312
GRASP,Reduced,Best,Best,1,0.5,DAFJS08.txt, -0.2, 46038, 300.008,228.59
GRASP,Reduced,Best,Best,1,0.5,DAFJS09.txt, -0.1, 41381, 300.006,21.074
GRASP,Reduced,Best,Best,1,0.5,DAFJS08.txt, -0.3, 39632, 300.008,20.047
GRASP,Reduced,Best,Best,1,0.5,DAFJS10.txt, -0.1, 44789, 300.009,43.247
GRASP,Reduced,Best,Best,1,0.5,DAFJS07.txt, -0.2, 41258, 300.033,166.847
GRASP,Reduced,Best,Best,1,0.5,DAFJS08.txt, -0.1, 53909, 300.084,52.308
GRASP,Reduced,Best,Best,1,0.5,DAFJS12.txt, -0.3, 41360, 300,35.049
GRASP,Reduced,Best,Best,1,0.5,DAFJS11.txt, -0.1, 58751, 300.007,224.62
GRASP,Reduced,Best,Best,1,0.5,DAFJS13.txt, -0.3, 37728, 300.001,200.655
GRASP,Reduced,Best,Best,1,0.5,DAFJS10.txt, -0.3, 32093, 300.015,206.5
GRASP,Reduced,Best,Best,1,0.5,DAFJS11.txt, -0.3, 42754, 300.014,277.506
GRASP,Reduced,Best,Best,1,0.5,DAFJS13.txt, -0.1, 54571, 300.008,292.106
GRASP,Reduced,Best,Best,1,0.5,DAFJS13.txt, -0.2, 45016, 300.017,79.206
GRASP,Reduced,Best,Best,1,0.5,DAFJS12.txt, -0.2, 49394, 300.042,190.794
GRASP,Reduced,Best,Best,1,0.5,DAFJS12.txt, -0.1, 57952, 300.045,288.84
GRASP,Reduced,Best,Best,1,0.5,DAFJS11.txt, -0.2, 49866, 300.178,129.197
GRASP,Reduced,Best,Best,1,0.5,DAFJS14.txt, -0.2, 51105, 300.013,65.788
GRASP,Reduced,Best,Best,1,0.5,DAFJS14.txt, -0.1, 61654, 300.027,159.851
GRASP,Reduced,Best,Best,1,0.5,DAFJS14.txt, -0.3, 43084, 300.033,83.637
GRASP,Reduced,Best,Best,1,0.5,DAFJS17.txt, -0.1, 65772, 300.039,47.012
GRASP,Reduced,Best,Best,1,0.5,DAFJS16.txt, -0.1, 64799, 300.06,62.045
GRASP,Reduced,Best,Best,1,0.5,DAFJS15.txt, -0.2, 51019, 300.067,172.45
GRASP,Reduced,Best,Best,1,0.5,DAFJS16.txt, -0.3, 46293, 300.127,152.973
GRASP,Reduced,Best,Best,1,0.5,DAFJS16.txt, -0.2, 54284, 300.166,50.365
GRASP,Reduced,Best,Best,1,0.5,DAFJS15.txt, -0.3, 44088, 300.182,286.134
GRASP,Reduced,Best,Best,1,0.5,DAFJS15.txt, -0.1, 59127, 300.197,25.552
GRASP,Reduced,Best,Best,1,0.5,DAFJS18.txt, -0.3, 45831, 300.006,215.137
GRASP,Reduced,Best,Best,1,0.5,DAFJS17.txt, -0.2, 53499, 300.024,230.048
GRASP,Reduced,Best,Best,1,0.5,DAFJS19.txt, -0.2, 41181, 300.02,291.432
GRASP,Reduced,Best,Best,1,0.5,DAFJS19.txt, -0.3, 35802, 300.029,67.982
GRASP,Reduced,Best,Best,1,0.5,DAFJS19.txt, -0.1, 46845, 300.041,104.123
GRASP,Reduced,Best,Best,1,0.5,DAFJS18.txt, -0.1, 67140, 300.051,81.661
GRASP,Reduced,Best,Best,1,0.5,DAFJS18.txt, -0.2, 55185, 300.052,129.536
GRASP,Reduced,Best,Best,1,0.5,DAFJS17.txt, -0.3, 43759, 300.093,205.279
GRASP,Reduced,Best,Best,1,0.5,DAFJS20.txt, -0.1, 60453, 300.088,93.119
GRASP,Reduced,Best,Best,1,0.5,DAFJS20.txt, -0.2, 49950, 300.112,67.079
GRASP,Reduced,Best,Best,1,0.5,DAFJS23.txt, -0.3, 33885, 300.004,85.601
GRASP,Reduced,Best,Best,1,0.5,DAFJS21.txt, -0.1, 67263, 300.016,225.625
GRASP,Reduced,Best,Best,1,0.5,DAFJS22.txt, -0.3, 39555, 300.011,30.107
GRASP,Reduced,Best,Best,1,0.5,DAFJS23.txt, -0.2, 38715, 300.02,130.868
GRASP,Reduced,Best,Best,1,0.5,DAFJS23.txt, -0.1, 44368, 300.022,295.64
GRASP,Reduced,Best,Best,1,0.5,DAFJS22.txt, -0.2, 48008, 300.037,137.63
GRASP,Reduced,Best,Best,1,0.5,DAFJS20.txt, -0.3, 41884, 300.074,188.767
GRASP,Reduced,Best,Best,1,0.5,DAFJS21.txt, -0.3, 45987, 300.082,193.936
GRASP,Reduced,Best,Best,1,0.5,DAFJS22.txt, -0.1, 59977, 300.103,12.31
GRASP,Reduced,Best,Best,1,0.5,DAFJS21.txt, -0.2, 55685, 300.145,178.337
GRASP,Reduced,Best,Best,1,0.5,DAFJS25.txt, -0.3, 46979, 300.013,52.376
GRASP,Reduced,Best,Best,1,0.5,DAFJS26.txt, -0.3, 47134, 300.01,134.07
GRASP,Reduced,Best,Best,1,0.5,DAFJS26.txt, -0.1, 65000, 300.026,133.38
GRASP,Reduced,Best,Best,1,0.5,DAFJS25.txt, -0.1, 67361, 300.037,86.128
GRASP,Reduced,Best,Best,1,0.5,DAFJS25.txt, -0.2, 55986, 300.043,89.036
GRASP,Reduced,Best,Best,1,0.5,DAFJS24.txt, -0.3, 38036, 300.075,133.699
GRASP,Reduced,Best,Best,1,0.5,DAFJS27.txt, -0.1, 71653, 300.066,151.603
GRASP,Reduced,Best,Best,1,0.5,DAFJS24.txt, -0.1, 51573, 300.08,33.737
GRASP,Reduced,Best,Best,1,0.5,DAFJS24.txt, -0.2, 44019, 300.087,5.642
GRASP,Reduced,Best,Best,1,0.5,DAFJS26.txt, -0.2, 56329, 300.131,6.441
GRASP,Reduced,Best,Best,1,0.5,DAFJS28.txt, -0.1, 50125, 300.002,282.733
GRASP,Reduced,Best,Best,1,0.5,DAFJS30.txt, -0.2, 44173, 300.018,113.245
GRASP,Reduced,Best,Best,1,0.5,DAFJS28.txt, -0.3, 38319, 300.041,264.758
GRASP,Reduced,Best,Best,1,0.5,DAFJS28.txt, -0.2, 43599, 300.057,186.885
GRASP,Reduced,Best,Best,1,0.5,DAFJS29.txt, -0.3, 45490, 300.052,213.891
GRASP,Reduced,Best,Best,1,0.5,DAFJS27.txt, -0.3, 49166, 300.063,101.778
GRASP,Reduced,Best,Best,1,0.5,DAFJS29.txt, -0.2, 52469, 300.058,84.97
GRASP,Reduced,Best,Best,1,0.5,DAFJS29.txt, -0.1, 60730, 300.088,71.016
GRASP,Reduced,Best,Best,1,0.5,DAFJS30.txt, -0.1, 51100, 300.088,155.861
GRASP,Reduced,Best,Best,1,0.5,DAFJS27.txt, -0.2, 59576, 300.249,112.467
GRASP,Reduced,Best,Best,1,0.5,YFJS01.txt, -0.2, 62259, 300,9.176
GRASP,Reduced,Best,Best,1,0.5,YFJS01.txt, -0.3, 55458, 300,0.417
GRASP,Reduced,Best,Best,1,0.5,YFJS02.txt, -0.1, 72681, 300,1.049
GRASP,Reduced,Best,Best,1,0.5,YFJS01.txt, -0.1, 68714, 300.006,0.009
GRASP,Reduced,Best,Best,1,0.5,YFJS02.txt, -0.3, 58279, 300.001,12.442
GRASP,Reduced,Best,Best,1,0.5,YFJS03.txt, -0.1, 32662, 300,0.002
GRASP,Reduced,Best,Best,1,0.5,YFJS03.txt, -0.2, 30073, 300,0.025
GRASP,Reduced,Best,Best,1,0.5,YFJS02.txt, -0.2, 64487, 300.004,1.072
GRASP,Reduced,Best,Best,1,0.5,YFJS03.txt, -0.3, 27686, 300,0.001
GRASP,Reduced,Best,Best,1,0.5,DAFJS30.txt, -0.3, 38158, 300.012,261.933
GRASP,Reduced,Best,Best,1,0.5,YFJS04.txt, -0.1, 36946, 300,0.326
GRASP,Reduced,Best,Best,1,0.5,YFJS04.txt, -0.2, 33701, 300,295.897
GRASP,Reduced,Best,Best,1,0.5,YFJS04.txt, -0.3, 30112, 300.001,184.606
GRASP,Reduced,Best,Best,1,0.5,YFJS05.txt, -0.1, 41034, 300.001,9.664
GRASP,Reduced,Best,Best,1,0.5,YFJS05.txt, -0.2, 37670, 300.001,0.233
GRASP,Reduced,Best,Best,1,0.5,YFJS05.txt, -0.3, 34430, 300.001,0.466
GRASP,Reduced,Best,Best,1,0.5,YFJS06.txt, -0.2, 36812, 300,106.575
GRASP,Reduced,Best,Best,1,0.5,YFJS06.txt, -0.1, 41046, 300.001,25.665
GRASP,Reduced,Best,Best,1,0.5,YFJS07.txt, -0.1, 41394, 300,116.595
GRASP,Reduced,Best,Best,1,0.5,YFJS06.txt, -0.3, 33892, 300.003,0.838
GRASP,Reduced,Best,Best,1,0.5,YFJS07.txt, -0.2, 37159, 300.002,14.849
GRASP,Reduced,Best,Best,1,0.5,YFJS07.txt, -0.3, 33471, 300.002,31.057
GRASP,Reduced,Best,Best,1,0.5,YFJS08.txt, -0.1, 32623, 300,0.002
GRASP,Reduced,Best,Best,1,0.5,YFJS08.txt, -0.3, 28347, 300,212.318
GRASP,Reduced,Best,Best,1,0.5,YFJS08.txt, -0.2, 30267, 300.001,0.256
GRASP,Reduced,Best,Best,1,0.5,YFJS09.txt, -0.1, 22681, 300.001,0.313
GRASP,Reduced,Best,Best,1,0.5,YFJS09.txt, -0.2, 21363, 300.001,66.48
GRASP,Reduced,Best,Best,1,0.5,YFJS09.txt, -0.3, 20077, 300.002,206.54
GRASP,Reduced,Best,Best,1,0.5,YFJS10.txt, -0.1, 37423, 300.001,2.623
GRASP,Reduced,Best,Best,1,0.5,YFJS10.txt, -0.2, 34922, 300.001,1.132
GRASP,Reduced,Best,Best,1,0.5,YFJS10.txt, -0.3, 32582, 300,0.915
GRASP,Reduced,Best,Best,1,0.5,YFJS11.txt, -0.1, 48929, 300.002,2.981
GRASP,Reduced,Best,Best,1,0.5,YFJS11.txt, -0.2, 45168, 300.001,3.125
GRASP,Reduced,Best,Best,1,0.5,YFJS11.txt, -0.3, 40735, 300.001,79.333
GRASP,Reduced,Best,Best,1,0.5,YFJS12.txt, -0.1, 47925, 300.001,258.315
GRASP,Reduced,Best,Best,1,0.5,YFJS12.txt, -0.2, 43656, 300,21.385
GRASP,Reduced,Best,Best,1,0.5,YFJS12.txt, -0.3, 39123, 300.002,64.027
GRASP,Reduced,Best,Best,1,0.5,YFJS13.txt, -0.1, 38042, 300.002,16.112
GRASP,Reduced,Best,Best,1,0.5,YFJS13.txt, -0.2, 34401, 300.001,34.548
GRASP,Reduced,Best,Best,1,0.5,YFJS13.txt, -0.3, 31823, 300.004,9.312
GRASP,Reduced,Best,Best,1,0.5,YFJS17.txt, -0.1, 101511, 300.059,258.882
GRASP,Reduced,Best,Best,1,0.5,YFJS15.txt, -0.2, 99801, 300.091,53.685
GRASP,Reduced,Best,Best,1,0.5,YFJS15.txt, -0.3, 83456, 300.151,131.631
GRASP,Reduced,Best,Best,1,0.5,YFJS16.txt, -0.2, 97752, 300.156,94.353
GRASP,Reduced,Best,Best,1,0.5,YFJS14.txt, -0.1, 111694, 300.217,89.205
GRASP,Reduced,Best,Best,1,0.5,YFJS16.txt, -0.1, 112987, 300.334,50.466
GRASP,Reduced,Best,Best,1,0.5,YFJS16.txt, -0.3, 84568, 300.359,132.152
GRASP,Reduced,Best,Best,1,0.5,YFJS14.txt, -0.3, 84077, 300.417,65.444
GRASP,Reduced,Best,Best,1,0.5,YFJS15.txt, -0.1, 110301, 300.541,144.314
GRASP,Reduced,Best,Best,1,0.5,YFJS14.txt, -0.2, 98780, 300.683,93.253
GRASP,Reduced,Best,Best,1,0.5,YFJS17.txt, -0.3, 73682, 300.47,0
GRASP,Reduced,Best,Best,1,0.5,YFJS17.txt, -0.2, 85736, 300.906,0
GRASP,Reduced,Best,Best,1,0.5,YFJS19.txt, -0.1, 98364, 301.256,206.571
GRASP,Reduced,Best,Best,1,0.5,YFJS18.txt, -0.3, 84505, 302.804,128.819
GRASP,Reduced,Best,Best,1,0.5,YFJS18.txt, -0.1, 110770, 302.827,253.423
GRASP,Reduced,Best,Best,1,0.5,YFJS20.txt, -0.1, 92392, 302.94,189.389
GRASP,Reduced,Best,Best,1,0.5,YFJS19.txt, -0.3, 71490, 303.248,127.948
GRASP,Reduced,Best,Best,1,0.5,YFJS20.txt, -0.2, 82467, 303.931,193.157
GRASP,Reduced,Best,Best,1,0.5,YFJS18.txt, -0.2, 97737, 304.628,146.539
GRASP,Reduced,Best,Best,1,0.5,YFJS19.txt, -0.2, 86352, 304.863,221.877
GRASP,Reduced,Best,Best,1,0.5,DAFJS01.txt, -0.1, 24216, 300.001,125.758
GRASP,Reduced,Best,Best,1,0.5,DAFJS01.txt, -0.2, 22021, 300.001,23.964
GRASP,Reduced,Best,Best,1,0.5,DAFJS02.txt, -0.1, 26869, 300,0.617
GRASP,Reduced,Best,Best,1,0.5,DAFJS02.txt, -0.2, 24618, 300,0.096
GRASP,Reduced,Best,Best,1,0.5,DAFJS01.txt, -0.3, 19958, 300.004,180.485
GRASP,Reduced,Best,Best,1,0.5,DAFJS02.txt, -0.3, 22178, 300,0.119
GRASP,Reduced,Best,Best,1,0.5,DAFJS03.txt, -0.2, 44453, 300.007,80.398
GRASP,Reduced,Best,Best,1,0.5,DAFJS03.txt, -0.3, 39288, 300.007,42.196
GRASP,Reduced,Best,Best,1,0.5,DAFJS03.txt, -0.1, 50569, 300.011,138.088
GRASP,Reduced,Best,Best,1,0.5,YFJS20.txt, -0.3, 72074, 300.092,45.97
GRASP,Reduced,Best,Best,1,0.5,DAFJS04.txt, -0.2, 44996, 300.002,118.573
GRASP,Reduced,Best,Best,1,0.5,DAFJS05.txt, -0.2, 31848, 300.001,174.366
GRASP,Reduced,Best,Best,1,0.5,DAFJS06.txt, -0.1, 37131, 300,190.463
GRASP,Reduced,Best,Best,1,0.5,DAFJS04.txt, -0.1, 51927, 300.009,250.71
GRASP,Reduced,Best,Best,1,0.5,DAFJS06.txt, -0.3, 27527, 300.001,157.191
GRASP,Reduced,Best,Best,1,0.5,DAFJS05.txt, -0.1, 36874, 300.008,127.054
GRASP,Reduced,Best,Best,1,0.5,DAFJS04.txt, -0.3, 39284, 300.011,29.084
GRASP,Reduced,Best,Best,1,0.5,DAFJS05.txt, -0.3, 28184, 300.008,117.518
GRASP,Reduced,Best,Best,1,0.5,DAFJS06.txt, -0.2, 31871, 300.009,2.923
GRASP,Reduced,Best,Best,1,0.5,DAFJS07.txt, -0.1, 46748, 300.008,51.581
GRASP,Reduced,Best,Best,1,0.5,DAFJS09.txt, -0.3, 31015, 300.001,28.67
GRASP,Reduced,Best,Best,1,0.5,DAFJS08.txt, -0.3, 39798, 300.011,233.067
GRASP,Reduced,Best,Best,1,0.5,DAFJS09.txt, -0.1, 41381, 300.012,15.179
GRASP,Reduced,Best,Best,1,0.5,DAFJS09.txt, -0.2, 35718, 300.015,28.904
GRASP,Reduced,Best,Best,1,0.5,DAFJS07.txt, -0.2, 40321, 300.024,237.983
GRASP,Reduced,Best,Best,1,0.5,DAFJS10.txt, -0.2, 37591, 300.015,117.012
GRASP,Reduced,Best,Best,1,0.5,DAFJS10.txt, -0.1, 45336, 300.016,39.158
GRASP,Reduced,Best,Best,1,0.5,DAFJS08.txt, -0.1, 53907, 300.028,219.128
GRASP,Reduced,Best,Best,1,0.5,DAFJS07.txt, -0.3, 36297, 300.042,53.625
GRASP,Reduced,Best,Best,1,0.5,DAFJS08.txt, -0.2, 46446, 300.059,123.813
GRASP,Reduced,Best,Best,1,0.5,DAFJS10.txt, -0.3, 31726, 300.001,298.741
GRASP,Reduced,Best,Best,1,0.5,DAFJS11.txt, -0.3, 42547, 300.009,8.521
GRASP,Reduced,Best,Best,1,0.5,DAFJS13.txt, -0.2, 44839, 300.006,179.995
GRASP,Reduced,Best,Best,1,0.5,DAFJS13.txt, -0.3, 37971, 300.008,156.408
GRASP,Reduced,Best,Best,1,0.5,DAFJS13.txt, -0.1, 54533, 300.03,129.279
GRASP,Reduced,Best,Best,1,0.5,DAFJS11.txt, -0.1, 58577, 300.041,200.18
GRASP,Reduced,Best,Best,1,0.5,DAFJS12.txt, -0.3, 41108, 300.075,132.565
GRASP,Reduced,Best,Best,1,0.5,DAFJS11.txt, -0.2, 50196, 300.125,126.715
GRASP,Reduced,Best,Best,1,0.5,DAFJS12.txt, -0.2, 48768, 300.132,90.783
GRASP,Reduced,Best,Best,1,0.5,DAFJS12.txt, -0.1, 55665, 300.182,296.978
GRASP,Reduced,Best,Best,1,0.5,DAFJS14.txt, -0.1, 62067, 300.022,259.788
GRASP,Reduced,Best,Best,1,0.5,DAFJS14.txt, -0.3, 42514, 300.023,95.604
GRASP,Reduced,Best,Best,1,0.5,DAFJS14.txt, -0.2, 50724, 300.034,73.955
GRASP,Reduced,Best,Best,1,0.5,DAFJS15.txt, -0.1, 60018, 300.044,6.467
GRASP,Reduced,Best,Best,1,0.5,DAFJS17.txt, -0.1, 65208, 300.057,61.459
GRASP,Reduced,Best,Best,1,0.5,DAFJS15.txt, -0.3, 43549, 300.083,129.852
GRASP,Reduced,Best,Best,1,0.5,DAFJS16.txt, -0.3, 45180, 300.122,124.982
GRASP,Reduced,Best,Best,1,0.5,DAFJS16.txt, -0.1, 65260, 300.131,148.311
GRASP,Reduced,Best,Best,1,0.5,DAFJS16.txt, -0.2, 53214, 300.142,123.72
GRASP,Reduced,Best,Best,1,0.5,DAFJS15.txt, -0.2, 51509, 300.195,158.294
GRASP,Reduced,Best,Best,1,0.5,DAFJS19.txt, -0.1, 48206, 300,199.008
GRASP,Reduced,Best,Best,1,0.5,DAFJS18.txt, -0.3, 45621, 300.017,158.929
GRASP,Reduced,Best,Best,1,0.5,DAFJS18.txt, -0.1, 66651, 300.036,17.473
GRASP,Reduced,Best,Best,1,0.5,DAFJS18.txt, -0.2, 55574, 300.038,134.412
GRASP,Reduced,Best,Best,1,0.5,DAFJS19.txt, -0.3, 35741, 300.032,257.093
GRASP,Reduced,Best,Best,1,0.5,DAFJS19.txt, -0.2, 41204, 300.037,90.224
GRASP,Reduced,Best,Best,1,0.5,DAFJS17.txt, -0.3, 43723, 300.07,116.455
GRASP,Reduced,Best,Best,1,0.5,DAFJS17.txt, -0.2, 53622, 300.085,61.096
GRASP,Reduced,Best,Best,1,0.5,DAFJS20.txt, -0.2, 50859, 300.087,268.214
GRASP,Reduced,Best,Best,1,0.5,DAFJS20.txt, -0.1, 59166, 300.119,241.967
GRASP,Reduced,Best,Best,1,0.5,DAFJS23.txt, -0.3, 33917, 300.005,65.888
GRASP,Reduced,Best,Best,1,0.5,DAFJS21.txt, -0.3, 45853, 300.035,174.057
GRASP,Reduced,Best,Best,1,0.5,DAFJS21.txt, -0.2, 55231, 300.041,142.188
GRASP,Reduced,Best,Best,1,0.5,DAFJS21.txt, -0.1, 66931, 300.056,288.539
GRASP,Reduced,Best,Best,1,0.5,DAFJS23.txt, -0.1, 44639, 300.049,71.62
GRASP,Reduced,Best,Best,1,0.5,DAFJS23.txt, -0.2, 39044, 300.063,211.042
GRASP,Reduced,Best,Best,1,0.5,DAFJS20.txt, -0.3, 41819, 300.103,134.401
GRASP,Reduced,Best,Best,1,0.5,DAFJS22.txt, -0.1, 60506, 300.112,12.022
GRASP,Reduced,Best,Best,1,0.5,DAFJS22.txt, -0.3, 39633, 300.141,79.233
GRASP,Reduced,Best,Best,1,0.5,DAFJS22.txt, -0.2, 49275, 300.29,20.246
GRASP,Reduced,Best,Best,1,0.5,DAFJS24.txt, -0.3, 38459, 300.006,222.942
GRASP,Reduced,Best,Best,1,0.5,DAFJS24.txt, -0.1, 51097, 300.02,276.599
GRASP,Reduced,Best,Best,1,0.5,DAFJS24.txt, -0.2, 43935, 300.05,121.975
GRASP,Reduced,Best,Best,1,0.5,DAFJS25.txt, -0.1, 67022, 300.054,76.369
GRASP,Reduced,Best,Best,1,0.5,DAFJS26.txt, -0.3, 47947, 300.05,126.689
GRASP,Reduced,Best,Best,1,0.5,DAFJS25.txt, -0.2, 56703, 300.069,10.94
GRASP,Reduced,Best,Best,1,0.5,DAFJS27.txt, -0.1, 71372, 300.093,77.922
GRASP,Reduced,Best,Best,1,0.5,DAFJS26.txt, -0.2, 55149, 300.098,166.899
GRASP,Reduced,Best,Best,1,0.5,DAFJS25.txt, -0.3, 47694, 300.117,146.737
GRASP,Reduced,Best,Best,1,0.5,DAFJS26.txt, -0.1, 65953, 300.142,300.142
GRASP,Reduced,Best,Best,1,0.5,DAFJS29.txt, -0.1, 60453, 300.011,264.606
GRASP,Reduced,Best,Best,1,0.5,DAFJS28.txt, -0.1, 49053, 300.016,62.945
GRASP,Reduced,Best,Best,1,0.5,DAFJS28.txt, -0.3, 38119, 300.02,232.505
GRASP,Reduced,Best,Best,1,0.5,DAFJS30.txt, -0.1, 50673, 300.019,242.583
GRASP,Reduced,Best,Best,1,0.5,DAFJS29.txt, -0.3, 44494, 300.023,75.371
GRASP,Reduced,Best,Best,1,0.5,DAFJS28.txt, -0.2, 43434, 300.041,199.048
GRASP,Reduced,Best,Best,1,0.5,DAFJS30.txt, -0.2, 43600, 300.04,123.448
GRASP,Reduced,Best,Best,1,0.5,DAFJS29.txt, -0.2, 52433, 300.074,278.006
GRASP,Reduced,Best,Best,1,0.5,DAFJS27.txt, -0.3, 49319, 300.085,14.059
GRASP,Reduced,Best,Best,1,0.5,DAFJS27.txt, -0.2, 59338, 300.149,129.845
GRASP,Reduced,Best,Best,1,0.5,YFJS01.txt, -0.2, 62259, 300.002,9.724
GRASP,Reduced,Best,Best,1,0.5,YFJS01.txt, -0.1, 68714, 300.005,0.314
GRASP,Reduced,Best,Best,1,0.5,YFJS01.txt, -0.3, 55458, 300.004,0.235
GRASP,Reduced,Best,Best,1,0.5,YFJS03.txt, -0.1, 32662, 300,0.005
GRASP,Reduced,Best,Best,1,0.5,YFJS03.txt, -0.2, 30073, 300,0.38
GRASP,Reduced,Best,Best,1,0.5,YFJS02.txt, -0.2, 64487, 300.004,8.005
GRASP,Reduced,Best,Best,1,0.5,YFJS02.txt, -0.1, 72681, 300.005,7.13
GRASP,Reduced,Best,Best,1,0.5,YFJS03.txt, -0.3, 27686, 300,0.011
GRASP,Reduced,Best,Best,1,0.5,YFJS02.txt, -0.3, 58279, 300.004,0.679
GRASP,Reduced,Best,Best,1,0.5,DAFJS30.txt, -0.3, 38306, 300.03,87.917
GRASP,Reduced,Best,Best,1,0.5,YFJS04.txt, -0.2, 34641, 300,126.291
GRASP,Reduced,Best,Best,1,0.5,YFJS04.txt, -0.1, 36692, 300.001,50.137
GRASP,Reduced,Best,Best,1,0.5,YFJS04.txt, -0.3, 30601, 300,234.436
GRASP,Reduced,Best,Best,1,0.5,YFJS05.txt, -0.1, 41034, 300,1.955
GRASP,Reduced,Best,Best,1,0.5,YFJS05.txt, -0.2, 37670, 300,1.201
GRASP,Reduced,Best,Best,1,0.5,YFJS05.txt, -0.3, 33736, 300,205.873
GRASP,Reduced,Best,Best,1,0.5,YFJS06.txt, -0.1, 41046, 300,236.78
GRASP,Reduced,Best,Best,1,0.5,YFJS06.txt, -0.3, 33557, 300,57.813
GRASP,Reduced,Best,Best,1,0.5,YFJS06.txt, -0.2, 36812, 300.001,48.059
GRASP,Reduced,Best,Best,1,0.5,YFJS07.txt, -0.1, 41394, 300.001,87.259
GRASP,Reduced,Best,Best,1,0.5,YFJS07.txt, -0.2, 37159, 300,12.504
GRASP,Reduced,Best,Best,1,0.5,YFJS08.txt, -0.1, 32623, 300,0.025
GRASP,Reduced,Best,Best,1,0.5,YFJS07.txt, -0.3, 33471, 300.003,15.615
GRASP,Reduced,Best,Best,1,0.5,YFJS08.txt, -0.2, 30267, 300.001,0.351
GRASP,Reduced,Best,Best,1,0.5,YFJS08.txt, -0.3, 28347, 300.001,56.464
GRASP,Reduced,Best,Best,1,0.5,YFJS09.txt, -0.2, 21450, 300,26.625
GRASP,Reduced,Best,Best,1,0.5,YFJS10.txt, -0.1, 37423, 300,1.691
GRASP,Reduced,Best,Best,1,0.5,YFJS09.txt, -0.3, 20077, 300.002,42.468
GRASP,Reduced,Best,Best,1,0.5,YFJS10.txt, -0.2, 34922, 300,3.282
GRASP,Reduced,Best,Best,1,0.5,YFJS09.txt, -0.1, 22681, 300.005,30.048
GRASP,Reduced,Best,Best,1,0.5,YFJS10.txt, -0.3, 32582, 300,0.099
GRASP,Reduced,Best,Best,1,0.5,YFJS11.txt, -0.2, 45168, 300.001,21.544
GRASP,Reduced,Best,Best,1,0.5,YFJS11.txt, -0.1, 48929, 300.003,11.965
GRASP,Reduced,Best,Best,1,0.5,YFJS11.txt, -0.3, 40735, 300.002,8.299
GRASP,Reduced,Best,Best,1,0.5,YFJS12.txt, -0.1, 48545, 300,108.161
GRASP,Reduced,Best,Best,1,0.5,YFJS12.txt, -0.2, 43656, 300,173.715
GRASP,Reduced,Best,Best,1,0.5,YFJS12.txt, -0.3, 39123, 300,13.252
GRASP,Reduced,Best,Best,1,0.5,YFJS13.txt, -0.1, 38042, 300.006,52.26
GRASP,Reduced,Best,Best,1,0.5,YFJS13.txt, -0.3, 31823, 300.004,13.947
GRASP,Reduced,Best,Best,1,0.5,YFJS13.txt, -0.2, 34401, 300.006,24.818
GRASP,Reduced,Best,Best,1,0.5,YFJS14.txt, -0.3, 83120, 300.05,146.434
GRASP,Reduced,Best,Best,1,0.5,YFJS16.txt, -0.2, 99058, 300.31,101.718
GRASP,Reduced,Best,Best,1,0.5,YFJS16.txt, -0.1, 112755, 300.443,215.632
GRASP,Reduced,Best,Best,1,0.5,YFJS14.txt, -0.2, 97951, 300.476,242.561
GRASP,Reduced,Best,Best,1,0.5,YFJS15.txt, -0.2, 98502, 300.501,260.712
GRASP,Reduced,Best,Best,1,0.5,YFJS16.txt, -0.3, 86349, 300.553,255.746
GRASP,Reduced,Best,Best,1,0.5,YFJS14.txt, -0.1, 112050, 300.592,214.419
GRASP,Reduced,Best,Best,1,0.5,YFJS15.txt, -0.1, 109844, 300.618,92.081
GRASP,Reduced,Best,Best,1,0.5,YFJS15.txt, -0.3, 85357, 300.782,162.342
GRASP,Reduced,Best,Best,1,0.5,YFJS17.txt, -0.1, 101047, 303.858,28.687
GRASP,Reduced,Best,Best,1,0.5,YFJS17.txt, -0.3, 73682, 300.723,0
GRASP,Reduced,Best,Best,1,0.5,YFJS19.txt, -0.1, 97275, 301.072,84.598
GRASP,Reduced,Best,Best,1,0.5,YFJS18.txt, -0.2, 96508, 301.238,112.587
GRASP,Reduced,Best,Best,1,0.5,YFJS18.txt, -0.1, 110500, 301.628,23.093
GRASP,Reduced,Best,Best,1,0.5,YFJS18.txt, -0.3, 85856, 301.894,145.354
GRASP,Reduced,Best,Best,1,0.5,YFJS20.txt, -0.2, 82309, 302.07,179.562
GRASP,Reduced,Best,Best,1,0.5,YFJS19.txt, -0.3, 72706, 302.744,30.809
GRASP,Reduced,Best,Best,1,0.5,YFJS19.txt, -0.2, 83462, 303.258,58.255
GRASP,Reduced,Best,Best,1,0.5,YFJS20.txt, -0.1, 94588, 303.284,235.69
GRASP,Reduced,Best,Best,1,0.5,YFJS17.txt, -0.2, 82181, 305.192,31.868
GRASP,Reduced,Best,Best,1,0.5,YFJS20.txt, -0.3, 69366, 300.458,297.431
