TS,Reduced,Best,Best,0,14,DAFJS01.txt, -0.1, 23492, 300,72.09
TS,Reduced,Best,Best,0,14,DAFJS02.txt, -0.1, 26432, 300,279.064
TS,Reduced,Best,Best,0,14,DAFJS03.txt, -0.1, 50430, 300,144.526
TS,Reduced,Best,Best,0,14,DAFJS04.txt, -0.1, 51927, 300,10.073
TS,Reduced,Best,Best,0,14,DAFJS05.txt, -0.1, 35129, 300,63.395
TS,Reduced,Best,Best,0,14,DAFJS06.txt, -0.1, 35939, 300,3.6
TS,Reduced,Best,Best,0,14,DAFJS09.txt, -0.1, 41272, 300,69.124
TS,Reduced,Best,Best,0,14,DAFJS08.txt, -0.1, 53308, 300,177.715
TS,Reduced,Best,Best,0,14,DAFJS07.txt, -0.1, 45259, 300.002,59.011
TS,Reduced,Best,Best,0,14,DAFJS10.txt, -0.1, 44497, 300,285.407
TS,Reduced,Best,Best,0,14,DAFJS13.txt, -0.1, 53675, 300,57.89
TS,Reduced,Best,Best,0,14,DAFJS12.txt, -0.1, 53159, 300.001,211.436
TS,Reduced,Best,Best,0,14,DAFJS11.txt, -0.1, 55785, 300.004,11.276
TS,Reduced,Best,Best,0,14,DAFJS14.txt, -0.1, 61506, 300.001,52.593
TS,Reduced,Best,Best,0,14,DAFJS16.txt, -0.1, 57049, 300,213.952
TS,Reduced,Best,Best,0,14,DAFJS15.txt, -0.1, 57374, 300.003,43.56
TS,Reduced,Best,Best,0,14,DAFJS18.txt, -0.1, 65037, 300.001,142.161
TS,Reduced,Best,Best,0,14,DAFJS17.txt, -0.1, 65246, 300.002,10.647
TS,Reduced,Best,Best,0,14,DAFJS19.txt, -0.1, 45396, 300,228.022
TS,Reduced,Best,Best,0,14,DAFJS20.txt, -0.1, 57172, 300.001,199.452
TS,Reduced,Best,Best,0,14,DAFJS21.txt, -0.1, 65303, 300.001,25.647
TS,Reduced,Best,Best,0,14,DAFJS22.txt, -0.1, 56093, 300.003,70.16
TS,Reduced,Best,Best,0,14,DAFJS23.txt, -0.1, 42188, 300.002,152.753
TS,Reduced,Best,Best,0,14,DAFJS24.txt, -0.1, 49143, 300.001,90.921
TS,Reduced,Best,Best,0,14,DAFJS26.txt, -0.1, 60983, 300.001,143.119
TS,Reduced,Best,Best,0,14,DAFJS28.txt, -0.1, 47741, 300.001,24.199
TS,Reduced,Best,Best,0,14,DAFJS25.txt, -0.1, 61120, 300.004,238.903
TS,Reduced,Best,Best,0,14,DAFJS29.txt, -0.1, 57035, 300,26.333
TS,Reduced,Best,Best,0,14,DAFJS27.txt, -0.1, 67946, 300.003,67.938
TS,Reduced,Best,Best,0,14,YFJS01.txt, -0.1, 68980, 300,86.485
TS,Reduced,Best,Best,0,14,YFJS02.txt, -0.1, 72465, 300,0.019
TS,Reduced,Best,Best,0,14,DAFJS30.txt, -0.1, 48498, 300.001,109.645
TS,Reduced,Best,Best,0,14,YFJS03.txt, -0.1, 34166, 300,0.001
TS,Reduced,Best,Best,0,14,YFJS04.txt, -0.1, 39354, 300,0.009
TS,Reduced,Best,Best,0,14,YFJS05.txt, -0.1, 43216, 300,1.005
TS,Reduced,Best,Best,0,14,YFJS06.txt, -0.1, 41900, 300,2.25
TS,Reduced,Best,Best,0,14,YFJS07.txt, -0.1, 43158, 300,0.012
TS,Reduced,Best,Best,0,14,YFJS08.txt, -0.1, 34308, 300,0.006
TS,Reduced,Best,Best,0,14,YFJS09.txt, -0.1, 22681, 300,0.011
TS,Reduced,Best,Best,0,14,YFJS10.txt, -0.1, 39093, 300,0.007
TS,Reduced,Best,Best,0,14,YFJS11.txt, -0.1, 51370, 300,0.018
TS,Reduced,Best,Best,0,14,YFJS12.txt, -0.1, 50602, 300,0.104
TS,Reduced,Best,Best,0,14,YFJS13.txt, -0.1, 40722, 300,1.12
TS,Reduced,Best,Best,0,14,YFJS15.txt, -0.1, 111030, 300.003,44.285
TS,Reduced,Best,Best,0,14,YFJS16.txt, -0.1, 113310, 300.008,5.954
TS,Reduced,Best,Best,0,14,YFJS18.txt, -0.1, 101592, 300.007,167.687
TS,Reduced,Best,Best,0,14,YFJS14.txt, -0.1, 111446, 300.015,45.741
TS,Reduced,Best,Best,0,14,YFJS19.txt, -0.1, 84102, 300.015,132.904
TS,Reduced,Best,Best,0,14,YFJS17.txt, -0.1, 94962, 300.023,85.088
TS,Reduced,Best,Best,0,14,DAFJS01.txt, -0.2, 21683, 300,26.881
TS,Reduced,Best,Best,0,14,DAFJS02.txt, -0.2, 24321, 300,113.936
TS,Reduced,Best,Best,0,14,DAFJS03.txt, -0.2, 44393, 300,84.917
TS,Reduced,Best,Best,0,14,DAFJS04.txt, -0.2, 44773, 300,115.869
TS,Reduced,Best,Best,0,14,DAFJS05.txt, -0.2, 31136, 300,77.499
TS,Reduced,Best,Best,0,14,DAFJS06.txt, -0.2, 31131, 300,13.053
TS,Reduced,Best,Best,0,14,DAFJS07.txt, -0.2, 39760, 300,162.716
TS,Reduced,Best,Best,0,14,DAFJS08.txt, -0.2, 45499, 300,165.125
TS,Reduced,Best,Best,0,14,DAFJS09.txt, -0.2, 35474, 300,0.483
TS,Reduced,Best,Best,0,14,YFJS20.txt, -0.1, 85918, 300.014,229.99
TS,Reduced,Best,Best,0,14,DAFJS10.txt, -0.2, 37581, 300.001,3.419
TS,Reduced,Best,Best,0,14,DAFJS11.txt, -0.2, 46668, 300.002,24.551
TS,Reduced,Best,Best,0,14,DAFJS13.txt, -0.2, 45311, 300,0.294
TS,Reduced,Best,Best,0,14,DAFJS14.txt, -0.2, 51393, 300.002,1.097
TS,Reduced,Best,Best,0,14,DAFJS15.txt, -0.2, 48624, 300.001,118.743
TS,Reduced,Best,Best,0,14,DAFJS16.txt, -0.2, 48887, 300.001,267.368
TS,Reduced,Best,Best,0,14,DAFJS17.txt, -0.2, 52572, 300.001,101.591
TS,Reduced,Best,Best,0,14,DAFJS18.txt, -0.2, 54055, 300.001,170.339
TS,Reduced,Best,Best,0,14,DAFJS12.txt, -0.2, 45025, 300.008,288.22
TS,Reduced,Best,Best,0,14,DAFJS19.txt, -0.2, 39454, 300.001,2.278
TS,Reduced,Best,Best,0,14,DAFJS21.txt, -0.2, 53553, 300,18.985
TS,Reduced,Best,Best,0,14,DAFJS23.txt, -0.2, 36949, 300,67.897
TS,Reduced,Best,Best,0,14,DAFJS20.txt, -0.2, 48061, 300.003,74.443
TS,Reduced,Best,Best,0,14,DAFJS24.txt, -0.2, 41560, 300.002,19.812
TS,Reduced,Best,Best,0,14,DAFJS25.txt, -0.2, 52270, 300.003,53.491
TS,Reduced,Best,Best,0,14,DAFJS22.txt, -0.2, 45849, 300.007,143.858
TS,Reduced,Best,Best,0,14,DAFJS29.txt, -0.2, 49121, 300,30.723
TS,Reduced,Best,Best,0,14,DAFJS28.txt, -0.2, 41693, 300.001,218.415
TS,Reduced,Best,Best,0,14,DAFJS26.txt, -0.2, 50413, 300.004,142.36
TS,Reduced,Best,Best,0,14,DAFJS27.txt, -0.2, 56189, 300.008,192.754
TS,Reduced,Best,Best,0,14,YFJS01.txt, -0.2, 62124, 300,3.053
TS,Reduced,Best,Best,0,14,DAFJS30.txt, -0.2, 41551, 300,59.402
TS,Reduced,Best,Best,0,14,YFJS02.txt, -0.2, 64227, 300,96.386
TS,Reduced,Best,Best,0,14,YFJS03.txt, -0.2, 30955, 300,0.002
TS,Reduced,Best,Best,0,14,YFJS04.txt, -0.2, 33701, 300,0.006
TS,Reduced,Best,Best,0,14,YFJS05.txt, -0.2, 39027, 300,0.006
TS,Reduced,Best,Best,0,14,YFJS06.txt, -0.2, 38490, 300,0.014
TS,Reduced,Best,Best,0,14,YFJS07.txt, -0.2, 38148, 300,0.016
TS,Reduced,Best,Best,0,14,YFJS08.txt, -0.2, 31289, 300,0.011
TS,Reduced,Best,Best,0,14,YFJS09.txt, -0.2, 21450, 300,86.732
TS,Reduced,Best,Best,0,14,YFJS10.txt, -0.2, 36536, 300,0.005
TS,Reduced,Best,Best,0,14,YFJS11.txt, -0.2, 45565, 300,0.018
TS,Reduced,Best,Best,0,14,YFJS12.txt, -0.2, 46801, 300,0.292
TS,Reduced,Best,Best,0,14,YFJS13.txt, -0.2, 35404, 300,6.24
TS,Reduced,Best,Best,0,14,YFJS15.txt, -0.2, 93369, 300.002,36.631
TS,Reduced,Best,Best,0,14,YFJS19.txt, -0.2, 72084, 300,198.16
TS,Reduced,Best,Best,0,14,YFJS16.txt, -0.2, 97211, 300.004,3.957
TS,Reduced,Best,Best,0,14,YFJS17.txt, -0.2, 79690, 300.003,29.871
TS,Reduced,Best,Best,0,14,YFJS14.txt, -0.2, 93993, 300.011,176.385
TS,Reduced,Best,Best,0,14,YFJS18.txt, -0.2, 85318, 300.014,111.395
TS,Reduced,Best,Best,0,14,DAFJS01.txt, -0.3, 19719, 300,255.103
TS,Reduced,Best,Best,0,14,DAFJS02.txt, -0.3, 22147, 300,63.326
TS,Reduced,Best,Best,0,14,DAFJS03.txt, -0.3, 39226, 300,125.316
TS,Reduced,Best,Best,0,14,DAFJS04.txt, -0.3, 39047, 300,130.876
TS,Reduced,Best,Best,0,14,DAFJS05.txt, -0.3, 27652, 300,78.148
TS,Reduced,Best,Best,0,14,DAFJS06.txt, -0.3, 26744, 300,30.027
TS,Reduced,Best,Best,0,14,DAFJS09.txt, -0.3, 31139, 300,116.695
TS,Reduced,Best,Best,0,14,DAFJS07.txt, -0.3, 34904, 300.002,296.011
TS,Reduced,Best,Best,0,14,DAFJS08.txt, -0.3, 38946, 300.001,46.494
TS,Reduced,Best,Best,0,14,YFJS20.txt, -0.2, 73979, 300.014,91.316
TS,Reduced,Best,Best,0,14,DAFJS10.txt, -0.3, 31310, 300,12.117
TS,Reduced,Best,Best,0,14,DAFJS12.txt, -0.3, 38310, 300.001,14.506
TS,Reduced,Best,Best,0,14,DAFJS13.txt, -0.3, 38070, 300.001,24.64
TS,Reduced,Best,Best,0,14,DAFJS11.txt, -0.3, 40056, 300.004,103.815
TS,Reduced,Best,Best,0,14,DAFJS14.txt, -0.3, 42654, 300.002,0.448
TS,Reduced,Best,Best,0,14,DAFJS15.txt, -0.3, 40993, 300.002,110.626
TS,Reduced,Best,Best,0,14,DAFJS18.txt, -0.3, 44899, 300,198.017
TS,Reduced,Best,Best,0,14,DAFJS19.txt, -0.3, 33890, 300,112.872
TS,Reduced,Best,Best,0,14,DAFJS17.txt, -0.3, 43310, 300.002,297.444
TS,Reduced,Best,Best,0,14,DAFJS16.txt, -0.3, 40853, 300.004,157.409
TS,Reduced,Best,Best,0,14,DAFJS20.txt, -0.3, 40428, 300.001,75.792
TS,Reduced,Best,Best,0,14,DAFJS23.txt, -0.3, 32613, 300.001,68.408
TS,Reduced,Best,Best,0,14,DAFJS21.txt, -0.3, 44037, 300.003,60.067
TS,Reduced,Best,Best,0,14,DAFJS22.txt, -0.3, 36521, 300.004,83.735
TS,Reduced,Best,Best,0,14,DAFJS24.txt, -0.3, 35112, 300.001,45.37
TS,Reduced,Best,Best,0,14,DAFJS25.txt, -0.3, 43921, 300.003,95.404
TS,Reduced,Best,Best,0,14,DAFJS26.txt, -0.3, 43270, 300.002,88.2
TS,Reduced,Best,Best,0,14,DAFJS28.txt, -0.3, 36428, 300.001,12.931
TS,Reduced,Best,Best,0,14,DAFJS27.txt, -0.3, 46658, 300.003,42.384
TS,Reduced,Best,Best,0,14,DAFJS29.txt, -0.3, 42465, 300.002,165.311
TS,Reduced,Best,Best,0,14,YFJS01.txt, -0.3, 55458, 300,102.286
TS,Reduced,Best,Best,0,14,YFJS02.txt, -0.3, 57434, 300,124.062
TS,Reduced,Best,Best,0,14,YFJS03.txt, -0.3, 28609, 300,0.001
TS,Reduced,Best,Best,0,14,DAFJS30.txt, -0.3, 36627, 300.002,56.881
TS,Reduced,Best,Best,0,14,YFJS04.txt, -0.3, 31267, 300,0.117
TS,Reduced,Best,Best,0,14,YFJS05.txt, -0.3, 35525, 300,0.121
TS,Reduced,Best,Best,0,14,YFJS06.txt, -0.3, 35022, 300,0.019
TS,Reduced,Best,Best,0,14,YFJS07.txt, -0.3, 34425, 300,1.38
TS,Reduced,Best,Best,0,14,YFJS08.txt, -0.3, 32339, 300,0.002
TS,Reduced,Best,Best,0,14,YFJS09.txt, -0.3, 20077, 300,37.524
TS,Reduced,Best,Best,0,14,YFJS10.txt, -0.3, 33074, 300,0.004
TS,Reduced,Best,Best,0,14,YFJS11.txt, -0.3, 42236, 300,0.03
TS,Reduced,Best,Best,0,14,YFJS12.txt, -0.3, 39819, 300,3.011
TS,Reduced,Best,Best,0,14,YFJS13.txt, -0.3, 33401, 300,0.454
TS,Reduced,Best,Best,0,14,YFJS15.txt, -0.3, 80081, 300.003,159.559
TS,Reduced,Best,Best,0,14,YFJS16.txt, -0.3, 82701, 300.005,4.741
TS,Reduced,Best,Best,0,14,YFJS14.txt, -0.3, 83266, 300.01,3.267
TS,Reduced,Best,Best,0,14,YFJS19.txt, -0.3, 61998, 300.006,124.624
TS,Reduced,Best,Best,0,14,YFJS17.txt, -0.3, 66574, 300.022,167.814
TS,Reduced,Best,Best,0,14,YFJS18.txt, -0.3, 75572, 300.022,205.761
TS,Reduced,Best,Best,0,14,DAFJS01.txt, -0.1, 23492, 300,77.67
TS,Reduced,Best,Best,0,14,DAFJS02.txt, -0.1, 26516, 300,0.431
TS,Reduced,Best,Best,0,14,DAFJS03.txt, -0.1, 50430, 300,124.248
TS,Reduced,Best,Best,0,14,DAFJS04.txt, -0.1, 51927, 300,16.985
TS,Reduced,Best,Best,0,14,DAFJS05.txt, -0.1, 35129, 300,64.423
TS,Reduced,Best,Best,0,14,DAFJS06.txt, -0.1, 35939, 300,3.817
TS,Reduced,Best,Best,0,14,DAFJS07.txt, -0.1, 45259, 300,65.13
TS,Reduced,Best,Best,0,14,DAFJS08.txt, -0.1, 53308, 300,189.342
TS,Reduced,Best,Best,0,14,DAFJS09.txt, -0.1, 41272, 300,76.334
TS,Reduced,Best,Best,0,14,YFJS20.txt, -0.3, 61631, 300.017,281.178
TS,Reduced,Best,Best,0,14,DAFJS10.txt, -0.1, 44497, 300,283.078
TS,Reduced,Best,Best,0,14,DAFJS12.txt, -0.1, 53175, 300,241.685
TS,Reduced,Best,Best,0,14,DAFJS13.txt, -0.1, 53675, 300,51.184
TS,Reduced,Best,Best,0,14,DAFJS11.txt, -0.1, 55785, 300.004,11.367
TS,Reduced,Best,Best,0,14,DAFJS14.txt, -0.1, 61506, 300.002,52.078
TS,Reduced,Best,Best,0,14,DAFJS18.txt, -0.1, 65037, 300,100.554
TS,Reduced,Best,Best,0,14,DAFJS17.txt, -0.1, 65246, 300.002,10.714
TS,Reduced,Best,Best,0,14,DAFJS19.txt, -0.1, 45396, 300,224.77
TS,Reduced,Best,Best,0,14,DAFJS15.txt, -0.1, 57374, 300.004,43.336
TS,Reduced,Best,Best,0,14,DAFJS16.txt, -0.1, 57049, 300.004,224.129
TS,Reduced,Best,Best,0,14,DAFJS21.txt, -0.1, 65303, 300,28.534
TS,Reduced,Best,Best,0,14,DAFJS23.txt, -0.1, 42188, 300,159.733
TS,Reduced,Best,Best,0,14,DAFJS22.txt, -0.1, 56093, 300.001,114.981
TS,Reduced,Best,Best,0,14,DAFJS20.txt, -0.1, 57172, 300.002,118.839
TS,Reduced,Best,Best,0,14,DAFJS24.txt, -0.1, 49143, 300,89.062
TS,Reduced,Best,Best,0,14,DAFJS25.txt, -0.1, 61120, 300.001,171.446
TS,Reduced,Best,Best,0,14,DAFJS26.txt, -0.1, 60983, 300.003,213.975
TS,Reduced,Best,Best,0,14,DAFJS28.txt, -0.1, 47741, 300.001,24.248
TS,Reduced,Best,Best,0,14,DAFJS29.txt, -0.1, 57035, 300,28.062
TS,Reduced,Best,Best,0,14,DAFJS27.txt, -0.1, 67946, 300.004,67.318
TS,Reduced,Best,Best,0,14,YFJS01.txt, -0.1, 68980, 300,86.293
TS,Reduced,Best,Best,0,14,YFJS02.txt, -0.1, 72465, 300,0.021
TS,Reduced,Best,Best,0,14,YFJS03.txt, -0.1, 34166, 300,0.001
TS,Reduced,Best,Best,0,14,DAFJS30.txt, -0.1, 48498, 300.002,104.133
TS,Reduced,Best,Best,0,14,YFJS04.txt, -0.1, 39354, 300,0.008
TS,Reduced,Best,Best,0,14,YFJS05.txt, -0.1, 43216, 300,0.827
TS,Reduced,Best,Best,0,14,YFJS06.txt, -0.1, 41900, 300,2.078
TS,Reduced,Best,Best,0,14,YFJS07.txt, -0.1, 43158, 300,0.009
TS,Reduced,Best,Best,0,14,YFJS08.txt, -0.1, 34308, 300,0.005
TS,Reduced,Best,Best,0,14,YFJS09.txt, -0.1, 22681, 300,0.009
TS,Reduced,Best,Best,0,14,YFJS10.txt, -0.1, 39093, 300,0.007
TS,Reduced,Best,Best,0,14,YFJS11.txt, -0.1, 51370, 300,0.026
TS,Reduced,Best,Best,0,14,YFJS12.txt, -0.1, 50602, 300,0.092
TS,Reduced,Best,Best,0,14,YFJS13.txt, -0.1, 40722, 300,0.916
TS,Reduced,Best,Best,0,14,YFJS16.txt, -0.1, 113310, 300.002,5.401
TS,Reduced,Best,Best,0,14,YFJS14.txt, -0.1, 111446, 300.009,45.817
TS,Reduced,Best,Best,0,14,YFJS15.txt, -0.1, 111030, 300.008,44.445
TS,Reduced,Best,Best,0,14,YFJS18.txt, -0.1, 101592, 300.009,191.883
TS,Reduced,Best,Best,0,14,YFJS19.txt, -0.1, 84102, 300.015,131.677
TS,Reduced,Best,Best,0,14,YFJS17.txt, -0.1, 94962, 300.021,85.245
TS,Reduced,Best,Best,0,14,DAFJS01.txt, -0.2, 21683, 300,26.704
TS,Reduced,Best,Best,0,14,DAFJS02.txt, -0.2, 24321, 300,84.896
TS,Reduced,Best,Best,0,14,DAFJS03.txt, -0.2, 44393, 300,50.924
TS,Reduced,Best,Best,0,14,DAFJS04.txt, -0.2, 44773, 300.001,116.075
TS,Reduced,Best,Best,0,14,DAFJS05.txt, -0.2, 31136, 300.001,77.379
TS,Reduced,Best,Best,0,14,DAFJS06.txt, -0.2, 31131, 300,8.321
TS,Reduced,Best,Best,0,14,DAFJS08.txt, -0.2, 45499, 300.001,168.698
TS,Reduced,Best,Best,0,14,DAFJS09.txt, -0.2, 35474, 300,0.441
TS,Reduced,Best,Best,0,14,DAFJS07.txt, -0.2, 39760, 300.003,162.701
TS,Reduced,Best,Best,0,14,YFJS20.txt, -0.1, 85918, 300.034,186.078
TS,Reduced,Best,Best,0,14,DAFJS10.txt, -0.2, 37581, 300,2.946
TS,Reduced,Best,Best,0,14,DAFJS11.txt, -0.2, 46668, 300.001,41.027
TS,Reduced,Best,Best,0,14,DAFJS13.txt, -0.2, 45311, 300.001,0.472
TS,Reduced,Best,Best,0,14,DAFJS12.txt, -0.2, 45025, 300.004,273.244
TS,Reduced,Best,Best,0,14,DAFJS14.txt, -0.2, 51393, 300.001,1.012
TS,Reduced,Best,Best,0,14,DAFJS16.txt, -0.2, 48887, 300.001,268.211
TS,Reduced,Best,Best,0,14,DAFJS17.txt, -0.2, 52572, 300.001,99.937
TS,Reduced,Best,Best,0,14,DAFJS18.txt, -0.2, 54055, 300,133.853
TS,Reduced,Best,Best,0,14,DAFJS19.txt, -0.2, 39454, 300.001,1.855
TS,Reduced,Best,Best,0,14,DAFJS15.txt, -0.2, 48624, 300.005,117.694
TS,Reduced,Best,Best,0,14,DAFJS20.txt, -0.2, 48061, 300,127.75
TS,Reduced,Best,Best,0,14,DAFJS23.txt, -0.2, 36949, 300.001,37.558
TS,Reduced,Best,Best,0,14,DAFJS22.txt, -0.2, 45849, 300.003,205.412
TS,Reduced,Best,Best,0,14,DAFJS21.txt, -0.2, 53553, 300.005,18.789
TS,Reduced,Best,Best,0,14,DAFJS24.txt, -0.2, 41560, 300.003,19.597
TS,Reduced,Best,Best,0,14,DAFJS28.txt, -0.2, 41693, 300.001,243.592
TS,Reduced,Best,Best,0,14,DAFJS26.txt, -0.2, 50413, 300.003,181.281
TS,Reduced,Best,Best,0,14,DAFJS29.txt, -0.2, 49121, 300,32.061
TS,Reduced,Best,Best,0,14,DAFJS27.txt, -0.2, 56189, 300.002,190.651
TS,Reduced,Best,Best,0,14,DAFJS25.txt, -0.2, 52270, 300.009,52.732
TS,Reduced,Best,Best,0,14,YFJS01.txt, -0.2, 62124, 300,1.786
TS,Reduced,Best,Best,0,14,YFJS02.txt, -0.2, 64172, 300,266.492
TS,Reduced,Best,Best,0,14,YFJS03.txt, -0.2, 30955, 300,0.002
TS,Reduced,Best,Best,0,14,YFJS04.txt, -0.2, 33701, 300,0.006
TS,Reduced,Best,Best,0,14,DAFJS30.txt, -0.2, 41551, 300.004,97.989
TS,Reduced,Best,Best,0,14,YFJS05.txt, -0.2, 39027, 300,0.007
TS,Reduced,Best,Best,0,14,YFJS06.txt, -0.2, 38490, 300,0.016
TS,Reduced,Best,Best,0,14,YFJS07.txt, -0.2, 38148, 300,0.019
TS,Reduced,Best,Best,0,14,YFJS08.txt, -0.2, 31289, 300,0.015
TS,Reduced,Best,Best,0,14,YFJS09.txt, -0.2, 21450, 300,79.516
TS,Reduced,Best,Best,0,14,YFJS10.txt, -0.2, 36536, 300,0.005
TS,Reduced,Best,Best,0,14,YFJS11.txt, -0.2, 45565, 300,0.021
TS,Reduced,Best,Best,0,14,YFJS12.txt, -0.2, 46801, 300,0.21
TS,Reduced,Best,Best,0,14,YFJS13.txt, -0.2, 35404, 300,10.493
TS,Reduced,Best,Best,0,14,YFJS14.txt, -0.2, 93993, 300.002,176.899
TS,Reduced,Best,Best,0,14,YFJS17.txt, -0.2, 79690, 300,29.782
TS,Reduced,Best,Best,0,14,YFJS15.txt, -0.2, 93369, 300.008,36.89
TS,Reduced,Best,Best,0,14,YFJS16.txt, -0.2, 97211, 300.007,3.901
TS,Reduced,Best,Best,0,14,YFJS18.txt, -0.2, 85318, 300.015,148.314
TS,Reduced,Best,Best,0,14,YFJS19.txt, -0.2, 72084, 300.021,136.383
TS,Reduced,Best,Best,0,14,DAFJS01.txt, -0.3, 19719, 300,156.978
TS,Reduced,Best,Best,0,14,DAFJS02.txt, -0.3, 22147, 300,73.609
TS,Reduced,Best,Best,0,14,DAFJS03.txt, -0.3, 39226, 300,76.088
TS,Reduced,Best,Best,0,14,DAFJS04.txt, -0.3, 39047, 300,131.154
TS,Reduced,Best,Best,0,14,DAFJS05.txt, -0.3, 27652, 300,77.766
TS,Reduced,Best,Best,0,14,DAFJS06.txt, -0.3, 26744, 300,30.234
TS,Reduced,Best,Best,0,14,DAFJS07.txt, -0.3, 34904, 300.001,293.62
TS,Reduced,Best,Best,0,14,DAFJS08.txt, -0.3, 38946, 300.001,50.82
TS,Reduced,Best,Best,0,14,DAFJS09.txt, -0.3, 31139, 300,116.324
TS,Reduced,Best,Best,0,14,YFJS20.txt, -0.2, 73979, 300.01,111.9
TS,Reduced,Best,Best,0,14,DAFJS10.txt, -0.3, 31310, 300,13.797
TS,Reduced,Best,Best,0,14,DAFJS11.txt, -0.3, 40056, 300,101.18
TS,Reduced,Best,Best,0,14,DAFJS13.txt, -0.3, 38070, 300,25.301
TS,Reduced,Best,Best,0,14,DAFJS14.txt, -0.3, 42654, 300.002,0.524
TS,Reduced,Best,Best,0,14,DAFJS15.txt, -0.3, 40993, 300.001,113.076
TS,Reduced,Best,Best,0,14,DAFJS17.txt, -0.3, 43310, 300.001,299.967
TS,Reduced,Best,Best,0,14,DAFJS19.txt, -0.3, 33890, 300,111.789
TS,Reduced,Best,Best,0,14,DAFJS12.txt, -0.3, 38310, 300.009,13.564
TS,Reduced,Best,Best,0,14,DAFJS18.txt, -0.3, 44899, 300.003,201.683
TS,Reduced,Best,Best,0,14,DAFJS16.txt, -0.3, 40853, 300.005,209.168
TS,Reduced,Best,Best,0,14,DAFJS20.txt, -0.3, 40428, 300.002,76.596
TS,Reduced,Best,Best,0,14,DAFJS23.txt, -0.3, 32473, 300.001,239.437
TS,Reduced,Best,Best,0,14,DAFJS21.txt, -0.3, 44037, 300.003,47.3
TS,Reduced,Best,Best,0,14,DAFJS22.txt, -0.3, 36521, 300.004,92.661
TS,Reduced,Best,Best,0,14,DAFJS24.txt, -0.3, 35112, 300.002,46.073
TS,Reduced,Best,Best,0,14,DAFJS28.txt, -0.3, 36428, 300,13.054
TS,Reduced,Best,Best,0,14,DAFJS26.txt, -0.3, 43270, 300.002,124.355
TS,Reduced,Best,Best,0,14,DAFJS27.txt, -0.3, 46658, 300.002,42.237
TS,Reduced,Best,Best,0,14,DAFJS29.txt, -0.3, 42465, 300.001,146.107
TS,Reduced,Best,Best,0,14,DAFJS25.txt, -0.3, 43921, 300.008,94.537
TS,Reduced,Best,Best,0,14,YFJS01.txt, -0.3, 55458, 300,104.386
TS,Reduced,Best,Best,0,14,DAFJS30.txt, -0.3, 36627, 300.001,80.267
TS,Reduced,Best,Best,0,14,YFJS02.txt, -0.3, 57434, 300,123.307
TS,Reduced,Best,Best,0,14,YFJS03.txt, -0.3, 28609, 300,0.001
TS,Reduced,Best,Best,0,14,YFJS04.txt, -0.3, 31267, 300,0.116
TS,Reduced,Best,Best,0,14,YFJS05.txt, -0.3, 35525, 300,0.121
TS,Reduced,Best,Best,0,14,YFJS06.txt, -0.3, 35022, 300,0.019
TS,Reduced,Best,Best,0,14,YFJS07.txt, -0.3, 34425, 300,1.589
TS,Reduced,Best,Best,0,14,YFJS08.txt, -0.3, 32339, 300,0.002
TS,Reduced,Best,Best,0,14,YFJS09.txt, -0.3, 20077, 300,36.718
TS,Reduced,Best,Best,0,14,YFJS10.txt, -0.3, 33074, 300,0.006
TS,Reduced,Best,Best,0,14,YFJS11.txt, -0.3, 42236, 300,0.032
TS,Reduced,Best,Best,0,14,YFJS12.txt, -0.3, 39819, 300,3.135
TS,Reduced,Best,Best,0,14,YFJS13.txt, -0.3, 33401, 300,0.81
TS,Reduced,Best,Best,0,14,YFJS14.txt, -0.3, 83266, 300.003,3.364
TS,Reduced,Best,Best,0,14,YFJS18.txt, -0.3, 75572, 300.002,232.022
TS,Reduced,Best,Best,0,14,YFJS16.txt, -0.3, 82701, 300.006,4.721
TS,Reduced,Best,Best,0,14,YFJS15.txt, -0.3, 80081, 300.007,158.335
TS,Reduced,Best,Best,0,14,YFJS19.txt, -0.3, 61998, 300.006,122.082
TS,Reduced,Best,Best,0,14,YFJS17.txt, -0.3, 66574, 300.009,167.563
TS,Reduced,Best,Best,0,14,DAFJS01.txt, -0.1, 23492, 300,74.997
TS,Reduced,Best,Best,0,14,DAFJS02.txt, -0.1, 26516, 300,0.428
TS,Reduced,Best,Best,0,14,DAFJS03.txt, -0.1, 50430, 300,194.331
TS,Reduced,Best,Best,0,14,DAFJS04.txt, -0.1, 51927, 300,17.264
TS,Reduced,Best,Best,0,14,DAFJS05.txt, -0.1, 35129, 300,64.399
TS,Reduced,Best,Best,0,14,YFJS20.txt, -0.3, 61631, 300.006,286.804
TS,Reduced,Best,Best,0,14,DAFJS06.txt, -0.1, 35939, 300,3.995
TS,Reduced,Best,Best,0,14,DAFJS09.txt, -0.1, 41219, 300,256.155
TS,Reduced,Best,Best,0,14,DAFJS07.txt, -0.1, 45259, 300.002,60.57
TS,Reduced,Best,Best,0,14,DAFJS08.txt, -0.1, 53308, 300.001,173.437
TS,Reduced,Best,Best,0,14,DAFJS10.txt, -0.1, 44497, 300,279.116
TS,Reduced,Best,Best,0,14,DAFJS13.txt, -0.1, 53675, 300,85.936
TS,Reduced,Best,Best,0,14,DAFJS11.txt, -0.1, 55211, 300.003,211.011
TS,Reduced,Best,Best,0,14,DAFJS12.txt, -0.1, 53159, 300.004,220.778
TS,Reduced,Best,Best,0,14,DAFJS14.txt, -0.1, 61506, 300.001,52.486
TS,Reduced,Best,Best,0,14,DAFJS15.txt, -0.1, 57374, 300.001,43.359
TS,Reduced,Best,Best,0,14,DAFJS17.txt, -0.1, 65246, 300,10.555
TS,Reduced,Best,Best,0,14,DAFJS19.txt, -0.1, 45396, 300,221.577
TS,Reduced,Best,Best,0,14,DAFJS18.txt, -0.1, 65037, 300.002,137.664
TS,Reduced,Best,Best,0,14,DAFJS16.txt, -0.1, 57597, 300.005,94.205
TS,Reduced,Best,Best,0,14,DAFJS20.txt, -0.1, 57172, 300.002,167.816
TS,Reduced,Best,Best,0,14,DAFJS21.txt, -0.1, 65303, 300.001,19.572
TS,Reduced,Best,Best,0,14,DAFJS23.txt, -0.1, 42188, 300.001,152.648
TS,Reduced,Best,Best,0,14,DAFJS22.txt, -0.1, 56093, 300.002,118.54
TS,Reduced,Best,Best,0,14,DAFJS24.txt, -0.1, 49143, 300,90.16
TS,Reduced,Best,Best,0,14,DAFJS26.txt, -0.1, 60983, 300,188.44
TS,Reduced,Best,Best,0,14,DAFJS25.txt, -0.1, 61120, 300.003,180.723
TS,Reduced,Best,Best,0,14,DAFJS28.txt, -0.1, 47741, 300.001,24.674
TS,Reduced,Best,Best,0,14,DAFJS27.txt, -0.1, 66322, 300.003,280.439
TS,Reduced,Best,Best,0,14,DAFJS29.txt, -0.1, 57035, 300.002,26.389
TS,Reduced,Best,Best,0,14,YFJS01.txt, -0.1, 68980, 300,86.244
TS,Reduced,Best,Best,0,14,YFJS02.txt, -0.1, 72465, 300,0.021
TS,Reduced,Best,Best,0,14,YFJS03.txt, -0.1, 34166, 300,0.001
TS,Reduced,Best,Best,0,14,DAFJS30.txt, -0.1, 48498, 300.002,115.104
TS,Reduced,Best,Best,0,14,YFJS04.txt, -0.1, 39354, 300,0.008
TS,Reduced,Best,Best,0,14,YFJS05.txt, -0.1, 43216, 300,0.823
TS,Reduced,Best,Best,0,14,YFJS06.txt, -0.1, 41900, 300,2.145
TS,Reduced,Best,Best,0,14,YFJS07.txt, -0.1, 43158, 300,0.009
TS,Reduced,Best,Best,0,14,YFJS08.txt, -0.1, 34308, 300,0.005
TS,Reduced,Best,Best,0,14,YFJS09.txt, -0.1, 22681, 300,0.008
TS,Reduced,Best,Best,0,14,YFJS10.txt, -0.1, 39093, 300,0.007
TS,Reduced,Best,Best,0,14,YFJS11.txt, -0.1, 51370, 300,0.018
TS,Reduced,Best,Best,0,14,YFJS12.txt, -0.1, 50602, 300,0.099
TS,Reduced,Best,Best,0,14,YFJS13.txt, -0.1, 40722, 300,1.206
TS,Reduced,Best,Best,0,14,YFJS14.txt, -0.1, 111446, 300,45.169
TS,Reduced,Best,Best,0,14,YFJS19.txt, -0.1, 84102, 300,116.899
TS,Reduced,Best,Best,0,14,YFJS18.txt, -0.1, 101592, 300.002,174.463
TS,Reduced,Best,Best,0,14,YFJS16.txt, -0.1, 113310, 300.005,5.816
TS,Reduced,Best,Best,0,14,YFJS15.txt, -0.1, 106933, 300.007,294.405
TS,Reduced,Best,Best,0,14,YFJS17.txt, -0.1, 94962, 300.006,85.614
TS,Reduced,Best,Best,0,14,DAFJS01.txt, -0.2, 21683, 300,16.605
TS,Reduced,Best,Best,0,14,DAFJS02.txt, -0.2, 24321, 300,105.376
TS,Reduced,Best,Best,0,14,DAFJS03.txt, -0.2, 44393, 300,51.078
TS,Reduced,Best,Best,0,14,DAFJS04.txt, -0.2, 44773, 300,117.725
TS,Reduced,Best,Best,0,14,DAFJS05.txt, -0.2, 31136, 300,78.438
TS,Reduced,Best,Best,0,14,DAFJS06.txt, -0.2, 31131, 300,9.095
TS,Reduced,Best,Best,0,14,DAFJS07.txt, -0.2, 39760, 300.001,165.242
TS,Reduced,Best,Best,0,14,DAFJS09.txt, -0.2, 35474, 300,0.442
TS,Reduced,Best,Best,0,14,DAFJS08.txt, -0.2, 45499, 300.001,164.675
TS,Reduced,Best,Best,0,14,YFJS20.txt, -0.1, 85918, 300.016,165.084
TS,Reduced,Best,Best,0,14,DAFJS10.txt, -0.2, 37581, 300,1.78
TS,Reduced,Best,Best,0,14,DAFJS11.txt, -0.2, 46668, 300.001,43.791
TS,Reduced,Best,Best,0,14,DAFJS12.txt, -0.2, 45025, 300,201.118
TS,Reduced,Best,Best,0,14,DAFJS13.txt, -0.2, 45311, 300,0.482
TS,Reduced,Best,Best,0,14,DAFJS14.txt, -0.2, 51393, 300,1.008
TS,Reduced,Best,Best,0,14,DAFJS15.txt, -0.2, 48624, 300,117.31
TS,Reduced,Best,Best,0,14,DAFJS17.txt, -0.2, 52572, 300,101.523
TS,Reduced,Best,Best,0,14,DAFJS16.txt, -0.2, 47853, 300.002,208.091
TS,Reduced,Best,Best,0,14,DAFJS18.txt, -0.2, 54055, 300.001,146.062
TS,Reduced,Best,Best,0,14,DAFJS19.txt, -0.2, 39454, 300,2.053
TS,Reduced,Best,Best,0,14,DAFJS20.txt, -0.2, 48061, 300.001,122.525
TS,Reduced,Best,Best,0,14,DAFJS21.txt, -0.2, 53553, 300.001,31.44
TS,Reduced,Best,Best,0,14,DAFJS22.txt, -0.2, 45849, 300.002,156.831
TS,Reduced,Best,Best,0,14,DAFJS23.txt, -0.2, 36949, 300.002,67.74
TS,Reduced,Best,Best,0,14,DAFJS24.txt, -0.2, 41560, 300.001,19.507
TS,Reduced,Best,Best,0,14,DAFJS26.txt, -0.2, 50413, 300.002,174.319
TS,Reduced,Best,Best,0,14,DAFJS28.txt, -0.2, 41693, 300.001,277.3
TS,Reduced,Best,Best,0,14,DAFJS25.txt, -0.2, 52270, 300.006,54.348
TS,Reduced,Best,Best,0,14,DAFJS29.txt, -0.2, 49121, 300.003,30.875
TS,Reduced,Best,Best,0,14,DAFJS27.txt, -0.2, 56189, 300.006,193.384
TS,Reduced,Best,Best,0,14,YFJS01.txt, -0.2, 62124, 300,2.945
TS,Reduced,Best,Best,0,14,DAFJS30.txt, -0.2, 41551, 300.001,64.77
TS,Reduced,Best,Best,0,14,YFJS02.txt, -0.2, 64227, 300,97.33
TS,Reduced,Best,Best,0,14,YFJS03.txt, -0.2, 30955, 300,0.002
TS,Reduced,Best,Best,0,14,YFJS04.txt, -0.2, 33701, 300,0.006
TS,Reduced,Best,Best,0,14,YFJS05.txt, -0.2, 39027, 300,0.006
TS,Reduced,Best,Best,0,14,YFJS06.txt, -0.2, 38490, 300,0.014
TS,Reduced,Best,Best,0,14,YFJS07.txt, -0.2, 38148, 300,0.016
TS,Reduced,Best,Best,0,14,YFJS08.txt, -0.2, 31289, 300,0.011
TS,Reduced,Best,Best,0,14,YFJS09.txt, -0.2, 21450, 300,90.911
TS,Reduced,Best,Best,0,14,YFJS10.txt, -0.2, 36536, 300,0.006
TS,Reduced,Best,Best,0,14,YFJS11.txt, -0.2, 45565, 300,0.018
TS,Reduced,Best,Best,0,14,YFJS12.txt, -0.2, 46801, 300,0.169
TS,Reduced,Best,Best,0,14,YFJS13.txt, -0.2, 35404, 300,6.029
TS,Reduced,Best,Best,0,14,YFJS16.txt, -0.2, 97211, 300.003,3.895
TS,Reduced,Best,Best,0,14,YFJS15.txt, -0.2, 93369, 300.007,36.604
TS,Reduced,Best,Best,0,14,YFJS14.txt, -0.2, 93993, 300.011,175.205
TS,Reduced,Best,Best,0,14,YFJS19.txt, -0.2, 72084, 300.007,149.347
TS,Reduced,Best,Best,0,14,YFJS17.txt, -0.2, 79690, 300.013,29.75
TS,Reduced,Best,Best,0,14,YFJS18.txt, -0.2, 85318, 300.019,148.389
TS,Reduced,Best,Best,0,14,DAFJS01.txt, -0.3, 19719, 300,143.777
TS,Reduced,Best,Best,0,14,DAFJS02.txt, -0.3, 22147, 300,63.453
TS,Reduced,Best,Best,0,14,DAFJS03.txt, -0.3, 39226, 300,76.257
TS,Reduced,Best,Best,0,14,DAFJS04.txt, -0.3, 39047, 300,81.296
TS,Reduced,Best,Best,0,14,DAFJS05.txt, -0.3, 27652, 300,77.435
TS,Reduced,Best,Best,0,14,DAFJS06.txt, -0.3, 26744, 300,30.371
TS,Reduced,Best,Best,0,14,DAFJS07.txt, -0.3, 34904, 300.001,240.374
TS,Reduced,Best,Best,0,14,DAFJS09.txt, -0.3, 31139, 300,115.654
TS,Reduced,Best,Best,0,14,DAFJS08.txt, -0.3, 38946, 300.002,53.445
TS,Reduced,Best,Best,0,14,YFJS20.txt, -0.2, 73979, 300.024,140.269
TS,Reduced,Best,Best,0,14,DAFJS10.txt, -0.3, 31310, 300,16.876
TS,Reduced,Best,Best,0,14,DAFJS13.txt, -0.3, 38070, 300,15.057
TS,Reduced,Best,Best,0,14,DAFJS11.txt, -0.3, 40056, 300.003,92.644
TS,Reduced,Best,Best,0,14,DAFJS12.txt, -0.3, 38310, 300.003,7.788
TS,Reduced,Best,Best,0,14,DAFJS14.txt, -0.3, 42654, 300,0.449
TS,Reduced,Best,Best,0,14,DAFJS16.txt, -0.3, 40853, 300.001,217.055
TS,Reduced,Best,Best,0,14,DAFJS17.txt, -0.3, 43310, 300,297.591
TS,Reduced,Best,Best,0,14,DAFJS15.txt, -0.3, 40993, 300.003,112.189
TS,Reduced,Best,Best,0,14,DAFJS18.txt, -0.3, 44899, 300.001,171.526
TS,Reduced,Best,Best,0,14,DAFJS19.txt, -0.3, 33890, 300,121.577
TS,Reduced,Best,Best,0,14,DAFJS21.txt, -0.3, 44037, 300.002,58.582
TS,Reduced,Best,Best,0,14,DAFJS23.txt, -0.3, 32613, 300.001,74.353
TS,Reduced,Best,Best,0,14,DAFJS22.txt, -0.3, 36521, 300.002,52.882
TS,Reduced,Best,Best,0,14,DAFJS20.txt, -0.3, 40428, 300.003,44.263
TS,Reduced,Best,Best,0,14,DAFJS24.txt, -0.3, 35112, 300.003,26.787
TS,Reduced,Best,Best,0,14,DAFJS28.txt, -0.3, 36428, 300,12.668
TS,Reduced,Best,Best,0,14,DAFJS26.txt, -0.3, 43270, 300.002,121.051
TS,Reduced,Best,Best,0,14,DAFJS27.txt, -0.3, 46658, 300.001,42.017
TS,Reduced,Best,Best,0,14,DAFJS25.txt, -0.3, 43921, 300.004,95.333
TS,Reduced,Best,Best,0,14,DAFJS29.txt, -0.3, 42465, 300.002,163.676
TS,Reduced,Best,Best,0,14,DAFJS30.txt, -0.3, 36627, 300,92.743
TS,Reduced,Best,Best,0,14,YFJS01.txt, -0.3, 55458, 300,60.927
TS,Reduced,Best,Best,0,14,YFJS02.txt, -0.3, 57434, 300,131.065
TS,Reduced,Best,Best,0,14,YFJS03.txt, -0.3, 28609, 300,0.001
TS,Reduced,Best,Best,0,14,YFJS04.txt, -0.3, 31267, 300,0.116
TS,Reduced,Best,Best,0,14,YFJS05.txt, -0.3, 35525, 300,0.121
TS,Reduced,Best,Best,0,14,YFJS06.txt, -0.3, 35022, 300,0.019
TS,Reduced,Best,Best,0,14,YFJS07.txt, -0.3, 34425, 300,1.375
TS,Reduced,Best,Best,0,14,YFJS08.txt, -0.3, 32339, 300,0.002
TS,Reduced,Best,Best,0,14,YFJS09.txt, -0.3, 20077, 300,39.211
TS,Reduced,Best,Best,0,14,YFJS10.txt, -0.3, 33074, 300,0.004
TS,Reduced,Best,Best,0,14,YFJS11.txt, -0.3, 42236, 300,0.023
TS,Reduced,Best,Best,0,14,YFJS12.txt, -0.3, 39819, 300,2.941
TS,Reduced,Best,Best,0,14,YFJS13.txt, -0.3, 33401, 300.004,0.83
TS,Reduced,Best,Best,0,14,YFJS15.txt, -0.3, 80081, 300.004,158.588
TS,Reduced,Best,Best,0,14,YFJS16.txt, -0.3, 82701, 300.004,4.645
TS,Reduced,Best,Best,0,14,YFJS19.txt, -0.3, 59385, 300.001,244.283
TS,Reduced,Best,Best,0,14,YFJS14.txt, -0.3, 83266, 300.011,3.202
TS,Reduced,Best,Best,0,14,YFJS18.txt, -0.3, 75572, 300.022,202.223
TS,Reduced,Best,Best,0,14,YFJS17.txt, -0.3, 66574, 300.025,167.599
TS,Reduced,Best,Best,0,14,DAFJS01.txt, -0.1, 23492, 300,133.988
TS,Reduced,Best,Best,0,14,DAFJS02.txt, -0.1, 26516, 300,0.513
TS,Reduced,Best,Best,0,14,DAFJS03.txt, -0.1, 50430, 300,199.822
TS,Reduced,Best,Best,0,14,DAFJS04.txt, -0.1, 51927, 300,17.112
TS,Reduced,Best,Best,0,14,DAFJS05.txt, -0.1, 35129, 300,64.252
TS,Reduced,Best,Best,0,14,DAFJS06.txt, -0.1, 35939, 300,3.674
TS,Reduced,Best,Best,0,14,DAFJS07.txt, -0.1, 45259, 300,60.374
TS,Reduced,Best,Best,0,14,DAFJS08.txt, -0.1, 53308, 300.001,177.468
TS,Reduced,Best,Best,0,14,DAFJS09.txt, -0.1, 41272, 300,76.707
TS,Reduced,Best,Best,0,14,YFJS20.txt, -0.3, 61631, 300.021,161.475
TS,Reduced,Best,Best,0,14,DAFJS10.txt, -0.1, 44497, 300,206.134
TS,Reduced,Best,Best,0,14,DAFJS11.txt, -0.1, 55785, 300,12.426
TS,Reduced,Best,Best,0,14,DAFJS13.txt, -0.1, 53675, 300,74.826
TS,Reduced,Best,Best,0,14,DAFJS14.txt, -0.1, 61506, 300.001,52.695
TS,Reduced,Best,Best,0,14,DAFJS15.txt, -0.1, 57374, 300.001,44.174
TS,Reduced,Best,Best,0,14,DAFJS18.txt, -0.1, 65037, 300,102.609
TS,Reduced,Best,Best,0,14,DAFJS16.txt, -0.1, 57049, 300.002,294.097
TS,Reduced,Best,Best,0,14,DAFJS17.txt, -0.1, 65246, 300.002,10.879
TS,Reduced,Best,Best,0,14,DAFJS19.txt, -0.1, 45396, 300,157.654
TS,Reduced,Best,Best,0,14,DAFJS12.txt, -0.1, 53159, 300.012,199.693
TS,Reduced,Best,Best,0,14,DAFJS22.txt, -0.1, 56093, 300,71.337
TS,Reduced,Best,Best,0,14,DAFJS20.txt, -0.1, 57172, 300.002,118.993
TS,Reduced,Best,Best,0,14,DAFJS23.txt, -0.1, 42188, 300.001,91.034
TS,Reduced,Best,Best,0,14,DAFJS24.txt, -0.1, 49143, 300.001,89.317
TS,Reduced,Best,Best,0,14,DAFJS21.txt, -0.1, 65303, 300.006,24.699
TS,Reduced,Best,Best,0,14,DAFJS28.txt, -0.1, 47741, 300,24.671
TS,Reduced,Best,Best,0,14,DAFJS26.txt, -0.1, 60983, 300.003,250.901
TS,Reduced,Best,Best,0,14,DAFJS25.txt, -0.1, 61120, 300.005,238.188
TS,Reduced,Best,Best,0,14,DAFJS29.txt, -0.1, 57035, 300.003,26.387
TS,Reduced,Best,Best,0,14,DAFJS27.txt, -0.1, 67946, 300.006,64.29
TS,Reduced,Best,Best,0,14,DAFJS30.txt, -0.1, 48498, 300,72.631
TS,Reduced,Best,Best,0,14,YFJS01.txt, -0.1, 68980, 300,134.59
TS,Reduced,Best,Best,0,14,YFJS02.txt, -0.1, 72465, 300,0.024
TS,Reduced,Best,Best,0,14,YFJS03.txt, -0.1, 34166, 300,0.001
TS,Reduced,Best,Best,0,14,YFJS04.txt, -0.1, 39354, 300,0.009
TS,Reduced,Best,Best,0,14,YFJS05.txt, -0.1, 43216, 300,1.026
TS,Reduced,Best,Best,0,14,YFJS06.txt, -0.1, 41900, 300,2.272
TS,Reduced,Best,Best,0,14,YFJS07.txt, -0.1, 43158, 300,0.011
TS,Reduced,Best,Best,0,14,YFJS08.txt, -0.1, 34308, 300,0.006
TS,Reduced,Best,Best,0,14,YFJS09.txt, -0.1, 22681, 300,0.011
TS,Reduced,Best,Best,0,14,YFJS10.txt, -0.1, 39093, 300,0.007
TS,Reduced,Best,Best,0,14,YFJS11.txt, -0.1, 51370, 300,0.026
TS,Reduced,Best,Best,0,14,YFJS12.txt, -0.1, 50602, 300,0.065
TS,Reduced,Best,Best,0,14,YFJS13.txt, -0.1, 40722, 300,1.354
TS,Reduced,Best,Best,0,14,YFJS15.txt, -0.1, 106933, 300,251.927
TS,Reduced,Best,Best,0,14,YFJS14.txt, -0.1, 111446, 300.001,45.657
TS,Reduced,Best,Best,0,14,YFJS18.txt, -0.1, 101592, 300.001,194.021
TS,Reduced,Best,Best,0,14,YFJS16.txt, -0.1, 113310, 300.005,4.42
TS,Reduced,Best,Best,0,14,YFJS17.txt, -0.1, 94962, 300.02,85.344
TS,Reduced,Best,Best,0,14,YFJS19.txt, -0.1, 84102, 300.019,135.194
TS,Reduced,Best,Best,0,14,DAFJS01.txt, -0.2, 21683, 300,15.809
TS,Reduced,Best,Best,0,14,YFJS20.txt, -0.1, 85918, 300.001,236.237
TS,Reduced,Best,Best,0,14,DAFJS02.txt, -0.2, 24321, 300,67.865
TS,Reduced,Best,Best,0,14,DAFJS03.txt, -0.2, 44393, 300,93.016
TS,Reduced,Best,Best,0,14,DAFJS04.txt, -0.2, 44773, 300,115.874
TS,Reduced,Best,Best,0,14,DAFJS05.txt, -0.2, 31136, 300,77.297
TS,Reduced,Best,Best,0,14,DAFJS06.txt, -0.2, 31131, 300,13.034
TS,Reduced,Best,Best,0,14,DAFJS08.txt, -0.2, 45499, 300,130.928
TS,Reduced,Best,Best,0,14,DAFJS07.txt, -0.2, 39760, 300.001,118.431
TS,Reduced,Best,Best,0,14,DAFJS09.txt, -0.2, 35474, 300,0.452
TS,Reduced,Best,Best,0,14,DAFJS10.txt, -0.2, 37581, 300,2.003
TS,Reduced,Best,Best,0,14,DAFJS11.txt, -0.2, 46668, 300,41.093
TS,Reduced,Best,Best,0,14,DAFJS13.txt, -0.2, 45311, 300,0.483
TS,Reduced,Best,Best,0,14,DAFJS14.txt, -0.2, 51393, 300.001,1.084
TS,Reduced,Best,Best,0,14,DAFJS12.txt, -0.2, 45025, 300.004,225.755
TS,Reduced,Best,Best,0,14,DAFJS16.txt, -0.2, 48887, 300,265.032
TS,Reduced,Best,Best,0,14,DAFJS15.txt, -0.2, 48624, 300.003,90.449
TS,Reduced,Best,Best,0,14,DAFJS18.txt, -0.2, 54055, 300.001,176.462
TS,Reduced,Best,Best,0,14,DAFJS19.txt, -0.2, 39454, 300,1.351
TS,Reduced,Best,Best,0,14,DAFJS17.txt, -0.2, 52572, 300.003,101.469
TS,Reduced,Best,Best,0,14,DAFJS20.txt, -0.2, 48061, 300.001,129.823
TS,Reduced,Best,Best,0,14,DAFJS22.txt, -0.2, 45849, 300.001,225.754
TS,Reduced,Best,Best,0,14,DAFJS21.txt, -0.2, 53553, 300.002,17.735
TS,Reduced,Best,Best,0,14,DAFJS23.txt, -0.2, 36949, 300.001,63.206
TS,Reduced,Best,Best,0,14,DAFJS24.txt, -0.2, 41560, 300.001,19.631
TS,Reduced,Best,Best,0,14,DAFJS25.txt, -0.2, 52270, 300.003,54.458
TS,Reduced,Best,Best,0,14,DAFJS28.txt, -0.2, 41595, 300.001,274.259
TS,Reduced,Best,Best,0,14,DAFJS27.txt, -0.2, 56189, 300.002,166.363
TS,Reduced,Best,Best,0,14,DAFJS29.txt, -0.2, 49121, 300,30.877
TS,Reduced,Best,Best,0,14,DAFJS26.txt, -0.2, 50413, 300.003,173.223
TS,Reduced,Best,Best,0,14,YFJS01.txt, -0.2, 62124, 300,1.838
TS,Reduced,Best,Best,0,14,DAFJS30.txt, -0.2, 41551, 300.001,104.947
TS,Reduced,Best,Best,0,14,YFJS02.txt, -0.2, 64172, 300,248.415
TS,Reduced,Best,Best,0,14,YFJS03.txt, -0.2, 30955, 300,0.002
TS,Reduced,Best,Best,0,14,YFJS04.txt, -0.2, 33701, 300,0.006
TS,Reduced,Best,Best,0,14,YFJS05.txt, -0.2, 39027, 300,0.006
TS,Reduced,Best,Best,0,14,YFJS06.txt, -0.2, 38490, 300,0.014
TS,Reduced,Best,Best,0,14,YFJS07.txt, -0.2, 38148, 300,0.016
TS,Reduced,Best,Best,0,14,YFJS08.txt, -0.2, 31289, 300,0.012
TS,Reduced,Best,Best,0,14,YFJS09.txt, -0.2, 21450, 300,56.977
TS,Reduced,Best,Best,0,14,YFJS10.txt, -0.2, 36536, 300,0.005
TS,Reduced,Best,Best,0,14,YFJS11.txt, -0.2, 45565, 300,0.019
TS,Reduced,Best,Best,0,14,YFJS12.txt, -0.2, 46801, 300,0.17
TS,Reduced,Best,Best,0,14,YFJS13.txt, -0.2, 35404, 300,10.279
TS,Reduced,Best,Best,0,14,YFJS15.txt, -0.2, 93369, 300.002,36.776
TS,Reduced,Best,Best,0,14,YFJS14.txt, -0.2, 93993, 300.006,176.93
TS,Reduced,Best,Best,0,14,YFJS16.txt, -0.2, 97211, 300.005,3.956
TS,Reduced,Best,Best,0,14,YFJS19.txt, -0.2, 72084, 300.004,159.734
TS,Reduced,Best,Best,0,14,YFJS18.txt, -0.2, 85318, 300.014,148.118
TS,Reduced,Best,Best,0,14,YFJS17.txt, -0.2, 79690, 300.017,29.79
TS,Reduced,Best,Best,0,14,DAFJS01.txt, -0.3, 19719, 300,224.996
TS,Reduced,Best,Best,0,14,DAFJS02.txt, -0.3, 22147, 300,91.499
TS,Reduced,Best,Best,0,14,DAFJS03.txt, -0.3, 39226, 300,75.857
TS,Reduced,Best,Best,0,14,DAFJS04.txt, -0.3, 39047, 300,130.575
TS,Reduced,Best,Best,0,14,DAFJS05.txt, -0.3, 27652, 300,78.237
TS,Reduced,Best,Best,0,14,DAFJS06.txt, -0.3, 26744, 300,30.21
TS,Reduced,Best,Best,0,14,DAFJS08.txt, -0.3, 38946, 300,33.591
TS,Reduced,Best,Best,0,14,DAFJS09.txt, -0.3, 31139, 300,115.459
TS,Reduced,Best,Best,0,14,DAFJS07.txt, -0.3, 34904, 300.002,296.028
TS,Reduced,Best,Best,0,14,YFJS20.txt, -0.2, 73979, 300.023,143.977
TS,Reduced,Best,Best,0,14,DAFJS10.txt, -0.3, 31310, 300,21.975
TS,Reduced,Best,Best,0,14,DAFJS13.txt, -0.3, 38070, 300,18.252
TS,Reduced,Best,Best,0,14,DAFJS12.txt, -0.3, 38310, 300.002,7.994
TS,Reduced,Best,Best,0,14,DAFJS11.txt, -0.3, 40056, 300.003,99.183
TS,Reduced,Best,Best,0,14,DAFJS14.txt, -0.3, 42654, 300.001,0.449
TS,Reduced,Best,Best,0,14,DAFJS15.txt, -0.3, 40993, 300,111.507
TS,Reduced,Best,Best,0,14,DAFJS16.txt, -0.3, 40853, 300.001,246.392
TS,Reduced,Best,Best,0,14,DAFJS17.txt, -0.3, 43456, 300,241.85
TS,Reduced,Best,Best,0,14,DAFJS18.txt, -0.3, 44899, 300,134.571
TS,Reduced,Best,Best,0,14,DAFJS19.txt, -0.3, 33890, 300.001,112.763
TS,Reduced,Best,Best,0,14,DAFJS20.txt, -0.3, 40428, 300,65.539
TS,Reduced,Best,Best,0,14,DAFJS23.txt, -0.3, 32473, 300.001,272.609
TS,Reduced,Best,Best,0,14,DAFJS21.txt, -0.3, 44037, 300.003,60.388
TS,Reduced,Best,Best,0,14,DAFJS24.txt, -0.3, 35112, 300.002,45.612
TS,Reduced,Best,Best,0,14,DAFJS22.txt, -0.3, 36521, 300.006,62.851
TS,Reduced,Best,Best,0,14,DAFJS27.txt, -0.3, 46658, 300,35.311
TS,Reduced,Best,Best,0,14,DAFJS25.txt, -0.3, 43921, 300.003,92.431
TS,Reduced,Best,Best,0,14,DAFJS28.txt, -0.3, 36428, 300.001,13.025
TS,Reduced,Best,Best,0,14,DAFJS29.txt, -0.3, 42465, 300.001,150.289
TS,Reduced,Best,Best,0,14,DAFJS26.txt, -0.3, 43270, 300.004,121.595
TS,Reduced,Best,Best,0,14,YFJS01.txt, -0.3, 55458, 300,60.892
TS,Reduced,Best,Best,0,14,YFJS02.txt, -0.3, 57434, 300,228.915
TS,Reduced,Best,Best,0,14,YFJS03.txt, -0.3, 28609, 300,0.001
TS,Reduced,Best,Best,0,14,YFJS04.txt, -0.3, 31267, 300,0.116
TS,Reduced,Best,Best,0,14,DAFJS30.txt, -0.3, 36627, 300.004,81.457
TS,Reduced,Best,Best,0,14,YFJS05.txt, -0.3, 35525, 300,0.121
TS,Reduced,Best,Best,0,14,YFJS06.txt, -0.3, 35022, 300,0.019
TS,Reduced,Best,Best,0,14,YFJS07.txt, -0.3, 34425, 300,1.377
TS,Reduced,Best,Best,0,14,YFJS08.txt, -0.3, 32339, 300,0.002
TS,Reduced,Best,Best,0,14,YFJS09.txt, -0.3, 20077, 300,35.09
TS,Reduced,Best,Best,0,14,YFJS10.txt, -0.3, 33074, 300,0.004
TS,Reduced,Best,Best,0,14,YFJS11.txt, -0.3, 42236, 300,0.03
TS,Reduced,Best,Best,0,14,YFJS12.txt, -0.3, 39819, 300,5.688
TS,Reduced,Best,Best,0,14,YFJS13.txt, -0.3, 33401, 300,0.798
TS,Reduced,Best,Best,0,14,YFJS14.txt, -0.3, 83266, 300,3.254
TS,Reduced,Best,Best,0,14,YFJS16.txt, -0.3, 82701, 300,4.726
TS,Reduced,Best,Best,0,14,YFJS15.txt, -0.3, 80081, 300.004,158.677
TS,Reduced,Best,Best,0,14,YFJS19.txt, -0.3, 61998, 300.011,121.542
TS,Reduced,Best,Best,0,14,YFJS17.txt, -0.3, 66574, 300.018,167.751
TS,Reduced,Best,Best,0,14,YFJS18.txt, -0.3, 75572, 300.018,194.129
TS,Reduced,Best,Best,0,14,DAFJS01.txt, -0.1, 23492, 300,123.624
TS,Reduced,Best,Best,0,14,DAFJS02.txt, -0.1, 26516, 300,0.44
TS,Reduced,Best,Best,0,14,DAFJS03.txt, -0.1, 50430, 300,187.55
TS,Reduced,Best,Best,0,14,DAFJS04.txt, -0.1, 51927, 300,18.265
TS,Reduced,Best,Best,0,14,DAFJS05.txt, -0.1, 35129, 300,64.58
TS,Reduced,Best,Best,0,14,DAFJS06.txt, -0.1, 35939, 300,3.808
TS,Reduced,Best,Best,0,14,DAFJS07.txt, -0.1, 45259, 300,60.292
TS,Reduced,Best,Best,0,14,DAFJS09.txt, -0.1, 41272, 300,71.42
TS,Reduced,Best,Best,0,14,DAFJS08.txt, -0.1, 53308, 300.002,176.489
TS,Reduced,Best,Best,0,14,YFJS20.txt, -0.3, 61631, 300.014,177.554
TS,Reduced,Best,Best,0,14,DAFJS10.txt, -0.1, 44497, 300,263.629
TS,Reduced,Best,Best,0,14,DAFJS13.txt, -0.1, 53675, 300,69.565
TS,Reduced,Best,Best,0,14,DAFJS11.txt, -0.1, 55785, 300.002,12.515
TS,Reduced,Best,Best,0,14,DAFJS12.txt, -0.1, 53175, 300.003,246.841
TS,Reduced,Best,Best,0,14,DAFJS14.txt, -0.1, 61506, 300.002,52.183
TS,Reduced,Best,Best,0,14,DAFJS16.txt, -0.1, 57049, 300.001,231.893
TS,Reduced,Best,Best,0,14,DAFJS15.txt, -0.1, 57374, 300.003,42.835
TS,Reduced,Best,Best,0,14,DAFJS18.txt, -0.1, 65037, 300,141.033
TS,Reduced,Best,Best,0,14,DAFJS19.txt, -0.1, 45396, 300,244.899
TS,Reduced,Best,Best,0,14,DAFJS17.txt, -0.1, 65246, 300.002,10.68
TS,Reduced,Best,Best,0,14,DAFJS23.txt, -0.1, 42188, 300,106.07
TS,Reduced,Best,Best,0,14,DAFJS20.txt, -0.1, 57172, 300.002,206.945
TS,Reduced,Best,Best,0,14,DAFJS21.txt, -0.1, 65303, 300.003,24.69
TS,Reduced,Best,Best,0,14,DAFJS22.txt, -0.1, 55708, 300.003,256.279
TS,Reduced,Best,Best,0,14,DAFJS25.txt, -0.1, 61120, 300,232.957
TS,Reduced,Best,Best,0,14,DAFJS24.txt, -0.1, 49143, 300.002,89.704
TS,Reduced,Best,Best,0,14,DAFJS27.txt, -0.1, 67946, 300,67.906
TS,Reduced,Best,Best,0,14,DAFJS28.txt, -0.1, 47741, 300,14.465
TS,Reduced,Best,Best,0,14,DAFJS29.txt, -0.1, 57035, 300.001,26.229
TS,Reduced,Best,Best,0,14,DAFJS26.txt, -0.1, 60983, 300.005,252.359
TS,Reduced,Best,Best,0,14,YFJS01.txt, -0.1, 68980, 300,139.799
TS,Reduced,Best,Best,0,14,DAFJS30.txt, -0.1, 48498, 300,93.619
TS,Reduced,Best,Best,0,14,YFJS02.txt, -0.1, 72465, 300,0.015
TS,Reduced,Best,Best,0,14,YFJS03.txt, -0.1, 34166, 300,0.001
TS,Reduced,Best,Best,0,14,YFJS04.txt, -0.1, 39354, 300,0.008
TS,Reduced,Best,Best,0,14,YFJS05.txt, -0.1, 43216, 300,0.823
TS,Reduced,Best,Best,0,14,YFJS06.txt, -0.1, 41900, 300,2.068
TS,Reduced,Best,Best,0,14,YFJS07.txt, -0.1, 43158, 300,0.009
TS,Reduced,Best,Best,0,14,YFJS08.txt, -0.1, 34308, 300,0.005
TS,Reduced,Best,Best,0,14,YFJS09.txt, -0.1, 22681, 300,0.008
TS,Reduced,Best,Best,0,14,YFJS10.txt, -0.1, 39093, 300,0.007
TS,Reduced,Best,Best,0,14,YFJS11.txt, -0.1, 51370, 300,0.026
TS,Reduced,Best,Best,0,14,YFJS12.txt, -0.1, 50602, 300,0.097
TS,Reduced,Best,Best,0,14,YFJS13.txt, -0.1, 40722, 300,1.584
TS,Reduced,Best,Best,0,14,YFJS14.txt, -0.1, 111446, 300.002,45.542
TS,Reduced,Best,Best,0,14,YFJS16.txt, -0.1, 113310, 300.004,5.801
TS,Reduced,Best,Best,0,14,YFJS15.txt, -0.1, 106933, 300.005,297.111
TS,Reduced,Best,Best,0,14,YFJS17.txt, -0.1, 94962, 300.005,65.919
TS,Reduced,Best,Best,0,14,YFJS19.txt, -0.1, 84102, 300.02,146.131
TS,Reduced,Best,Best,0,14,YFJS18.txt, -0.1, 101592, 300.022,206.556
TS,Reduced,Best,Best,0,14,DAFJS01.txt, -0.2, 21683, 300,15.79
TS,Reduced,Best,Best,0,14,DAFJS02.txt, -0.2, 24321, 300,106.75
TS,Reduced,Best,Best,0,14,DAFJS03.txt, -0.2, 44393, 300,86.58
TS,Reduced,Best,Best,0,14,DAFJS04.txt, -0.2, 44773, 300,116.013
TS,Reduced,Best,Best,0,14,DAFJS05.txt, -0.2, 31136, 300,77.154
TS,Reduced,Best,Best,0,14,DAFJS06.txt, -0.2, 31131, 300,12.765
TS,Reduced,Best,Best,0,14,DAFJS07.txt, -0.2, 39760, 300,163.726
TS,Reduced,Best,Best,0,14,DAFJS09.txt, -0.2, 35474, 300,0.457
TS,Reduced,Best,Best,0,14,DAFJS08.txt, -0.2, 45499, 300.001,166.091
TS,Reduced,Best,Best,0,14,YFJS20.txt, -0.1, 85918, 300.02,144.579
TS,Reduced,Best,Best,0,14,DAFJS10.txt, -0.2, 37581, 300,3.156
TS,Reduced,Best,Best,0,14,DAFJS11.txt, -0.2, 46668, 300,29.242
TS,Reduced,Best,Best,0,14,DAFJS13.txt, -0.2, 45311, 300.001,0.377
TS,Reduced,Best,Best,0,14,DAFJS12.txt, -0.2, 45025, 300.002,276.799
TS,Reduced,Best,Best,0,14,DAFJS14.txt, -0.2, 51393, 300.001,1.199
TS,Reduced,Best,Best,0,14,DAFJS15.txt, -0.2, 48624, 300,117.584
TS,Reduced,Best,Best,0,14,DAFJS18.txt, -0.2, 54055, 300,174.784
TS,Reduced,Best,Best,0,14,DAFJS17.txt, -0.2, 52572, 300.001,101.718
TS,Reduced,Best,Best,0,14,DAFJS19.txt, -0.2, 39454, 300,2.132
TS,Reduced,Best,Best,0,14,DAFJS16.txt, -0.2, 47853, 300.003,199.53
TS,Reduced,Best,Best,0,14,DAFJS20.txt, -0.2, 48061, 300.001,77.681
TS,Reduced,Best,Best,0,14,DAFJS21.txt, -0.2, 53553, 300.003,21.027
TS,Reduced,Best,Best,0,14,DAFJS23.txt, -0.2, 36949, 300.002,67.014
TS,Reduced,Best,Best,0,14,DAFJS22.txt, -0.2, 45849, 300.004,172.725
TS,Reduced,Best,Best,0,14,DAFJS24.txt, -0.2, 41560, 300.002,19.631
TS,Reduced,Best,Best,0,14,DAFJS25.txt, -0.2, 52270, 300.002,54.552
TS,Reduced,Best,Best,0,14,DAFJS27.txt, -0.2, 56189, 300.001,193.163
TS,Reduced,Best,Best,0,14,DAFJS28.txt, -0.2, 41693, 300,272.357
TS,Reduced,Best,Best,0,14,DAFJS26.txt, -0.2, 50413, 300.003,165.038
TS,Reduced,Best,Best,0,14,DAFJS29.txt, -0.2, 49121, 300.003,30.914
TS,Reduced,Best,Best,0,14,YFJS01.txt, -0.2, 62124, 300,3.111
TS,Reduced,Best,Best,0,14,YFJS02.txt, -0.2, 64227, 300,96.691
TS,Reduced,Best,Best,0,14,YFJS03.txt, -0.2, 30955, 300,0.002
TS,Reduced,Best,Best,0,14,YFJS04.txt, -0.2, 33701, 300,0.006
TS,Reduced,Best,Best,0,14,DAFJS30.txt, -0.2, 41551, 300.004,59.472
TS,Reduced,Best,Best,0,14,YFJS05.txt, -0.2, 39027, 300,0.006
TS,Reduced,Best,Best,0,14,YFJS06.txt, -0.2, 38490, 300,0.014
TS,Reduced,Best,Best,0,14,YFJS07.txt, -0.2, 38148, 300,0.016
TS,Reduced,Best,Best,0,14,YFJS08.txt, -0.2, 31289, 300,0.011
TS,Reduced,Best,Best,0,14,YFJS09.txt, -0.2, 21450, 300,76.991
TS,Reduced,Best,Best,0,14,YFJS10.txt, -0.2, 36536, 300,0.006
TS,Reduced,Best,Best,0,14,YFJS11.txt, -0.2, 45565, 300,0.029
TS,Reduced,Best,Best,0,14,YFJS12.txt, -0.2, 46801, 300,0.293
TS,Reduced,Best,Best,0,14,YFJS13.txt, -0.2, 35404, 300,5.926
TS,Reduced,Best,Best,0,14,YFJS16.txt, -0.2, 97211, 300.001,3.261
TS,Reduced,Best,Best,0,14,YFJS14.txt, -0.2, 93993, 300.004,145.605
TS,Reduced,Best,Best,0,14,YFJS15.txt, -0.2, 93369, 300.009,36.85
TS,Reduced,Best,Best,0,14,YFJS18.txt, -0.2, 85318, 300.008,136.569
TS,Reduced,Best,Best,0,14,YFJS17.txt, -0.2, 79690, 300.019,29.672
TS,Reduced,Best,Best,0,14,YFJS19.txt, -0.2, 72084, 300.02,195.362
TS,Reduced,Best,Best,0,14,DAFJS01.txt, -0.3, 19719, 300,155.594
TS,Reduced,Best,Best,0,14,DAFJS02.txt, -0.3, 22147, 300,100.964
TS,Reduced,Best,Best,0,14,DAFJS03.txt, -0.3, 39226, 300.001,103.961
TS,Reduced,Best,Best,0,14,DAFJS04.txt, -0.3, 39047, 300,132.089
TS,Reduced,Best,Best,0,14,DAFJS05.txt, -0.3, 27652, 300,77.906
TS,Reduced,Best,Best,0,14,DAFJS06.txt, -0.3, 26744, 300,27.017
TS,Reduced,Best,Best,0,14,DAFJS08.txt, -0.3, 38946, 300,46.65
TS,Reduced,Best,Best,0,14,DAFJS07.txt, -0.3, 34904, 300.001,294.589
TS,Reduced,Best,Best,0,14,DAFJS09.txt, -0.3, 31139, 300,116.855
TS,Reduced,Best,Best,0,14,YFJS20.txt, -0.2, 73979, 300.019,113.107
TS,Reduced,Best,Best,0,14,DAFJS10.txt, -0.3, 31310, 300.001,20.141
TS,Reduced,Best,Best,0,14,DAFJS12.txt, -0.3, 38310, 300.001,13.666
TS,Reduced,Best,Best,0,14,DAFJS13.txt, -0.3, 38070, 300,15.135
TS,Reduced,Best,Best,0,14,DAFJS16.txt, -0.3, 40853, 300,195.209
TS,Reduced,Best,Best,0,14,DAFJS14.txt, -0.3, 42654, 300.003,0.449
TS,Reduced,Best,Best,0,14,DAFJS11.txt, -0.3, 40056, 300.006,106.67
TS,Reduced,Best,Best,0,14,DAFJS18.txt, -0.3, 44899, 300.001,162.12
TS,Reduced,Best,Best,0,14,DAFJS15.txt, -0.3, 40993, 300.003,113.129
TS,Reduced,Best,Best,0,14,DAFJS19.txt, -0.3, 33890, 300,114.402
TS,Reduced,Best,Best,0,14,DAFJS17.txt, -0.3, 43310, 300.002,210.609
TS,Reduced,Best,Best,0,14,DAFJS20.txt, -0.3, 40428, 300.001,77.904
TS,Reduced,Best,Best,0,14,DAFJS21.txt, -0.3, 44037, 300.002,61.342
TS,Reduced,Best,Best,0,14,DAFJS22.txt, -0.3, 36521, 300.001,93.539
TS,Reduced,Best,Best,0,14,DAFJS23.txt, -0.3, 32613, 300.001,70.264
TS,Reduced,Best,Best,0,14,DAFJS25.txt, -0.3, 43921, 300.002,94.689
TS,Reduced,Best,Best,0,14,DAFJS24.txt, -0.3, 35112, 300.004,45.988
TS,Reduced,Best,Best,0,14,DAFJS28.txt, -0.3, 36428, 300.001,13.105
TS,Reduced,Best,Best,0,14,DAFJS26.txt, -0.3, 43270, 300.003,120.343
TS,Reduced,Best,Best,0,14,DAFJS29.txt, -0.3, 42465, 300.002,164.271
TS,Reduced,Best,Best,0,14,DAFJS27.txt, -0.3, 46658, 300.005,42.695
TS,Reduced,Best,Best,0,14,YFJS01.txt, -0.3, 55458, 300,103.739
TS,Reduced,Best,Best,0,14,DAFJS30.txt, -0.3, 36627, 300.001,57.673
TS,Reduced,Best,Best,0,14,YFJS02.txt, -0.3, 57434, 300,173.393
TS,Reduced,Best,Best,0,14,YFJS03.txt, -0.3, 28609, 300,0.001
TS,Reduced,Best,Best,0,14,YFJS04.txt, -0.3, 31267, 300,0.116
TS,Reduced,Best,Best,0,14,YFJS05.txt, -0.3, 35525, 300,0.122
TS,Reduced,Best,Best,0,14,YFJS06.txt, -0.3, 35022, 300,0.019
TS,Reduced,Best,Best,0,14,YFJS07.txt, -0.3, 34425, 300,1.381
TS,Reduced,Best,Best,0,14,YFJS08.txt, -0.3, 32339, 300,0.002
TS,Reduced,Best,Best,0,14,YFJS09.txt, -0.3, 20077, 300,35.032
TS,Reduced,Best,Best,0,14,YFJS10.txt, -0.3, 33074, 300,0.004
TS,Reduced,Best,Best,0,14,YFJS11.txt, -0.3, 42236, 300,0.029
TS,Reduced,Best,Best,0,14,YFJS12.txt, -0.3, 39819, 300,5.296
TS,Reduced,Best,Best,0,14,YFJS13.txt, -0.3, 33401, 300,0.458
TS,Reduced,Best,Best,0,14,YFJS15.txt, -0.3, 80081, 300.008,157.732
TS,Reduced,Best,Best,0,14,YFJS14.txt, -0.3, 83266, 300.011,3.356
TS,Reduced,Best,Best,0,14,YFJS16.txt, -0.3, 82701, 300.009,4.708
TS,Reduced,Best,Best,0,14,YFJS17.txt, -0.3, 66574, 300.009,167.377
TS,Reduced,Best,Best,0,14,YFJS18.txt, -0.3, 74301, 300.01,300.01
TS,Reduced,Best,Best,0,14,YFJS19.txt, -0.3, 61998, 300.021,125.036
TS,Reduced,Best,Best,0,14,YFJS20.txt, -0.3, 61631, 300.009,146.265
