None,Reduced,First,Best,DAFJS02.txt,-0.1,28098,0.001,0.001
None,Reduced,First,Best,DAFJS01.txt,-0.1,26794,0.004,0.004
None,Reduced,First,Best,DAFJS04.txt,-0.1,52563,0.001,0.001
None,Reduced,First,Best,DAFJS06.txt,-0.1,50586,0.002,0.001
None,Reduced,First,Best,DAFJS05.txt,-0.1,41604,0.002,0.002
None,Reduced,First,Best,DAFJS03.txt,-0.1,51579,0.005,0.004
None,Reduced,First,Best,DAFJS09.txt,-0.1,44917,0.003,0.002
None,Reduced,First,Best,DAFJS07.txt,-0.1,54802,0.026,0.024
None,Reduced,First,Best,DAFJS08.txt,-0.1,60359,0.026,0.023
None,Reduced,First,Best,DAFJS10.txt,-0.1,51565,0.011,0.01
None,Reduced,First,Best,DAFJS17.txt,-0.1,70306,0.016,0.015
None,Reduced,First,Best,DAFJS18.txt,-0.1,74631,0.015,0.012
None,Reduced,First,Best,DAFJS13.txt,-0.1,57310,0.021,0.02
None,Reduced,First,Best,DAFJS19.txt,-0.1,63314,0.019,0.017
None,Reduced,First,Best,DAFJS14.txt,-0.1,65321,0.029,0.027
None,Reduced,First,Best,DAFJS11.txt,-0.1,63878,0.052,0.049
None,Reduced,First,Best,DAFJS16.txt,-0.1,70838,0.125,0.12
None,Reduced,First,Best,DAFJS12.txt,-0.1,59612,0.155,0.151
None,Reduced,First,Best,DAFJS15.txt,-0.1,63408,0.166,0.161
None,Reduced,First,Best,DAFJS23.txt,-0.1,48054,0.012,0.01
None,Reduced,First,Best,DAFJS21.txt,-0.1,76433,0.032,0.029
None,Reduced,First,Best,DAFJS24.txt,-0.1,55353,0.032,0.03
None,Reduced,First,Best,DAFJS27.txt,-0.1,79064,0.053,0.047
None,Reduced,First,Best,DAFJS28.txt,-0.1,54866,0.103,0.101
None,Reduced,First,Best,DAFJS29.txt,-0.1,66929,0.106,0.103
None,Reduced,First,Best,DAFJS26.txt,-0.1,75329,0.19,0.182
None,Reduced,First,Best,DAFJS20.txt,-0.1,63841,0.207,0.203
None,Reduced,First,Best,DAFJS25.txt,-0.1,76253,0.227,0.219
None,Reduced,First,Best,DAFJS22.txt,-0.1,60143,0.448,0.442
None,Reduced,First,Best,YFJS02.txt,-0.1,76813,0,0
None,Reduced,First,Best,YFJS03.txt,-0.1,35936,0,0
None,Reduced,First,Best,YFJS04.txt,-0.1,45533,0,0
None,Reduced,First,Best,YFJS01.txt,-0.1,79737,0.003,0.003
None,Reduced,First,Best,YFJS05.txt,-0.1,45421,0,0
None,Reduced,First,Best,YFJS06.txt,-0.1,47384,0.001,0
None,Reduced,First,Best,YFJS07.txt,-0.1,45722,0.001,0.001
None,Reduced,First,Best,YFJS09.txt,-0.1,24350,0,0
None,Reduced,First,Best,YFJS08.txt,-0.1,41658,0.001,0.001
None,Reduced,First,Best,DAFJS30.txt,-0.1,60016,0.013,0.011
None,Reduced,First,Best,YFJS10.txt,-0.1,42278,0,0
None,Reduced,First,Best,YFJS11.txt,-0.1,55416,0.001,0
None,Reduced,First,Best,YFJS13.txt,-0.1,45844,0.001,0.001
None,Reduced,First,Best,YFJS12.txt,-0.1,54852,0.007,0.006
None,Reduced,First,Best,YFJS14.txt,-0.1,124518,0.141,0.134
None,Reduced,First,Best,YFJS16.txt,-0.1,121141,0.196,0.188
None,Reduced,First,Best,YFJS15.txt,-0.1,127073,0.481,0.472
None,Reduced,First,Best,YFJS18.txt,-0.1,128529,0.752,0.73
None,Reduced,First,Best,YFJS17.txt,-0.1,102614,1.134,1.11
None,Reduced,First,Best,YFJS19.txt,-0.1,100855,1.353,1.331
None,Reduced,First,Best,DAFJS02.txt,-0.2,27860,0,0
None,Reduced,First,Best,DAFJS01.txt,-0.2,25970,0.001,0.001
None,Reduced,First,Best,DAFJS04.txt,-0.2,46577,0.001,0
None,Reduced,First,Best,DAFJS05.txt,-0.2,37797,0.006,0.006
None,Reduced,First,Best,DAFJS03.txt,-0.2,45458,0.011,0.01
None,Reduced,First,Best,DAFJS09.txt,-0.2,36735,0.009,0.008
None,Reduced,First,Best,DAFJS06.txt,-0.2,36252,0.014,0.013
None,Reduced,First,Best,DAFJS07.txt,-0.2,48959,0.021,0.018
None,Reduced,First,Best,DAFJS08.txt,-0.2,50928,0.022,0.019
None,Reduced,First,Best,YFJS20.txt,-0.1,92240,1.205,1.187
None,Reduced,First,Best,DAFJS10.txt,-0.2,45560,0.003,0.002
None,Reduced,First,Best,DAFJS13.txt,-0.2,48816,0.016,0.015
None,Reduced,First,Best,DAFJS19.txt,-0.2,57082,0.014,0.012
None,Reduced,First,Best,DAFJS18.txt,-0.2,58907,0.019,0.017
None,Reduced,First,Best,DAFJS14.txt,-0.2,55881,0.027,0.026
None,Reduced,First,Best,DAFJS15.txt,-0.2,53686,0.031,0.026
None,Reduced,First,Best,DAFJS17.txt,-0.2,57518,0.031,0.028
None,Reduced,First,Best,DAFJS12.txt,-0.2,52467,0.04,0.037
None,Reduced,First,Best,DAFJS11.txt,-0.2,54661,0.049,0.045
None,Reduced,First,Best,DAFJS16.txt,-0.2,58436,0.183,0.18
None,Reduced,First,Best,DAFJS21.txt,-0.2,62677,0.009,0.005
None,Reduced,First,Best,DAFJS24.txt,-0.2,47656,0.007,0.005
None,Reduced,First,Best,DAFJS23.txt,-0.2,44473,0.018,0.016
None,Reduced,First,Best,DAFJS28.txt,-0.2,47884,0.039,0.037
None,Reduced,First,Best,DAFJS29.txt,-0.2,57179,0.044,0.041
None,Reduced,First,Best,DAFJS27.txt,-0.2,62596,0.079,0.074
None,Reduced,First,Best,DAFJS22.txt,-0.2,54318,0.097,0.091
None,Reduced,First,Best,DAFJS20.txt,-0.2,57378,0.115,0.112
None,Reduced,First,Best,DAFJS25.txt,-0.2,61805,0.184,0.179
None,Reduced,First,Best,DAFJS26.txt,-0.2,65524,0.373,0.365
None,Reduced,First,Best,YFJS02.txt,-0.2,66853,0,0
None,Reduced,First,Best,YFJS03.txt,-0.2,33273,0,0
None,Reduced,First,Best,YFJS04.txt,-0.2,42553,0,0
None,Reduced,First,Best,YFJS05.txt,-0.2,40738,0,0
None,Reduced,First,Best,YFJS01.txt,-0.2,70624,0.004,0.004
None,Reduced,First,Best,YFJS07.txt,-0.2,45971,0,0
None,Reduced,First,Best,YFJS06.txt,-0.2,42207,0.002,0.002
None,Reduced,First,Best,YFJS08.txt,-0.2,41573,0,0
None,Reduced,First,Best,YFJS09.txt,-0.2,22211,0,0
None,Reduced,First,Best,DAFJS30.txt,-0.2,50961,0.052,0.048
None,Reduced,First,Best,YFJS10.txt,-0.2,38683,0,0
None,Reduced,First,Best,YFJS11.txt,-0.2,49160,0.001,0
None,Reduced,First,Best,YFJS12.txt,-0.2,53329,0.003,0.002
None,Reduced,First,Best,YFJS13.txt,-0.2,39720,0.003,0.002
None,Reduced,First,Best,YFJS16.txt,-0.2,99801,0.129,0.122
None,Reduced,First,Best,YFJS14.txt,-0.2,105770,0.181,0.172
None,Reduced,First,Best,YFJS15.txt,-0.2,108412,0.192,0.184
None,Reduced,First,Best,YFJS17.txt,-0.2,82211,0.621,0.598
None,Reduced,First,Best,YFJS19.txt,-0.2,85028,1.115,1.091
None,Reduced,First,Best,YFJS18.txt,-0.2,94689,2,1.976
None,Reduced,First,Best,DAFJS01.txt,-0.3,21439,0,0
None,Reduced,First,Best,DAFJS02.txt,-0.3,23808,0,0
None,Reduced,First,Best,DAFJS04.txt,-0.3,41697,0,0
None,Reduced,First,Best,DAFJS03.txt,-0.3,42867,0.005,0.004
None,Reduced,First,Best,DAFJS06.txt,-0.3,31122,0.006,0.006
None,Reduced,First,Best,DAFJS05.txt,-0.3,31254,0.009,0.009
None,Reduced,First,Best,DAFJS09.txt,-0.3,34025,0.011,0.01
None,Reduced,First,Best,DAFJS07.txt,-0.3,39662,0.024,0.022
None,Reduced,First,Best,DAFJS08.txt,-0.3,42777,0.038,0.036
None,Reduced,First,Best,YFJS20.txt,-0.2,80875,1.923,1.904
None,Reduced,First,Best,DAFJS13.txt,-0.3,41960,0.006,0.005
None,Reduced,First,Best,DAFJS10.txt,-0.3,34289,0.01,0.009
None,Reduced,First,Best,DAFJS18.txt,-0.3,48672,0.015,0.013
None,Reduced,First,Best,DAFJS19.txt,-0.3,41865,0.029,0.028
None,Reduced,First,Best,DAFJS14.txt,-0.3,44707,0.035,0.033
None,Reduced,First,Best,DAFJS12.txt,-0.3,43717,0.043,0.039
None,Reduced,First,Best,DAFJS11.txt,-0.3,44809,0.068,0.065
None,Reduced,First,Best,DAFJS15.txt,-0.3,47474,0.067,0.062
None,Reduced,First,Best,DAFJS17.txt,-0.3,47331,0.087,0.083
None,Reduced,First,Best,DAFJS16.txt,-0.3,53095,0.172,0.166
None,Reduced,First,Best,DAFJS23.txt,-0.3,38334,0.006,0.005
None,Reduced,First,Best,DAFJS24.txt,-0.3,42473,0.019,0.015
None,Reduced,First,Best,DAFJS21.txt,-0.3,49422,0.04,0.038
None,Reduced,First,Best,DAFJS20.txt,-0.3,48600,0.051,0.047
None,Reduced,First,Best,DAFJS28.txt,-0.3,40097,0.05,0.049
None,Reduced,First,Best,DAFJS29.txt,-0.3,49519,0.05,0.047
None,Reduced,First,Best,DAFJS25.txt,-0.3,49390,0.098,0.093
None,Reduced,First,Best,DAFJS26.txt,-0.3,55269,0.117,0.111
None,Reduced,First,Best,DAFJS27.txt,-0.3,55569,0.134,0.128
None,Reduced,First,Best,DAFJS22.txt,-0.3,41615,0.235,0.228
None,Reduced,First,Best,YFJS01.txt,-0.3,67588,0.001,0.001
None,Reduced,First,Best,YFJS03.txt,-0.3,31407,0,0
None,Reduced,First,Best,YFJS02.txt,-0.3,59001,0.001,0
None,Reduced,First,Best,YFJS04.txt,-0.3,38092,0,0
None,Reduced,First,Best,YFJS05.txt,-0.3,38324,0,0
None,Reduced,First,Best,YFJS06.txt,-0.3,45370,0,0
None,Reduced,First,Best,YFJS07.txt,-0.3,38453,0,0
None,Reduced,First,Best,YFJS08.txt,-0.3,33432,0.001,0.001
None,Reduced,First,Best,YFJS09.txt,-0.3,20916,0,0
None,Reduced,First,Best,DAFJS30.txt,-0.3,42592,0.008,0.005
None,Reduced,First,Best,YFJS10.txt,-0.3,36415,0,0
None,Reduced,First,Best,YFJS11.txt,-0.3,44455,0,0
None,Reduced,First,Best,YFJS12.txt,-0.3,44873,0.001,0.001
None,Reduced,First,Best,YFJS13.txt,-0.3,35524,0.003,0.002
None,Reduced,First,Best,YFJS16.txt,-0.3,87648,0.136,0.128
None,Reduced,First,Best,YFJS14.txt,-0.3,87368,0.182,0.173
None,Reduced,First,Best,YFJS17.txt,-0.3,71075,0.493,0.473
None,Reduced,First,Best,YFJS15.txt,-0.3,86141,0.529,0.52
None,Reduced,First,Best,YFJS18.txt,-0.3,82967,0.834,0.809
None,Reduced,First,Best,YFJS19.txt,-0.3,68955,0.984,0.963
None,Reduced,First,Best,YFJS20.txt,-0.3,68562,0.993,0.972
