None,Reduced,Best,Best,DAFJS02.txt,-0.1,28098,0,0
None,Reduced,Best,Best,DAFJS01.txt,-0.1,26203,0.001,0.001
None,Reduced,Best,Best,DAFJS04.txt,-0.1,52494,0.008,0.008
None,Reduced,Best,Best,DAFJS05.txt,-0.1,40723,0.008,0.007
None,Reduced,Best,Best,DAFJS09.txt,-0.1,45796,0.003,0.002
None,Reduced,Best,Best,DAFJS03.txt,-0.1,51580,0.014,0.013
None,Reduced,Best,Best,DAFJS06.txt,-0.1,44877,0.011,0.01
None,Reduced,Best,Best,DAFJS10.txt,-0.1,51277,0.027,0.025
None,Reduced,Best,Best,DAFJS08.txt,-0.1,56561,0.033,0.031
None,Reduced,Best,Best,DAFJS07.txt,-0.1,53651,0.035,0.032
None,Reduced,Best,Best,DAFJS11.txt,-0.1,64796,0.072,0.066
None,Reduced,Best,Best,DAFJS14.txt,-0.1,70357,0.015,0.013
None,Reduced,Best,Best,DAFJS18.txt,-0.1,71052,0.024,0.022
None,Reduced,Best,Best,DAFJS13.txt,-0.1,56453,0.028,0.026
None,Reduced,Best,Best,DAFJS23.txt,-0.1,47520,0.036,0.034
None,Reduced,Best,Best,DAFJS19.txt,-0.1,57471,0.042,0.04
None,Reduced,Best,Best,DAFJS17.txt,-0.1,69975,0.057,0.053
None,Reduced,Best,Best,DAFJS20.txt,-0.1,66674,0.123,0.118
None,Reduced,Best,Best,DAFJS12.txt,-0.1,61533,0.137,0.129
None,Reduced,Best,Best,DAFJS21.txt,-0.1,71913,0.133,0.124
None,Reduced,Best,Best,DAFJS15.txt,-0.1,62030,0.218,0.208
None,Reduced,Best,Best,DAFJS22.txt,-0.1,62189,0.226,0.219
None,Reduced,Best,Best,DAFJS16.txt,-0.1,66153,0.391,0.382
None,Reduced,Best,Best,YFJS01.txt,-0.1,79657,0.002,0.002
None,Reduced,Best,Best,YFJS02.txt,-0.1,76529,0.001,0
None,Reduced,Best,Best,YFJS03.txt,-0.1,36409,0,0
None,Reduced,Best,Best,YFJS04.txt,-0.1,45533,0.001,0
None,Reduced,Best,Best,YFJS05.txt,-0.1,45421,0,0
None,Reduced,Best,Best,DAFJS24.txt,-0.1,55115,0.035,0.03
None,Reduced,Best,Best,DAFJS27.txt,-0.1,78967,0.038,0.023
None,Reduced,Best,Best,DAFJS30.txt,-0.1,56839,0.036,0.031
None,Reduced,Best,Best,DAFJS26.txt,-0.1,76328,0.087,0.079
None,Reduced,Best,Best,DAFJS28.txt,-0.1,53505,0.092,0.089
None,Reduced,Best,Best,DAFJS29.txt,-0.1,65758,0.116,0.112
None,Reduced,Best,Best,DAFJS25.txt,-0.1,73353,0.319,0.312
None,Reduced,Best,Best,YFJS06.txt,-0.1,44936,0.002,0.002
None,Reduced,Best,Best,YFJS07.txt,-0.1,48355,0.002,0.002
None,Reduced,Best,Best,YFJS08.txt,-0.1,41754,0.001,0.001
None,Reduced,Best,Best,YFJS09.txt,-0.1,23944,0.001,0
None,Reduced,Best,Best,YFJS10.txt,-0.1,42278,0,0
None,Reduced,Best,Best,YFJS11.txt,-0.1,52196,0.002,0.002
None,Reduced,Best,Best,YFJS13.txt,-0.1,46578,0.003,0.002
None,Reduced,Best,Best,YFJS12.txt,-0.1,52650,0.004,0.003
None,Reduced,Best,Best,YFJS14.txt,-0.1,118731,0.188,0.176
None,Reduced,Best,Best,YFJS16.txt,-0.1,115312,0.211,0.196
None,Reduced,Best,Best,YFJS17.txt,-0.1,104466,0.411,0.381
None,Reduced,Best,Best,YFJS15.txt,-0.1,125754,0.556,0.544
None,Reduced,Best,Best,DAFJS01.txt,-0.2,24993,0.001,0.001
None,Reduced,Best,Best,DAFJS02.txt,-0.2,27727,0,0
None,Reduced,Best,Best,DAFJS04.txt,-0.2,46502,0.003,0.002
None,Reduced,Best,Best,DAFJS05.txt,-0.2,38484,0.005,0.005
None,Reduced,Best,Best,DAFJS06.txt,-0.2,41909,0.006,0.005
None,Reduced,Best,Best,DAFJS03.txt,-0.2,45916,0.012,0.011
None,Reduced,Best,Best,DAFJS09.txt,-0.2,37876,0.007,0.006
None,Reduced,Best,Best,DAFJS08.txt,-0.2,51128,0.047,0.043
None,Reduced,Best,Best,DAFJS07.txt,-0.2,44147,0.05,0.047
None,Reduced,Best,Best,YFJS20.txt,-0.1,94201,0.85,0.808
None,Reduced,Best,Best,YFJS19.txt,-0.1,100158,0.875,0.847
None,Reduced,Best,Best,YFJS18.txt,-0.1,119224,1.967,1.917
None,Reduced,Best,Best,DAFJS10.txt,-0.2,45868,0.002,0.001
None,Reduced,Best,Best,DAFJS13.txt,-0.2,49179,0.013,0.011
None,Reduced,Best,Best,DAFJS19.txt,-0.2,51065,0.027,0.021
None,Reduced,Best,Best,DAFJS15.txt,-0.2,53677,0.039,0.032
None,Reduced,Best,Best,DAFJS14.txt,-0.2,54609,0.044,0.043
None,Reduced,Best,Best,DAFJS18.txt,-0.2,57274,0.047,0.044
None,Reduced,Best,Best,DAFJS17.txt,-0.2,54456,0.05,0.047
None,Reduced,Best,Best,DAFJS11.txt,-0.2,52845,0.066,0.06
None,Reduced,Best,Best,DAFJS12.txt,-0.2,52355,0.088,0.081
None,Reduced,Best,Best,DAFJS21.txt,-0.2,57787,0.084,0.078
None,Reduced,Best,Best,DAFJS16.txt,-0.2,60010,0.106,0.099
None,Reduced,Best,Best,DAFJS20.txt,-0.2,55355,0.204,0.199
None,Reduced,Best,Best,YFJS02.txt,-0.2,66853,0,0
None,Reduced,Best,Best,YFJS03.txt,-0.2,32864,0,0
None,Reduced,Best,Best,YFJS01.txt,-0.2,68822,0.007,0.007
None,Reduced,Best,Best,DAFJS23.txt,-0.2,42943,0.016,0.015
None,Reduced,Best,Best,DAFJS28.txt,-0.2,48941,0.02,0.017
None,Reduced,Best,Best,DAFJS24.txt,-0.2,46985,0.027,0.023
None,Reduced,Best,Best,DAFJS29.txt,-0.2,57708,0.046,0.041
None,Reduced,Best,Best,DAFJS22.txt,-0.2,53728,0.096,0.089
None,Reduced,Best,Best,DAFJS30.txt,-0.2,49312,0.11,0.106
None,Reduced,Best,Best,DAFJS27.txt,-0.2,62359,0.129,0.123
None,Reduced,Best,Best,DAFJS26.txt,-0.2,68469,0.151,0.14
None,Reduced,Best,Best,DAFJS25.txt,-0.2,61465,0.183,0.174
None,Reduced,Best,Best,YFJS04.txt,-0.2,42553,0,0
None,Reduced,Best,Best,YFJS05.txt,-0.2,40738,0,0
None,Reduced,Best,Best,YFJS06.txt,-0.2,43744,0.001,0
None,Reduced,Best,Best,YFJS07.txt,-0.2,40941,0.002,0.002
None,Reduced,Best,Best,YFJS09.txt,-0.2,22211,0,0
None,Reduced,Best,Best,YFJS08.txt,-0.2,37681,0.002,0.001
None,Reduced,Best,Best,YFJS10.txt,-0.2,39361,0,0
None,Reduced,Best,Best,YFJS11.txt,-0.2,49206,0.001,0
None,Reduced,Best,Best,YFJS13.txt,-0.2,41498,0.002,0.001
None,Reduced,Best,Best,YFJS12.txt,-0.2,54186,0.004,0.003
None,Reduced,Best,Best,YFJS14.txt,-0.2,100177,0.161,0.15
None,Reduced,Best,Best,YFJS15.txt,-0.2,109314,0.283,0.271
None,Reduced,Best,Best,DAFJS01.txt,-0.3,21685,0,0
None,Reduced,Best,Best,DAFJS02.txt,-0.3,23021,0,0
None,Reduced,Best,Best,DAFJS04.txt,-0.3,41533,0.002,0.001
None,Reduced,Best,Best,DAFJS05.txt,-0.3,33813,0.003,0.002
None,Reduced,Best,Best,DAFJS03.txt,-0.3,42258,0.006,0.006
None,Reduced,Best,Best,DAFJS06.txt,-0.3,30556,0.012,0.011
None,Reduced,Best,Best,DAFJS07.txt,-0.3,40057,0.037,0.033
None,Reduced,Best,Best,YFJS16.txt,-0.2,98976,0.26,0.247
None,Reduced,Best,Best,YFJS20.txt,-0.2,79638,0.708,0.666
None,Reduced,Best,Best,YFJS17.txt,-0.2,82167,0.97,0.945
None,Reduced,Best,Best,YFJS18.txt,-0.2,94472,1.089,1.063
None,Reduced,Best,Best,YFJS19.txt,-0.2,83530,1.149,1.126
None,Reduced,Best,Best,DAFJS13.txt,-0.3,41717,0.005,0.003
None,Reduced,Best,Best,DAFJS09.txt,-0.3,36303,0.009,0.007
None,Reduced,Best,Best,DAFJS10.txt,-0.3,35023,0.008,0.006
None,Reduced,Best,Best,DAFJS18.txt,-0.3,49753,0.016,0.01
None,Reduced,Best,Best,DAFJS08.txt,-0.3,43737,0.038,0.034
None,Reduced,Best,Best,DAFJS11.txt,-0.3,44599,0.04,0.035
None,Reduced,Best,Best,DAFJS14.txt,-0.3,44646,0.045,0.043
None,Reduced,Best,Best,DAFJS12.txt,-0.3,43449,0.058,0.05
None,Reduced,Best,Best,DAFJS19.txt,-0.3,40678,0.057,0.054
None,Reduced,Best,Best,DAFJS15.txt,-0.3,47268,0.08,0.074
None,Reduced,Best,Best,DAFJS17.txt,-0.3,47550,0.12,0.116
None,Reduced,Best,Best,DAFJS16.txt,-0.3,49031,0.292,0.284
None,Reduced,Best,Best,DAFJS23.txt,-0.3,38185,0.013,0.011
None,Reduced,Best,Best,YFJS01.txt,-0.3,60208,0.008,0.007
None,Reduced,Best,Best,DAFJS30.txt,-0.3,42592,0.018,0.013
None,Reduced,Best,Best,DAFJS28.txt,-0.3,40923,0.028,0.024
None,Reduced,Best,Best,DAFJS20.txt,-0.3,49481,0.061,0.057
None,Reduced,Best,Best,DAFJS24.txt,-0.3,39979,0.069,0.066
None,Reduced,Best,Best,DAFJS21.txt,-0.3,48912,0.079,0.071
None,Reduced,Best,Best,DAFJS25.txt,-0.3,49527,0.078,0.066
None,Reduced,Best,Best,DAFJS29.txt,-0.3,48412,0.075,0.071
None,Reduced,Best,Best,DAFJS22.txt,-0.3,42035,0.17,0.157
None,Reduced,Best,Best,DAFJS27.txt,-0.3,53010,0.187,0.179
None,Reduced,Best,Best,DAFJS26.txt,-0.3,50829,0.239,0.227
None,Reduced,Best,Best,YFJS02.txt,-0.3,59001,0,0
None,Reduced,Best,Best,YFJS03.txt,-0.3,31407,0,0
None,Reduced,Best,Best,YFJS04.txt,-0.3,38092,0,0
None,Reduced,Best,Best,YFJS05.txt,-0.3,38324,0.001,0.001
None,Reduced,Best,Best,YFJS07.txt,-0.3,38453,0,0
None,Reduced,Best,Best,YFJS06.txt,-0.3,43099,0.001,0.001
None,Reduced,Best,Best,YFJS08.txt,-0.3,33392,0,0
None,Reduced,Best,Best,YFJS09.txt,-0.3,20916,0.001,0.001
None,Reduced,Best,Best,YFJS11.txt,-0.3,44729,0,0
None,Reduced,Best,Best,YFJS10.txt,-0.3,34487,0.001,0.001
None,Reduced,Best,Best,YFJS12.txt,-0.3,43150,0.003,0.003
None,Reduced,Best,Best,YFJS13.txt,-0.3,35800,0.003,0.003
None,Reduced,Best,Best,DAFJS01.txt,-0.1,26203,0.003,0.003
None,Reduced,Best,Best,DAFJS02.txt,-0.1,28098,0.001,0
None,Reduced,Best,Best,DAFJS05.txt,-0.1,40723,0.005,0.005
None,Reduced,Best,Best,DAFJS04.txt,-0.1,52494,0.007,0.006
None,Reduced,Best,Best,DAFJS03.txt,-0.1,51580,0.016,0.014
None,Reduced,Best,Best,YFJS14.txt,-0.3,87518,0.173,0.164
None,Reduced,Best,Best,YFJS16.txt,-0.3,85252,0.192,0.182
None,Reduced,Best,Best,YFJS15.txt,-0.3,88664,0.228,0.217
None,Reduced,Best,Best,YFJS20.txt,-0.3,70253,0.42,0.393
None,Reduced,Best,Best,YFJS18.txt,-0.3,82795,0.692,0.658
None,Reduced,Best,Best,YFJS17.txt,-0.3,70851,1.085,1.038
None,Reduced,Best,Best,YFJS19.txt,-0.3,68592,1.544,1.517
None,Reduced,Best,Best,DAFJS09.txt,-0.1,45796,0.003,0.002
None,Reduced,Best,Best,DAFJS06.txt,-0.1,44877,0.01,0.009
None,Reduced,Best,Best,DAFJS10.txt,-0.1,51277,0.026,0.024
None,Reduced,Best,Best,DAFJS14.txt,-0.1,70357,0.023,0.02
None,Reduced,Best,Best,DAFJS13.txt,-0.1,56453,0.029,0.027
None,Reduced,Best,Best,DAFJS08.txt,-0.1,56561,0.033,0.031
None,Reduced,Best,Best,DAFJS07.txt,-0.1,53651,0.034,0.031
None,Reduced,Best,Best,DAFJS11.txt,-0.1,64796,0.074,0.067
None,Reduced,Best,Best,DAFJS17.txt,-0.1,69975,0.067,0.063
None,Reduced,Best,Best,DAFJS12.txt,-0.1,61533,0.136,0.128
None,Reduced,Best,Best,DAFJS15.txt,-0.1,62030,0.222,0.211
None,Reduced,Best,Best,DAFJS16.txt,-0.1,66153,0.388,0.379
None,Reduced,Best,Best,DAFJS18.txt,-0.1,71052,0.027,0.024
None,Reduced,Best,Best,DAFJS23.txt,-0.1,47520,0.024,0.022
None,Reduced,Best,Best,DAFJS24.txt,-0.1,55115,0.035,0.03
None,Reduced,Best,Best,DAFJS19.txt,-0.1,57471,0.042,0.04
None,Reduced,Best,Best,DAFJS27.txt,-0.1,78967,0.038,0.024
None,Reduced,Best,Best,DAFJS26.txt,-0.1,76328,0.102,0.094
None,Reduced,Best,Best,DAFJS21.txt,-0.1,71913,0.111,0.102
None,Reduced,Best,Best,DAFJS20.txt,-0.1,66674,0.113,0.108
None,Reduced,Best,Best,DAFJS28.txt,-0.1,53505,0.105,0.103
None,Reduced,Best,Best,DAFJS29.txt,-0.1,65758,0.125,0.121
None,Reduced,Best,Best,DAFJS22.txt,-0.1,62189,0.208,0.201
None,Reduced,Best,Best,DAFJS25.txt,-0.1,73353,0.331,0.324
None,Reduced,Best,Best,YFJS02.txt,-0.1,76529,0,0
None,Reduced,Best,Best,YFJS03.txt,-0.1,36409,0,0
None,Reduced,Best,Best,YFJS01.txt,-0.1,79657,0.002,0.002
None,Reduced,Best,Best,YFJS04.txt,-0.1,45533,0,0
None,Reduced,Best,Best,YFJS05.txt,-0.1,45421,0,0
None,Reduced,Best,Best,YFJS06.txt,-0.1,44936,0.002,0.002
None,Reduced,Best,Best,YFJS07.txt,-0.1,48355,0.002,0.002
None,Reduced,Best,Best,YFJS09.txt,-0.1,23944,0,0
None,Reduced,Best,Best,YFJS10.txt,-0.1,42278,0,0
None,Reduced,Best,Best,YFJS08.txt,-0.1,41754,0.001,0.001
None,Reduced,Best,Best,YFJS11.txt,-0.1,52196,0.002,0.002
None,Reduced,Best,Best,DAFJS30.txt,-0.1,56839,0.035,0.031
None,Reduced,Best,Best,YFJS12.txt,-0.1,52650,0.004,0.003
None,Reduced,Best,Best,YFJS13.txt,-0.1,46578,0.003,0.002
None,Reduced,Best,Best,DAFJS01.txt,-0.2,24993,0.001,0.001
None,Reduced,Best,Best,DAFJS02.txt,-0.2,27727,0.001,0
None,Reduced,Best,Best,DAFJS03.txt,-0.2,45916,0.016,0.015
None,Reduced,Best,Best,YFJS14.txt,-0.1,118731,0.192,0.181
None,Reduced,Best,Best,YFJS16.txt,-0.1,115312,0.216,0.2
None,Reduced,Best,Best,YFJS17.txt,-0.1,104466,0.422,0.39
None,Reduced,Best,Best,YFJS15.txt,-0.1,125754,0.581,0.568
None,Reduced,Best,Best,YFJS20.txt,-0.1,94201,0.852,0.811
None,Reduced,Best,Best,YFJS19.txt,-0.1,100158,0.906,0.876
None,Reduced,Best,Best,YFJS18.txt,-0.1,119224,2,1.95
None,Reduced,Best,Best,DAFJS04.txt,-0.2,46502,0.003,0.002
None,Reduced,Best,Best,DAFJS05.txt,-0.2,38484,0.005,0.005
None,Reduced,Best,Best,DAFJS10.txt,-0.2,45868,0.002,0
None,Reduced,Best,Best,DAFJS06.txt,-0.2,41909,0.006,0.005
None,Reduced,Best,Best,DAFJS09.txt,-0.2,37876,0.007,0.007
None,Reduced,Best,Best,DAFJS13.txt,-0.2,49179,0.014,0.012
None,Reduced,Best,Best,DAFJS08.txt,-0.2,51128,0.042,0.037
None,Reduced,Best,Best,DAFJS15.txt,-0.2,53677,0.039,0.031
None,Reduced,Best,Best,DAFJS07.txt,-0.2,44147,0.05,0.048
None,Reduced,Best,Best,DAFJS14.txt,-0.2,54609,0.044,0.043
None,Reduced,Best,Best,DAFJS11.txt,-0.2,52845,0.067,0.061
None,Reduced,Best,Best,DAFJS12.txt,-0.2,52355,0.086,0.08
None,Reduced,Best,Best,DAFJS19.txt,-0.2,51065,0.017,0.013
None,Reduced,Best,Best,DAFJS23.txt,-0.2,42943,0.016,0.015
None,Reduced,Best,Best,DAFJS24.txt,-0.2,46985,0.034,0.03
None,Reduced,Best,Best,DAFJS18.txt,-0.2,57274,0.047,0.044
None,Reduced,Best,Best,DAFJS17.txt,-0.2,54456,0.05,0.047
None,Reduced,Best,Best,DAFJS21.txt,-0.2,57787,0.078,0.072
None,Reduced,Best,Best,DAFJS22.txt,-0.2,53728,0.096,0.088
None,Reduced,Best,Best,DAFJS16.txt,-0.2,60010,0.107,0.1
None,Reduced,Best,Best,DAFJS27.txt,-0.2,62359,0.145,0.139
None,Reduced,Best,Best,DAFJS26.txt,-0.2,68469,0.166,0.155
None,Reduced,Best,Best,DAFJS25.txt,-0.2,61465,0.189,0.18
None,Reduced,Best,Best,DAFJS20.txt,-0.2,55355,0.195,0.191
None,Reduced,Best,Best,YFJS02.txt,-0.2,66853,0,0
None,Reduced,Best,Best,YFJS03.txt,-0.2,32864,0,0
None,Reduced,Best,Best,YFJS04.txt,-0.2,42553,0,0
None,Reduced,Best,Best,YFJS05.txt,-0.2,40738,0,0
None,Reduced,Best,Best,YFJS01.txt,-0.2,68822,0.005,0.004
None,Reduced,Best,Best,YFJS06.txt,-0.2,43744,0.001,0.001
None,Reduced,Best,Best,YFJS07.txt,-0.2,40941,0.002,0.002
None,Reduced,Best,Best,YFJS09.txt,-0.2,22211,0,0
None,Reduced,Best,Best,YFJS08.txt,-0.2,37681,0.002,0.001
None,Reduced,Best,Best,DAFJS28.txt,-0.2,48941,0.02,0.017
None,Reduced,Best,Best,DAFJS29.txt,-0.2,57708,0.045,0.04
None,Reduced,Best,Best,DAFJS30.txt,-0.2,49312,0.1,0.097
None,Reduced,Best,Best,YFJS10.txt,-0.2,39361,0,0
None,Reduced,Best,Best,YFJS11.txt,-0.2,49206,0.001,0
None,Reduced,Best,Best,YFJS13.txt,-0.2,41498,0.002,0.001
None,Reduced,Best,Best,YFJS12.txt,-0.2,54186,0.004,0.003
None,Reduced,Best,Best,DAFJS01.txt,-0.3,21685,0,0
None,Reduced,Best,Best,YFJS14.txt,-0.2,100177,0.17,0.158
None,Reduced,Best,Best,YFJS16.txt,-0.2,98976,0.249,0.237
None,Reduced,Best,Best,YFJS15.txt,-0.2,109314,0.305,0.291
None,Reduced,Best,Best,YFJS20.txt,-0.2,79638,0.688,0.647
None,Reduced,Best,Best,YFJS17.txt,-0.2,82167,0.962,0.936
None,Reduced,Best,Best,YFJS19.txt,-0.2,83530,1.133,1.109
None,Reduced,Best,Best,YFJS18.txt,-0.2,94472,1.153,1.127
None,Reduced,Best,Best,DAFJS02.txt,-0.3,23021,0,0
None,Reduced,Best,Best,DAFJS04.txt,-0.3,41533,0.001,0.001
None,Reduced,Best,Best,DAFJS05.txt,-0.3,33813,0.003,0.002
None,Reduced,Best,Best,DAFJS03.txt,-0.3,42258,0.006,0.005
None,Reduced,Best,Best,DAFJS13.txt,-0.3,41717,0.005,0.003
None,Reduced,Best,Best,DAFJS09.txt,-0.3,36303,0.009,0.007
None,Reduced,Best,Best,DAFJS10.txt,-0.3,35023,0.008,0.006
None,Reduced,Best,Best,DAFJS06.txt,-0.3,30556,0.012,0.011
None,Reduced,Best,Best,DAFJS07.txt,-0.3,40057,0.03,0.027
None,Reduced,Best,Best,DAFJS08.txt,-0.3,43737,0.037,0.033
None,Reduced,Best,Best,DAFJS11.txt,-0.3,44599,0.039,0.035
None,Reduced,Best,Best,DAFJS12.txt,-0.3,43449,0.053,0.046
None,Reduced,Best,Best,DAFJS18.txt,-0.3,49753,0.01,0.006
None,Reduced,Best,Best,DAFJS23.txt,-0.3,38185,0.02,0.017
None,Reduced,Best,Best,DAFJS14.txt,-0.3,44646,0.045,0.043
None,Reduced,Best,Best,DAFJS19.txt,-0.3,40678,0.057,0.054
None,Reduced,Best,Best,DAFJS20.txt,-0.3,49481,0.06,0.055
None,Reduced,Best,Best,DAFJS15.txt,-0.3,47268,0.08,0.074
None,Reduced,Best,Best,DAFJS21.txt,-0.3,48912,0.075,0.068
None,Reduced,Best,Best,DAFJS24.txt,-0.3,39979,0.077,0.073
None,Reduced,Best,Best,DAFJS25.txt,-0.3,49527,0.091,0.08
None,Reduced,Best,Best,DAFJS17.txt,-0.3,47550,0.111,0.107
None,Reduced,Best,Best,DAFJS22.txt,-0.3,42035,0.207,0.192
None,Reduced,Best,Best,DAFJS16.txt,-0.3,49031,0.282,0.274
None,Reduced,Best,Best,YFJS02.txt,-0.3,59001,0,0
None,Reduced,Best,Best,YFJS03.txt,-0.3,31407,0,0
None,Reduced,Best,Best,YFJS04.txt,-0.3,38092,0,0
None,Reduced,Best,Best,YFJS05.txt,-0.3,38324,0.001,0.001
None,Reduced,Best,Best,YFJS01.txt,-0.3,60208,0.005,0.005
None,Reduced,Best,Best,YFJS06.txt,-0.3,43099,0.001,0.001
None,Reduced,Best,Best,YFJS07.txt,-0.3,38453,0,0
None,Reduced,Best,Best,DAFJS30.txt,-0.3,42592,0.012,0.008
None,Reduced,Best,Best,DAFJS28.txt,-0.3,40923,0.017,0.015
None,Reduced,Best,Best,DAFJS29.txt,-0.3,48412,0.065,0.06
None,Reduced,Best,Best,DAFJS27.txt,-0.3,53010,0.189,0.181
None,Reduced,Best,Best,DAFJS26.txt,-0.3,50829,0.236,0.224
None,Reduced,Best,Best,YFJS08.txt,-0.3,33392,0,0
None,Reduced,Best,Best,YFJS09.txt,-0.3,20916,0.001,0.001
None,Reduced,Best,Best,YFJS10.txt,-0.3,34487,0.001,0.001
None,Reduced,Best,Best,YFJS11.txt,-0.3,44729,0,0
None,Reduced,Best,Best,YFJS12.txt,-0.3,43150,0.004,0.003
None,Reduced,Best,Best,YFJS13.txt,-0.3,35800,0.003,0.003
None,Reduced,Best,Best,YFJS14.txt,-0.3,87518,0.167,0.159
None,Reduced,Best,Best,YFJS16.txt,-0.3,85252,0.188,0.178
None,Reduced,Best,Best,YFJS15.txt,-0.3,88664,0.223,0.212
None,Reduced,Best,Best,YFJS18.txt,-0.3,82795,0.684,0.651
None,Reduced,Best,Best,YFJS17.txt,-0.3,70851,1.08,1.034
None,Reduced,Best,Best,YFJS19.txt,-0.3,68592,1.556,1.529
None,Reduced,Best,Best,DAFJS02.txt,-0.1,28098,0,0
None,Reduced,Best,Best,DAFJS01.txt,-0.1,26203,0.001,0.001
None,Reduced,Best,Best,DAFJS04.txt,-0.1,52494,0.005,0.004
None,Reduced,Best,Best,DAFJS05.txt,-0.1,40723,0.005,0.005
None,Reduced,Best,Best,DAFJS09.txt,-0.1,45796,0.003,0.002
None,Reduced,Best,Best,DAFJS03.txt,-0.1,51580,0.01,0.009
None,Reduced,Best,Best,DAFJS06.txt,-0.1,44877,0.009,0.009
None,Reduced,Best,Best,DAFJS10.txt,-0.1,51277,0.029,0.028
None,Reduced,Best,Best,DAFJS07.txt,-0.1,53651,0.034,0.031
None,Reduced,Best,Best,DAFJS08.txt,-0.1,56561,0.035,0.033
None,Reduced,Best,Best,DAFJS11.txt,-0.1,64796,0.072,0.066
None,Reduced,Best,Best,YFJS20.txt,-0.3,70253,0.388,0.363
None,Reduced,Best,Best,DAFJS14.txt,-0.1,70357,0.015,0.013
None,Reduced,Best,Best,DAFJS18.txt,-0.1,71052,0.024,0.022
None,Reduced,Best,Best,DAFJS13.txt,-0.1,56453,0.029,0.027
None,Reduced,Best,Best,DAFJS23.txt,-0.1,47520,0.026,0.025
None,Reduced,Best,Best,DAFJS19.txt,-0.1,57471,0.042,0.04
None,Reduced,Best,Best,DAFJS17.txt,-0.1,69975,0.057,0.053
None,Reduced,Best,Best,DAFJS21.txt,-0.1,71913,0.124,0.115
None,Reduced,Best,Best,DAFJS12.txt,-0.1,61533,0.136,0.129
None,Reduced,Best,Best,DAFJS20.txt,-0.1,66674,0.13,0.125
None,Reduced,Best,Best,DAFJS15.txt,-0.1,62030,0.219,0.208
None,Reduced,Best,Best,DAFJS22.txt,-0.1,62189,0.218,0.21
None,Reduced,Best,Best,DAFJS16.txt,-0.1,66153,0.389,0.38
None,Reduced,Best,Best,YFJS01.txt,-0.1,79657,0.003,0.002
None,Reduced,Best,Best,YFJS02.txt,-0.1,76529,0.001,0
None,Reduced,Best,Best,YFJS03.txt,-0.1,36409,0,0
None,Reduced,Best,Best,YFJS04.txt,-0.1,45533,0,0
None,Reduced,Best,Best,YFJS05.txt,-0.1,45421,0,0
None,Reduced,Best,Best,DAFJS24.txt,-0.1,55115,0.035,0.03
None,Reduced,Best,Best,DAFJS27.txt,-0.1,78967,0.038,0.023
None,Reduced,Best,Best,DAFJS30.txt,-0.1,56839,0.036,0.031
None,Reduced,Best,Best,DAFJS28.txt,-0.1,53505,0.092,0.09
None,Reduced,Best,Best,DAFJS26.txt,-0.1,76328,0.098,0.089
None,Reduced,Best,Best,DAFJS29.txt,-0.1,65758,0.117,0.112
None,Reduced,Best,Best,DAFJS25.txt,-0.1,73353,0.317,0.309
None,Reduced,Best,Best,YFJS06.txt,-0.1,44936,0.002,0.002
None,Reduced,Best,Best,YFJS07.txt,-0.1,48355,0.002,0.002
None,Reduced,Best,Best,YFJS08.txt,-0.1,41754,0.001,0.001
None,Reduced,Best,Best,YFJS09.txt,-0.1,23944,0,0
None,Reduced,Best,Best,YFJS10.txt,-0.1,42278,0,0
None,Reduced,Best,Best,YFJS11.txt,-0.1,52196,0.002,0.002
None,Reduced,Best,Best,YFJS13.txt,-0.1,46578,0.003,0.002
None,Reduced,Best,Best,YFJS12.txt,-0.1,52650,0.004,0.003
None,Reduced,Best,Best,YFJS14.txt,-0.1,118731,0.184,0.173
None,Reduced,Best,Best,YFJS16.txt,-0.1,115312,0.21,0.195
None,Reduced,Best,Best,YFJS17.txt,-0.1,104466,0.42,0.39
None,Reduced,Best,Best,YFJS15.txt,-0.1,125754,0.588,0.575
None,Reduced,Best,Best,DAFJS01.txt,-0.2,24993,0.001,0.001
None,Reduced,Best,Best,DAFJS02.txt,-0.2,27727,0,0
None,Reduced,Best,Best,DAFJS04.txt,-0.2,46502,0.003,0.002
None,Reduced,Best,Best,DAFJS05.txt,-0.2,38484,0.005,0.005
None,Reduced,Best,Best,DAFJS06.txt,-0.2,41909,0.006,0.005
None,Reduced,Best,Best,DAFJS03.txt,-0.2,45916,0.012,0.011
None,Reduced,Best,Best,DAFJS09.txt,-0.2,37876,0.008,0.007
None,Reduced,Best,Best,DAFJS08.txt,-0.2,51128,0.046,0.041
None,Reduced,Best,Best,DAFJS07.txt,-0.2,44147,0.05,0.048
None,Reduced,Best,Best,YFJS20.txt,-0.1,94201,0.856,0.814
None,Reduced,Best,Best,YFJS19.txt,-0.1,100158,0.899,0.87
None,Reduced,Best,Best,YFJS18.txt,-0.1,119224,1.971,1.921
None,Reduced,Best,Best,DAFJS10.txt,-0.2,45868,0.002,0.001
None,Reduced,Best,Best,DAFJS13.txt,-0.2,49179,0.012,0.011
None,Reduced,Best,Best,DAFJS19.txt,-0.2,51065,0.027,0.021
None,Reduced,Best,Best,DAFJS15.txt,-0.2,53677,0.04,0.032
None,Reduced,Best,Best,DAFJS14.txt,-0.2,54609,0.044,0.043
None,Reduced,Best,Best,DAFJS18.txt,-0.2,57274,0.047,0.044
None,Reduced,Best,Best,DAFJS17.txt,-0.2,54456,0.049,0.047
None,Reduced,Best,Best,DAFJS11.txt,-0.2,52845,0.066,0.06
None,Reduced,Best,Best,DAFJS12.txt,-0.2,52355,0.09,0.084
None,Reduced,Best,Best,DAFJS21.txt,-0.2,57787,0.093,0.087
None,Reduced,Best,Best,DAFJS16.txt,-0.2,60010,0.109,0.102
None,Reduced,Best,Best,DAFJS20.txt,-0.2,55355,0.231,0.226
None,Reduced,Best,Best,YFJS02.txt,-0.2,66853,0,0
None,Reduced,Best,Best,YFJS03.txt,-0.2,32864,0,0
None,Reduced,Best,Best,YFJS01.txt,-0.2,68822,0.007,0.007
None,Reduced,Best,Best,DAFJS23.txt,-0.2,42943,0.016,0.015
None,Reduced,Best,Best,DAFJS28.txt,-0.2,48941,0.021,0.018
None,Reduced,Best,Best,DAFJS24.txt,-0.2,46985,0.027,0.023
None,Reduced,Best,Best,DAFJS29.txt,-0.2,57708,0.046,0.041
None,Reduced,Best,Best,DAFJS22.txt,-0.2,53728,0.096,0.089
None,Reduced,Best,Best,DAFJS30.txt,-0.2,49312,0.108,0.104
None,Reduced,Best,Best,DAFJS27.txt,-0.2,62359,0.129,0.123
None,Reduced,Best,Best,DAFJS26.txt,-0.2,68469,0.149,0.138
None,Reduced,Best,Best,DAFJS25.txt,-0.2,61465,0.183,0.174
None,Reduced,Best,Best,YFJS04.txt,-0.2,42553,0,0
None,Reduced,Best,Best,YFJS05.txt,-0.2,40738,0,0
None,Reduced,Best,Best,YFJS06.txt,-0.2,43744,0.001,0
None,Reduced,Best,Best,YFJS09.txt,-0.2,22211,0.001,0
None,Reduced,Best,Best,YFJS07.txt,-0.2,40941,0.002,0.002
None,Reduced,Best,Best,YFJS08.txt,-0.2,37681,0.002,0.001
None,Reduced,Best,Best,YFJS10.txt,-0.2,39361,0,0
None,Reduced,Best,Best,YFJS11.txt,-0.2,49206,0.001,0
None,Reduced,Best,Best,YFJS13.txt,-0.2,41498,0.002,0.001
None,Reduced,Best,Best,YFJS12.txt,-0.2,54186,0.004,0.003
None,Reduced,Best,Best,YFJS14.txt,-0.2,100177,0.161,0.15
None,Reduced,Best,Best,YFJS15.txt,-0.2,109314,0.301,0.287
None,Reduced,Best,Best,DAFJS01.txt,-0.3,21685,0,0
None,Reduced,Best,Best,DAFJS02.txt,-0.3,23021,0,0
None,Reduced,Best,Best,DAFJS04.txt,-0.3,41533,0.002,0.001
None,Reduced,Best,Best,DAFJS05.txt,-0.3,33813,0.003,0.002
None,Reduced,Best,Best,DAFJS03.txt,-0.3,42258,0.007,0.006
None,Reduced,Best,Best,DAFJS06.txt,-0.3,30556,0.012,0.011
None,Reduced,Best,Best,DAFJS07.txt,-0.3,40057,0.032,0.028
None,Reduced,Best,Best,YFJS16.txt,-0.2,98976,0.249,0.237
None,Reduced,Best,Best,YFJS20.txt,-0.2,79638,0.694,0.653
None,Reduced,Best,Best,YFJS17.txt,-0.2,82167,0.978,0.953
None,Reduced,Best,Best,YFJS19.txt,-0.2,83530,1.15,1.125
None,Reduced,Best,Best,YFJS18.txt,-0.2,94472,1.173,1.144
None,Reduced,Best,Best,DAFJS13.txt,-0.3,41717,0.005,0.003
None,Reduced,Best,Best,DAFJS09.txt,-0.3,36303,0.009,0.007
None,Reduced,Best,Best,DAFJS10.txt,-0.3,35023,0.008,0.006
None,Reduced,Best,Best,DAFJS18.txt,-0.3,49753,0.016,0.01
None,Reduced,Best,Best,DAFJS08.txt,-0.3,43737,0.038,0.034
None,Reduced,Best,Best,DAFJS11.txt,-0.3,44599,0.04,0.035
None,Reduced,Best,Best,DAFJS14.txt,-0.3,44646,0.045,0.043
None,Reduced,Best,Best,DAFJS12.txt,-0.3,43449,0.052,0.044
None,Reduced,Best,Best,DAFJS19.txt,-0.3,40678,0.071,0.068
None,Reduced,Best,Best,DAFJS15.txt,-0.3,47268,0.08,0.074
None,Reduced,Best,Best,DAFJS17.txt,-0.3,47550,0.116,0.112
None,Reduced,Best,Best,DAFJS16.txt,-0.3,49031,0.312,0.304
None,Reduced,Best,Best,DAFJS23.txt,-0.3,38185,0.013,0.011
None,Reduced,Best,Best,YFJS01.txt,-0.3,60208,0.008,0.007
None,Reduced,Best,Best,DAFJS28.txt,-0.3,40923,0.022,0.019
None,Reduced,Best,Best,DAFJS30.txt,-0.3,42592,0.02,0.013
None,Reduced,Best,Best,DAFJS20.txt,-0.3,49481,0.061,0.057
None,Reduced,Best,Best,DAFJS24.txt,-0.3,39979,0.069,0.066
None,Reduced,Best,Best,DAFJS21.txt,-0.3,48912,0.074,0.066
None,Reduced,Best,Best,DAFJS25.txt,-0.3,49527,0.072,0.061
None,Reduced,Best,Best,DAFJS29.txt,-0.3,48412,0.079,0.075
None,Reduced,Best,Best,DAFJS22.txt,-0.3,42035,0.172,0.159
None,Reduced,Best,Best,DAFJS27.txt,-0.3,53010,0.184,0.176
None,Reduced,Best,Best,DAFJS26.txt,-0.3,50829,0.239,0.227
None,Reduced,Best,Best,YFJS02.txt,-0.3,59001,0,0
None,Reduced,Best,Best,YFJS03.txt,-0.3,31407,0,0
None,Reduced,Best,Best,YFJS04.txt,-0.3,38092,0,0
None,Reduced,Best,Best,YFJS05.txt,-0.3,38324,0.001,0.001
None,Reduced,Best,Best,YFJS07.txt,-0.3,38453,0,0
None,Reduced,Best,Best,YFJS06.txt,-0.3,43099,0.001,0.001
None,Reduced,Best,Best,YFJS08.txt,-0.3,33392,0,0
None,Reduced,Best,Best,YFJS09.txt,-0.3,20916,0.001,0.001
None,Reduced,Best,Best,YFJS11.txt,-0.3,44729,0,0
None,Reduced,Best,Best,YFJS10.txt,-0.3,34487,0.001,0.001
None,Reduced,Best,Best,YFJS12.txt,-0.3,43150,0.003,0.003
None,Reduced,Best,Best,YFJS13.txt,-0.3,35800,0.003,0.003
None,Reduced,Best,Best,DAFJS02.txt,-0.1,28098,0.001,0
None,Reduced,Best,Best,DAFJS01.txt,-0.1,26203,0.004,0.003
None,Reduced,Best,Best,DAFJS04.txt,-0.1,52494,0.008,0.007
None,Reduced,Best,Best,DAFJS03.txt,-0.1,51580,0.012,0.011
None,Reduced,Best,Best,DAFJS05.txt,-0.1,40723,0.009,0.008
None,Reduced,Best,Best,YFJS14.txt,-0.3,87518,0.172,0.163
None,Reduced,Best,Best,YFJS16.txt,-0.3,85252,0.191,0.181
None,Reduced,Best,Best,YFJS15.txt,-0.3,88664,0.229,0.218
None,Reduced,Best,Best,YFJS20.txt,-0.3,70253,0.419,0.392
None,Reduced,Best,Best,YFJS18.txt,-0.3,82795,0.694,0.66
None,Reduced,Best,Best,YFJS17.txt,-0.3,70851,1.086,1.039
None,Reduced,Best,Best,YFJS19.txt,-0.3,68592,1.625,1.597
None,Reduced,Best,Best,DAFJS09.txt,-0.1,45796,0.003,0.002
None,Reduced,Best,Best,DAFJS06.txt,-0.1,44877,0.01,0.009
None,Reduced,Best,Best,DAFJS14.txt,-0.1,70357,0.015,0.013
None,Reduced,Best,Best,DAFJS10.txt,-0.1,51277,0.026,0.025
None,Reduced,Best,Best,DAFJS08.txt,-0.1,56561,0.033,0.031
None,Reduced,Best,Best,DAFJS13.txt,-0.1,56453,0.029,0.027
None,Reduced,Best,Best,DAFJS07.txt,-0.1,53651,0.039,0.036
None,Reduced,Best,Best,DAFJS17.txt,-0.1,69975,0.063,0.059
None,Reduced,Best,Best,DAFJS11.txt,-0.1,64796,0.072,0.066
None,Reduced,Best,Best,DAFJS12.txt,-0.1,61533,0.135,0.128
None,Reduced,Best,Best,DAFJS15.txt,-0.1,62030,0.23,0.22
None,Reduced,Best,Best,DAFJS16.txt,-0.1,66153,0.394,0.385
None,Reduced,Best,Best,DAFJS18.txt,-0.1,71052,0.024,0.022
None,Reduced,Best,Best,DAFJS23.txt,-0.1,47520,0.024,0.022
None,Reduced,Best,Best,DAFJS24.txt,-0.1,55115,0.036,0.031
None,Reduced,Best,Best,DAFJS19.txt,-0.1,57471,0.042,0.04
None,Reduced,Best,Best,DAFJS27.txt,-0.1,78967,0.056,0.039
None,Reduced,Best,Best,DAFJS28.txt,-0.1,53505,0.093,0.091
None,Reduced,Best,Best,DAFJS20.txt,-0.1,66674,0.112,0.108
None,Reduced,Best,Best,DAFJS21.txt,-0.1,71913,0.12,0.111
None,Reduced,Best,Best,DAFJS26.txt,-0.1,76328,0.115,0.108
None,Reduced,Best,Best,DAFJS29.txt,-0.1,65758,0.125,0.12
None,Reduced,Best,Best,DAFJS22.txt,-0.1,62189,0.212,0.205
None,Reduced,Best,Best,DAFJS25.txt,-0.1,73353,0.374,0.366
None,Reduced,Best,Best,YFJS02.txt,-0.1,76529,0,0
None,Reduced,Best,Best,YFJS03.txt,-0.1,36409,0,0
None,Reduced,Best,Best,YFJS01.txt,-0.1,79657,0.002,0.002
None,Reduced,Best,Best,YFJS04.txt,-0.1,45533,0,0
None,Reduced,Best,Best,YFJS05.txt,-0.1,45421,0,0
None,Reduced,Best,Best,YFJS06.txt,-0.1,44936,0.002,0.002
None,Reduced,Best,Best,YFJS07.txt,-0.1,48355,0.002,0.002
None,Reduced,Best,Best,YFJS09.txt,-0.1,23944,0,0
None,Reduced,Best,Best,YFJS08.txt,-0.1,41754,0.001,0.001
None,Reduced,Best,Best,YFJS10.txt,-0.1,42278,0,0
None,Reduced,Best,Best,YFJS11.txt,-0.1,52196,0.002,0.001
None,Reduced,Best,Best,DAFJS30.txt,-0.1,56839,0.035,0.031
None,Reduced,Best,Best,YFJS13.txt,-0.1,46578,0.003,0.002
None,Reduced,Best,Best,YFJS12.txt,-0.1,52650,0.004,0.003
None,Reduced,Best,Best,DAFJS01.txt,-0.2,24993,0.002,0.001
None,Reduced,Best,Best,DAFJS02.txt,-0.2,27727,0.001,0.001
None,Reduced,Best,Best,DAFJS03.txt,-0.2,45916,0.013,0.012
None,Reduced,Best,Best,YFJS14.txt,-0.1,118731,0.194,0.183
None,Reduced,Best,Best,YFJS16.txt,-0.1,115312,0.219,0.204
None,Reduced,Best,Best,YFJS17.txt,-0.1,104466,0.426,0.395
None,Reduced,Best,Best,YFJS15.txt,-0.1,125754,0.575,0.563
None,Reduced,Best,Best,YFJS20.txt,-0.1,94201,0.865,0.823
None,Reduced,Best,Best,YFJS19.txt,-0.1,100158,0.905,0.877
None,Reduced,Best,Best,YFJS18.txt,-0.1,119224,1.998,1.949
None,Reduced,Best,Best,DAFJS04.txt,-0.2,46502,0.003,0.002
None,Reduced,Best,Best,DAFJS05.txt,-0.2,38484,0.005,0.005
None,Reduced,Best,Best,DAFJS10.txt,-0.2,45868,0.002,0.001
None,Reduced,Best,Best,DAFJS06.txt,-0.2,41909,0.006,0.005
None,Reduced,Best,Best,DAFJS09.txt,-0.2,37876,0.007,0.007
None,Reduced,Best,Best,DAFJS13.txt,-0.2,49179,0.018,0.017
None,Reduced,Best,Best,DAFJS08.txt,-0.2,51128,0.042,0.037
None,Reduced,Best,Best,DAFJS15.txt,-0.2,53677,0.039,0.031
None,Reduced,Best,Best,DAFJS07.txt,-0.2,44147,0.05,0.048
None,Reduced,Best,Best,DAFJS14.txt,-0.2,54609,0.046,0.044
None,Reduced,Best,Best,DAFJS11.txt,-0.2,52845,0.065,0.059
None,Reduced,Best,Best,DAFJS12.txt,-0.2,52355,0.086,0.08
None,Reduced,Best,Best,DAFJS19.txt,-0.2,51065,0.017,0.013
None,Reduced,Best,Best,DAFJS23.txt,-0.2,42943,0.016,0.015
None,Reduced,Best,Best,DAFJS18.txt,-0.2,57274,0.047,0.044
None,Reduced,Best,Best,DAFJS24.txt,-0.2,46985,0.043,0.039
None,Reduced,Best,Best,DAFJS17.txt,-0.2,54456,0.051,0.048
None,Reduced,Best,Best,DAFJS21.txt,-0.2,57787,0.079,0.073
None,Reduced,Best,Best,DAFJS22.txt,-0.2,53728,0.096,0.088
None,Reduced,Best,Best,DAFJS16.txt,-0.2,60010,0.109,0.102
None,Reduced,Best,Best,DAFJS27.txt,-0.2,62359,0.146,0.14
None,Reduced,Best,Best,DAFJS26.txt,-0.2,68469,0.155,0.144
None,Reduced,Best,Best,DAFJS20.txt,-0.2,55355,0.195,0.191
None,Reduced,Best,Best,DAFJS25.txt,-0.2,61465,0.192,0.183
None,Reduced,Best,Best,YFJS02.txt,-0.2,66853,0,0
None,Reduced,Best,Best,YFJS03.txt,-0.2,32864,0,0
None,Reduced,Best,Best,YFJS04.txt,-0.2,42553,0,0
None,Reduced,Best,Best,YFJS05.txt,-0.2,40738,0,0
None,Reduced,Best,Best,YFJS01.txt,-0.2,68822,0.004,0.004
None,Reduced,Best,Best,YFJS06.txt,-0.2,43744,0.001,0
None,Reduced,Best,Best,YFJS07.txt,-0.2,40941,0.002,0.002
None,Reduced,Best,Best,YFJS09.txt,-0.2,22211,0.001,0
None,Reduced,Best,Best,YFJS08.txt,-0.2,37681,0.002,0.001
None,Reduced,Best,Best,DAFJS28.txt,-0.2,48941,0.02,0.017
None,Reduced,Best,Best,DAFJS29.txt,-0.2,57708,0.045,0.04
None,Reduced,Best,Best,DAFJS30.txt,-0.2,49312,0.099,0.096
None,Reduced,Best,Best,YFJS10.txt,-0.2,39361,0,0
None,Reduced,Best,Best,YFJS11.txt,-0.2,49206,0.001,0
None,Reduced,Best,Best,YFJS13.txt,-0.2,41498,0.002,0.001
None,Reduced,Best,Best,YFJS12.txt,-0.2,54186,0.004,0.003
None,Reduced,Best,Best,DAFJS01.txt,-0.3,21685,0,0
None,Reduced,Best,Best,YFJS14.txt,-0.2,100177,0.17,0.158
None,Reduced,Best,Best,YFJS16.txt,-0.2,98976,0.259,0.247
None,Reduced,Best,Best,YFJS15.txt,-0.2,109314,0.297,0.284
None,Reduced,Best,Best,YFJS20.txt,-0.2,79638,0.713,0.671
None,Reduced,Best,Best,YFJS17.txt,-0.2,82167,0.955,0.93
None,Reduced,Best,Best,YFJS18.txt,-0.2,94472,1.087,1.062
None,Reduced,Best,Best,YFJS19.txt,-0.2,83530,1.138,1.114
None,Reduced,Best,Best,DAFJS02.txt,-0.3,23021,0,0
None,Reduced,Best,Best,DAFJS04.txt,-0.3,41533,0.001,0.001
None,Reduced,Best,Best,DAFJS05.txt,-0.3,33813,0.003,0.002
None,Reduced,Best,Best,DAFJS03.txt,-0.3,42258,0.006,0.005
None,Reduced,Best,Best,DAFJS13.txt,-0.3,41717,0.005,0.003
None,Reduced,Best,Best,DAFJS09.txt,-0.3,36303,0.009,0.007
None,Reduced,Best,Best,DAFJS10.txt,-0.3,35023,0.008,0.006
None,Reduced,Best,Best,DAFJS06.txt,-0.3,30556,0.012,0.011
None,Reduced,Best,Best,DAFJS07.txt,-0.3,40057,0.03,0.027
None,Reduced,Best,Best,DAFJS08.txt,-0.3,43737,0.037,0.033
None,Reduced,Best,Best,DAFJS11.txt,-0.3,44599,0.039,0.035
None,Reduced,Best,Best,DAFJS12.txt,-0.3,43449,0.05,0.043
None,Reduced,Best,Best,DAFJS18.txt,-0.3,49753,0.014,0.01
None,Reduced,Best,Best,DAFJS23.txt,-0.3,38185,0.021,0.017
None,Reduced,Best,Best,DAFJS14.txt,-0.3,44646,0.05,0.048
None,Reduced,Best,Best,DAFJS19.txt,-0.3,40678,0.061,0.058
None,Reduced,Best,Best,DAFJS20.txt,-0.3,49481,0.064,0.059
None,Reduced,Best,Best,DAFJS21.txt,-0.3,48912,0.076,0.069
None,Reduced,Best,Best,DAFJS15.txt,-0.3,47268,0.084,0.078
None,Reduced,Best,Best,DAFJS24.txt,-0.3,39979,0.075,0.072
None,Reduced,Best,Best,DAFJS25.txt,-0.3,49527,0.086,0.076
None,Reduced,Best,Best,DAFJS17.txt,-0.3,47550,0.116,0.112
None,Reduced,Best,Best,DAFJS22.txt,-0.3,42035,0.191,0.177
None,Reduced,Best,Best,DAFJS16.txt,-0.3,49031,0.286,0.277
None,Reduced,Best,Best,YFJS02.txt,-0.3,59001,0,0
None,Reduced,Best,Best,YFJS03.txt,-0.3,31407,0,0
None,Reduced,Best,Best,YFJS04.txt,-0.3,38092,0,0
None,Reduced,Best,Best,YFJS05.txt,-0.3,38324,0.001,0.001
None,Reduced,Best,Best,YFJS01.txt,-0.3,60208,0.005,0.005
None,Reduced,Best,Best,YFJS06.txt,-0.3,43099,0.001,0.001
None,Reduced,Best,Best,YFJS07.txt,-0.3,38453,0,0
None,Reduced,Best,Best,DAFJS30.txt,-0.3,42592,0.012,0.008
None,Reduced,Best,Best,DAFJS28.txt,-0.3,40923,0.017,0.015
None,Reduced,Best,Best,DAFJS29.txt,-0.3,48412,0.066,0.062
None,Reduced,Best,Best,DAFJS27.txt,-0.3,53010,0.188,0.18
None,Reduced,Best,Best,DAFJS26.txt,-0.3,50829,0.235,0.223
None,Reduced,Best,Best,YFJS08.txt,-0.3,33392,0,0
None,Reduced,Best,Best,YFJS09.txt,-0.3,20916,0.001,0.001
None,Reduced,Best,Best,YFJS10.txt,-0.3,34487,0.001,0.001
None,Reduced,Best,Best,YFJS11.txt,-0.3,44729,0,0
None,Reduced,Best,Best,YFJS12.txt,-0.3,43150,0.003,0.003
None,Reduced,Best,Best,YFJS13.txt,-0.3,35800,0.003,0.003
None,Reduced,Best,Best,YFJS14.txt,-0.3,87518,0.168,0.159
None,Reduced,Best,Best,YFJS16.txt,-0.3,85252,0.184,0.175
None,Reduced,Best,Best,YFJS15.txt,-0.3,88664,0.226,0.215
None,Reduced,Best,Best,YFJS18.txt,-0.3,82795,0.684,0.65
None,Reduced,Best,Best,YFJS17.txt,-0.3,70851,1.082,1.035
None,Reduced,Best,Best,YFJS19.txt,-0.3,68592,1.574,1.546
None,Reduced,Best,Best,DAFJS02.txt,-0.1,28098,0,0
None,Reduced,Best,Best,DAFJS01.txt,-0.1,26203,0.001,0.001
None,Reduced,Best,Best,DAFJS04.txt,-0.1,52494,0.005,0.004
None,Reduced,Best,Best,DAFJS05.txt,-0.1,40723,0.005,0.005
None,Reduced,Best,Best,DAFJS09.txt,-0.1,45796,0.003,0.002
None,Reduced,Best,Best,DAFJS03.txt,-0.1,51580,0.01,0.009
None,Reduced,Best,Best,DAFJS06.txt,-0.1,44877,0.01,0.009
None,Reduced,Best,Best,DAFJS08.txt,-0.1,56561,0.033,0.03
None,Reduced,Best,Best,DAFJS07.txt,-0.1,53651,0.034,0.031
None,Reduced,Best,Best,DAFJS10.txt,-0.1,51277,0.032,0.031
None,Reduced,Best,Best,DAFJS11.txt,-0.1,64796,0.077,0.07
None,Reduced,Best,Best,YFJS20.txt,-0.3,70253,0.388,0.363
None,Reduced,Best,Best,DAFJS14.txt,-0.1,70357,0.015,0.013
None,Reduced,Best,Best,DAFJS18.txt,-0.1,71052,0.024,0.022
None,Reduced,Best,Best,DAFJS13.txt,-0.1,56453,0.028,0.027
None,Reduced,Best,Best,DAFJS23.txt,-0.1,47520,0.037,0.034
None,Reduced,Best,Best,DAFJS19.txt,-0.1,57471,0.042,0.04
None,Reduced,Best,Best,DAFJS17.txt,-0.1,69975,0.057,0.053
None,Reduced,Best,Best,DAFJS21.txt,-0.1,71913,0.121,0.112
None,Reduced,Best,Best,DAFJS20.txt,-0.1,66674,0.129,0.125
None,Reduced,Best,Best,DAFJS12.txt,-0.1,61533,0.137,0.129
None,Reduced,Best,Best,DAFJS15.txt,-0.1,62030,0.219,0.208
None,Reduced,Best,Best,DAFJS22.txt,-0.1,62189,0.228,0.22
None,Reduced,Best,Best,DAFJS16.txt,-0.1,66153,0.39,0.381
None,Reduced,Best,Best,YFJS01.txt,-0.1,79657,0.002,0.002
None,Reduced,Best,Best,YFJS02.txt,-0.1,76529,0.001,0
None,Reduced,Best,Best,YFJS03.txt,-0.1,36409,0,0
None,Reduced,Best,Best,YFJS04.txt,-0.1,45533,0.001,0
None,Reduced,Best,Best,YFJS05.txt,-0.1,45421,0,0
None,Reduced,Best,Best,DAFJS24.txt,-0.1,55115,0.035,0.03
None,Reduced,Best,Best,DAFJS27.txt,-0.1,78967,0.038,0.023
None,Reduced,Best,Best,DAFJS30.txt,-0.1,56839,0.036,0.031
None,Reduced,Best,Best,DAFJS26.txt,-0.1,76328,0.086,0.078
None,Reduced,Best,Best,DAFJS28.txt,-0.1,53505,0.092,0.089
None,Reduced,Best,Best,DAFJS29.txt,-0.1,65758,0.116,0.112
None,Reduced,Best,Best,DAFJS25.txt,-0.1,73353,0.341,0.333
None,Reduced,Best,Best,YFJS06.txt,-0.1,44936,0.002,0.002
None,Reduced,Best,Best,YFJS07.txt,-0.1,48355,0.002,0.002
None,Reduced,Best,Best,YFJS08.txt,-0.1,41754,0.001,0.001
None,Reduced,Best,Best,YFJS09.txt,-0.1,23944,0.001,0
None,Reduced,Best,Best,YFJS10.txt,-0.1,42278,0,0
None,Reduced,Best,Best,YFJS11.txt,-0.1,52196,0.002,0.002
None,Reduced,Best,Best,YFJS13.txt,-0.1,46578,0.003,0.002
None,Reduced,Best,Best,YFJS12.txt,-0.1,52650,0.004,0.003
None,Reduced,Best,Best,YFJS14.txt,-0.1,118731,0.188,0.177
None,Reduced,Best,Best,YFJS16.txt,-0.1,115312,0.212,0.197
None,Reduced,Best,Best,YFJS17.txt,-0.1,104466,0.422,0.391
None,Reduced,Best,Best,YFJS15.txt,-0.1,125754,0.552,0.54
None,Reduced,Best,Best,DAFJS01.txt,-0.2,24993,0.001,0.001
None,Reduced,Best,Best,DAFJS02.txt,-0.2,27727,0,0
None,Reduced,Best,Best,DAFJS04.txt,-0.2,46502,0.003,0.002
None,Reduced,Best,Best,DAFJS05.txt,-0.2,38484,0.006,0.005
None,Reduced,Best,Best,DAFJS06.txt,-0.2,41909,0.006,0.005
None,Reduced,Best,Best,DAFJS03.txt,-0.2,45916,0.012,0.011
None,Reduced,Best,Best,DAFJS09.txt,-0.2,37876,0.007,0.006
None,Reduced,Best,Best,DAFJS08.txt,-0.2,51128,0.046,0.041
None,Reduced,Best,Best,DAFJS07.txt,-0.2,44147,0.053,0.05
None,Reduced,Best,Best,YFJS20.txt,-0.1,94201,0.878,0.835
None,Reduced,Best,Best,YFJS19.txt,-0.1,100158,0.928,0.898
None,Reduced,Best,Best,YFJS18.txt,-0.1,119224,1.987,1.938
None,Reduced,Best,Best,DAFJS10.txt,-0.2,45868,0.002,0
None,Reduced,Best,Best,DAFJS13.txt,-0.2,49179,0.013,0.011
None,Reduced,Best,Best,DAFJS19.txt,-0.2,51065,0.027,0.021
None,Reduced,Best,Best,DAFJS15.txt,-0.2,53677,0.039,0.031
None,Reduced,Best,Best,DAFJS14.txt,-0.2,54609,0.044,0.043
None,Reduced,Best,Best,DAFJS18.txt,-0.2,57274,0.047,0.044
None,Reduced,Best,Best,DAFJS17.txt,-0.2,54456,0.049,0.047
None,Reduced,Best,Best,DAFJS11.txt,-0.2,52845,0.066,0.059
None,Reduced,Best,Best,DAFJS12.txt,-0.2,52355,0.09,0.084
None,Reduced,Best,Best,DAFJS21.txt,-0.2,57787,0.093,0.087
None,Reduced,Best,Best,DAFJS16.txt,-0.2,60010,0.106,0.1
None,Reduced,Best,Best,DAFJS20.txt,-0.2,55355,0.207,0.202
None,Reduced,Best,Best,YFJS02.txt,-0.2,66853,0,0
None,Reduced,Best,Best,YFJS03.txt,-0.2,32864,0,0
None,Reduced,Best,Best,YFJS01.txt,-0.2,68822,0.007,0.007
None,Reduced,Best,Best,DAFJS23.txt,-0.2,42943,0.017,0.015
None,Reduced,Best,Best,DAFJS28.txt,-0.2,48941,0.02,0.017
None,Reduced,Best,Best,DAFJS24.txt,-0.2,46985,0.028,0.024
None,Reduced,Best,Best,DAFJS29.txt,-0.2,57708,0.047,0.042
None,Reduced,Best,Best,DAFJS22.txt,-0.2,53728,0.096,0.088
None,Reduced,Best,Best,DAFJS30.txt,-0.2,49312,0.108,0.104
None,Reduced,Best,Best,DAFJS27.txt,-0.2,62359,0.13,0.124
None,Reduced,Best,Best,DAFJS26.txt,-0.2,68469,0.152,0.141
None,Reduced,Best,Best,DAFJS25.txt,-0.2,61465,0.183,0.174
None,Reduced,Best,Best,YFJS04.txt,-0.2,42553,0,0
None,Reduced,Best,Best,YFJS05.txt,-0.2,40738,0,0
None,Reduced,Best,Best,YFJS06.txt,-0.2,43744,0.001,0
None,Reduced,Best,Best,YFJS07.txt,-0.2,40941,0.002,0.002
None,Reduced,Best,Best,YFJS09.txt,-0.2,22211,0,0
None,Reduced,Best,Best,YFJS08.txt,-0.2,37681,0.002,0.001
None,Reduced,Best,Best,YFJS10.txt,-0.2,39361,0,0
None,Reduced,Best,Best,YFJS11.txt,-0.2,49206,0.001,0
None,Reduced,Best,Best,YFJS13.txt,-0.2,41498,0.002,0.001
None,Reduced,Best,Best,YFJS12.txt,-0.2,54186,0.004,0.003
None,Reduced,Best,Best,YFJS14.txt,-0.2,100177,0.162,0.151
None,Reduced,Best,Best,YFJS15.txt,-0.2,109314,0.291,0.278
None,Reduced,Best,Best,DAFJS01.txt,-0.3,21685,0,0
None,Reduced,Best,Best,DAFJS02.txt,-0.3,23021,0,0
None,Reduced,Best,Best,DAFJS04.txt,-0.3,41533,0.002,0.001
None,Reduced,Best,Best,DAFJS05.txt,-0.3,33813,0.003,0.002
None,Reduced,Best,Best,DAFJS03.txt,-0.3,42258,0.006,0.005
None,Reduced,Best,Best,DAFJS06.txt,-0.3,30556,0.012,0.011
None,Reduced,Best,Best,DAFJS07.txt,-0.3,40057,0.04,0.036
None,Reduced,Best,Best,YFJS16.txt,-0.2,98976,0.256,0.244
None,Reduced,Best,Best,YFJS20.txt,-0.2,79638,0.714,0.67
None,Reduced,Best,Best,YFJS17.txt,-0.2,82167,0.967,0.942
None,Reduced,Best,Best,YFJS18.txt,-0.2,94472,1.088,1.063
None,Reduced,Best,Best,YFJS19.txt,-0.2,83530,1.184,1.159
None,Reduced,Best,Best,DAFJS13.txt,-0.3,41717,0.005,0.003
None,Reduced,Best,Best,DAFJS09.txt,-0.3,36303,0.009,0.007
None,Reduced,Best,Best,DAFJS10.txt,-0.3,35023,0.008,0.006
None,Reduced,Best,Best,DAFJS18.txt,-0.3,49753,0.01,0.006
None,Reduced,Best,Best,DAFJS08.txt,-0.3,43737,0.038,0.034
None,Reduced,Best,Best,DAFJS11.txt,-0.3,44599,0.04,0.035
None,Reduced,Best,Best,DAFJS14.txt,-0.3,44646,0.045,0.043
None,Reduced,Best,Best,DAFJS12.txt,-0.3,43449,0.052,0.044
None,Reduced,Best,Best,DAFJS19.txt,-0.3,40678,0.066,0.063
None,Reduced,Best,Best,DAFJS15.txt,-0.3,47268,0.082,0.075
None,Reduced,Best,Best,DAFJS17.txt,-0.3,47550,0.119,0.115
None,Reduced,Best,Best,DAFJS16.txt,-0.3,49031,0.287,0.279
None,Reduced,Best,Best,DAFJS23.txt,-0.3,38185,0.013,0.011
None,Reduced,Best,Best,YFJS01.txt,-0.3,60208,0.008,0.008
None,Reduced,Best,Best,DAFJS30.txt,-0.3,42592,0.02,0.014
None,Reduced,Best,Best,DAFJS28.txt,-0.3,40923,0.028,0.024
None,Reduced,Best,Best,DAFJS20.txt,-0.3,49481,0.06,0.056
None,Reduced,Best,Best,DAFJS24.txt,-0.3,39979,0.07,0.066
None,Reduced,Best,Best,DAFJS21.txt,-0.3,48912,0.075,0.068
None,Reduced,Best,Best,DAFJS25.txt,-0.3,49527,0.072,0.061
None,Reduced,Best,Best,DAFJS29.txt,-0.3,48412,0.079,0.075
None,Reduced,Best,Best,DAFJS22.txt,-0.3,42035,0.17,0.156
None,Reduced,Best,Best,DAFJS27.txt,-0.3,53010,0.184,0.176
None,Reduced,Best,Best,DAFJS26.txt,-0.3,50829,0.238,0.226
None,Reduced,Best,Best,YFJS02.txt,-0.3,59001,0,0
None,Reduced,Best,Best,YFJS03.txt,-0.3,31407,0,0
None,Reduced,Best,Best,YFJS04.txt,-0.3,38092,0,0
None,Reduced,Best,Best,YFJS05.txt,-0.3,38324,0.001,0.001
None,Reduced,Best,Best,YFJS07.txt,-0.3,38453,0,0
None,Reduced,Best,Best,YFJS06.txt,-0.3,43099,0.001,0.001
None,Reduced,Best,Best,YFJS08.txt,-0.3,33392,0,0
None,Reduced,Best,Best,YFJS09.txt,-0.3,20916,0.001,0.001
None,Reduced,Best,Best,YFJS11.txt,-0.3,44729,0,0
None,Reduced,Best,Best,YFJS10.txt,-0.3,34487,0.001,0.001
None,Reduced,Best,Best,YFJS12.txt,-0.3,43150,0.003,0.003
None,Reduced,Best,Best,YFJS13.txt,-0.3,35800,0.003,0.003
None,Reduced,Best,Best,YFJS14.txt,-0.3,87518,0.168,0.159
None,Reduced,Best,Best,YFJS16.txt,-0.3,85252,0.188,0.178
None,Reduced,Best,Best,YFJS15.txt,-0.3,88664,0.224,0.213
None,Reduced,Best,Best,YFJS20.txt,-0.3,70253,0.399,0.373
None,Reduced,Best,Best,YFJS18.txt,-0.3,82795,0.681,0.647
None,Reduced,Best,Best,YFJS17.txt,-0.3,70851,1.078,1.032
None,Reduced,Best,Best,YFJS19.txt,-0.3,68592,1.558,1.53
