None,Reduced,Best,Best,DAFJS01.txt,-0.1,26465,0,0,4
None,Reduced,Best,Best,DAFJS02.txt,-0.1,28098,0,0,3
None,Reduced,Best,Best,DAFJS04.txt,-0.1,54082,0,0,1
None,Reduced,Best,Best,DAFJS03.txt,-0.1,53688,0,0,1
None,Reduced,Best,Best,DAFJS05.txt,-0.1,40723,0.001,0.001,10
None,Reduced,Best,Best,DAFJS06.txt,-0.1,45234,0.004,0.004,11
None,Reduced,Best,Best,DAFJS09.txt,-0.1,43032,0.002,0.002,9
None,Reduced,Best,Best,DAFJS07.txt,-0.1,54937,0.005,0.003,5
None,Reduced,Best,Best,DAFJS08.txt,-0.1,58941,0.007,0.006,10
None,Reduced,Best,Best,DAFJS10.txt,-0.1,54858,0.002,0.001,5
None,Reduced,Best,Best,DAFJS13.txt,-0.1,58902,0.004,0.004,6
None,Reduced,Best,Best,DAFJS11.txt,-0.1,63795,0.012,0.01,8
None,Reduced,Best,Best,DAFJS14.txt,-0.1,62637,0.026,0.025,42
None,Reduced,Best,Best,DAFJS12.txt,-0.1,62433,0.034,0.032,15
None,Reduced,Best,Best,DAFJS17.txt,-0.1,70803,0.014,0.013,9
None,Reduced,Best,Best,DAFJS19.txt,-0.1,57786,0.016,0.015,16
None,Reduced,Best,Best,DAFJS15.txt,-0.1,64527,0.029,0.028,21
None,Reduced,Best,Best,DAFJS18.txt,-0.1,67984,0.034,0.032,27
None,Reduced,Best,Best,DAFJS16.txt,-0.1,69300,0.045,0.042,21
None,Reduced,Best,Best,DAFJS23.txt,-0.1,47719,0.006,0.005,9
None,Reduced,Best,Best,DAFJS24.txt,-0.1,54427,0.016,0.016,13
None,Reduced,Best,Best,DAFJS20.txt,-0.1,67045,0.023,0.022,22
None,Reduced,Best,Best,DAFJS21.txt,-0.1,72979,0.045,0.041,17
None,Reduced,Best,Best,DAFJS22.txt,-0.1,60238,0.089,0.087,46
None,Reduced,Best,Best,DAFJS28.txt,-0.1,58564,0.004,0.003,4
None,Reduced,Best,Best,DAFJS27.txt,-0.1,79254,0.007,0.002,2
None,Reduced,Best,Best,DAFJS29.txt,-0.1,70450,0.007,0.005,6
None,Reduced,Best,Best,DAFJS25.txt,-0.1,74359,0.053,0.052,37
None,Reduced,Best,Best,DAFJS26.txt,-0.1,68577,0.135,0.132,50
None,Reduced,Best,Best,YFJS01.txt,-0.1,80167,0,0,6
None,Reduced,Best,Best,YFJS02.txt,-0.1,76529,0,0,3
None,Reduced,Best,Best,YFJS03.txt,-0.1,34166,0,0,5
None,Reduced,Best,Best,YFJS04.txt,-0.1,45683,0,0,3
None,Reduced,Best,Best,DAFJS30.txt,-0.1,57326,0.008,0.007,6
None,Reduced,Best,Best,YFJS05.txt,-0.1,45421,0,0,3
None,Reduced,Best,Best,YFJS06.txt,-0.1,44936,0.001,0,10
None,Reduced,Best,Best,YFJS07.txt,-0.1,48491,0,0,9
None,Reduced,Best,Best,YFJS08.txt,-0.1,47429,0,0,3
None,Reduced,Best,Best,YFJS09.txt,-0.1,24413,0,0,2
None,Reduced,Best,Best,YFJS10.txt,-0.1,42583,0,0,1
None,Reduced,Best,Best,YFJS11.txt,-0.1,52815,0,0,4
None,Reduced,Best,Best,YFJS12.txt,-0.1,53094,0.001,0.001,11
None,Reduced,Best,Best,YFJS13.txt,-0.1,47064,0,0,4
None,Reduced,Best,Best,YFJS14.txt,-0.1,119792,0.022,0.02,13
None,Reduced,Best,Best,YFJS15.txt,-0.1,121960,0.02,0.018,14
None,Reduced,Best,Best,YFJS16.txt,-0.1,116033,0.05,0.046,19
None,Reduced,Best,Best,YFJS17.txt,-0.1,104862,0.058,0.051,9
None,Reduced,Best,Best,YFJS18.txt,-0.1,124738,0.102,0.09,13
None,Reduced,Best,Best,YFJS19.txt,-0.1,98795,0.158,0.148,24
None,Reduced,Best,Best,DAFJS01.txt,-0.2,26371,0,0,3
None,Reduced,Best,Best,DAFJS02.txt,-0.2,27949,0,0,2
None,Reduced,Best,Best,DAFJS03.txt,-0.2,47879,0,0,2
None,Reduced,Best,Best,DAFJS04.txt,-0.2,47571,0.001,0,4
None,Reduced,Best,Best,YFJS20.txt,-0.1,95573,0.033,0.03,10
None,Reduced,Best,Best,DAFJS05.txt,-0.2,37118,0.002,0.002,15
None,Reduced,Best,Best,DAFJS06.txt,-0.2,41995,0.002,0.001,6
None,Reduced,Best,Best,DAFJS08.txt,-0.2,52803,0.002,0.001,3
None,Reduced,Best,Best,DAFJS09.txt,-0.2,38062,0.004,0.003,12
None,Reduced,Best,Best,DAFJS07.txt,-0.2,44414,0.015,0.014,16
None,Reduced,Best,Best,DAFJS10.txt,-0.2,45971,0.001,0,4
None,Reduced,Best,Best,DAFJS12.txt,-0.2,54073,0.009,0.007,5
None,Reduced,Best,Best,DAFJS11.txt,-0.2,53770,0.011,0.008,7
None,Reduced,Best,Best,DAFJS13.txt,-0.2,48838,0.01,0.009,13
None,Reduced,Best,Best,DAFJS14.txt,-0.2,55503,0.018,0.017,19
None,Reduced,Best,Best,DAFJS17.txt,-0.2,55294,0.008,0.006,6
None,Reduced,Best,Best,DAFJS19.txt,-0.2,51065,0.006,0.005,8
None,Reduced,Best,Best,DAFJS16.txt,-0.2,61676,0.011,0.009,8
None,Reduced,Best,Best,DAFJS15.txt,-0.2,52115,0.018,0.016,9
None,Reduced,Best,Best,DAFJS18.txt,-0.2,57965,0.02,0.019,16
None,Reduced,Best,Best,DAFJS23.txt,-0.2,42480,0.003,0.003,8
None,Reduced,Best,Best,DAFJS24.txt,-0.2,46797,0.022,0.019,15
None,Reduced,Best,Best,DAFJS22.txt,-0.2,54147,0.029,0.026,11
None,Reduced,Best,Best,DAFJS20.txt,-0.2,57271,0.033,0.032,27
None,Reduced,Best,Best,DAFJS21.txt,-0.2,58044,0.033,0.03,14
None,Reduced,Best,Best,DAFJS28.txt,-0.2,48593,0.012,0.01,12
None,Reduced,Best,Best,DAFJS29.txt,-0.2,56387,0.024,0.022,20
None,Reduced,Best,Best,DAFJS27.txt,-0.2,62520,0.036,0.031,12
None,Reduced,Best,Best,DAFJS25.txt,-0.2,58767,0.052,0.05,31
None,Reduced,Best,Best,DAFJS26.txt,-0.2,63243,0.088,0.083,36
None,Reduced,Best,Best,YFJS02.txt,-0.2,66853,0,0,1
None,Reduced,Best,Best,YFJS01.txt,-0.2,71592,0.001,0.001,9
None,Reduced,Best,Best,YFJS03.txt,-0.2,32864,0,0,5
None,Reduced,Best,Best,YFJS04.txt,-0.2,42553,0,0,4
None,Reduced,Best,Best,DAFJS30.txt,-0.2,49649,0.013,0.012,17
None,Reduced,Best,Best,YFJS05.txt,-0.2,40738,0,0,2
None,Reduced,Best,Best,YFJS06.txt,-0.2,40272,0.001,0.001,9
None,Reduced,Best,Best,YFJS07.txt,-0.2,40941,0.001,0.001,12
None,Reduced,Best,Best,YFJS08.txt,-0.2,41994,0,0,3
None,Reduced,Best,Best,YFJS09.txt,-0.2,23059,0,0,2
None,Reduced,Best,Best,YFJS10.txt,-0.2,39126,0,0,4
None,Reduced,Best,Best,YFJS11.txt,-0.2,49781,0,0,2
None,Reduced,Best,Best,YFJS12.txt,-0.2,56022,0,0,7
None,Reduced,Best,Best,YFJS13.txt,-0.2,41618,0.001,0,5
None,Reduced,Best,Best,YFJS14.txt,-0.2,97201,0.022,0.02,18
None,Reduced,Best,Best,YFJS15.txt,-0.2,110858,0.017,0.012,8
None,Reduced,Best,Best,YFJS16.txt,-0.2,101073,0.017,0.015,7
None,Reduced,Best,Best,YFJS18.txt,-0.2,97366,0.037,0.034,9
None,Reduced,Best,Best,YFJS19.txt,-0.2,86289,0.056,0.049,9
None,Reduced,Best,Best,YFJS17.txt,-0.2,83240,0.067,0.064,14
None,Reduced,Best,Best,DAFJS01.txt,-0.3,21685,0,0,3
None,Reduced,Best,Best,DAFJS02.txt,-0.3,23021,0,0,3
None,Reduced,Best,Best,DAFJS03.txt,-0.3,43509,0,0,2
None,Reduced,Best,Best,DAFJS04.txt,-0.3,41899,0,0,2
None,Reduced,Best,Best,YFJS20.txt,-0.2,79653,0.067,0.063,24
None,Reduced,Best,Best,DAFJS06.txt,-0.3,33956,0.001,0,5
None,Reduced,Best,Best,DAFJS05.txt,-0.3,33331,0.003,0.003,12
None,Reduced,Best,Best,DAFJS08.txt,-0.3,44590,0.002,0.002,4
None,Reduced,Best,Best,DAFJS07.txt,-0.3,40442,0.004,0.003,5
None,Reduced,Best,Best,DAFJS09.txt,-0.3,36488,0.002,0.001,5
None,Reduced,Best,Best,DAFJS10.txt,-0.3,35273,0.003,0.002,8
None,Reduced,Best,Best,DAFJS13.txt,-0.3,41717,0.002,0.001,4
None,Reduced,Best,Best,DAFJS12.txt,-0.3,44051,0.008,0.006,5
None,Reduced,Best,Best,DAFJS11.txt,-0.3,44701,0.009,0.008,7
None,Reduced,Best,Best,DAFJS14.txt,-0.3,44777,0.01,0.009,16
None,Reduced,Best,Best,DAFJS18.txt,-0.3,48351,0.007,0.006,7
None,Reduced,Best,Best,DAFJS19.txt,-0.3,43998,0.006,0.005,9
None,Reduced,Best,Best,DAFJS15.txt,-0.3,46921,0.022,0.02,12
None,Reduced,Best,Best,DAFJS17.txt,-0.3,45667,0.027,0.025,17
None,Reduced,Best,Best,DAFJS16.txt,-0.3,54072,0.028,0.026,15
None,Reduced,Best,Best,DAFJS23.txt,-0.3,39105,0.001,0.001,3
None,Reduced,Best,Best,DAFJS24.txt,-0.3,41832,0.006,0.003,4
None,Reduced,Best,Best,DAFJS20.txt,-0.3,45160,0.027,0.026,23
None,Reduced,Best,Best,DAFJS21.txt,-0.3,48693,0.037,0.032,16
None,Reduced,Best,Best,DAFJS22.txt,-0.3,41480,0.051,0.049,28
None,Reduced,Best,Best,DAFJS28.txt,-0.3,41206,0.004,0.003,4
None,Reduced,Best,Best,DAFJS29.txt,-0.3,49906,0.005,0.004,5
None,Reduced,Best,Best,DAFJS25.txt,-0.3,49919,0.015,0.014,9
None,Reduced,Best,Best,DAFJS26.txt,-0.3,51544,0.035,0.031,16
None,Reduced,Best,Best,DAFJS27.txt,-0.3,51382,0.051,0.05,29
None,Reduced,Best,Best,DAFJS30.txt,-0.3,42819,0.002,0,2
None,Reduced,Best,Best,YFJS01.txt,-0.3,66246,0.001,0.001,6
None,Reduced,Best,Best,YFJS02.txt,-0.3,59001,0,0,2
None,Reduced,Best,Best,YFJS03.txt,-0.3,30995,0,0,3
None,Reduced,Best,Best,YFJS04.txt,-0.3,38092,0,0,3
None,Reduced,Best,Best,YFJS05.txt,-0.3,38324,0,0,4
None,Reduced,Best,Best,YFJS07.txt,-0.3,38453,0,0,2
None,Reduced,Best,Best,YFJS06.txt,-0.3,43123,0.001,0,6
None,Reduced,Best,Best,YFJS08.txt,-0.3,35429,0,0,2
None,Reduced,Best,Best,YFJS09.txt,-0.3,20916,0,0,7
None,Reduced,Best,Best,YFJS10.txt,-0.3,34487,0,0,7
None,Reduced,Best,Best,YFJS11.txt,-0.3,45051,0,0,1
None,Reduced,Best,Best,YFJS12.txt,-0.3,46471,0.001,0.001,5
None,Reduced,Best,Best,YFJS13.txt,-0.3,36962,0,0,4
None,Reduced,Best,Best,YFJS14.txt,-0.3,89371,0.01,0.008,6
None,Reduced,Best,Best,YFJS16.txt,-0.3,88521,0.01,0.007,5
None,Reduced,Best,Best,YFJS15.txt,-0.3,90041,0.033,0.03,15
None,Reduced,Best,Best,YFJS17.txt,-0.3,71114,0.06,0.052,9
None,Reduced,Best,Best,YFJS18.txt,-0.3,83681,0.066,0.057,9
None,Reduced,Best,Best,YFJS19.txt,-0.3,70454,0.137,0.132,22
None,Reduced,Best,Best,YFJS20.txt,-0.3,70928,0.028,0.022,9
