GRASP,Reduced,Best,Best,1,0.5,DAFJS02.txt, -0.1, 26869, 300,0.279
GRASP,Reduced,Best,Best,1,0.5,DAFJS01.txt, -0.1, 24638, 300,56.57
GRASP,Reduced,Best,Best,1,0.5,DAFJS03.txt, -0.1, 51163, 300,293.325
GRASP,Reduced,Best,Best,1,0.5,DAFJS04.txt, -0.1, 52450, 300.002,248.725
GRASP,Reduced,Best,Best,1,0.5,DAFJS05.txt, -0.1, 36901, 300.001,196.844
GRASP,Reduced,Best,Best,1,0.5,DAFJS06.txt, -0.1, 36371, 300,83.459
GRASP,Reduced,Best,Best,1,0.5,DAFJS08.txt, -0.1, 54213, 300.001,93.865
GRASP,Reduced,Best,Best,1,0.5,DAFJS10.txt, -0.1, 45481, 300.001,228.971
GRASP,Reduced,Best,Best,1,0.5,DAFJS07.txt, -0.1, 46791, 300.007,24.16
GRASP,Reduced,Best,Best,1,0.5,DAFJS09.txt, -0.1, 40973, 300.006,13.38
GRASP,Reduced,Best,Best,1,0.5,DAFJS13.txt, -0.1, 54573, 300,268.746
GRASP,Reduced,Best,Best,1,0.5,DAFJS12.txt, -0.1, 56620, 300.009,241.936
GRASP,Reduced,Best,Best,1,0.5,DAFJS18.txt, -0.1, 66589, 300.002,157.801
GRASP,Reduced,Best,Best,1,0.5,DAFJS20.txt, -0.1, 59909, 300.004,154.07
GRASP,Reduced,Best,Best,1,0.5,DAFJS17.txt, -0.1, 64679, 300.014,290.955
GRASP,Reduced,Best,Best,1,0.5,DAFJS11.txt, -0.1, 59104, 300.022,17.597
GRASP,Reduced,Best,Best,1,0.5,DAFJS16.txt, -0.1, 64489, 300.022,19.547
GRASP,Reduced,Best,Best,1,0.5,DAFJS19.txt, -0.1, 46547, 300.021,158.548
GRASP,Reduced,Best,Best,1,0.5,DAFJS15.txt, -0.1, 58965, 300.032,80.589
GRASP,Reduced,Best,Best,1,0.5,DAFJS14.txt, -0.1, 61206, 300.035,238.314
GRASP,Reduced,Best,Best,1,0.5,DAFJS21.txt, -0.1, 67322, 300.01,235.736
GRASP,Reduced,Best,Best,1,0.5,DAFJS23.txt, -0.1, 44024, 300,172.591
GRASP,Reduced,Best,Best,1,0.5,DAFJS24.txt, -0.1, 51037, 300.002,124.944
GRASP,Reduced,Best,Best,1,0.5,YFJS01.txt, -0.1, 69189, 300.001,0.062
GRASP,Reduced,Best,Best,1,0.5,DAFJS29.txt, -0.1, 60280, 300.005,31.736
GRASP,Reduced,Best,Best,1,0.5,DAFJS28.txt, -0.1, 49646, 300.01,175.988
GRASP,Reduced,Best,Best,1,0.5,YFJS02.txt, -0.1, 73149, 300,0.484
GRASP,Reduced,Best,Best,1,0.5,DAFJS25.txt, -0.1, 67010, 300.021,77.742
GRASP,Reduced,Best,Best,1,0.5,DAFJS27.txt, -0.1, 71028, 300.024,140.879
GRASP,Reduced,Best,Best,1,0.5,DAFJS30.txt, -0.1, 50285, 300.036,283.654
GRASP,Reduced,Best,Best,1,0.5,DAFJS22.txt, -0.1, 59983, 300.05,136.663
GRASP,Reduced,Best,Best,1,0.5,DAFJS26.txt, -0.1, 65210, 300.052,110.736
GRASP,Reduced,Best,Best,1,0.5,YFJS03.txt, -0.1, 32538, 300,0.029
GRASP,Reduced,Best,Best,1,0.5,YFJS04.txt, -0.1, 36473, 300,201.042
GRASP,Reduced,Best,Best,1,0.5,YFJS05.txt, -0.1, 41034, 300,0.914
GRASP,Reduced,Best,Best,1,0.5,YFJS06.txt, -0.1, 41174, 300,65.127
GRASP,Reduced,Best,Best,1,0.5,YFJS07.txt, -0.1, 41394, 300,35.905
GRASP,Reduced,Best,Best,1,0.5,YFJS08.txt, -0.1, 32689, 300,0.53
GRASP,Reduced,Best,Best,1,0.5,YFJS09.txt, -0.1, 22681, 300,25.354
GRASP,Reduced,Best,Best,1,0.5,YFJS10.txt, -0.1, 37685, 300,4.646
GRASP,Reduced,Best,Best,1,0.5,YFJS11.txt, -0.1, 49208, 300,46.663
GRASP,Reduced,Best,Best,1,0.5,YFJS12.txt, -0.1, 49389, 300,23.458
GRASP,Reduced,Best,Best,1,0.5,YFJS13.txt, -0.1, 38541, 300.001,17.86
GRASP,Reduced,Best,Best,1,0.5,YFJS16.txt, -0.1, 112702, 300.002,133.491
GRASP,Reduced,Best,Best,1,0.5,DAFJS01.txt, -0.2, 22321, 300,222.232
GRASP,Reduced,Best,Best,1,0.5,DAFJS02.txt, -0.2, 24746, 300,0.027
GRASP,Reduced,Best,Best,1,0.5,DAFJS03.txt, -0.2, 45518, 300.002,95.829
GRASP,Reduced,Best,Best,1,0.5,YFJS17.txt, -0.1, 102731, 300.013,141.705
GRASP,Reduced,Best,Best,1,0.5,DAFJS04.txt, -0.2, 45841, 300,44.542
GRASP,Reduced,Best,Best,1,0.5,YFJS15.txt, -0.1, 112789, 300.044,168.007
GRASP,Reduced,Best,Best,1,0.5,YFJS14.txt, -0.1, 113865, 300.062,18.35
GRASP,Reduced,Best,Best,1,0.5,YFJS19.txt, -0.1, 91798, 300.356,114.278
GRASP,Reduced,Best,Best,1,0.5,YFJS20.txt, -0.1, 96046, 300.947,92.091
GRASP,Reduced,Best,Best,1,0.5,YFJS18.txt, -0.1, 108731, 301.018,271.378
GRASP,Reduced,Best,Best,1,0.5,DAFJS06.txt, -0.2, 32043, 300,235.976
GRASP,Reduced,Best,Best,1,0.5,DAFJS05.txt, -0.2, 32065, 300,263.364
GRASP,Reduced,Best,Best,1,0.5,DAFJS08.txt, -0.2, 46527, 300.001,85.09
GRASP,Reduced,Best,Best,1,0.5,DAFJS09.txt, -0.2, 35832, 300.004,230.39
GRASP,Reduced,Best,Best,1,0.5,DAFJS07.txt, -0.2, 40997, 300.011,93.066
GRASP,Reduced,Best,Best,1,0.5,DAFJS10.txt, -0.2, 37891, 300.008,4.182
GRASP,Reduced,Best,Best,1,0.5,DAFJS11.txt, -0.2, 49908, 300.007,210.246
GRASP,Reduced,Best,Best,1,0.5,DAFJS13.txt, -0.2, 45320, 300.008,204.86
GRASP,Reduced,Best,Best,1,0.5,DAFJS14.txt, -0.2, 51514, 300.011,116.502
GRASP,Reduced,Best,Best,1,0.5,DAFJS15.txt, -0.2, 51508, 300.002,204.377
GRASP,Reduced,Best,Best,1,0.5,DAFJS12.txt, -0.2, 48435, 300.035,130.654
GRASP,Reduced,Best,Best,1,0.5,DAFJS18.txt, -0.2, 54755, 300.001,174.802
GRASP,Reduced,Best,Best,1,0.5,DAFJS16.txt, -0.2, 53682, 300.004,89.062
GRASP,Reduced,Best,Best,1,0.5,DAFJS19.txt, -0.2, 40877, 300.003,154.511
GRASP,Reduced,Best,Best,1,0.5,DAFJS23.txt, -0.2, 38345, 300.001,14.094
GRASP,Reduced,Best,Best,1,0.5,DAFJS24.txt, -0.2, 44387, 300.006,207.524
GRASP,Reduced,Best,Best,1,0.5,DAFJS21.txt, -0.2, 54946, 300.016,56.02
GRASP,Reduced,Best,Best,1,0.5,DAFJS26.txt, -0.2, 54579, 300.002,23.467
GRASP,Reduced,Best,Best,1,0.5,DAFJS17.txt, -0.2, 53403, 300.036,33.363
GRASP,Reduced,Best,Best,1,0.5,DAFJS20.txt, -0.2, 50029, 300.037,148.471
GRASP,Reduced,Best,Best,1,0.5,DAFJS25.txt, -0.2, 55499, 300.04,287.661
GRASP,Reduced,Best,Best,1,0.5,DAFJS22.txt, -0.2, 48444, 300.063,21.559
GRASP,Reduced,Best,Best,1,0.5,YFJS02.txt, -0.2, 66394, 300,7.671
GRASP,Reduced,Best,Best,1,0.5,YFJS01.txt, -0.2, 62327, 300.001,11.105
GRASP,Reduced,Best,Best,1,0.5,DAFJS29.txt, -0.2, 52273, 300.005,90.659
GRASP,Reduced,Best,Best,1,0.5,YFJS03.txt, -0.2, 30073, 300,0.163
GRASP,Reduced,Best,Best,1,0.5,YFJS04.txt, -0.2, 33877, 300.001,123.211
GRASP,Reduced,Best,Best,1,0.5,YFJS05.txt, -0.2, 37182, 300,239.457
GRASP,Reduced,Best,Best,1,0.5,YFJS06.txt, -0.2, 37181, 300,10.327
GRASP,Reduced,Best,Best,1,0.5,DAFJS30.txt, -0.2, 43638, 300.01,279.392
GRASP,Reduced,Best,Best,1,0.5,DAFJS28.txt, -0.2, 43168, 300.013,296.732
GRASP,Reduced,Best,Best,1,0.5,DAFJS27.txt, -0.2, 59335, 300.02,169.407
GRASP,Reduced,Best,Best,1,0.5,YFJS07.txt, -0.2, 37159, 300,15.155
GRASP,Reduced,Best,Best,1,0.5,YFJS08.txt, -0.2, 30725, 300,0.407
GRASP,Reduced,Best,Best,1,0.5,YFJS10.txt, -0.2, 34689, 300,14.285
GRASP,Reduced,Best,Best,1,0.5,YFJS09.txt, -0.2, 21450, 300,69.762
GRASP,Reduced,Best,Best,1,0.5,YFJS11.txt, -0.2, 45649, 300,0.823
GRASP,Reduced,Best,Best,1,0.5,YFJS12.txt, -0.2, 44084, 300.001,5.105
GRASP,Reduced,Best,Best,1,0.5,YFJS13.txt, -0.2, 34240, 300.001,35.062
GRASP,Reduced,Best,Best,1,0.5,YFJS15.txt, -0.2, 96653, 300.007,237.784
GRASP,Reduced,Best,Best,1,0.5,YFJS14.txt, -0.2, 97900, 300.023,26.232
GRASP,Reduced,Best,Best,1,0.5,YFJS16.txt, -0.2, 99273, 300.038,66.802
GRASP,Reduced,Best,Best,1,0.5,YFJS17.txt, -0.2, 85736, 300.081,0
GRASP,Reduced,Best,Best,1,0.5,YFJS18.txt, -0.2, 96906, 300.125,81.346
GRASP,Reduced,Best,Best,1,0.5,DAFJS01.txt, -0.3, 20325, 300,140.389
GRASP,Reduced,Best,Best,1,0.5,YFJS19.txt, -0.2, 83910, 300.001,50.736
GRASP,Reduced,Best,Best,1,0.5,DAFJS02.txt, -0.3, 22236, 300,0.017
GRASP,Reduced,Best,Best,1,0.5,DAFJS04.txt, -0.3, 40256, 300,40.081
GRASP,Reduced,Best,Best,1,0.5,DAFJS03.txt, -0.3, 40549, 300.001,222.649
GRASP,Reduced,Best,Best,1,0.5,DAFJS05.txt, -0.3, 28506, 300.002,68.914
GRASP,Reduced,Best,Best,1,0.5,DAFJS06.txt, -0.3, 27152, 300.003,77.312
GRASP,Reduced,Best,Best,1,0.5,DAFJS07.txt, -0.3, 36272, 300.005,47.997
GRASP,Reduced,Best,Best,1,0.5,DAFJS08.txt, -0.3, 40407, 300.004,258.133
GRASP,Reduced,Best,Best,1,0.5,DAFJS09.txt, -0.3, 31266, 300,242.459
GRASP,Reduced,Best,Best,1,0.5,YFJS20.txt, -0.2, 83472, 300.023,34.7
GRASP,Reduced,Best,Best,1,0.5,DAFJS13.txt, -0.3, 38218, 300,244.218
GRASP,Reduced,Best,Best,1,0.5,DAFJS14.txt, -0.3, 42892, 300.001,184.655
GRASP,Reduced,Best,Best,1,0.5,DAFJS16.txt, -0.3, 45985, 300.001,258.261
GRASP,Reduced,Best,Best,1,0.5,DAFJS10.txt, -0.3, 32090, 300.013,54.713
GRASP,Reduced,Best,Best,1,0.5,DAFJS19.txt, -0.3, 35256, 300.002,214.614
GRASP,Reduced,Best,Best,1,0.5,DAFJS15.txt, -0.3, 43582, 300.011,88.639
GRASP,Reduced,Best,Best,1,0.5,DAFJS18.txt, -0.3, 45679, 300.029,135.299
GRASP,Reduced,Best,Best,1,0.5,DAFJS17.txt, -0.3, 43851, 300.031,134.026
GRASP,Reduced,Best,Best,1,0.5,DAFJS12.txt, -0.3, 40236, 300.047,221.985
GRASP,Reduced,Best,Best,1,0.5,DAFJS11.txt, -0.3, 42244, 300.049,5.659
GRASP,Reduced,Best,Best,1,0.5,DAFJS20.txt, -0.3, 42265, 300.024,274.782
GRASP,Reduced,Best,Best,1,0.5,DAFJS23.txt, -0.3, 34114, 300.003,180.249
GRASP,Reduced,Best,Best,1,0.5,DAFJS24.txt, -0.3, 38234, 300.007,16.114
GRASP,Reduced,Best,Best,1,0.5,YFJS01.txt, -0.3, 57011, 300,0.888
GRASP,Reduced,Best,Best,1,0.5,DAFJS26.txt, -0.3, 47218, 300.006,222.614
GRASP,Reduced,Best,Best,1,0.5,DAFJS28.txt, -0.3, 38188, 300.008,275.85
GRASP,Reduced,Best,Best,1,0.5,DAFJS25.txt, -0.3, 47129, 300.011,123.394
GRASP,Reduced,Best,Best,1,0.5,DAFJS21.txt, -0.3, 45478, 300.02,196.693
GRASP,Reduced,Best,Best,1,0.5,DAFJS29.txt, -0.3, 45370, 300.012,290.483
GRASP,Reduced,Best,Best,1,0.5,DAFJS30.txt, -0.3, 38375, 300.012,86.426
GRASP,Reduced,Best,Best,1,0.5,DAFJS27.txt, -0.3, 48958, 300.023,145.495
GRASP,Reduced,Best,Best,1,0.5,DAFJS22.txt, -0.3, 39457, 300.037,253.955
GRASP,Reduced,Best,Best,1,0.5,YFJS03.txt, -0.3, 27686, 300,0
GRASP,Reduced,Best,Best,1,0.5,YFJS02.txt, -0.3, 58470, 300.001,0.256
GRASP,Reduced,Best,Best,1,0.5,YFJS04.txt, -0.3, 31267, 300,0.053
GRASP,Reduced,Best,Best,1,0.5,YFJS05.txt, -0.3, 34905, 300,58.555
GRASP,Reduced,Best,Best,1,0.5,YFJS06.txt, -0.3, 33557, 300,1.365
GRASP,Reduced,Best,Best,1,0.5,YFJS07.txt, -0.3, 33129, 300,50.534
GRASP,Reduced,Best,Best,1,0.5,YFJS08.txt, -0.3, 28355, 300,0.3
GRASP,Reduced,Best,Best,1,0.5,YFJS09.txt, -0.3, 20077, 300,44.66
GRASP,Reduced,Best,Best,1,0.5,YFJS10.txt, -0.3, 32159, 300,1.115
GRASP,Reduced,Best,Best,1,0.5,YFJS11.txt, -0.3, 40644, 300,1.211
GRASP,Reduced,Best,Best,1,0.5,YFJS12.txt, -0.3, 39596, 300,52.801
GRASP,Reduced,Best,Best,1,0.5,YFJS13.txt, -0.3, 31518, 300,39.626
GRASP,Reduced,Best,Best,1,0.5,DAFJS01.txt, -0.1, 24488, 300,187.655
GRASP,Reduced,Best,Best,1,0.5,DAFJS02.txt, -0.1, 26869, 300,0.002
GRASP,Reduced,Best,Best,1,0.5,YFJS20.txt, -0.3, 72481, 300.014,0
GRASP,Reduced,Best,Best,1,0.5,DAFJS03.txt, -0.1, 51081, 300,61.89
GRASP,Reduced,Best,Best,1,0.5,YFJS16.txt, -0.3, 86567, 300.022,101.297
GRASP,Reduced,Best,Best,1,0.5,YFJS15.txt, -0.3, 85345, 300.025,5.047
GRASP,Reduced,Best,Best,1,0.5,YFJS14.txt, -0.3, 85233, 300.041,11.477
GRASP,Reduced,Best,Best,1,0.5,YFJS19.txt, -0.3, 72508, 300.129,190.019
GRASP,Reduced,Best,Best,1,0.5,YFJS18.txt, -0.3, 84173, 300.129,66.129
GRASP,Reduced,Best,Best,1,0.5,YFJS17.txt, -0.3, 73682, 300.21,0
GRASP,Reduced,Best,Best,1,0.5,DAFJS05.txt, -0.1, 36901, 300.001,64.639
GRASP,Reduced,Best,Best,1,0.5,DAFJS04.txt, -0.1, 52407, 300.003,283.095
GRASP,Reduced,Best,Best,1,0.5,DAFJS06.txt, -0.1, 36539, 300.002,72.175
GRASP,Reduced,Best,Best,1,0.5,DAFJS07.txt, -0.1, 46791, 300,18.884
GRASP,Reduced,Best,Best,1,0.5,DAFJS09.txt, -0.1, 40973, 300,12.213
GRASP,Reduced,Best,Best,1,0.5,DAFJS08.txt, -0.1, 54152, 300.002,11.915
GRASP,Reduced,Best,Best,1,0.5,DAFJS10.txt, -0.1, 45133, 300.001,182.207
GRASP,Reduced,Best,Best,1,0.5,DAFJS11.txt, -0.1, 58492, 300.001,268.188
GRASP,Reduced,Best,Best,1,0.5,DAFJS13.txt, -0.1, 54436, 300.004,174.206
GRASP,Reduced,Best,Best,1,0.5,DAFJS12.txt, -0.1, 56853, 300.007,211.452
GRASP,Reduced,Best,Best,1,0.5,DAFJS14.txt, -0.1, 61596, 300.009,190.196
GRASP,Reduced,Best,Best,1,0.5,DAFJS15.txt, -0.1, 59447, 300.001,91.133
GRASP,Reduced,Best,Best,1,0.5,DAFJS23.txt, -0.1, 44491, 300.003,262.227
GRASP,Reduced,Best,Best,1,0.5,DAFJS20.txt, -0.1, 59256, 300.009,35.947
GRASP,Reduced,Best,Best,1,0.5,DAFJS18.txt, -0.1, 67211, 300.012,295.871
GRASP,Reduced,Best,Best,1,0.5,DAFJS19.txt, -0.1, 47661, 300.012,46.046
GRASP,Reduced,Best,Best,1,0.5,DAFJS24.txt, -0.1, 51336, 300.009,176.259
GRASP,Reduced,Best,Best,1,0.5,DAFJS17.txt, -0.1, 65289, 300.029,92.096
GRASP,Reduced,Best,Best,1,0.5,DAFJS16.txt, -0.1, 63903, 300.05,282.064
GRASP,Reduced,Best,Best,1,0.5,DAFJS22.txt, -0.1, 59876, 300.044,256.408
GRASP,Reduced,Best,Best,1,0.5,DAFJS25.txt, -0.1, 67050, 300.034,82.163
GRASP,Reduced,Best,Best,1,0.5,DAFJS21.txt, -0.1, 67642, 300.059,279.081
GRASP,Reduced,Best,Best,1,0.5,DAFJS27.txt, -0.1, 70643, 300.001,218.314
GRASP,Reduced,Best,Best,1,0.5,YFJS02.txt, -0.1, 73149, 300,0.12
GRASP,Reduced,Best,Best,1,0.5,YFJS03.txt, -0.1, 32538, 300,0.014
GRASP,Reduced,Best,Best,1,0.5,YFJS04.txt, -0.1, 36473, 300,263.153
GRASP,Reduced,Best,Best,1,0.5,YFJS01.txt, -0.1, 69189, 300.003,0.003
GRASP,Reduced,Best,Best,1,0.5,YFJS05.txt, -0.1, 41034, 300,11.135
GRASP,Reduced,Best,Best,1,0.5,DAFJS29.txt, -0.1, 59539, 300.007,176.438
GRASP,Reduced,Best,Best,1,0.5,DAFJS28.txt, -0.1, 49264, 300.01,176.919
GRASP,Reduced,Best,Best,1,0.5,DAFJS26.txt, -0.1, 66023, 300.017,177.836
GRASP,Reduced,Best,Best,1,0.5,DAFJS30.txt, -0.1, 50996, 300.016,85.664
GRASP,Reduced,Best,Best,1,0.5,YFJS06.txt, -0.1, 41174, 300.001,22.042
GRASP,Reduced,Best,Best,1,0.5,YFJS08.txt, -0.1, 32689, 300,0.158
GRASP,Reduced,Best,Best,1,0.5,YFJS07.txt, -0.1, 41394, 300.001,33.484
GRASP,Reduced,Best,Best,1,0.5,YFJS09.txt, -0.1, 22681, 300.001,12.79
GRASP,Reduced,Best,Best,1,0.5,YFJS10.txt, -0.1, 37685, 300,0.415
GRASP,Reduced,Best,Best,1,0.5,YFJS11.txt, -0.1, 49208, 300,7.332
GRASP,Reduced,Best,Best,1,0.5,YFJS12.txt, -0.1, 49389, 300,56.364
GRASP,Reduced,Best,Best,1,0.5,YFJS13.txt, -0.1, 38541, 300,12.917
GRASP,Reduced,Best,Best,1,0.5,YFJS16.txt, -0.1, 115295, 300.005,122.275
GRASP,Reduced,Best,Best,1,0.5,YFJS14.txt, -0.1, 113678, 300.032,88.581
GRASP,Reduced,Best,Best,1,0.5,YFJS15.txt, -0.1, 112015, 300.069,47.158
GRASP,Reduced,Best,Best,1,0.5,YFJS17.txt, -0.1, 100383, 300.117,123.501
GRASP,Reduced,Best,Best,1,0.5,DAFJS02.txt, -0.2, 24746, 300,0.222
GRASP,Reduced,Best,Best,1,0.5,DAFJS01.txt, -0.2, 22249, 300.001,243.166
GRASP,Reduced,Best,Best,1,0.5,DAFJS04.txt, -0.2, 45677, 300,169.061
GRASP,Reduced,Best,Best,1,0.5,DAFJS05.txt, -0.2, 32144, 300,24.541
GRASP,Reduced,Best,Best,1,0.5,DAFJS06.txt, -0.2, 32201, 300,164.688
GRASP,Reduced,Best,Best,1,0.5,DAFJS03.txt, -0.2, 45479, 300.004,148.03
GRASP,Reduced,Best,Best,1,0.5,DAFJS07.txt, -0.2, 40997, 300.003,232.733
GRASP,Reduced,Best,Best,1,0.5,DAFJS08.txt, -0.2, 46542, 300.007,211.133
GRASP,Reduced,Best,Best,1,0.5,YFJS18.txt, -0.1, 111776, 300.069,213.118
GRASP,Reduced,Best,Best,1,0.5,YFJS19.txt, -0.1, 93041, 300.124,203.004
GRASP,Reduced,Best,Best,1,0.5,YFJS20.txt, -0.1, 91429, 300.232,114.105
GRASP,Reduced,Best,Best,1,0.5,DAFJS09.txt, -0.2, 35800, 300,77.57
GRASP,Reduced,Best,Best,1,0.5,DAFJS11.txt, -0.2, 49907, 300,277.859
GRASP,Reduced,Best,Best,1,0.5,DAFJS10.txt, -0.2, 38074, 300.007,47.682
GRASP,Reduced,Best,Best,1,0.5,DAFJS18.txt, -0.2, 54784, 300.001,45.441
GRASP,Reduced,Best,Best,1,0.5,DAFJS16.txt, -0.2, 54082, 300.007,282.217
GRASP,Reduced,Best,Best,1,0.5,DAFJS13.txt, -0.2, 45507, 300.015,264.363
GRASP,Reduced,Best,Best,1,0.5,DAFJS12.txt, -0.2, 48096, 300.02,191.376
GRASP,Reduced,Best,Best,1,0.5,DAFJS19.txt, -0.2, 40881, 300,132.418
GRASP,Reduced,Best,Best,1,0.5,DAFJS17.txt, -0.2, 53293, 300.018,274.938
GRASP,Reduced,Best,Best,1,0.5,DAFJS14.txt, -0.2, 51302, 300.021,249.388
GRASP,Reduced,Best,Best,1,0.5,DAFJS15.txt, -0.2, 51138, 300.023,70.263
GRASP,Reduced,Best,Best,1,0.5,DAFJS22.txt, -0.2, 48122, 300,97.201
GRASP,Reduced,Best,Best,1,0.5,DAFJS23.txt, -0.2, 38094, 300.002,15.77
GRASP,Reduced,Best,Best,1,0.5,DAFJS28.txt, -0.2, 43385, 300,19.678
GRASP,Reduced,Best,Best,1,0.5,DAFJS27.txt, -0.2, 58959, 300.003,189
GRASP,Reduced,Best,Best,1,0.5,DAFJS29.txt, -0.2, 52208, 300.001,32.54
GRASP,Reduced,Best,Best,1,0.5,DAFJS20.txt, -0.2, 50133, 300.023,180.574
GRASP,Reduced,Best,Best,1,0.5,DAFJS24.txt, -0.2, 43800, 300.019,149.129
GRASP,Reduced,Best,Best,1,0.5,DAFJS30.txt, -0.2, 44180, 300.003,0.972
GRASP,Reduced,Best,Best,1,0.5,DAFJS21.txt, -0.2, 55640, 300.044,14.97
GRASP,Reduced,Best,Best,1,0.5,DAFJS25.txt, -0.2, 56406, 300.043,179.898
GRASP,Reduced,Best,Best,1,0.5,DAFJS26.txt, -0.2, 56227, 300.046,169.482
GRASP,Reduced,Best,Best,1,0.5,YFJS02.txt, -0.2, 66394, 300,1.764
GRASP,Reduced,Best,Best,1,0.5,YFJS01.txt, -0.2, 62327, 300.001,5.664
GRASP,Reduced,Best,Best,1,0.5,YFJS03.txt, -0.2, 30073, 300,0.049
GRASP,Reduced,Best,Best,1,0.5,YFJS04.txt, -0.2, 34253, 300.001,107.802
GRASP,Reduced,Best,Best,1,0.5,YFJS05.txt, -0.2, 37670, 300,0.196
GRASP,Reduced,Best,Best,1,0.5,YFJS06.txt, -0.2, 37268, 300.001,18.205
GRASP,Reduced,Best,Best,1,0.5,YFJS07.txt, -0.2, 37159, 300,99.818
GRASP,Reduced,Best,Best,1,0.5,YFJS08.txt, -0.2, 30725, 300,0.225
GRASP,Reduced,Best,Best,1,0.5,YFJS10.txt, -0.2, 34689, 300,47.256
GRASP,Reduced,Best,Best,1,0.5,YFJS09.txt, -0.2, 21450, 300.001,63.11
GRASP,Reduced,Best,Best,1,0.5,YFJS11.txt, -0.2, 45649, 300,4.523
GRASP,Reduced,Best,Best,1,0.5,YFJS12.txt, -0.2, 44084, 300,14.549
GRASP,Reduced,Best,Best,1,0.5,YFJS13.txt, -0.2, 34240, 300.001,30.336
GRASP,Reduced,Best,Best,1,0.5,YFJS15.txt, -0.2, 97313, 300.005,104.407
GRASP,Reduced,Best,Best,1,0.5,DAFJS01.txt, -0.3, 20124, 300,22.542
GRASP,Reduced,Best,Best,1,0.5,YFJS14.txt, -0.2, 98598, 300.017,96.63
GRASP,Reduced,Best,Best,1,0.5,DAFJS02.txt, -0.3, 22236, 300,0.038
GRASP,Reduced,Best,Best,1,0.5,YFJS17.txt, -0.2, 85337, 300.03,199.768
GRASP,Reduced,Best,Best,1,0.5,YFJS16.txt, -0.2, 98619, 300.054,290.743
GRASP,Reduced,Best,Best,1,0.5,YFJS19.txt, -0.2, 81698, 300.066,36.475
GRASP,Reduced,Best,Best,1,0.5,YFJS18.txt, -0.2, 95289, 300.149,184.118
GRASP,Reduced,Best,Best,1,0.5,YFJS20.txt, -0.2, 82610, 300.651,161.199
GRASP,Reduced,Best,Best,1,0.5,DAFJS03.txt, -0.3, 40506, 300,221.942
GRASP,Reduced,Best,Best,1,0.5,DAFJS05.txt, -0.3, 28506, 300,47.961
GRASP,Reduced,Best,Best,1,0.5,DAFJS04.txt, -0.3, 40343, 300.001,241.966
GRASP,Reduced,Best,Best,1,0.5,DAFJS06.txt, -0.3, 27479, 300,249.202
GRASP,Reduced,Best,Best,1,0.5,DAFJS08.txt, -0.3, 40191, 300,111.982
GRASP,Reduced,Best,Best,1,0.5,DAFJS10.txt, -0.3, 31975, 300.001,52.548
GRASP,Reduced,Best,Best,1,0.5,DAFJS09.txt, -0.3, 31266, 300.004,116.641
GRASP,Reduced,Best,Best,1,0.5,DAFJS11.txt, -0.3, 42411, 300.005,263.279
GRASP,Reduced,Best,Best,1,0.5,DAFJS07.txt, -0.3, 36272, 300.018,58.072
GRASP,Reduced,Best,Best,1,0.5,DAFJS13.txt, -0.3, 37867, 300.011,180.018
GRASP,Reduced,Best,Best,1,0.5,DAFJS12.txt, -0.3, 41763, 300.027,68.356
GRASP,Reduced,Best,Best,1,0.5,DAFJS14.txt, -0.3, 43065, 300.002,111.624
GRASP,Reduced,Best,Best,1,0.5,DAFJS15.txt, -0.3, 43122, 300.003,260.786
GRASP,Reduced,Best,Best,1,0.5,DAFJS19.txt, -0.3, 35798, 300.001,273.853
GRASP,Reduced,Best,Best,1,0.5,DAFJS18.txt, -0.3, 45512, 300.002,214.796
GRASP,Reduced,Best,Best,1,0.5,DAFJS16.txt, -0.3, 45318, 300.009,2.474
GRASP,Reduced,Best,Best,1,0.5,DAFJS20.txt, -0.3, 42153, 300.006,188.883
GRASP,Reduced,Best,Best,1,0.5,DAFJS23.txt, -0.3, 34011, 300.004,259.477
GRASP,Reduced,Best,Best,1,0.5,DAFJS21.txt, -0.3, 45615, 300.009,66.408
GRASP,Reduced,Best,Best,1,0.5,DAFJS24.txt, -0.3, 38121, 300.002,205.059
GRASP,Reduced,Best,Best,1,0.5,DAFJS17.txt, -0.3, 43728, 300.031,282.079
GRASP,Reduced,Best,Best,1,0.5,DAFJS22.txt, -0.3, 39527, 300.036,82.297
GRASP,Reduced,Best,Best,1,0.5,YFJS01.txt, -0.3, 57011, 300,0.164
GRASP,Reduced,Best,Best,1,0.5,DAFJS28.txt, -0.3, 37895, 300.005,198.389
GRASP,Reduced,Best,Best,1,0.5,YFJS03.txt, -0.3, 27686, 300,0.005
GRASP,Reduced,Best,Best,1,0.5,YFJS02.txt, -0.3, 58470, 300.001,0.078
GRASP,Reduced,Best,Best,1,0.5,YFJS04.txt, -0.3, 29921, 300,8.563
GRASP,Reduced,Best,Best,1,0.5,DAFJS26.txt, -0.3, 46548, 300.012,276.644
GRASP,Reduced,Best,Best,1,0.5,DAFJS29.txt, -0.3, 45218, 300.012,253.729
GRASP,Reduced,Best,Best,1,0.5,DAFJS30.txt, -0.3, 38413, 300.016,65.337
GRASP,Reduced,Best,Best,1,0.5,YFJS05.txt, -0.3, 34580, 300,191.684
GRASP,Reduced,Best,Best,1,0.5,DAFJS27.txt, -0.3, 49419, 300.03,193.77
GRASP,Reduced,Best,Best,1,0.5,DAFJS25.txt, -0.3, 47240, 300.05,241.801
GRASP,Reduced,Best,Best,1,0.5,YFJS06.txt, -0.3, 33557, 300,0.445
GRASP,Reduced,Best,Best,1,0.5,YFJS08.txt, -0.3, 28355, 300,0.127
GRASP,Reduced,Best,Best,1,0.5,YFJS07.txt, -0.3, 33129, 300.002,81.231
GRASP,Reduced,Best,Best,1,0.5,YFJS10.txt, -0.3, 32159, 300,1.597
GRASP,Reduced,Best,Best,1,0.5,YFJS09.txt, -0.3, 20077, 300.003,46.738
GRASP,Reduced,Best,Best,1,0.5,YFJS12.txt, -0.3, 39641, 300,57.862
GRASP,Reduced,Best,Best,1,0.5,YFJS11.txt, -0.3, 40644, 300.001,0.725
GRASP,Reduced,Best,Best,1,0.5,YFJS13.txt, -0.3, 31518, 300,3.345
GRASP,Reduced,Best,Best,1,0.5,YFJS14.txt, -0.3, 86141, 300.005,254.542
GRASP,Reduced,Best,Best,1,0.5,YFJS16.txt, -0.3, 85125, 300.008,199.41
GRASP,Reduced,Best,Best,1,0.5,YFJS15.txt, -0.3, 84450, 300.038,224.464
GRASP,Reduced,Best,Best,1,0.5,DAFJS01.txt, -0.1, 24169, 300,48.878
GRASP,Reduced,Best,Best,1,0.5,DAFJS02.txt, -0.1, 26869, 300,0.193
GRASP,Reduced,Best,Best,1,0.5,DAFJS04.txt, -0.1, 52524, 300.001,60.079
GRASP,Reduced,Best,Best,1,0.5,DAFJS03.txt, -0.1, 51095, 300.002,66.868
GRASP,Reduced,Best,Best,1,0.5,DAFJS05.txt, -0.1, 36715, 300.001,157.786
GRASP,Reduced,Best,Best,1,0.5,DAFJS06.txt, -0.1, 36559, 300.002,99.202
GRASP,Reduced,Best,Best,1,0.5,DAFJS07.txt, -0.1, 46791, 300.005,12.346
GRASP,Reduced,Best,Best,1,0.5,YFJS19.txt, -0.3, 72562, 300.088,122.157
GRASP,Reduced,Best,Best,1,0.5,YFJS17.txt, -0.3, 73682, 300.191,0
GRASP,Reduced,Best,Best,1,0.5,YFJS18.txt, -0.3, 81612, 300.23,225.525
GRASP,Reduced,Best,Best,1,0.5,YFJS20.txt, -0.3, 71649, 300.247,66.761
GRASP,Reduced,Best,Best,1,0.5,DAFJS09.txt, -0.1, 41188, 300.001,172.976
GRASP,Reduced,Best,Best,1,0.5,DAFJS08.txt, -0.1, 54065, 300.007,81.219
GRASP,Reduced,Best,Best,1,0.5,DAFJS10.txt, -0.1, 45454, 300.007,177.937
GRASP,Reduced,Best,Best,1,0.5,DAFJS13.txt, -0.1, 54415, 300.005,282.19
GRASP,Reduced,Best,Best,1,0.5,DAFJS14.txt, -0.1, 61717, 300.006,256.073
GRASP,Reduced,Best,Best,1,0.5,DAFJS11.txt, -0.1, 58007, 300.012,215.71
GRASP,Reduced,Best,Best,1,0.5,DAFJS16.txt, -0.1, 63806, 300.008,16.306
GRASP,Reduced,Best,Best,1,0.5,DAFJS12.txt, -0.1, 57363, 300.031,282.316
GRASP,Reduced,Best,Best,1,0.5,DAFJS18.txt, -0.1, 66825, 300.012,151.295
GRASP,Reduced,Best,Best,1,0.5,DAFJS17.txt, -0.1, 65487, 300.061,166.384
GRASP,Reduced,Best,Best,1,0.5,DAFJS15.txt, -0.1, 60123, 300.075,225.455
GRASP,Reduced,Best,Best,1,0.5,DAFJS19.txt, -0.1, 46986, 300.008,272.428
GRASP,Reduced,Best,Best,1,0.5,DAFJS23.txt, -0.1, 43768, 300.007,104.477
GRASP,Reduced,Best,Best,1,0.5,DAFJS28.txt, -0.1, 49252, 300.005,131.459
GRASP,Reduced,Best,Best,1,0.5,DAFJS26.txt, -0.1, 64890, 300.012,201.822
GRASP,Reduced,Best,Best,1,0.5,DAFJS29.txt, -0.1, 59372, 300.005,137.215
GRASP,Reduced,Best,Best,1,0.5,DAFJS24.txt, -0.1, 51024, 300.025,22.88
GRASP,Reduced,Best,Best,1,0.5,DAFJS21.txt, -0.1, 67212, 300.039,138.276
GRASP,Reduced,Best,Best,1,0.5,DAFJS22.txt, -0.1, 60044, 300.048,271.302
GRASP,Reduced,Best,Best,1,0.5,DAFJS20.txt, -0.1, 59384, 300.055,208.838
GRASP,Reduced,Best,Best,1,0.5,DAFJS25.txt, -0.1, 66991, 300.061,156.72
GRASP,Reduced,Best,Best,1,0.5,DAFJS27.txt, -0.1, 69458, 300.064,173.159
GRASP,Reduced,Best,Best,1,0.5,YFJS01.txt, -0.1, 69189, 300.002,0.016
GRASP,Reduced,Best,Best,1,0.5,YFJS02.txt, -0.1, 73149, 300.002,0.285
GRASP,Reduced,Best,Best,1,0.5,YFJS03.txt, -0.1, 32538, 300,0.011
GRASP,Reduced,Best,Best,1,0.5,YFJS04.txt, -0.1, 36692, 300,103.075
GRASP,Reduced,Best,Best,1,0.5,YFJS05.txt, -0.1, 41034, 300.001,1.551
GRASP,Reduced,Best,Best,1,0.5,YFJS06.txt, -0.1, 41174, 300,214.35
GRASP,Reduced,Best,Best,1,0.5,YFJS07.txt, -0.1, 41394, 300,62.344
GRASP,Reduced,Best,Best,1,0.5,YFJS08.txt, -0.1, 32689, 300,0.201
GRASP,Reduced,Best,Best,1,0.5,DAFJS30.txt, -0.1, 50968, 300.009,257.131
GRASP,Reduced,Best,Best,1,0.5,YFJS10.txt, -0.1, 37685, 300,0.364
GRASP,Reduced,Best,Best,1,0.5,YFJS09.txt, -0.1, 22681, 300.001,28.041
GRASP,Reduced,Best,Best,1,0.5,YFJS11.txt, -0.1, 49208, 300,3.324
GRASP,Reduced,Best,Best,1,0.5,YFJS12.txt, -0.1, 49389, 300.002,171.019
GRASP,Reduced,Best,Best,1,0.5,YFJS13.txt, -0.1, 38541, 300.002,45.977
GRASP,Reduced,Best,Best,1,0.5,DAFJS01.txt, -0.2, 21987, 300.001,136.372
GRASP,Reduced,Best,Best,1,0.5,YFJS14.txt, -0.1, 112734, 300.038,245.74
GRASP,Reduced,Best,Best,1,0.5,YFJS16.txt, -0.1, 113229, 300.054,283.333
GRASP,Reduced,Best,Best,1,0.5,YFJS20.txt, -0.1, 96236, 300.058,134.203
GRASP,Reduced,Best,Best,1,0.5,YFJS15.txt, -0.1, 112020, 300.2,72.86
GRASP,Reduced,Best,Best,1,0.5,YFJS18.txt, -0.1, 110461, 300.347,237.544
GRASP,Reduced,Best,Best,1,0.5,YFJS17.txt, -0.1, 101629, 300.389,295.554
GRASP,Reduced,Best,Best,1,0.5,YFJS19.txt, -0.1, 92611, 300.405,30.512
GRASP,Reduced,Best,Best,1,0.5,DAFJS02.txt, -0.2, 24746, 300,0.15
GRASP,Reduced,Best,Best,1,0.5,DAFJS04.txt, -0.2, 45794, 300.001,116.056
GRASP,Reduced,Best,Best,1,0.5,DAFJS03.txt, -0.2, 45527, 300.003,26.895
GRASP,Reduced,Best,Best,1,0.5,DAFJS05.txt, -0.2, 32486, 300,14.545
GRASP,Reduced,Best,Best,1,0.5,DAFJS09.txt, -0.2, 35863, 300.001,49.225
GRASP,Reduced,Best,Best,1,0.5,DAFJS06.txt, -0.2, 32005, 300.004,215.919
GRASP,Reduced,Best,Best,1,0.5,DAFJS08.txt, -0.2, 46591, 300.002,45.889
GRASP,Reduced,Best,Best,1,0.5,DAFJS11.txt, -0.2, 49985, 300.002,4.659
GRASP,Reduced,Best,Best,1,0.5,DAFJS10.txt, -0.2, 38041, 300.007,3.567
GRASP,Reduced,Best,Best,1,0.5,DAFJS07.txt, -0.2, 40799, 300.01,8.464
GRASP,Reduced,Best,Best,1,0.5,DAFJS12.txt, -0.2, 48532, 300.011,172.79
GRASP,Reduced,Best,Best,1,0.5,DAFJS13.txt, -0.2, 45385, 300.001,242.632
GRASP,Reduced,Best,Best,1,0.5,DAFJS14.txt, -0.2, 51078, 300.001,221.305
GRASP,Reduced,Best,Best,1,0.5,DAFJS19.txt, -0.2, 41189, 300.003,262.755
GRASP,Reduced,Best,Best,1,0.5,DAFJS15.txt, -0.2, 51330, 300.008,240.665
GRASP,Reduced,Best,Best,1,0.5,DAFJS18.txt, -0.2, 55082, 300.009,225.893
GRASP,Reduced,Best,Best,1,0.5,DAFJS20.txt, -0.2, 50191, 300.016,225.939
GRASP,Reduced,Best,Best,1,0.5,DAFJS23.txt, -0.2, 38526, 300,13.573
GRASP,Reduced,Best,Best,1,0.5,DAFJS17.txt, -0.2, 53062, 300.027,123.391
GRASP,Reduced,Best,Best,1,0.5,DAFJS16.txt, -0.2, 53422, 300.031,246.96
GRASP,Reduced,Best,Best,1,0.5,DAFJS22.txt, -0.2, 48593, 300.045,112.627
GRASP,Reduced,Best,Best,1,0.5,DAFJS21.txt, -0.2, 55627, 300.048,245.823
GRASP,Reduced,Best,Best,1,0.5,YFJS01.txt, -0.2, 62327, 300,5.33
GRASP,Reduced,Best,Best,1,0.5,DAFJS29.txt, -0.2, 52202, 300.002,113.525
GRASP,Reduced,Best,Best,1,0.5,YFJS02.txt, -0.2, 66394, 300.001,0.133
GRASP,Reduced,Best,Best,1,0.5,YFJS03.txt, -0.2, 30073, 300,0.128
GRASP,Reduced,Best,Best,1,0.5,DAFJS24.txt, -0.2, 44195, 300.013,139.802
GRASP,Reduced,Best,Best,1,0.5,DAFJS30.txt, -0.2, 43810, 300.007,288.856
GRASP,Reduced,Best,Best,1,0.5,DAFJS28.txt, -0.2, 43198, 300.01,78.909
GRASP,Reduced,Best,Best,1,0.5,DAFJS27.txt, -0.2, 58930, 300.018,3.219
GRASP,Reduced,Best,Best,1,0.5,DAFJS26.txt, -0.2, 55046, 300.024,36.197
GRASP,Reduced,Best,Best,1,0.5,YFJS04.txt, -0.2, 34253, 300,62.206
GRASP,Reduced,Best,Best,1,0.5,DAFJS25.txt, -0.2, 55329, 300.029,180.172
GRASP,Reduced,Best,Best,1,0.5,YFJS05.txt, -0.2, 37670, 300,0.673
GRASP,Reduced,Best,Best,1,0.5,YFJS07.txt, -0.2, 37159, 300,57.175
GRASP,Reduced,Best,Best,1,0.5,YFJS06.txt, -0.2, 37181, 300.001,17.605
GRASP,Reduced,Best,Best,1,0.5,YFJS08.txt, -0.2, 30725, 300,0.084
GRASP,Reduced,Best,Best,1,0.5,YFJS10.txt, -0.2, 34689, 300,22.845
GRASP,Reduced,Best,Best,1,0.5,YFJS09.txt, -0.2, 21363, 300.002,84.747
GRASP,Reduced,Best,Best,1,0.5,YFJS11.txt, -0.2, 45649, 300,0.199
GRASP,Reduced,Best,Best,1,0.5,YFJS12.txt, -0.2, 44084, 300,35.236
GRASP,Reduced,Best,Best,1,0.5,YFJS13.txt, -0.2, 34240, 300.004,39.738
GRASP,Reduced,Best,Best,1,0.5,YFJS14.txt, -0.2, 96937, 300.009,271.005
GRASP,Reduced,Best,Best,1,0.5,YFJS15.txt, -0.2, 98190, 300.003,225.332
GRASP,Reduced,Best,Best,1,0.5,YFJS16.txt, -0.2, 97389, 300.003,242.594
GRASP,Reduced,Best,Best,1,0.5,DAFJS01.txt, -0.3, 20267, 300,22.299
GRASP,Reduced,Best,Best,1,0.5,DAFJS02.txt, -0.3, 22236, 300,0.166
GRASP,Reduced,Best,Best,1,0.5,DAFJS03.txt, -0.3, 40333, 300.001,117.658
GRASP,Reduced,Best,Best,1,0.5,DAFJS04.txt, -0.3, 40361, 300,217.468
GRASP,Reduced,Best,Best,1,0.5,DAFJS05.txt, -0.3, 28506, 300.002,85.403
GRASP,Reduced,Best,Best,1,0.5,DAFJS06.txt, -0.3, 27152, 300.001,124.986
GRASP,Reduced,Best,Best,1,0.5,YFJS17.txt, -0.2, 85736, 300.063,0
GRASP,Reduced,Best,Best,1,0.5,YFJS19.txt, -0.2, 80985, 300.157,51.364
GRASP,Reduced,Best,Best,1,0.5,YFJS18.txt, -0.2, 96666, 300.237,228.199
GRASP,Reduced,Best,Best,1,0.5,YFJS20.txt, -0.2, 81284, 300.432,16.545
GRASP,Reduced,Best,Best,1,0.5,DAFJS08.txt, -0.3, 40233, 300.002,197.295
GRASP,Reduced,Best,Best,1,0.5,DAFJS07.txt, -0.3, 36211, 300.005,217.087
GRASP,Reduced,Best,Best,1,0.5,DAFJS13.txt, -0.3, 38170, 300,78.366
GRASP,Reduced,Best,Best,1,0.5,DAFJS09.txt, -0.3, 31055, 300.006,274.099
GRASP,Reduced,Best,Best,1,0.5,DAFJS10.txt, -0.3, 31724, 300.01,200.332
GRASP,Reduced,Best,Best,1,0.5,DAFJS11.txt, -0.3, 42216, 300.013,175.787
GRASP,Reduced,Best,Best,1,0.5,DAFJS14.txt, -0.3, 42839, 300.01,166.302
GRASP,Reduced,Best,Best,1,0.5,DAFJS12.txt, -0.3, 40878, 300.013,63.764
GRASP,Reduced,Best,Best,1,0.5,DAFJS15.txt, -0.3, 43628, 300.015,244.27
GRASP,Reduced,Best,Best,1,0.5,DAFJS16.txt, -0.3, 45880, 300.015,249.045
GRASP,Reduced,Best,Best,1,0.5,DAFJS17.txt, -0.3, 43698, 300.003,223.027
GRASP,Reduced,Best,Best,1,0.5,DAFJS23.txt, -0.3, 33820, 300.002,117.545
GRASP,Reduced,Best,Best,1,0.5,DAFJS26.txt, -0.3, 46884, 300,265.893
GRASP,Reduced,Best,Best,1,0.5,DAFJS18.txt, -0.3, 45761, 300.01,152.837
GRASP,Reduced,Best,Best,1,0.5,DAFJS27.txt, -0.3, 49504, 300.005,113.713
GRASP,Reduced,Best,Best,1,0.5,DAFJS24.txt, -0.3, 37965, 300.009,145.189
GRASP,Reduced,Best,Best,1,0.5,DAFJS19.txt, -0.3, 35459, 300.016,25.429
GRASP,Reduced,Best,Best,1,0.5,DAFJS21.txt, -0.3, 46000, 300.019,43.26
GRASP,Reduced,Best,Best,1,0.5,DAFJS25.txt, -0.3, 47144, 300.015,233.583
GRASP,Reduced,Best,Best,1,0.5,DAFJS28.txt, -0.3, 38226, 300.004,9.235
GRASP,Reduced,Best,Best,1,0.5,DAFJS20.txt, -0.3, 42479, 300.036,105.098
GRASP,Reduced,Best,Best,1,0.5,DAFJS22.txt, -0.3, 39442, 300.036,179.512
GRASP,Reduced,Best,Best,1,0.5,YFJS01.txt, -0.3, 57011, 300,1.061
GRASP,Reduced,Best,Best,1,0.5,YFJS02.txt, -0.3, 58470, 300,0.127
GRASP,Reduced,Best,Best,1,0.5,DAFJS30.txt, -0.3, 37570, 300.004,140.233
GRASP,Reduced,Best,Best,1,0.5,YFJS03.txt, -0.3, 27686, 300,0.004
GRASP,Reduced,Best,Best,1,0.5,YFJS04.txt, -0.3, 31267, 300,0.002
GRASP,Reduced,Best,Best,1,0.5,YFJS05.txt, -0.3, 34905, 300,5.063
GRASP,Reduced,Best,Best,1,0.5,YFJS06.txt, -0.3, 33557, 300,1.438
GRASP,Reduced,Best,Best,1,0.5,DAFJS29.txt, -0.3, 45077, 300.008,243.911
GRASP,Reduced,Best,Best,1,0.5,YFJS07.txt, -0.3, 33129, 300,226.81
GRASP,Reduced,Best,Best,1,0.5,YFJS08.txt, -0.3, 28355, 300,0.004
GRASP,Reduced,Best,Best,1,0.5,YFJS09.txt, -0.3, 20077, 300,44.329
GRASP,Reduced,Best,Best,1,0.5,YFJS11.txt, -0.3, 40644, 300,33.662
GRASP,Reduced,Best,Best,1,0.5,YFJS10.txt, -0.3, 32159, 300.001,0.553
GRASP,Reduced,Best,Best,1,0.5,YFJS12.txt, -0.3, 39596, 300,166.578
GRASP,Reduced,Best,Best,1,0.5,YFJS13.txt, -0.3, 31518, 300.001,21.822
GRASP,Reduced,Best,Best,1,0.5,YFJS14.txt, -0.3, 83657, 300.008,65.414
GRASP,Reduced,Best,Best,1,0.5,YFJS16.txt, -0.3, 86454, 300.007,2.535
GRASP,Reduced,Best,Best,1,0.5,YFJS18.txt, -0.3, 83142, 300.07,197.34
GRASP,Reduced,Best,Best,1,0.5,YFJS15.txt, -0.3, 84938, 300.088,60.972
GRASP,Reduced,Best,Best,1,0.5,YFJS19.txt, -0.3, 71388, 300.084,272.078
GRASP,Reduced,Best,Best,1,0.5,YFJS20.txt, -0.3, 71696, 300.391,265.716
GRASP,Reduced,Best,Best,1,0.5,YFJS17.txt, -0.3, 73682, 300.591,0
GRASP,Reduced,Best,Best,1,0.5,DAFJS02.txt, -0.1, 26869, 300,0.003
GRASP,Reduced,Best,Best,1,0.5,DAFJS01.txt, -0.1, 24010, 300.001,239.01
GRASP,Reduced,Best,Best,1,0.5,DAFJS04.txt, -0.1, 52462, 300.001,153.608
GRASP,Reduced,Best,Best,1,0.5,DAFJS03.txt, -0.1, 51170, 300.003,34.903
GRASP,Reduced,Best,Best,1,0.5,DAFJS05.txt, -0.1, 36901, 300.001,232.379
GRASP,Reduced,Best,Best,1,0.5,DAFJS06.txt, -0.1, 36539, 300.001,55.815
GRASP,Reduced,Best,Best,1,0.5,DAFJS07.txt, -0.1, 46791, 300.002,9.426
GRASP,Reduced,Best,Best,1,0.5,DAFJS09.txt, -0.1, 40973, 300.001,163.553
GRASP,Reduced,Best,Best,1,0.5,DAFJS10.txt, -0.1, 44828, 300.002,98.649
GRASP,Reduced,Best,Best,1,0.5,DAFJS08.txt, -0.1, 54115, 300.006,92.826
GRASP,Reduced,Best,Best,1,0.5,DAFJS11.txt, -0.1, 59033, 300.004,181.323
GRASP,Reduced,Best,Best,1,0.5,DAFJS13.txt, -0.1, 54724, 300.006,3.769
GRASP,Reduced,Best,Best,1,0.5,DAFJS20.txt, -0.1, 59248, 300.001,281.467
GRASP,Reduced,Best,Best,1,0.5,DAFJS17.txt, -0.1, 65391, 300.009,252.377
GRASP,Reduced,Best,Best,1,0.5,DAFJS21.txt, -0.1, 66601, 300.004,134.728
GRASP,Reduced,Best,Best,1,0.5,DAFJS12.txt, -0.1, 56827, 300.015,71.602
GRASP,Reduced,Best,Best,1,0.5,DAFJS16.txt, -0.1, 63325, 300.011,50.656
GRASP,Reduced,Best,Best,1,0.5,DAFJS14.txt, -0.1, 61845, 300.016,18.3
GRASP,Reduced,Best,Best,1,0.5,DAFJS15.txt, -0.1, 60097, 300.019,299.691
GRASP,Reduced,Best,Best,1,0.5,DAFJS19.txt, -0.1, 46709, 300.019,186.585
GRASP,Reduced,Best,Best,1,0.5,DAFJS18.txt, -0.1, 66272, 300.023,266.072
GRASP,Reduced,Best,Best,1,0.5,DAFJS22.txt, -0.1, 59800, 300.033,212.53
GRASP,Reduced,Best,Best,1,0.5,DAFJS23.txt, -0.1, 43885, 300.001,136.269
GRASP,Reduced,Best,Best,1,0.5,DAFJS28.txt, -0.1, 49069, 300,68.436
GRASP,Reduced,Best,Best,1,0.5,YFJS01.txt, -0.1, 69189, 300.001,0.012
GRASP,Reduced,Best,Best,1,0.5,DAFJS29.txt, -0.1, 59859, 300.003,66.237
GRASP,Reduced,Best,Best,1,0.5,DAFJS24.txt, -0.1, 52054, 300.01,98.791
GRASP,Reduced,Best,Best,1,0.5,YFJS02.txt, -0.1, 73149, 300.001,0.608
GRASP,Reduced,Best,Best,1,0.5,DAFJS27.txt, -0.1, 71407, 300.007,207.467
GRASP,Reduced,Best,Best,1,0.5,DAFJS26.txt, -0.1, 65169, 300.015,279.995
GRASP,Reduced,Best,Best,1,0.5,DAFJS30.txt, -0.1, 50342, 300.014,257.442
GRASP,Reduced,Best,Best,1,0.5,YFJS03.txt, -0.1, 32538, 300,0.002
GRASP,Reduced,Best,Best,1,0.5,DAFJS25.txt, -0.1, 66436, 300.048,143.532
GRASP,Reduced,Best,Best,1,0.5,YFJS04.txt, -0.1, 36692, 300,284.885
GRASP,Reduced,Best,Best,1,0.5,YFJS05.txt, -0.1, 41034, 300,2.966
GRASP,Reduced,Best,Best,1,0.5,YFJS06.txt, -0.1, 41174, 300,95.267
GRASP,Reduced,Best,Best,1,0.5,YFJS07.txt, -0.1, 41394, 300,15.597
GRASP,Reduced,Best,Best,1,0.5,YFJS08.txt, -0.1, 32689, 300,1.554
GRASP,Reduced,Best,Best,1,0.5,YFJS10.txt, -0.1, 37685, 300.001,3.499
GRASP,Reduced,Best,Best,1,0.5,YFJS09.txt, -0.1, 22681, 300.002,51.303
GRASP,Reduced,Best,Best,1,0.5,YFJS11.txt, -0.1, 49208, 300.001,2.997
GRASP,Reduced,Best,Best,1,0.5,YFJS12.txt, -0.1, 49389, 300,19.292
GRASP,Reduced,Best,Best,1,0.5,YFJS13.txt, -0.1, 38541, 300,10.45
GRASP,Reduced,Best,Best,1,0.5,YFJS14.txt, -0.1, 113717, 300.025,146.227
GRASP,Reduced,Best,Best,1,0.5,DAFJS01.txt, -0.2, 22822, 300,247.997
GRASP,Reduced,Best,Best,1,0.5,DAFJS02.txt, -0.2, 24746, 300,0.335
GRASP,Reduced,Best,Best,1,0.5,DAFJS03.txt, -0.2, 45406, 300,123.716
GRASP,Reduced,Best,Best,1,0.5,DAFJS04.txt, -0.2, 45790, 300,206.28
GRASP,Reduced,Best,Best,1,0.5,DAFJS05.txt, -0.2, 32486, 300,1.997
GRASP,Reduced,Best,Best,1,0.5,YFJS15.txt, -0.1, 112263, 300.036,40.189
GRASP,Reduced,Best,Best,1,0.5,YFJS16.txt, -0.1, 113321, 300.06,114.591
GRASP,Reduced,Best,Best,1,0.5,YFJS18.txt, -0.1, 111781, 300.136,84.786
GRASP,Reduced,Best,Best,1,0.5,YFJS20.txt, -0.1, 97706, 300.142,16.515
GRASP,Reduced,Best,Best,1,0.5,YFJS19.txt, -0.1, 95160, 300.328,127.091
GRASP,Reduced,Best,Best,1,0.5,YFJS17.txt, -0.1, 103302, 300.345,268.709
GRASP,Reduced,Best,Best,1,0.5,DAFJS06.txt, -0.2, 32206, 300,133.236
GRASP,Reduced,Best,Best,1,0.5,DAFJS07.txt, -0.2, 40999, 300.002,209.549
GRASP,Reduced,Best,Best,1,0.5,DAFJS08.txt, -0.2, 46700, 300.002,138.267
GRASP,Reduced,Best,Best,1,0.5,DAFJS09.txt, -0.2, 35800, 300.002,197.06
GRASP,Reduced,Best,Best,1,0.5,DAFJS10.txt, -0.2, 38027, 300.001,71.568
GRASP,Reduced,Best,Best,1,0.5,DAFJS13.txt, -0.2, 45221, 300.002,29.38
GRASP,Reduced,Best,Best,1,0.5,DAFJS14.txt, -0.2, 51362, 300.008,53.036
GRASP,Reduced,Best,Best,1,0.5,DAFJS12.txt, -0.2, 48655, 300.012,172.507
GRASP,Reduced,Best,Best,1,0.5,DAFJS15.txt, -0.2, 51038, 300.01,100.387
GRASP,Reduced,Best,Best,1,0.5,DAFJS16.txt, -0.2, 53880, 300.007,221.861
GRASP,Reduced,Best,Best,1,0.5,DAFJS11.txt, -0.2, 49542, 300.027,69.393
GRASP,Reduced,Best,Best,1,0.5,DAFJS22.txt, -0.2, 48944, 300,184.838
GRASP,Reduced,Best,Best,1,0.5,DAFJS17.txt, -0.2, 53686, 300.012,235.85
GRASP,Reduced,Best,Best,1,0.5,DAFJS23.txt, -0.2, 38276, 300.006,21.84
GRASP,Reduced,Best,Best,1,0.5,DAFJS19.txt, -0.2, 40230, 300.012,131.805
GRASP,Reduced,Best,Best,1,0.5,DAFJS18.txt, -0.2, 55423, 300.013,297.797
GRASP,Reduced,Best,Best,1,0.5,DAFJS20.txt, -0.2, 50138, 300.016,175.623
GRASP,Reduced,Best,Best,1,0.5,DAFJS26.txt, -0.2, 54675, 300.01,271.091
GRASP,Reduced,Best,Best,1,0.5,DAFJS24.txt, -0.2, 44158, 300.025,217.316
GRASP,Reduced,Best,Best,1,0.5,DAFJS21.txt, -0.2, 55341, 300.038,233.387
GRASP,Reduced,Best,Best,1,0.5,DAFJS25.txt, -0.2, 56232, 300.046,65.115
GRASP,Reduced,Best,Best,1,0.5,DAFJS27.txt, -0.2, 59800, 300.138,175.62
GRASP,Reduced,Best,Best,1,0.5,YFJS02.txt, -0.2, 66394, 300,1.225
GRASP,Reduced,Best,Best,1,0.5,YFJS01.txt, -0.2, 62327, 300.002,8.161
GRASP,Reduced,Best,Best,1,0.5,YFJS03.txt, -0.2, 30073, 300,0.011
GRASP,Reduced,Best,Best,1,0.5,DAFJS30.txt, -0.2, 43645, 300.005,176.909
GRASP,Reduced,Best,Best,1,0.5,YFJS04.txt, -0.2, 34253, 300,256.122
GRASP,Reduced,Best,Best,1,0.5,DAFJS29.txt, -0.2, 52319, 300.007,71.098
GRASP,Reduced,Best,Best,1,0.5,YFJS05.txt, -0.2, 37670, 300.001,0.051
GRASP,Reduced,Best,Best,1,0.5,YFJS06.txt, -0.2, 37181, 300.001,91.53
GRASP,Reduced,Best,Best,1,0.5,YFJS07.txt, -0.2, 37159, 300,59.271
GRASP,Reduced,Best,Best,1,0.5,DAFJS28.txt, -0.2, 42809, 300.015,288.511
GRASP,Reduced,Best,Best,1,0.5,YFJS08.txt, -0.2, 30725, 300,0.067
GRASP,Reduced,Best,Best,1,0.5,YFJS09.txt, -0.2, 21363, 300,233.105
GRASP,Reduced,Best,Best,1,0.5,YFJS10.txt, -0.2, 34689, 300,4.895
GRASP,Reduced,Best,Best,1,0.5,YFJS11.txt, -0.2, 45649, 300,1.94
GRASP,Reduced,Best,Best,1,0.5,YFJS13.txt, -0.2, 34240, 300.001,3.706
GRASP,Reduced,Best,Best,1,0.5,YFJS12.txt, -0.2, 44084, 300.002,16.461
GRASP,Reduced,Best,Best,1,0.5,YFJS14.txt, -0.2, 98503, 300.009,105.662
GRASP,Reduced,Best,Best,1,0.5,YFJS17.txt, -0.2, 85725, 300.009,25.466
GRASP,Reduced,Best,Best,1,0.5,YFJS18.txt, -0.2, 95853, 300.008,55.232
GRASP,Reduced,Best,Best,1,0.5,YFJS16.txt, -0.2, 98049, 300.062,65.339
GRASP,Reduced,Best,Best,1,0.5,YFJS19.txt, -0.2, 83025, 300.053,81.998
GRASP,Reduced,Best,Best,1,0.5,YFJS15.txt, -0.2, 97362, 300.13,160.139
GRASP,Reduced,Best,Best,1,0.5,DAFJS01.txt, -0.3, 20395, 300,201.224
GRASP,Reduced,Best,Best,1,0.5,DAFJS02.txt, -0.3, 22236, 300,0.032
GRASP,Reduced,Best,Best,1,0.5,DAFJS03.txt, -0.3, 40483, 300,238.536
GRASP,Reduced,Best,Best,1,0.5,DAFJS04.txt, -0.3, 40094, 300.001,289.352
GRASP,Reduced,Best,Best,1,0.5,DAFJS06.txt, -0.3, 27747, 300,218.616
GRASP,Reduced,Best,Best,1,0.5,DAFJS05.txt, -0.3, 28506, 300.001,79.047
GRASP,Reduced,Best,Best,1,0.5,DAFJS07.txt, -0.3, 36231, 300.001,59.686
GRASP,Reduced,Best,Best,1,0.5,DAFJS08.txt, -0.3, 40322, 300,197.037
GRASP,Reduced,Best,Best,1,0.5,DAFJS09.txt, -0.3, 31055, 300.002,56.549
GRASP,Reduced,Best,Best,1,0.5,DAFJS10.txt, -0.3, 31900, 300.001,61.214
GRASP,Reduced,Best,Best,1,0.5,YFJS20.txt, -0.2, 83755, 300.343,252.161
GRASP,Reduced,Best,Best,1,0.5,DAFJS13.txt, -0.3, 38283, 300.004,115.125
GRASP,Reduced,Best,Best,1,0.5,DAFJS17.txt, -0.3, 44139, 300.002,269.009
GRASP,Reduced,Best,Best,1,0.5,DAFJS18.txt, -0.3, 45738, 300.003,96.464
GRASP,Reduced,Best,Best,1,0.5,DAFJS19.txt, -0.3, 35521, 300.003,190.413
GRASP,Reduced,Best,Best,1,0.5,DAFJS12.txt, -0.3, 41014, 300.016,93.974
GRASP,Reduced,Best,Best,1,0.5,DAFJS15.txt, -0.3, 42976, 300.015,34.105
GRASP,Reduced,Best,Best,1,0.5,DAFJS14.txt, -0.3, 42585, 300.018,239.273
GRASP,Reduced,Best,Best,1,0.5,DAFJS20.txt, -0.3, 42185, 300.029,269.978
GRASP,Reduced,Best,Best,1,0.5,DAFJS16.txt, -0.3, 45955, 300.035,201.264
GRASP,Reduced,Best,Best,1,0.5,DAFJS11.txt, -0.3, 42314, 300.047,30.633
GRASP,Reduced,Best,Best,1,0.5,DAFJS21.txt, -0.3, 45922, 300.02,45.486
GRASP,Reduced,Best,Best,1,0.5,YFJS01.txt, -0.3, 57011, 300,0.07
GRASP,Reduced,Best,Best,1,0.5,DAFJS23.txt, -0.3, 34011, 300.01,33.968
GRASP,Reduced,Best,Best,1,0.5,DAFJS24.txt, -0.3, 38171, 300.011,256.46
GRASP,Reduced,Best,Best,1,0.5,DAFJS28.txt, -0.3, 38001, 300.007,72.943
GRASP,Reduced,Best,Best,1,0.5,YFJS02.txt, -0.3, 58470, 300,0.319
GRASP,Reduced,Best,Best,1,0.5,DAFJS27.txt, -0.3, 49642, 300.021,70.816
GRASP,Reduced,Best,Best,1,0.5,DAFJS30.txt, -0.3, 38104, 300.024,71.387
GRASP,Reduced,Best,Best,1,0.5,DAFJS29.txt, -0.3, 45338, 300.038,218.036
GRASP,Reduced,Best,Best,1,0.5,DAFJS22.txt, -0.3, 39815, 300.047,135.708
GRASP,Reduced,Best,Best,1,0.5,DAFJS26.txt, -0.3, 46131, 300.045,284.492
GRASP,Reduced,Best,Best,1,0.5,DAFJS25.txt, -0.3, 47070, 300.052,140.256
GRASP,Reduced,Best,Best,1,0.5,YFJS03.txt, -0.3, 27686, 300,0.001
GRASP,Reduced,Best,Best,1,0.5,YFJS04.txt, -0.3, 31267, 300,0.002
GRASP,Reduced,Best,Best,1,0.5,YFJS05.txt, -0.3, 34905, 300,3.621
GRASP,Reduced,Best,Best,1,0.5,YFJS07.txt, -0.3, 33129, 300,188.466
GRASP,Reduced,Best,Best,1,0.5,YFJS06.txt, -0.3, 33557, 300.001,0.299
GRASP,Reduced,Best,Best,1,0.5,YFJS08.txt, -0.3, 28355, 300,0.049
GRASP,Reduced,Best,Best,1,0.5,YFJS10.txt, -0.3, 32159, 300,0.731
GRASP,Reduced,Best,Best,1,0.5,YFJS09.txt, -0.3, 20077, 300.001,39.027
GRASP,Reduced,Best,Best,1,0.5,YFJS11.txt, -0.3, 40644, 300,17.819
GRASP,Reduced,Best,Best,1,0.5,YFJS12.txt, -0.3, 39596, 300.001,192.035
GRASP,Reduced,Best,Best,1,0.5,YFJS13.txt, -0.3, 31518, 300.001,8.318
GRASP,Reduced,Best,Best,1,0.5,DAFJS02.txt, -0.1, 26869, 300,0.081
GRASP,Reduced,Best,Best,1,0.5,DAFJS01.txt, -0.1, 24087, 300.001,128.077
GRASP,Reduced,Best,Best,1,0.5,DAFJS03.txt, -0.1, 51153, 300.002,159.803
GRASP,Reduced,Best,Best,1,0.5,YFJS15.txt, -0.3, 83862, 300.02,171.393
GRASP,Reduced,Best,Best,1,0.5,YFJS14.txt, -0.3, 85573, 300.024,35.949
GRASP,Reduced,Best,Best,1,0.5,DAFJS04.txt, -0.1, 52453, 300,54.187
GRASP,Reduced,Best,Best,1,0.5,YFJS16.txt, -0.3, 86212, 300.059,293.94
GRASP,Reduced,Best,Best,1,0.5,YFJS19.txt, -0.3, 72675, 300.056,278.767
GRASP,Reduced,Best,Best,1,0.5,YFJS17.txt, -0.3, 73682, 300.09,0
GRASP,Reduced,Best,Best,1,0.5,YFJS20.txt, -0.3, 71566, 300.157,224.815
GRASP,Reduced,Best,Best,1,0.5,YFJS18.txt, -0.3, 82107, 300.184,207.368
GRASP,Reduced,Best,Best,1,0.5,DAFJS06.txt, -0.1, 36338, 300,72.694
GRASP,Reduced,Best,Best,1,0.5,DAFJS05.txt, -0.1, 36901, 300.002,85.498
GRASP,Reduced,Best,Best,1,0.5,DAFJS08.txt, -0.1, 54165, 300.001,198.385
GRASP,Reduced,Best,Best,1,0.5,DAFJS07.txt, -0.1, 46791, 300.004,0.035
GRASP,Reduced,Best,Best,1,0.5,DAFJS09.txt, -0.1, 41188, 300.001,166.853
GRASP,Reduced,Best,Best,1,0.5,DAFJS10.txt, -0.1, 45505, 300.003,208.958
GRASP,Reduced,Best,Best,1,0.5,DAFJS13.txt, -0.1, 54782, 300.003,4.082
GRASP,Reduced,Best,Best,1,0.5,DAFJS11.txt, -0.1, 58824, 300.016,161.124
GRASP,Reduced,Best,Best,1,0.5,DAFJS15.txt, -0.1, 60176, 300.018,254.905
GRASP,Reduced,Best,Best,1,0.5,DAFJS12.txt, -0.1, 56962, 300.023,158.532
GRASP,Reduced,Best,Best,1,0.5,DAFJS14.txt, -0.1, 61555, 300.023,223.057
GRASP,Reduced,Best,Best,1,0.5,DAFJS16.txt, -0.1, 64595, 300,91.968
GRASP,Reduced,Best,Best,1,0.5,DAFJS18.txt, -0.1, 66623, 300,171.942
GRASP,Reduced,Best,Best,1,0.5,DAFJS19.txt, -0.1, 46960, 300.005,122.728
GRASP,Reduced,Best,Best,1,0.5,DAFJS23.txt, -0.1, 43919, 300.007,294.495
GRASP,Reduced,Best,Best,1,0.5,DAFJS17.txt, -0.1, 65573, 300.016,11.53
GRASP,Reduced,Best,Best,1,0.5,DAFJS24.txt, -0.1, 51467, 300.007,98.885
GRASP,Reduced,Best,Best,1,0.5,DAFJS20.txt, -0.1, 60132, 300.015,243.18
GRASP,Reduced,Best,Best,1,0.5,DAFJS25.txt, -0.1, 67025, 300.011,242.147
GRASP,Reduced,Best,Best,1,0.5,DAFJS22.txt, -0.1, 59737, 300.045,66.072
GRASP,Reduced,Best,Best,1,0.5,DAFJS26.txt, -0.1, 65767, 300.031,206.271
GRASP,Reduced,Best,Best,1,0.5,DAFJS21.txt, -0.1, 67240, 300.056,259.627
GRASP,Reduced,Best,Best,1,0.5,YFJS01.txt, -0.1, 69189, 300,0.009
GRASP,Reduced,Best,Best,1,0.5,DAFJS28.txt, -0.1, 49532, 300.005,138.972
GRASP,Reduced,Best,Best,1,0.5,YFJS03.txt, -0.1, 32538, 300,0.012
GRASP,Reduced,Best,Best,1,0.5,YFJS04.txt, -0.1, 36857, 300,254.736
GRASP,Reduced,Best,Best,1,0.5,YFJS02.txt, -0.1, 73149, 300.003,0.439
GRASP,Reduced,Best,Best,1,0.5,YFJS06.txt, -0.1, 41174, 300,54.695
GRASP,Reduced,Best,Best,1,0.5,YFJS05.txt, -0.1, 41034, 300.001,1.415
GRASP,Reduced,Best,Best,1,0.5,DAFJS30.txt, -0.1, 50728, 300.015,133.065
GRASP,Reduced,Best,Best,1,0.5,DAFJS29.txt, -0.1, 60154, 300.022,126.307
GRASP,Reduced,Best,Best,1,0.5,YFJS07.txt, -0.1, 41394, 300,5.703
GRASP,Reduced,Best,Best,1,0.5,DAFJS27.txt, -0.1, 72044, 300.038,1.624
GRASP,Reduced,Best,Best,1,0.5,YFJS08.txt, -0.1, 32689, 300,0.653
GRASP,Reduced,Best,Best,1,0.5,YFJS10.txt, -0.1, 37685, 300,2.662
GRASP,Reduced,Best,Best,1,0.5,YFJS11.txt, -0.1, 49208, 300,32.718
GRASP,Reduced,Best,Best,1,0.5,YFJS09.txt, -0.1, 22681, 300.004,31.381
GRASP,Reduced,Best,Best,1,0.5,YFJS12.txt, -0.1, 49389, 300,28.81
GRASP,Reduced,Best,Best,1,0.5,YFJS13.txt, -0.1, 38541, 300,42.193
GRASP,Reduced,Best,Best,1,0.5,YFJS16.txt, -0.1, 114365, 300.006,112.322
GRASP,Reduced,Best,Best,1,0.5,YFJS14.txt, -0.1, 113329, 300.02,107.837
GRASP,Reduced,Best,Best,1,0.5,YFJS17.txt, -0.1, 101668, 300.037,166.225
GRASP,Reduced,Best,Best,1,0.5,YFJS15.txt, -0.1, 112396, 300.062,190.581
GRASP,Reduced,Best,Best,1,0.5,YFJS18.txt, -0.1, 111528, 300.226,208.154
GRASP,Reduced,Best,Best,1,0.5,DAFJS01.txt, -0.2, 22597, 300,159.631
GRASP,Reduced,Best,Best,1,0.5,DAFJS02.txt, -0.2, 24746, 300,0.716
GRASP,Reduced,Best,Best,1,0.5,DAFJS03.txt, -0.2, 45505, 300,267.495
GRASP,Reduced,Best,Best,1,0.5,DAFJS04.txt, -0.2, 45587, 300.001,98.289
GRASP,Reduced,Best,Best,1,0.5,DAFJS05.txt, -0.2, 32065, 300.001,119.031
GRASP,Reduced,Best,Best,1,0.5,DAFJS06.txt, -0.2, 31037, 300.001,10.59
GRASP,Reduced,Best,Best,1,0.5,DAFJS08.txt, -0.2, 46888, 300,185.345
GRASP,Reduced,Best,Best,1,0.5,DAFJS07.txt, -0.2, 40898, 300.018,125.878
GRASP,Reduced,Best,Best,1,0.5,DAFJS09.txt, -0.2, 35863, 300.002,32.734
GRASP,Reduced,Best,Best,1,0.5,YFJS20.txt, -0.1, 96694, 300.07,213.698
GRASP,Reduced,Best,Best,1,0.5,YFJS19.txt, -0.1, 93060, 300.087,35.243
GRASP,Reduced,Best,Best,1,0.5,DAFJS11.txt, -0.2, 49921, 300.001,46.107
GRASP,Reduced,Best,Best,1,0.5,DAFJS10.txt, -0.2, 37767, 300.002,204.438
GRASP,Reduced,Best,Best,1,0.5,DAFJS13.txt, -0.2, 45657, 300,95.875
GRASP,Reduced,Best,Best,1,0.5,DAFJS14.txt, -0.2, 50512, 300.002,122.762
GRASP,Reduced,Best,Best,1,0.5,DAFJS18.txt, -0.2, 54999, 300.006,42.084
GRASP,Reduced,Best,Best,1,0.5,DAFJS16.txt, -0.2, 54111, 300.009,239.762
GRASP,Reduced,Best,Best,1,0.5,DAFJS19.txt, -0.2, 40704, 300.007,95.902
GRASP,Reduced,Best,Best,1,0.5,DAFJS17.txt, -0.2, 53500, 300.027,12.411
GRASP,Reduced,Best,Best,1,0.5,DAFJS15.txt, -0.2, 50946, 300.031,149.732
GRASP,Reduced,Best,Best,1,0.5,DAFJS12.txt, -0.2, 47516, 300.041,149.277
GRASP,Reduced,Best,Best,1,0.5,DAFJS20.txt, -0.2, 50401, 300.028,142.452
GRASP,Reduced,Best,Best,1,0.5,DAFJS23.txt, -0.2, 38526, 300.006,259.11
GRASP,Reduced,Best,Best,1,0.5,DAFJS21.txt, -0.2, 54919, 300.008,201.797
GRASP,Reduced,Best,Best,1,0.5,DAFJS25.txt, -0.2, 55946, 300.005,293.456
GRASP,Reduced,Best,Best,1,0.5,DAFJS30.txt, -0.2, 43830, 300.004,214.158
GRASP,Reduced,Best,Best,1,0.5,YFJS01.txt, -0.2, 62327, 300,8.179
GRASP,Reduced,Best,Best,1,0.5,DAFJS24.txt, -0.2, 44624, 300.019,255.623
GRASP,Reduced,Best,Best,1,0.5,DAFJS29.txt, -0.2, 52099, 300.014,11.598
GRASP,Reduced,Best,Best,1,0.5,DAFJS28.txt, -0.2, 43179, 300.015,138.938
GRASP,Reduced,Best,Best,1,0.5,DAFJS22.txt, -0.2, 48483, 300.024,176.545
GRASP,Reduced,Best,Best,1,0.5,DAFJS26.txt, -0.2, 54977, 300.051,175.648
GRASP,Reduced,Best,Best,1,0.5,DAFJS27.txt, -0.2, 59361, 300.07,32.491
GRASP,Reduced,Best,Best,1,0.5,YFJS02.txt, -0.2, 66394, 300,0.172
GRASP,Reduced,Best,Best,1,0.5,YFJS03.txt, -0.2, 30073, 300,0
GRASP,Reduced,Best,Best,1,0.5,YFJS04.txt, -0.2, 34697, 300,0.265
GRASP,Reduced,Best,Best,1,0.5,YFJS05.txt, -0.2, 37670, 300,0.411
GRASP,Reduced,Best,Best,1,0.5,YFJS06.txt, -0.2, 37181, 300,106.88
GRASP,Reduced,Best,Best,1,0.5,YFJS07.txt, -0.2, 37159, 300,44.336
GRASP,Reduced,Best,Best,1,0.5,YFJS08.txt, -0.2, 30725, 300,0.16
GRASP,Reduced,Best,Best,1,0.5,YFJS09.txt, -0.2, 21450, 300,91.477
GRASP,Reduced,Best,Best,1,0.5,YFJS11.txt, -0.2, 45649, 300,0.848
GRASP,Reduced,Best,Best,1,0.5,YFJS10.txt, -0.2, 34689, 300.001,14.821
GRASP,Reduced,Best,Best,1,0.5,YFJS12.txt, -0.2, 44084, 300.001,26.181
GRASP,Reduced,Best,Best,1,0.5,YFJS13.txt, -0.2, 34240, 300,49.953
GRASP,Reduced,Best,Best,1,0.5,DAFJS01.txt, -0.3, 20403, 300,92.816
GRASP,Reduced,Best,Best,1,0.5,DAFJS02.txt, -0.3, 22236, 300,0.003
GRASP,Reduced,Best,Best,1,0.5,YFJS16.txt, -0.2, 98080, 300.01,229.522
GRASP,Reduced,Best,Best,1,0.5,DAFJS03.txt, -0.3, 40596, 300,64.727
GRASP,Reduced,Best,Best,1,0.5,YFJS17.txt, -0.2, 85736, 300.04,0
GRASP,Reduced,Best,Best,1,0.5,YFJS15.txt, -0.2, 97330, 300.055,84.15
GRASP,Reduced,Best,Best,1,0.5,YFJS14.txt, -0.2, 99181, 300.058,46.985
GRASP,Reduced,Best,Best,1,0.5,YFJS19.txt, -0.2, 79847, 300.081,167.82
GRASP,Reduced,Best,Best,1,0.5,YFJS18.txt, -0.2, 95208, 300.255,96.075
GRASP,Reduced,Best,Best,1,0.5,YFJS20.txt, -0.2, 82888, 300.347,237.579
GRASP,Reduced,Best,Best,1,0.5,DAFJS04.txt, -0.3, 40079, 300,291.741
GRASP,Reduced,Best,Best,1,0.5,DAFJS05.txt, -0.3, 28506, 300.003,34.908
GRASP,Reduced,Best,Best,1,0.5,DAFJS06.txt, -0.3, 27111, 300.002,161.109
GRASP,Reduced,Best,Best,1,0.5,DAFJS07.txt, -0.3, 36351, 300,35.963
GRASP,Reduced,Best,Best,1,0.5,DAFJS08.txt, -0.3, 40363, 300.002,74.057
GRASP,Reduced,Best,Best,1,0.5,DAFJS10.txt, -0.3, 32159, 300,274.962
GRASP,Reduced,Best,Best,1,0.5,DAFJS09.txt, -0.3, 31055, 300.002,170.552
GRASP,Reduced,Best,Best,1,0.5,DAFJS11.txt, -0.3, 42640, 300.003,73.478
GRASP,Reduced,Best,Best,1,0.5,DAFJS13.txt, -0.3, 38152, 300.01,299.803
GRASP,Reduced,Best,Best,1,0.5,DAFJS12.txt, -0.3, 40768, 300.018,195.618
GRASP,Reduced,Best,Best,1,0.5,DAFJS14.txt, -0.3, 42935, 300.007,204.918
GRASP,Reduced,Best,Best,1,0.5,DAFJS16.txt, -0.3, 45452, 300,121.412
GRASP,Reduced,Best,Best,1,0.5,DAFJS18.txt, -0.3, 45816, 300.004,110.201
GRASP,Reduced,Best,Best,1,0.5,DAFJS23.txt, -0.3, 33984, 300.001,30.051
GRASP,Reduced,Best,Best,1,0.5,DAFJS19.txt, -0.3, 36068, 300.007,51.567
GRASP,Reduced,Best,Best,1,0.5,DAFJS24.txt, -0.3, 38057, 300.01,279.73
GRASP,Reduced,Best,Best,1,0.5,DAFJS17.txt, -0.3, 43906, 300.021,114.611
GRASP,Reduced,Best,Best,1,0.5,DAFJS20.txt, -0.3, 42278, 300.019,271.156
GRASP,Reduced,Best,Best,1,0.5,DAFJS22.txt, -0.3, 39928, 300.024,135.874
GRASP,Reduced,Best,Best,1,0.5,DAFJS25.txt, -0.3, 47280, 300.009,215.196
GRASP,Reduced,Best,Best,1,0.5,DAFJS15.txt, -0.3, 43322, 300.046,106.397
GRASP,Reduced,Best,Best,1,0.5,DAFJS21.txt, -0.3, 45990, 300.045,269.989
GRASP,Reduced,Best,Best,1,0.5,DAFJS29.txt, -0.3, 45283, 300.001,31.151
GRASP,Reduced,Best,Best,1,0.5,DAFJS30.txt, -0.3, 38261, 300,202.274
GRASP,Reduced,Best,Best,1,0.5,YFJS01.txt, -0.3, 57011, 300,0.517
GRASP,Reduced,Best,Best,1,0.5,DAFJS27.txt, -0.3, 49412, 300.006,200.373
GRASP,Reduced,Best,Best,1,0.5,YFJS03.txt, -0.3, 27686, 300,0.006
GRASP,Reduced,Best,Best,1,0.5,YFJS02.txt, -0.3, 58470, 300.002,0.109
GRASP,Reduced,Best,Best,1,0.5,YFJS04.txt, -0.3, 30112, 300,3.971
GRASP,Reduced,Best,Best,1,0.5,YFJS05.txt, -0.3, 34905, 300,34.723
GRASP,Reduced,Best,Best,1,0.5,DAFJS26.txt, -0.3, 47270, 300.021,160.436
GRASP,Reduced,Best,Best,1,0.5,YFJS06.txt, -0.3, 33557, 300,0.221
GRASP,Reduced,Best,Best,1,0.5,DAFJS28.txt, -0.3, 38211, 300.025,176.076
GRASP,Reduced,Best,Best,1,0.5,YFJS07.txt, -0.3, 33471, 300,26.941
GRASP,Reduced,Best,Best,1,0.5,YFJS08.txt, -0.3, 28355, 300,0.573
GRASP,Reduced,Best,Best,1,0.5,YFJS10.txt, -0.3, 32159, 300,0.208
GRASP,Reduced,Best,Best,1,0.5,YFJS09.txt, -0.3, 20077, 300.003,31.739
GRASP,Reduced,Best,Best,1,0.5,YFJS11.txt, -0.3, 40644, 300,12.259
GRASP,Reduced,Best,Best,1,0.5,YFJS13.txt, -0.3, 31518, 300,63.7
GRASP,Reduced,Best,Best,1,0.5,YFJS12.txt, -0.3, 39596, 300.003,284.406
GRASP,Reduced,Best,Best,1,0.5,YFJS16.txt, -0.3, 85691, 300.009,154.291
GRASP,Reduced,Best,Best,1,0.5,YFJS14.txt, -0.3, 86318, 300.034,167.857
GRASP,Reduced,Best,Best,1,0.5,YFJS17.txt, -0.3, 73682, 300.019,0
GRASP,Reduced,Best,Best,1,0.5,YFJS15.txt, -0.3, 85880, 300.036,193.388
GRASP,Reduced,Best,Best,1,0.5,YFJS19.txt, -0.3, 72157, 300.016,27.117
GRASP,Reduced,Best,Best,1,0.5,YFJS20.txt, -0.3, 72481, 300.038,0
GRASP,Reduced,Best,Best,1,0.5,YFJS18.txt, -0.3, 82789, 300.131,291.708
