GRASP,Reduced,Best,Best,1,0.5,DAFJS02.txt, -0.1, 26869, 300,1.102
GRASP,Reduced,Best,Best,1,0.5,DAFJS01.txt, -0.1, 24519, 300.001,5.17
GRASP,Reduced,Best,Best,1,0.5,DAFJS05.txt, -0.1, 36874, 300.001,81.482
GRASP,Reduced,Best,Best,1,0.5,DAFJS04.txt, -0.1, 51927, 300.003,15.364
GRASP,Reduced,Best,Best,1,0.5,DAFJS09.txt, -0.1, 41381, 300.007,130.23
GRASP,Reduced,Best,Best,1,0.5,DAFJS10.txt, -0.1, 45854, 300.007,82.067
GRASP,Reduced,Best,Best,1,0.5,DAFJS03.txt, -0.1, 50621, 300.013,105.925
GRASP,Reduced,Best,Best,1,0.5,DAFJS06.txt, -0.1, 37350, 300.014,264.948
GRASP,Reduced,Best,Best,1,0.5,DAFJS08.txt, -0.1, 54001, 300.033,240.968
GRASP,Reduced,Best,Best,1,0.5,DAFJS07.txt, -0.1, 47168, 300.039,96.986
GRASP,Reduced,Best,Best,1,0.5,DAFJS14.txt, -0.1, 61671, 300.03,1.585
GRASP,Reduced,Best,Best,1,0.5,DAFJS13.txt, -0.1, 54968, 300.034,131.271
GRASP,Reduced,Best,Best,1,0.5,DAFJS18.txt, -0.1, 67223, 300.034,23.007
GRASP,Reduced,Best,Best,1,0.5,DAFJS17.txt, -0.1, 65576, 300.045,189.774
GRASP,Reduced,Best,Best,1,0.5,DAFJS20.txt, -0.1, 60776, 300.061,72.119
GRASP,Reduced,Best,Best,1,0.5,DAFJS19.txt, -0.1, 47164, 300.07,18.516
GRASP,Reduced,Best,Best,1,0.5,DAFJS12.txt, -0.1, 57744, 300.091,69.216
GRASP,Reduced,Best,Best,1,0.5,DAFJS21.txt, -0.1, 68109, 300.115,130.874
GRASP,Reduced,Best,Best,1,0.5,DAFJS15.txt, -0.1, 60907, 300.155,121.15
GRASP,Reduced,Best,Best,1,0.5,DAFJS11.txt, -0.1, 58758, 300.279,242.256
GRASP,Reduced,Best,Best,1,0.5,DAFJS16.txt, -0.1, 64054, 300.352,283.821
GRASP,Reduced,Best,Best,1,0.5,DAFJS23.txt, -0.1, 43586, 300.017,172.028
GRASP,Reduced,Best,Best,1,0.5,YFJS01.txt, -0.1, 68714, 300.008,0.032
GRASP,Reduced,Best,Best,1,0.5,YFJS02.txt, -0.1, 72681, 300.006,4.85
GRASP,Reduced,Best,Best,1,0.5,DAFJS28.txt, -0.1, 50569, 300.049,39.066
GRASP,Reduced,Best,Best,1,0.5,DAFJS22.txt, -0.1, 60408, 300.08,192.262
GRASP,Reduced,Best,Best,1,0.5,DAFJS24.txt, -0.1, 51939, 300.1,82.399
GRASP,Reduced,Best,Best,1,0.5,DAFJS30.txt, -0.1, 51405, 300.105,170.217
GRASP,Reduced,Best,Best,1,0.5,DAFJS26.txt, -0.1, 66078, 300.153,31.992
GRASP,Reduced,Best,Best,1,0.5,DAFJS29.txt, -0.1, 60259, 300.248,77.958
GRASP,Reduced,Best,Best,1,0.5,DAFJS25.txt, -0.1, 66386, 300.54,58.886
GRASP,Reduced,Best,Best,1,0.5,DAFJS27.txt, -0.1, 71647, 300.55,159.115
GRASP,Reduced,Best,Best,1,0.5,YFJS03.txt, -0.1, 32662, 300.001,0.116
GRASP,Reduced,Best,Best,1,0.5,YFJS05.txt, -0.1, 41034, 300.001,4.869
GRASP,Reduced,Best,Best,1,0.5,YFJS04.txt, -0.1, 36946, 300.004,0.412
GRASP,Reduced,Best,Best,1,0.5,YFJS06.txt, -0.1, 41123, 300.001,8.053
GRASP,Reduced,Best,Best,1,0.5,YFJS07.txt, -0.1, 41686, 300.002,73.864
GRASP,Reduced,Best,Best,1,0.5,YFJS08.txt, -0.1, 32623, 300.001,0.096
GRASP,Reduced,Best,Best,1,0.5,YFJS10.txt, -0.1, 37423, 300,0.647
GRASP,Reduced,Best,Best,1,0.5,YFJS09.txt, -0.1, 22681, 300.001,0.538
GRASP,Reduced,Best,Best,1,0.5,YFJS12.txt, -0.1, 47925, 300.002,177.566
GRASP,Reduced,Best,Best,1,0.5,YFJS11.txt, -0.1, 48929, 300.011,175.366
GRASP,Reduced,Best,Best,1,0.5,YFJS13.txt, -0.1, 38541, 300.01,23.091
GRASP,Reduced,Best,Best,1,0.5,DAFJS02.txt, -0.2, 24618, 300.001,0.383
GRASP,Reduced,Best,Best,1,0.5,DAFJS04.txt, -0.2, 44912, 300.003,202.187
GRASP,Reduced,Best,Best,1,0.5,DAFJS01.txt, -0.2, 22063, 300.008,0.418
GRASP,Reduced,Best,Best,1,0.5,DAFJS03.txt, -0.2, 44512, 300.053,274.375
GRASP,Reduced,Best,Best,1,0.5,YFJS15.txt, -0.1, 114226, 300.866,90.04
GRASP,Reduced,Best,Best,1,0.5,YFJS14.txt, -0.1, 111953, 301.342,265.16
GRASP,Reduced,Best,Best,1,0.5,YFJS16.txt, -0.1, 113102, 301.409,89.189
GRASP,Reduced,Best,Best,1,0.5,YFJS17.txt, -0.1, 98124, 302.038,151.347
GRASP,Reduced,Best,Best,1,0.5,YFJS20.txt, -0.1, 97311, 305.302,230.167
GRASP,Reduced,Best,Best,1,0.5,YFJS18.txt, -0.1, 109884, 306.087,295.58
GRASP,Reduced,Best,Best,1,0.5,YFJS19.txt, -0.1, 93033, 307.255,51.218
GRASP,Reduced,Best,Best,1,0.5,DAFJS05.txt, -0.2, 31848, 300.01,6.588
GRASP,Reduced,Best,Best,1,0.5,DAFJS06.txt, -0.2, 32049, 300.01,259.801
GRASP,Reduced,Best,Best,1,0.5,DAFJS09.txt, -0.2, 35718, 300.006,124.855
GRASP,Reduced,Best,Best,1,0.5,DAFJS08.txt, -0.2, 46480, 300.008,127.577
GRASP,Reduced,Best,Best,1,0.5,DAFJS14.txt, -0.2, 51472, 300.011,63.219
GRASP,Reduced,Best,Best,1,0.5,DAFJS10.txt, -0.2, 38404, 300.016,42.906
GRASP,Reduced,Best,Best,1,0.5,DAFJS13.txt, -0.2, 45597, 300.038,174.52
GRASP,Reduced,Best,Best,1,0.5,DAFJS07.txt, -0.2, 40954, 300.062,157.492
GRASP,Reduced,Best,Best,1,0.5,DAFJS15.txt, -0.2, 51738, 300.146,148.66
GRASP,Reduced,Best,Best,1,0.5,DAFJS11.txt, -0.2, 49851, 300.172,231.023
GRASP,Reduced,Best,Best,1,0.5,DAFJS12.txt, -0.2, 48932, 300.328,15.758
GRASP,Reduced,Best,Best,1,0.5,DAFJS20.txt, -0.2, 50116, 300.006,142.131
GRASP,Reduced,Best,Best,1,0.5,DAFJS26.txt, -0.2, 57698, 300.014,44.481
GRASP,Reduced,Best,Best,1,0.5,DAFJS17.txt, -0.2, 53252, 300.037,128.234
GRASP,Reduced,Best,Best,1,0.5,DAFJS18.txt, -0.2, 55356, 300.05,4.807
GRASP,Reduced,Best,Best,1,0.5,DAFJS19.txt, -0.2, 41392, 300.079,103.04
GRASP,Reduced,Best,Best,1,0.5,DAFJS24.txt, -0.2, 44291, 300.084,111.082
GRASP,Reduced,Best,Best,1,0.5,DAFJS23.txt, -0.2, 38345, 300.105,161.116
GRASP,Reduced,Best,Best,1,0.5,DAFJS16.txt, -0.2, 54036, 300.167,12.891
GRASP,Reduced,Best,Best,1,0.5,DAFJS22.txt, -0.2, 48244, 300.262,157.128
GRASP,Reduced,Best,Best,1,0.5,DAFJS25.txt, -0.2, 56114, 300.261,162.822
GRASP,Reduced,Best,Best,1,0.5,DAFJS21.txt, -0.2, 56008, 300.587,9.063
GRASP,Reduced,Best,Best,1,0.5,YFJS01.txt, -0.2, 62259, 300,52.203
GRASP,Reduced,Best,Best,1,0.5,YFJS03.txt, -0.2, 30073, 300,0.328
GRASP,Reduced,Best,Best,1,0.5,YFJS02.txt, -0.2, 64487, 300.001,3.639
GRASP,Reduced,Best,Best,1,0.5,YFJS04.txt, -0.2, 34202, 300,280.482
GRASP,Reduced,Best,Best,1,0.5,YFJS06.txt, -0.2, 36812, 300,94.253
GRASP,Reduced,Best,Best,1,0.5,YFJS05.txt, -0.2, 37670, 300.004,2.107
GRASP,Reduced,Best,Best,1,0.5,YFJS07.txt, -0.2, 37159, 300.008,53.226
GRASP,Reduced,Best,Best,1,0.5,DAFJS28.txt, -0.2, 43660, 300.054,67.034
GRASP,Reduced,Best,Best,1,0.5,DAFJS29.txt, -0.2, 52809, 300.07,158.64
GRASP,Reduced,Best,Best,1,0.5,DAFJS30.txt, -0.2, 44511, 300.304,183.555
GRASP,Reduced,Best,Best,1,0.5,DAFJS27.txt, -0.2, 59510, 300.537,34.345
GRASP,Reduced,Best,Best,1,0.5,YFJS08.txt, -0.2, 30267, 300.001,1.64
GRASP,Reduced,Best,Best,1,0.5,YFJS10.txt, -0.2, 34922, 300,3.987
GRASP,Reduced,Best,Best,1,0.5,YFJS09.txt, -0.2, 21450, 300.002,27.676
GRASP,Reduced,Best,Best,1,0.5,YFJS11.txt, -0.2, 45168, 300.003,3.303
GRASP,Reduced,Best,Best,1,0.5,YFJS13.txt, -0.2, 34401, 300.002,34.94
GRASP,Reduced,Best,Best,1,0.5,YFJS12.txt, -0.2, 43656, 300.007,159.359
GRASP,Reduced,Best,Best,1,0.5,YFJS16.txt, -0.2, 99004, 300.053,130.405
GRASP,Reduced,Best,Best,1,0.5,YFJS15.txt, -0.2, 97595, 300.584,55.113
GRASP,Reduced,Best,Best,1,0.5,YFJS14.txt, -0.2, 99628, 300.735,272.169
GRASP,Reduced,Best,Best,1,0.5,YFJS18.txt, -0.2, 97313, 301.934,145.413
GRASP,Reduced,Best,Best,1,0.5,YFJS17.txt, -0.2, 85736, 305.666,0
GRASP,Reduced,Best,Best,1,0.5,DAFJS02.txt, -0.3, 22178, 300,0.077
GRASP,Reduced,Best,Best,1,0.5,DAFJS01.txt, -0.3, 19960, 300.001,3.084
GRASP,Reduced,Best,Best,1,0.5,DAFJS05.txt, -0.3, 28184, 300,214.18
GRASP,Reduced,Best,Best,1,0.5,DAFJS04.txt, -0.3, 39565, 300.003,173.183
GRASP,Reduced,Best,Best,1,0.5,DAFJS03.txt, -0.3, 39734, 300.004,287.08
GRASP,Reduced,Best,Best,1,0.5,DAFJS09.txt, -0.3, 31015, 300.003,2.385
GRASP,Reduced,Best,Best,1,0.5,DAFJS06.txt, -0.3, 27527, 300.007,71.807
GRASP,Reduced,Best,Best,1,0.5,DAFJS07.txt, -0.3, 36553, 300.015,28.183
GRASP,Reduced,Best,Best,1,0.5,DAFJS08.txt, -0.3, 39857, 300.05,1.799
GRASP,Reduced,Best,Best,1,0.5,YFJS20.txt, -0.2, 80193, 303.465,223.409
GRASP,Reduced,Best,Best,1,0.5,YFJS19.txt, -0.2, 84395, 306.759,306.759
GRASP,Reduced,Best,Best,1,0.5,DAFJS14.txt, -0.3, 42996, 300.013,183.922
GRASP,Reduced,Best,Best,1,0.5,DAFJS13.txt, -0.3, 38267, 300.023,6.85
GRASP,Reduced,Best,Best,1,0.5,DAFJS11.txt, -0.3, 42619, 300.027,111.502
GRASP,Reduced,Best,Best,1,0.5,DAFJS10.txt, -0.3, 31927, 300.041,58.594
GRASP,Reduced,Best,Best,1,0.5,DAFJS18.txt, -0.3, 46163, 300.038,183.839
GRASP,Reduced,Best,Best,1,0.5,DAFJS20.txt, -0.3, 42351, 300.04,269.499
GRASP,Reduced,Best,Best,1,0.5,DAFJS19.txt, -0.3, 35611, 300.061,210.488
GRASP,Reduced,Best,Best,1,0.5,DAFJS12.txt, -0.3, 42182, 300.101,122.841
GRASP,Reduced,Best,Best,1,0.5,DAFJS15.txt, -0.3, 43858, 300.103,104.27
GRASP,Reduced,Best,Best,1,0.5,DAFJS16.txt, -0.3, 45793, 300.103,251.668
GRASP,Reduced,Best,Best,1,0.5,DAFJS17.txt, -0.3, 44321, 300.115,103.991
GRASP,Reduced,Best,Best,1,0.5,DAFJS24.txt, -0.3, 38569, 300.012,141.55
GRASP,Reduced,Best,Best,1,0.5,DAFJS28.txt, -0.3, 37956, 300.011,274.574
GRASP,Reduced,Best,Best,1,0.5,YFJS01.txt, -0.3, 55458, 300.009,0.342
GRASP,Reduced,Best,Best,1,0.5,DAFJS23.txt, -0.3, 34290, 300.049,164.941
GRASP,Reduced,Best,Best,1,0.5,DAFJS21.txt, -0.3, 45738, 300.093,227.508
GRASP,Reduced,Best,Best,1,0.5,DAFJS30.txt, -0.3, 38836, 300.12,187.875
GRASP,Reduced,Best,Best,1,0.5,DAFJS26.txt, -0.3, 48109, 300.181,251.105
GRASP,Reduced,Best,Best,1,0.5,DAFJS25.txt, -0.3, 47384, 300.205,3.91
GRASP,Reduced,Best,Best,1,0.5,DAFJS29.txt, -0.3, 45398, 300.239,12.93
GRASP,Reduced,Best,Best,1,0.5,DAFJS27.txt, -0.3, 49714, 300.386,102.556
GRASP,Reduced,Best,Best,1,0.5,DAFJS22.txt, -0.3, 39100, 300.462,74.171
GRASP,Reduced,Best,Best,1,0.5,YFJS03.txt, -0.3, 27686, 300,0.003
GRASP,Reduced,Best,Best,1,0.5,YFJS02.txt, -0.3, 58279, 300.005,4.084
GRASP,Reduced,Best,Best,1,0.5,YFJS04.txt, -0.3, 31267, 300.003,0.019
GRASP,Reduced,Best,Best,1,0.5,YFJS05.txt, -0.3, 34430, 300.002,4.31
GRASP,Reduced,Best,Best,1,0.5,YFJS06.txt, -0.3, 33557, 300.001,119.875
GRASP,Reduced,Best,Best,1,0.5,YFJS09.txt, -0.3, 20155, 300.001,87.161
GRASP,Reduced,Best,Best,1,0.5,YFJS10.txt, -0.3, 32582, 300,0.606
GRASP,Reduced,Best,Best,1,0.5,YFJS08.txt, -0.3, 28560, 300.004,14.871
GRASP,Reduced,Best,Best,1,0.5,YFJS07.txt, -0.3, 33523, 300.006,195.776
GRASP,Reduced,Best,Best,1,0.5,YFJS11.txt, -0.3, 40735, 300.007,31.632
GRASP,Reduced,Best,Best,1,0.5,YFJS12.txt, -0.3, 39123, 300.016,34.143
GRASP,Reduced,Best,Best,1,0.5,YFJS13.txt, -0.3, 31823, 300.001,25.52
GRASP,Reduced,Best,Best,1,0.5,DAFJS02.txt, -0.1, 26869, 300,0.008
GRASP,Reduced,Best,Best,1,0.5,DAFJS01.txt, -0.1, 23957, 300,125.796
GRASP,Reduced,Best,Best,1,0.5,DAFJS03.txt, -0.1, 50535, 300.009,275.042
GRASP,Reduced,Best,Best,1,0.5,YFJS17.txt, -0.3, 73400, 300.209,114.094
GRASP,Reduced,Best,Best,1,0.5,YFJS15.txt, -0.3, 84811, 300.579,131.031
GRASP,Reduced,Best,Best,1,0.5,YFJS16.txt, -0.3, 86993, 300.76,142.069
GRASP,Reduced,Best,Best,1,0.5,YFJS20.txt, -0.3, 72481, 301.139,0
GRASP,Reduced,Best,Best,1,0.5,YFJS14.txt, -0.3, 85691, 301.366,142.517
GRASP,Reduced,Best,Best,1,0.5,YFJS18.txt, -0.3, 80276, 302.681,157.769
GRASP,Reduced,Best,Best,1,0.5,YFJS19.txt, -0.3, 69218, 304.914,185.919
GRASP,Reduced,Best,Best,1,0.5,DAFJS05.txt, -0.1, 37268, 300.001,213.256
GRASP,Reduced,Best,Best,1,0.5,DAFJS09.txt, -0.1, 41431, 300,299.512
GRASP,Reduced,Best,Best,1,0.5,DAFJS04.txt, -0.1, 51927, 300.007,268.11
GRASP,Reduced,Best,Best,1,0.5,DAFJS06.txt, -0.1, 37272, 300.014,72.754
GRASP,Reduced,Best,Best,1,0.5,DAFJS13.txt, -0.1, 55198, 300.022,90.99
GRASP,Reduced,Best,Best,1,0.5,DAFJS14.txt, -0.1, 62158, 300.024,64.263
GRASP,Reduced,Best,Best,1,0.5,DAFJS10.txt, -0.1, 45503, 300.054,235.05
GRASP,Reduced,Best,Best,1,0.5,DAFJS07.txt, -0.1, 47368, 300.07,260.672
GRASP,Reduced,Best,Best,1,0.5,DAFJS08.txt, -0.1, 53914, 300.107,214.195
GRASP,Reduced,Best,Best,1,0.5,DAFJS11.txt, -0.1, 59837, 300.193,210.124
GRASP,Reduced,Best,Best,1,0.5,DAFJS12.txt, -0.1, 58057, 300.373,217.778
GRASP,Reduced,Best,Best,1,0.5,DAFJS15.txt, -0.1, 60742, 300.019,11.742
GRASP,Reduced,Best,Best,1,0.5,DAFJS23.txt, -0.1, 43612, 300.038,216.958
GRASP,Reduced,Best,Best,1,0.5,DAFJS18.txt, -0.1, 67106, 300.058,219.201
GRASP,Reduced,Best,Best,1,0.5,DAFJS17.txt, -0.1, 65713, 300.1,89.966
GRASP,Reduced,Best,Best,1,0.5,DAFJS21.txt, -0.1, 68373, 300.104,172.428
GRASP,Reduced,Best,Best,1,0.5,DAFJS19.txt, -0.1, 48174, 300.14,297.079
GRASP,Reduced,Best,Best,1,0.5,DAFJS20.txt, -0.1, 60503, 300.151,150.363
GRASP,Reduced,Best,Best,1,0.5,DAFJS24.txt, -0.1, 52292, 300.152,134.134
GRASP,Reduced,Best,Best,1,0.5,DAFJS25.txt, -0.1, 67703, 300.193,50.725
GRASP,Reduced,Best,Best,1,0.5,DAFJS16.txt, -0.1, 65104, 300.216,118.125
GRASP,Reduced,Best,Best,1,0.5,DAFJS22.txt, -0.1, 60878, 300.296,217.724
GRASP,Reduced,Best,Best,1,0.5,YFJS03.txt, -0.1, 32662, 300,0.052
GRASP,Reduced,Best,Best,1,0.5,YFJS04.txt, -0.1, 36946, 300,0.034
GRASP,Reduced,Best,Best,1,0.5,YFJS01.txt, -0.1, 68714, 300.005,0.358
GRASP,Reduced,Best,Best,1,0.5,YFJS05.txt, -0.1, 41034, 300.002,43.724
GRASP,Reduced,Best,Best,1,0.5,YFJS02.txt, -0.1, 72681, 300.005,10.638
GRASP,Reduced,Best,Best,1,0.5,YFJS06.txt, -0.1, 41046, 300.002,216.176
GRASP,Reduced,Best,Best,1,0.5,DAFJS28.txt, -0.1, 50222, 300.097,230.432
GRASP,Reduced,Best,Best,1,0.5,DAFJS30.txt, -0.1, 51027, 300.116,269.693
GRASP,Reduced,Best,Best,1,0.5,DAFJS29.txt, -0.1, 60634, 300.175,2.837
GRASP,Reduced,Best,Best,1,0.5,DAFJS27.txt, -0.1, 72405, 300.224,124.454
GRASP,Reduced,Best,Best,1,0.5,DAFJS26.txt, -0.1, 68649, 300.251,111.451
GRASP,Reduced,Best,Best,1,0.5,YFJS07.txt, -0.1, 41394, 300,171.226
GRASP,Reduced,Best,Best,1,0.5,YFJS08.txt, -0.1, 32623, 300.001,0.121
GRASP,Reduced,Best,Best,1,0.5,YFJS09.txt, -0.1, 22681, 300.003,40.23
GRASP,Reduced,Best,Best,1,0.5,YFJS10.txt, -0.1, 37423, 300.003,0.127
GRASP,Reduced,Best,Best,1,0.5,YFJS12.txt, -0.1, 48545, 300.001,10.091
GRASP,Reduced,Best,Best,1,0.5,YFJS11.txt, -0.1, 48929, 300.002,49.337
GRASP,Reduced,Best,Best,1,0.5,YFJS13.txt, -0.1, 38042, 300.005,10.851
GRASP,Reduced,Best,Best,1,0.5,YFJS16.txt, -0.1, 115847, 300.169,297.495
GRASP,Reduced,Best,Best,1,0.5,YFJS14.txt, -0.1, 114157, 301.413,224.276
GRASP,Reduced,Best,Best,1,0.5,YFJS15.txt, -0.1, 113150, 301.716,157.935
GRASP,Reduced,Best,Best,1,0.5,YFJS17.txt, -0.1, 101186, 309.918,309.918
GRASP,Reduced,Best,Best,1,0.5,DAFJS02.txt, -0.2, 24618, 300.001,0.321
GRASP,Reduced,Best,Best,1,0.5,DAFJS01.txt, -0.2, 22063, 300.002,3.087
GRASP,Reduced,Best,Best,1,0.5,DAFJS05.txt, -0.2, 31848, 300.001,239.745
GRASP,Reduced,Best,Best,1,0.5,DAFJS04.txt, -0.2, 44966, 300.003,286.367
GRASP,Reduced,Best,Best,1,0.5,DAFJS07.txt, -0.2, 41063, 300.016,184.885
GRASP,Reduced,Best,Best,1,0.5,DAFJS03.txt, -0.2, 44594, 300.026,284.507
GRASP,Reduced,Best,Best,1,0.5,DAFJS06.txt, -0.2, 32318, 300.035,281.503
GRASP,Reduced,Best,Best,1,0.5,DAFJS08.txt, -0.2, 46348, 300.053,225.026
GRASP,Reduced,Best,Best,1,0.5,YFJS20.txt, -0.1, 97868, 306.978,0
GRASP,Reduced,Best,Best,1,0.5,YFJS19.txt, -0.1, 100023, 309.916,104.918
GRASP,Reduced,Best,Best,1,0.5,YFJS18.txt, -0.1, 109505, 310.083,219.247
GRASP,Reduced,Best,Best,1,0.5,DAFJS10.txt, -0.2, 37448, 300.007,140.93
GRASP,Reduced,Best,Best,1,0.5,DAFJS09.txt, -0.2, 35806, 300.015,232.195
GRASP,Reduced,Best,Best,1,0.5,DAFJS13.txt, -0.2, 45555, 300.012,37.95
GRASP,Reduced,Best,Best,1,0.5,DAFJS12.txt, -0.2, 49347, 300.018,2.894
GRASP,Reduced,Best,Best,1,0.5,DAFJS19.txt, -0.2, 41440, 300.011,163.179
GRASP,Reduced,Best,Best,1,0.5,DAFJS18.txt, -0.2, 55731, 300.042,107.452
GRASP,Reduced,Best,Best,1,0.5,DAFJS14.txt, -0.2, 51783, 300.056,225.83
GRASP,Reduced,Best,Best,1,0.5,DAFJS17.txt, -0.2, 53440, 300.067,169.141
GRASP,Reduced,Best,Best,1,0.5,DAFJS11.txt, -0.2, 50769, 300.229,224.894
GRASP,Reduced,Best,Best,1,0.5,DAFJS16.txt, -0.2, 54698, 300.257,195.706
GRASP,Reduced,Best,Best,1,0.5,DAFJS15.txt, -0.2, 51286, 300.304,134.483
GRASP,Reduced,Best,Best,1,0.5,DAFJS28.txt, -0.2, 43642, 300.004,119.245
GRASP,Reduced,Best,Best,1,0.5,DAFJS23.txt, -0.2, 38567, 300.019,192.516
GRASP,Reduced,Best,Best,1,0.5,DAFJS20.txt, -0.2, 49468, 300.024,294.115
GRASP,Reduced,Best,Best,1,0.5,DAFJS24.txt, -0.2, 44712, 300.023,23.154
GRASP,Reduced,Best,Best,1,0.5,DAFJS29.txt, -0.2, 51387, 300.136,148.203
GRASP,Reduced,Best,Best,1,0.5,DAFJS30.txt, -0.2, 44027, 300.151,20.739
GRASP,Reduced,Best,Best,1,0.5,DAFJS22.txt, -0.2, 48258, 300.185,198.263
GRASP,Reduced,Best,Best,1,0.5,DAFJS27.txt, -0.2, 59749, 300.184,16.261
GRASP,Reduced,Best,Best,1,0.5,DAFJS25.txt, -0.2, 56299, 300.331,95.269
GRASP,Reduced,Best,Best,1,0.5,DAFJS26.txt, -0.2, 56602, 300.337,207.62
GRASP,Reduced,Best,Best,1,0.5,DAFJS21.txt, -0.2, 55894, 300.382,224.145
GRASP,Reduced,Best,Best,1,0.5,YFJS03.txt, -0.2, 30073, 300,0.195
GRASP,Reduced,Best,Best,1,0.5,YFJS01.txt, -0.2, 62259, 300.004,10.77
GRASP,Reduced,Best,Best,1,0.5,YFJS05.txt, -0.2, 37670, 300,1.089
GRASP,Reduced,Best,Best,1,0.5,YFJS02.txt, -0.2, 64487, 300.004,0.059
GRASP,Reduced,Best,Best,1,0.5,YFJS04.txt, -0.2, 32969, 300.004,120.874
GRASP,Reduced,Best,Best,1,0.5,YFJS06.txt, -0.2, 36812, 300.002,34.175
GRASP,Reduced,Best,Best,1,0.5,YFJS08.txt, -0.2, 30267, 300,0.815
GRASP,Reduced,Best,Best,1,0.5,YFJS10.txt, -0.2, 34922, 300.001,1.371
GRASP,Reduced,Best,Best,1,0.5,YFJS07.txt, -0.2, 37159, 300.006,145.734
GRASP,Reduced,Best,Best,1,0.5,YFJS11.txt, -0.2, 45168, 300.006,25.826
GRASP,Reduced,Best,Best,1,0.5,YFJS09.txt, -0.2, 21363, 300.01,71.695
GRASP,Reduced,Best,Best,1,0.5,YFJS13.txt, -0.2, 34401, 300.001,8.397
GRASP,Reduced,Best,Best,1,0.5,YFJS12.txt, -0.2, 43714, 300.007,33.737
GRASP,Reduced,Best,Best,1,0.5,DAFJS02.txt, -0.3, 22178, 300,0.193
GRASP,Reduced,Best,Best,1,0.5,DAFJS01.txt, -0.3, 19960, 300.002,0.739
GRASP,Reduced,Best,Best,1,0.5,YFJS16.txt, -0.2, 102465, 300.035,201.764
GRASP,Reduced,Best,Best,1,0.5,YFJS15.txt, -0.2, 98477, 300.894,144.834
GRASP,Reduced,Best,Best,1,0.5,YFJS14.txt, -0.2, 98780, 301.565,20.77
GRASP,Reduced,Best,Best,1,0.5,YFJS20.txt, -0.2, 84586, 302.969,202.842
GRASP,Reduced,Best,Best,1,0.5,YFJS17.txt, -0.2, 85736, 306.539,0
GRASP,Reduced,Best,Best,1,0.5,YFJS18.txt, -0.2, 98770, 310.053,310.053
GRASP,Reduced,Best,Best,1,0.5,YFJS19.txt, -0.2, 82879, 315.131,128.241
GRASP,Reduced,Best,Best,1,0.5,DAFJS05.txt, -0.3, 28184, 300.001,133.233
GRASP,Reduced,Best,Best,1,0.5,DAFJS04.txt, -0.3, 39355, 300.007,236.814
GRASP,Reduced,Best,Best,1,0.5,DAFJS09.txt, -0.3, 31008, 300.006,3.535
GRASP,Reduced,Best,Best,1,0.5,DAFJS06.txt, -0.3, 27905, 300.012,124.506
GRASP,Reduced,Best,Best,1,0.5,DAFJS08.txt, -0.3, 39910, 300.022,107.65
GRASP,Reduced,Best,Best,1,0.5,DAFJS12.txt, -0.3, 41508, 300.02,278.036
GRASP,Reduced,Best,Best,1,0.5,DAFJS10.txt, -0.3, 32003, 300.024,34.119
GRASP,Reduced,Best,Best,1,0.5,DAFJS13.txt, -0.3, 38139, 300.029,132.512
GRASP,Reduced,Best,Best,1,0.5,DAFJS07.txt, -0.3, 36600, 300.049,24.682
GRASP,Reduced,Best,Best,1,0.5,DAFJS03.txt, -0.3, 39678, 300.06,79.548
GRASP,Reduced,Best,Best,1,0.5,DAFJS11.txt, -0.3, 42711, 300.11,115.457
GRASP,Reduced,Best,Best,1,0.5,DAFJS19.txt, -0.3, 36302, 300,239.743
GRASP,Reduced,Best,Best,1,0.5,DAFJS20.txt, -0.3, 42689, 300.002,194.445
GRASP,Reduced,Best,Best,1,0.5,DAFJS17.txt, -0.3, 43918, 300.024,54.885
GRASP,Reduced,Best,Best,1,0.5,DAFJS24.txt, -0.3, 38664, 300.032,36.543
GRASP,Reduced,Best,Best,1,0.5,DAFJS23.txt, -0.3, 33607, 300.034,11.465
GRASP,Reduced,Best,Best,1,0.5,DAFJS14.txt, -0.3, 42551, 300.054,107.291
GRASP,Reduced,Best,Best,1,0.5,DAFJS18.txt, -0.3, 45560, 300.067,221.63
GRASP,Reduced,Best,Best,1,0.5,DAFJS16.txt, -0.3, 44897, 300.111,35.956
GRASP,Reduced,Best,Best,1,0.5,DAFJS21.txt, -0.3, 45603, 300.114,193.03
GRASP,Reduced,Best,Best,1,0.5,DAFJS15.txt, -0.3, 43809, 300.3,46.002
GRASP,Reduced,Best,Best,1,0.5,DAFJS22.txt, -0.3, 39780, 300.541,33.523
GRASP,Reduced,Best,Best,1,0.5,YFJS03.txt, -0.3, 27686, 300,0.03
GRASP,Reduced,Best,Best,1,0.5,YFJS02.txt, -0.3, 58279, 300.002,86.907
GRASP,Reduced,Best,Best,1,0.5,YFJS04.txt, -0.3, 29921, 300,35.49
GRASP,Reduced,Best,Best,1,0.5,YFJS01.txt, -0.3, 55458, 300.005,0.467
GRASP,Reduced,Best,Best,1,0.5,DAFJS28.txt, -0.3, 38152, 300.01,152.835
GRASP,Reduced,Best,Best,1,0.5,YFJS05.txt, -0.3, 34430, 300.003,1.988
GRASP,Reduced,Best,Best,1,0.5,DAFJS25.txt, -0.3, 47453, 300.03,232.135
GRASP,Reduced,Best,Best,1,0.5,DAFJS30.txt, -0.3, 38397, 300.044,121.785
GRASP,Reduced,Best,Best,1,0.5,DAFJS26.txt, -0.3, 47041, 300.052,270.596
GRASP,Reduced,Best,Best,1,0.5,DAFJS27.txt, -0.3, 49614, 300.273,247.668
GRASP,Reduced,Best,Best,1,0.5,DAFJS29.txt, -0.3, 45806, 300.372,138.773
GRASP,Reduced,Best,Best,1,0.5,YFJS07.txt, -0.3, 33523, 300.001,130.843
GRASP,Reduced,Best,Best,1,0.5,YFJS08.txt, -0.3, 28560, 300.002,14.981
GRASP,Reduced,Best,Best,1,0.5,YFJS10.txt, -0.3, 32582, 300.001,0.875
GRASP,Reduced,Best,Best,1,0.5,YFJS06.txt, -0.3, 33892, 300.005,203.304
GRASP,Reduced,Best,Best,1,0.5,YFJS09.txt, -0.3, 20121, 300.003,60.325
GRASP,Reduced,Best,Best,1,0.5,YFJS13.txt, -0.3, 31823, 300.001,5.025
GRASP,Reduced,Best,Best,1,0.5,YFJS11.txt, -0.3, 40735, 300.005,25.16
GRASP,Reduced,Best,Best,1,0.5,YFJS12.txt, -0.3, 39858, 300.017,1.246
GRASP,Reduced,Best,Best,1,0.5,YFJS14.txt, -0.3, 85781, 300.083,203.966
GRASP,Reduced,Best,Best,1,0.5,YFJS15.txt, -0.3, 85658, 300.348,221.179
GRASP,Reduced,Best,Best,1,0.5,YFJS16.txt, -0.3, 84877, 300.384,249.229
GRASP,Reduced,Best,Best,1,0.5,DAFJS01.txt, -0.1, 24519, 300,4.022
GRASP,Reduced,Best,Best,1,0.5,DAFJS04.txt, -0.1, 51927, 300,111.197
GRASP,Reduced,Best,Best,1,0.5,DAFJS02.txt, -0.1, 26869, 300.002,0.715
GRASP,Reduced,Best,Best,1,0.5,DAFJS05.txt, -0.1, 36874, 300.003,173.237
GRASP,Reduced,Best,Best,1,0.5,DAFJS03.txt, -0.1, 50556, 300.013,123.159
GRASP,Reduced,Best,Best,1,0.5,DAFJS06.txt, -0.1, 36679, 300.016,262.432
GRASP,Reduced,Best,Best,1,0.5,DAFJS07.txt, -0.1, 46769, 300.058,6.577
GRASP,Reduced,Best,Best,1,0.5,YFJS18.txt, -0.3, 83719, 302.264,26.966
GRASP,Reduced,Best,Best,1,0.5,YFJS17.txt, -0.3, 73682, 302.756,0
GRASP,Reduced,Best,Best,1,0.5,YFJS19.txt, -0.3, 73364, 303.709,137.953
GRASP,Reduced,Best,Best,1,0.5,YFJS20.txt, -0.3, 67889, 303.827,105.697
GRASP,Reduced,Best,Best,1,0.5,DAFJS09.txt, -0.1, 40966, 300.007,209.147
GRASP,Reduced,Best,Best,1,0.5,DAFJS14.txt, -0.1, 62059, 300.034,191.687
GRASP,Reduced,Best,Best,1,0.5,DAFJS13.txt, -0.1, 55020, 300.052,58.283
GRASP,Reduced,Best,Best,1,0.5,DAFJS18.txt, -0.1, 67439, 300.09,288.741
GRASP,Reduced,Best,Best,1,0.5,DAFJS10.txt, -0.1, 45664, 300.106,76.413
GRASP,Reduced,Best,Best,1,0.5,DAFJS08.txt, -0.1, 53731, 300.133,266.603
GRASP,Reduced,Best,Best,1,0.5,DAFJS15.txt, -0.1, 60672, 300.133,273.291
GRASP,Reduced,Best,Best,1,0.5,DAFJS17.txt, -0.1, 65787, 300.133,283.72
GRASP,Reduced,Best,Best,1,0.5,DAFJS12.txt, -0.1, 57628, 300.184,180.6
GRASP,Reduced,Best,Best,1,0.5,DAFJS16.txt, -0.1, 65236, 300.235,33.813
GRASP,Reduced,Best,Best,1,0.5,DAFJS11.txt, -0.1, 59558, 300.254,93.457
GRASP,Reduced,Best,Best,1,0.5,DAFJS28.txt, -0.1, 49615, 300.028,248.184
GRASP,Reduced,Best,Best,1,0.5,DAFJS23.txt, -0.1, 44765, 300.043,31.054
GRASP,Reduced,Best,Best,1,0.5,DAFJS19.txt, -0.1, 48263, 300.054,131.508
GRASP,Reduced,Best,Best,1,0.5,DAFJS29.txt, -0.1, 61246, 300.045,296.061
GRASP,Reduced,Best,Best,1,0.5,DAFJS24.txt, -0.1, 50624, 300.082,262.719
GRASP,Reduced,Best,Best,1,0.5,DAFJS25.txt, -0.1, 66778, 300.091,217.038
GRASP,Reduced,Best,Best,1,0.5,DAFJS27.txt, -0.1, 72352, 300.132,64.581
GRASP,Reduced,Best,Best,1,0.5,DAFJS20.txt, -0.1, 59885, 300.162,52.653
GRASP,Reduced,Best,Best,1,0.5,DAFJS26.txt, -0.1, 66626, 300.192,139.363
GRASP,Reduced,Best,Best,1,0.5,DAFJS22.txt, -0.1, 60513, 300.236,99.15
GRASP,Reduced,Best,Best,1,0.5,DAFJS21.txt, -0.1, 66816, 300.289,23.359
GRASP,Reduced,Best,Best,1,0.5,YFJS03.txt, -0.1, 32662, 300,0.113
GRASP,Reduced,Best,Best,1,0.5,YFJS02.txt, -0.1, 72681, 300.001,28.79
GRASP,Reduced,Best,Best,1,0.5,YFJS05.txt, -0.1, 40186, 300.001,129.269
GRASP,Reduced,Best,Best,1,0.5,YFJS04.txt, -0.1, 36946, 300.003,0.092
GRASP,Reduced,Best,Best,1,0.5,YFJS06.txt, -0.1, 41046, 300.003,76.616
GRASP,Reduced,Best,Best,1,0.5,YFJS01.txt, -0.1, 68714, 300.01,0.311
GRASP,Reduced,Best,Best,1,0.5,YFJS07.txt, -0.1, 41625, 300.003,207.27
GRASP,Reduced,Best,Best,1,0.5,YFJS08.txt, -0.1, 32623, 300.002,0.104
GRASP,Reduced,Best,Best,1,0.5,YFJS10.txt, -0.1, 37423, 300.002,1.214
GRASP,Reduced,Best,Best,1,0.5,YFJS09.txt, -0.1, 22681, 300.012,30.033
GRASP,Reduced,Best,Best,1,0.5,DAFJS30.txt, -0.1, 51040, 300.051,292.093
GRASP,Reduced,Best,Best,1,0.5,YFJS12.txt, -0.1, 48545, 300.005,80.164
GRASP,Reduced,Best,Best,1,0.5,YFJS11.txt, -0.1, 48929, 300.016,24.389
GRASP,Reduced,Best,Best,1,0.5,DAFJS01.txt, -0.2, 22063, 300.006,0.31
GRASP,Reduced,Best,Best,1,0.5,YFJS16.txt, -0.1, 114087, 300.015,122.617
GRASP,Reduced,Best,Best,1,0.5,YFJS13.txt, -0.1, 38042, 300.031,79.477
GRASP,Reduced,Best,Best,1,0.5,YFJS14.txt, -0.1, 114069, 300.379,26.346
GRASP,Reduced,Best,Best,1,0.5,YFJS19.txt, -0.1, 94291, 301.185,200.947
GRASP,Reduced,Best,Best,1,0.5,YFJS15.txt, -0.1, 110790, 301.783,213.578
GRASP,Reduced,Best,Best,1,0.5,YFJS20.txt, -0.1, 93679, 303.741,143.872
GRASP,Reduced,Best,Best,1,0.5,YFJS17.txt, -0.1, 107495, 304.483,265.305
GRASP,Reduced,Best,Best,1,0.5,YFJS18.txt, -0.1, 108714, 310.497,149.642
GRASP,Reduced,Best,Best,1,0.5,DAFJS02.txt, -0.2, 24618, 300,0.025
GRASP,Reduced,Best,Best,1,0.5,DAFJS04.txt, -0.2, 45115, 300.002,135.368
GRASP,Reduced,Best,Best,1,0.5,DAFJS05.txt, -0.2, 31848, 300.005,32.899
GRASP,Reduced,Best,Best,1,0.5,DAFJS06.txt, -0.2, 31871, 300.009,108.221
GRASP,Reduced,Best,Best,1,0.5,DAFJS07.txt, -0.2, 40794, 300.017,100.777
GRASP,Reduced,Best,Best,1,0.5,DAFJS09.txt, -0.2, 35757, 300.017,155.007
GRASP,Reduced,Best,Best,1,0.5,DAFJS03.txt, -0.2, 44618, 300.026,261.454
GRASP,Reduced,Best,Best,1,0.5,DAFJS10.txt, -0.2, 37651, 300.02,166.631
GRASP,Reduced,Best,Best,1,0.5,DAFJS08.txt, -0.2, 46034, 300.059,213.303
GRASP,Reduced,Best,Best,1,0.5,DAFJS12.txt, -0.2, 47651, 300.127,150.199
GRASP,Reduced,Best,Best,1,0.5,DAFJS11.txt, -0.2, 49877, 300.133,70.343
GRASP,Reduced,Best,Best,1,0.5,DAFJS13.txt, -0.2, 45537, 300.011,45.088
GRASP,Reduced,Best,Best,1,0.5,DAFJS18.txt, -0.2, 54201, 300.029,292.181
GRASP,Reduced,Best,Best,1,0.5,DAFJS14.txt, -0.2, 51413, 300.042,100.82
GRASP,Reduced,Best,Best,1,0.5,DAFJS17.txt, -0.2, 53669, 300.05,132.597
GRASP,Reduced,Best,Best,1,0.5,DAFJS19.txt, -0.2, 42224, 300.05,195.555
GRASP,Reduced,Best,Best,1,0.5,DAFJS16.txt, -0.2, 54243, 300.056,71.782
GRASP,Reduced,Best,Best,1,0.5,DAFJS23.txt, -0.2, 38409, 300.063,164.442
GRASP,Reduced,Best,Best,1,0.5,DAFJS21.txt, -0.2, 54768, 300.129,10.318
GRASP,Reduced,Best,Best,1,0.5,DAFJS15.txt, -0.2, 51649, 300.195,57.158
GRASP,Reduced,Best,Best,1,0.5,DAFJS22.txt, -0.2, 48563, 300.204,139.474
GRASP,Reduced,Best,Best,1,0.5,DAFJS20.txt, -0.2, 50244, 300.354,127.914
GRASP,Reduced,Best,Best,1,0.5,YFJS02.txt, -0.2, 64487, 300.002,3.839
GRASP,Reduced,Best,Best,1,0.5,YFJS03.txt, -0.2, 30073, 300.001,0.488
GRASP,Reduced,Best,Best,1,0.5,YFJS01.txt, -0.2, 62259, 300.005,30.393
GRASP,Reduced,Best,Best,1,0.5,YFJS04.txt, -0.2, 34533, 300.001,251.409
GRASP,Reduced,Best,Best,1,0.5,DAFJS26.txt, -0.2, 56091, 300.02,276.186
GRASP,Reduced,Best,Best,1,0.5,DAFJS24.txt, -0.2, 44689, 300.051,89.378
GRASP,Reduced,Best,Best,1,0.5,DAFJS30.txt, -0.2, 44496, 300.092,212.388
GRASP,Reduced,Best,Best,1,0.5,DAFJS28.txt, -0.2, 43515, 300.115,2.488
GRASP,Reduced,Best,Best,1,0.5,DAFJS29.txt, -0.2, 52747, 300.213,235.624
GRASP,Reduced,Best,Best,1,0.5,DAFJS25.txt, -0.2, 55844, 300.344,22.212
GRASP,Reduced,Best,Best,1,0.5,DAFJS27.txt, -0.2, 59922, 300.372,274.119
GRASP,Reduced,Best,Best,1,0.5,YFJS05.txt, -0.2, 37670, 300.002,3.907
GRASP,Reduced,Best,Best,1,0.5,YFJS07.txt, -0.2, 37159, 300.002,10.278
GRASP,Reduced,Best,Best,1,0.5,YFJS08.txt, -0.2, 30267, 300.002,0.239
GRASP,Reduced,Best,Best,1,0.5,YFJS06.txt, -0.2, 36812, 300.007,78.739
GRASP,Reduced,Best,Best,1,0.5,YFJS11.txt, -0.2, 45168, 300.002,21.385
GRASP,Reduced,Best,Best,1,0.5,YFJS09.txt, -0.2, 21363, 300.005,269.34
GRASP,Reduced,Best,Best,1,0.5,YFJS10.txt, -0.2, 34922, 300.003,4.789
GRASP,Reduced,Best,Best,1,0.5,YFJS13.txt, -0.2, 34401, 300,14.09
GRASP,Reduced,Best,Best,1,0.5,YFJS12.txt, -0.2, 43656, 300.007,64.435
GRASP,Reduced,Best,Best,1,0.5,YFJS15.txt, -0.2, 96038, 300.351,204.487
GRASP,Reduced,Best,Best,1,0.5,YFJS14.txt, -0.2, 98899, 300.46,173.912
GRASP,Reduced,Best,Best,1,0.5,DAFJS02.txt, -0.3, 22178, 300.001,0.318
GRASP,Reduced,Best,Best,1,0.5,DAFJS01.txt, -0.3, 19960, 300.004,0.163
GRASP,Reduced,Best,Best,1,0.5,DAFJS06.txt, -0.3, 27527, 300.003,143.14
GRASP,Reduced,Best,Best,1,0.5,DAFJS05.txt, -0.3, 27438, 300.007,198.298
GRASP,Reduced,Best,Best,1,0.5,DAFJS03.txt, -0.3, 39489, 300.014,142.64
GRASP,Reduced,Best,Best,1,0.5,DAFJS04.txt, -0.3, 39472, 300.014,293.417
GRASP,Reduced,Best,Best,1,0.5,YFJS16.txt, -0.2, 99859, 300.48,106.557
GRASP,Reduced,Best,Best,1,0.5,YFJS20.txt, -0.2, 83044, 305.21,53.835
GRASP,Reduced,Best,Best,1,0.5,YFJS17.txt, -0.2, 85736, 306.011,0
GRASP,Reduced,Best,Best,1,0.5,YFJS19.txt, -0.2, 89561, 308.568,0
GRASP,Reduced,Best,Best,1,0.5,YFJS18.txt, -0.2, 97645, 310.133,103.406
GRASP,Reduced,Best,Best,1,0.5,DAFJS09.txt, -0.3, 31015, 300.013,28.185
GRASP,Reduced,Best,Best,1,0.5,DAFJS13.txt, -0.3, 37817, 300.017,253.834
GRASP,Reduced,Best,Best,1,0.5,DAFJS10.txt, -0.3, 32039, 300.023,276.247
GRASP,Reduced,Best,Best,1,0.5,DAFJS14.txt, -0.3, 43102, 300.035,7.033
GRASP,Reduced,Best,Best,1,0.5,DAFJS07.txt, -0.3, 36768, 300.049,150.077
GRASP,Reduced,Best,Best,1,0.5,DAFJS11.txt, -0.3, 42944, 300.051,269.547
GRASP,Reduced,Best,Best,1,0.5,DAFJS08.txt, -0.3, 40220, 300.055,211.096
GRASP,Reduced,Best,Best,1,0.5,DAFJS15.txt, -0.3, 44404, 300.098,195.013
GRASP,Reduced,Best,Best,1,0.5,DAFJS16.txt, -0.3, 45774, 300.097,72.187
GRASP,Reduced,Best,Best,1,0.5,DAFJS17.txt, -0.3, 43849, 300.148,272.445
GRASP,Reduced,Best,Best,1,0.5,DAFJS12.txt, -0.3, 41689, 300.337,167.97
GRASP,Reduced,Best,Best,1,0.5,DAFJS24.txt, -0.3, 37591, 300.023,119.525
GRASP,Reduced,Best,Best,1,0.5,DAFJS28.txt, -0.3, 38134, 300.026,100.768
GRASP,Reduced,Best,Best,1,0.5,DAFJS18.txt, -0.3, 46111, 300.062,162.641
GRASP,Reduced,Best,Best,1,0.5,DAFJS19.txt, -0.3, 36449, 300.063,270.388
GRASP,Reduced,Best,Best,1,0.5,DAFJS23.txt, -0.3, 34099, 300.068,64.661
GRASP,Reduced,Best,Best,1,0.5,DAFJS22.txt, -0.3, 40294, 300.128,219.737
GRASP,Reduced,Best,Best,1,0.5,DAFJS25.txt, -0.3, 46892, 300.175,205.168
GRASP,Reduced,Best,Best,1,0.5,DAFJS26.txt, -0.3, 46477, 300.175,203.872
GRASP,Reduced,Best,Best,1,0.5,DAFJS20.txt, -0.3, 42703, 300.2,196.508
GRASP,Reduced,Best,Best,1,0.5,DAFJS21.txt, -0.3, 46314, 300.254,156.591
GRASP,Reduced,Best,Best,1,0.5,DAFJS27.txt, -0.3, 50434, 300.322,191.753
GRASP,Reduced,Best,Best,1,0.5,YFJS01.txt, -0.3, 55458, 300.001,2.974
GRASP,Reduced,Best,Best,1,0.5,YFJS03.txt, -0.3, 27686, 300.001,0.012
GRASP,Reduced,Best,Best,1,0.5,YFJS04.txt, -0.3, 31267, 300.002,0.006
GRASP,Reduced,Best,Best,1,0.5,YFJS05.txt, -0.3, 34430, 300.001,5.633
GRASP,Reduced,Best,Best,1,0.5,YFJS07.txt, -0.3, 33311, 300,180.375
GRASP,Reduced,Best,Best,1,0.5,YFJS02.txt, -0.3, 58279, 300.006,4.634
GRASP,Reduced,Best,Best,1,0.5,YFJS08.txt, -0.3, 28560, 300.004,0.954
GRASP,Reduced,Best,Best,1,0.5,YFJS06.txt, -0.3, 33557, 300.007,136.001
GRASP,Reduced,Best,Best,1,0.5,YFJS09.txt, -0.3, 20077, 300.011,191.764
GRASP,Reduced,Best,Best,1,0.5,DAFJS30.txt, -0.3, 37942, 300.027,299.151
GRASP,Reduced,Best,Best,1,0.5,DAFJS29.txt, -0.3, 45534, 300.128,295.251
GRASP,Reduced,Best,Best,1,0.5,YFJS10.txt, -0.3, 32582, 300,4.589
GRASP,Reduced,Best,Best,1,0.5,YFJS11.txt, -0.3, 40735, 300.009,67.137
GRASP,Reduced,Best,Best,1,0.5,YFJS13.txt, -0.3, 31823, 300.006,2.338
GRASP,Reduced,Best,Best,1,0.5,YFJS12.txt, -0.3, 39123, 300.009,202.707
GRASP,Reduced,Best,Best,1,0.5,YFJS15.txt, -0.3, 85566, 300.205,200.86
GRASP,Reduced,Best,Best,1,0.5,YFJS16.txt, -0.3, 86902, 300.397,227.167
GRASP,Reduced,Best,Best,1,0.5,YFJS14.txt, -0.3, 85182, 300.515,76.595
GRASP,Reduced,Best,Best,1,0.5,YFJS18.txt, -0.3, 87059, 300.62,0
GRASP,Reduced,Best,Best,1,0.5,YFJS19.txt, -0.3, 74431, 301.691,0
GRASP,Reduced,Best,Best,1,0.5,YFJS17.txt, -0.3, 73682, 307.107,0
GRASP,Reduced,Best,Best,1,0.5,YFJS20.txt, -0.3, 72481, 307.636,0
GRASP,Reduced,Best,Best,1,0.5,DAFJS01.txt, -0.1, 24519, 300,7.058
GRASP,Reduced,Best,Best,1,0.5,DAFJS02.txt, -0.1, 26869, 300.001,0.017
GRASP,Reduced,Best,Best,1,0.5,DAFJS03.txt, -0.1, 50560, 300.006,48.133
GRASP,Reduced,Best,Best,1,0.5,DAFJS04.txt, -0.1, 51988, 300.006,109.213
GRASP,Reduced,Best,Best,1,0.5,DAFJS05.txt, -0.1, 36874, 300.008,87.577
GRASP,Reduced,Best,Best,1,0.5,DAFJS09.txt, -0.1, 41381, 300.007,20.72
GRASP,Reduced,Best,Best,1,0.5,DAFJS06.txt, -0.1, 36522, 300.023,273.604
GRASP,Reduced,Best,Best,1,0.5,DAFJS08.txt, -0.1, 53882, 300.023,286.448
GRASP,Reduced,Best,Best,1,0.5,DAFJS10.txt, -0.1, 45342, 300.026,150.347
GRASP,Reduced,Best,Best,1,0.5,DAFJS11.txt, -0.1, 59575, 300.11,198.615
GRASP,Reduced,Best,Best,1,0.5,DAFJS07.txt, -0.1, 46769, 300.138,72.157
GRASP,Reduced,Best,Best,1,0.5,DAFJS16.txt, -0.1, 65182, 300.024,271.418
GRASP,Reduced,Best,Best,1,0.5,DAFJS13.txt, -0.1, 54515, 300.031,52.092
GRASP,Reduced,Best,Best,1,0.5,DAFJS19.txt, -0.1, 47943, 300.031,52.46
GRASP,Reduced,Best,Best,1,0.5,DAFJS14.txt, -0.1, 62001, 300.043,294.543
GRASP,Reduced,Best,Best,1,0.5,DAFJS21.txt, -0.1, 68221, 300.048,160.824
GRASP,Reduced,Best,Best,1,0.5,DAFJS18.txt, -0.1, 67053, 300.085,267.636
GRASP,Reduced,Best,Best,1,0.5,DAFJS17.txt, -0.1, 66004, 300.102,292.953
GRASP,Reduced,Best,Best,1,0.5,DAFJS22.txt, -0.1, 60163, 300.105,285.384
GRASP,Reduced,Best,Best,1,0.5,DAFJS20.txt, -0.1, 60321, 300.249,84.925
GRASP,Reduced,Best,Best,1,0.5,DAFJS15.txt, -0.1, 60604, 300.423,35.94
GRASP,Reduced,Best,Best,1,0.5,DAFJS12.txt, -0.1, 57439, 300.477,4.369
GRASP,Reduced,Best,Best,1,0.5,YFJS02.txt, -0.1, 72681, 300.001,7.747
GRASP,Reduced,Best,Best,1,0.5,YFJS03.txt, -0.1, 32662, 300.001,0.006
GRASP,Reduced,Best,Best,1,0.5,YFJS01.txt, -0.1, 68714, 300.004,0.022
GRASP,Reduced,Best,Best,1,0.5,DAFJS23.txt, -0.1, 44603, 300.021,218.245
GRASP,Reduced,Best,Best,1,0.5,DAFJS24.txt, -0.1, 50331, 300.063,281.346
GRASP,Reduced,Best,Best,1,0.5,DAFJS26.txt, -0.1, 66078, 300.061,121.466
GRASP,Reduced,Best,Best,1,0.5,DAFJS28.txt, -0.1, 50599, 300.062,244.402
GRASP,Reduced,Best,Best,1,0.5,DAFJS30.txt, -0.1, 51268, 300.076,179.925
GRASP,Reduced,Best,Best,1,0.5,DAFJS25.txt, -0.1, 67401, 300.109,118.144
GRASP,Reduced,Best,Best,1,0.5,DAFJS29.txt, -0.1, 60087, 300.148,192.396
GRASP,Reduced,Best,Best,1,0.5,DAFJS27.txt, -0.1, 71857, 300.342,226.314
GRASP,Reduced,Best,Best,1,0.5,YFJS04.txt, -0.1, 36946, 300,1.476
GRASP,Reduced,Best,Best,1,0.5,YFJS06.txt, -0.1, 41046, 300,71.695
GRASP,Reduced,Best,Best,1,0.5,YFJS05.txt, -0.1, 41034, 300.002,14.296
GRASP,Reduced,Best,Best,1,0.5,YFJS07.txt, -0.1, 41394, 300.004,75.179
GRASP,Reduced,Best,Best,1,0.5,YFJS08.txt, -0.1, 32623, 300.003,0.136
GRASP,Reduced,Best,Best,1,0.5,YFJS10.txt, -0.1, 37423, 300.002,0.74
GRASP,Reduced,Best,Best,1,0.5,YFJS12.txt, -0.1, 48545, 300.004,201.9
GRASP,Reduced,Best,Best,1,0.5,YFJS09.txt, -0.1, 22681, 300.008,6.303
GRASP,Reduced,Best,Best,1,0.5,YFJS11.txt, -0.1, 48929, 300.008,20.113
GRASP,Reduced,Best,Best,1,0.5,YFJS13.txt, -0.1, 38042, 300.013,17.521
GRASP,Reduced,Best,Best,1,0.5,YFJS14.txt, -0.1, 113411, 300.317,37.488
GRASP,Reduced,Best,Best,1,0.5,DAFJS01.txt, -0.2, 22063, 300,0.375
GRASP,Reduced,Best,Best,1,0.5,DAFJS02.txt, -0.2, 24618, 300,0.088
GRASP,Reduced,Best,Best,1,0.5,DAFJS04.txt, -0.2, 44912, 300.001,185.863
GRASP,Reduced,Best,Best,1,0.5,DAFJS03.txt, -0.2, 44542, 300.005,280.762
GRASP,Reduced,Best,Best,1,0.5,DAFJS05.txt, -0.2, 31848, 300.007,110.096
GRASP,Reduced,Best,Best,1,0.5,YFJS15.txt, -0.1, 112156, 300.936,139.249
GRASP,Reduced,Best,Best,1,0.5,YFJS16.txt, -0.1, 111251, 301.095,166.25
GRASP,Reduced,Best,Best,1,0.5,YFJS20.txt, -0.1, 97868, 301.669,0
GRASP,Reduced,Best,Best,1,0.5,YFJS17.txt, -0.1, 106536, 302.574,103.741
GRASP,Reduced,Best,Best,1,0.5,YFJS19.txt, -0.1, 101398, 302.927,99.697
GRASP,Reduced,Best,Best,1,0.5,YFJS18.txt, -0.1, 117649, 303.241,255.416
GRASP,Reduced,Best,Best,1,0.5,DAFJS09.txt, -0.2, 35806, 300.001,1.797
GRASP,Reduced,Best,Best,1,0.5,DAFJS10.txt, -0.2, 38353, 300.002,153.493
GRASP,Reduced,Best,Best,1,0.5,DAFJS14.txt, -0.2, 51621, 300.004,273.061
GRASP,Reduced,Best,Best,1,0.5,DAFJS13.txt, -0.2, 45365, 300.013,140.619
GRASP,Reduced,Best,Best,1,0.5,DAFJS06.txt, -0.2, 32275, 300.041,4.059
GRASP,Reduced,Best,Best,1,0.5,DAFJS07.txt, -0.2, 41133, 300.052,293.798
GRASP,Reduced,Best,Best,1,0.5,DAFJS08.txt, -0.2, 46294, 300.057,178.691
GRASP,Reduced,Best,Best,1,0.5,DAFJS16.txt, -0.2, 55269, 300.096,57.174
GRASP,Reduced,Best,Best,1,0.5,DAFJS11.txt, -0.2, 49998, 300.112,113.648
GRASP,Reduced,Best,Best,1,0.5,DAFJS15.txt, -0.2, 51977, 300.107,99.982
GRASP,Reduced,Best,Best,1,0.5,DAFJS12.txt, -0.2, 48354, 300.2,142.612
GRASP,Reduced,Best,Best,1,0.5,DAFJS24.txt, -0.2, 44208, 300.007,270.727
GRASP,Reduced,Best,Best,1,0.5,DAFJS19.txt, -0.2, 41111, 300.018,42.631
GRASP,Reduced,Best,Best,1,0.5,DAFJS23.txt, -0.2, 38742, 300.02,245.439
GRASP,Reduced,Best,Best,1,0.5,DAFJS20.txt, -0.2, 50386, 300.064,218.424
GRASP,Reduced,Best,Best,1,0.5,DAFJS26.txt, -0.2, 54850, 300.077,184.239
GRASP,Reduced,Best,Best,1,0.5,DAFJS18.txt, -0.2, 54552, 300.099,63.274
GRASP,Reduced,Best,Best,1,0.5,DAFJS22.txt, -0.2, 49601, 300.097,169.682
GRASP,Reduced,Best,Best,1,0.5,DAFJS17.txt, -0.2, 53829, 300.124,180.06
GRASP,Reduced,Best,Best,1,0.5,DAFJS21.txt, -0.2, 55409, 300.178,186.431
GRASP,Reduced,Best,Best,1,0.5,DAFJS27.txt, -0.2, 59168, 300.2,161.531
GRASP,Reduced,Best,Best,1,0.5,DAFJS25.txt, -0.2, 57018, 300.232,239.652
GRASP,Reduced,Best,Best,1,0.5,YFJS03.txt, -0.2, 30073, 300,0.038
GRASP,Reduced,Best,Best,1,0.5,YFJS01.txt, -0.2, 62259, 300.003,38.209
GRASP,Reduced,Best,Best,1,0.5,YFJS02.txt, -0.2, 64487, 300.003,5.361
GRASP,Reduced,Best,Best,1,0.5,YFJS05.txt, -0.2, 37670, 300.002,0.271
GRASP,Reduced,Best,Best,1,0.5,YFJS07.txt, -0.2, 37159, 300,90.536
GRASP,Reduced,Best,Best,1,0.5,YFJS06.txt, -0.2, 37668, 300.002,129.197
GRASP,Reduced,Best,Best,1,0.5,YFJS04.txt, -0.2, 34242, 300.004,280.472
GRASP,Reduced,Best,Best,1,0.5,YFJS08.txt, -0.2, 30267, 300,0.137
GRASP,Reduced,Best,Best,1,0.5,DAFJS30.txt, -0.2, 44242, 300.021,137.207
GRASP,Reduced,Best,Best,1,0.5,DAFJS29.txt, -0.2, 53308, 300.037,66.207
GRASP,Reduced,Best,Best,1,0.5,DAFJS28.txt, -0.2, 43633, 300.06,233.15
GRASP,Reduced,Best,Best,1,0.5,YFJS10.txt, -0.2, 34922, 300.004,21.818
GRASP,Reduced,Best,Best,1,0.5,YFJS11.txt, -0.2, 45168, 300.003,36.402
GRASP,Reduced,Best,Best,1,0.5,YFJS14.txt, -0.2, 97737, 300.001,248.759
GRASP,Reduced,Best,Best,1,0.5,YFJS09.txt, -0.2, 21363, 300.007,56.734
GRASP,Reduced,Best,Best,1,0.5,YFJS12.txt, -0.2, 43656, 300.006,62.427
GRASP,Reduced,Best,Best,1,0.5,YFJS13.txt, -0.2, 34401, 300.01,14.394
GRASP,Reduced,Best,Best,1,0.5,YFJS16.txt, -0.2, 99701, 300.347,260.933
GRASP,Reduced,Best,Best,1,0.5,YFJS15.txt, -0.2, 96386, 300.516,262.423
GRASP,Reduced,Best,Best,1,0.5,YFJS19.txt, -0.2, 85925, 301.755,232.914
GRASP,Reduced,Best,Best,1,0.5,YFJS18.txt, -0.2, 95172, 302.567,38.577
GRASP,Reduced,Best,Best,1,0.5,YFJS17.txt, -0.2, 85736, 303.793,0
GRASP,Reduced,Best,Best,1,0.5,DAFJS02.txt, -0.3, 22178, 300,0.138
GRASP,Reduced,Best,Best,1,0.5,DAFJS01.txt, -0.3, 19960, 300.003,0.577
GRASP,Reduced,Best,Best,1,0.5,DAFJS05.txt, -0.3, 28184, 300.002,44.111
GRASP,Reduced,Best,Best,1,0.5,DAFJS03.txt, -0.3, 39775, 300.006,184.068
GRASP,Reduced,Best,Best,1,0.5,DAFJS09.txt, -0.3, 31008, 300.005,232.823
GRASP,Reduced,Best,Best,1,0.5,DAFJS04.txt, -0.3, 39446, 300.013,258.526
GRASP,Reduced,Best,Best,1,0.5,DAFJS06.txt, -0.3, 27673, 300.017,123.551
GRASP,Reduced,Best,Best,1,0.5,DAFJS10.txt, -0.3, 31678, 300.024,279.272
GRASP,Reduced,Best,Best,1,0.5,DAFJS07.txt, -0.3, 36687, 300.053,222.166
GRASP,Reduced,Best,Best,1,0.5,DAFJS08.txt, -0.3, 40063, 300.067,257.65
GRASP,Reduced,Best,Best,1,0.5,YFJS20.txt, -0.2, 84006, 311.645,31.835
GRASP,Reduced,Best,Best,1,0.5,DAFJS14.txt, -0.3, 42678, 300.018,164.272
GRASP,Reduced,Best,Best,1,0.5,DAFJS19.txt, -0.3, 36296, 300.015,269.787
GRASP,Reduced,Best,Best,1,0.5,DAFJS13.txt, -0.3, 37736, 300.026,84.125
GRASP,Reduced,Best,Best,1,0.5,DAFJS18.txt, -0.3, 46059, 300.043,105.457
GRASP,Reduced,Best,Best,1,0.5,DAFJS11.txt, -0.3, 43025, 300.083,244.877
GRASP,Reduced,Best,Best,1,0.5,DAFJS17.txt, -0.3, 43892, 300.09,258.99
GRASP,Reduced,Best,Best,1,0.5,DAFJS16.txt, -0.3, 45930, 300.101,12.781
GRASP,Reduced,Best,Best,1,0.5,DAFJS15.txt, -0.3, 44200, 300.149,266.928
GRASP,Reduced,Best,Best,1,0.5,DAFJS12.txt, -0.3, 41739, 300.182,103.31
GRASP,Reduced,Best,Best,1,0.5,DAFJS20.txt, -0.3, 42209, 300.197,217.171
GRASP,Reduced,Best,Best,1,0.5,DAFJS21.txt, -0.3, 46014, 300.297,285.952
GRASP,Reduced,Best,Best,1,0.5,YFJS01.txt, -0.3, 55458, 300.004,1.686
GRASP,Reduced,Best,Best,1,0.5,YFJS02.txt, -0.3, 58279, 300.007,118.238
GRASP,Reduced,Best,Best,1,0.5,DAFJS23.txt, -0.3, 34204, 300.063,273.551
GRASP,Reduced,Best,Best,1,0.5,DAFJS29.txt, -0.3, 45580, 300.086,3.931
GRASP,Reduced,Best,Best,1,0.5,DAFJS24.txt, -0.3, 38539, 300.093,27.267
GRASP,Reduced,Best,Best,1,0.5,DAFJS28.txt, -0.3, 38324, 300.098,106.61
GRASP,Reduced,Best,Best,1,0.5,DAFJS26.txt, -0.3, 47950, 300.117,144.641
GRASP,Reduced,Best,Best,1,0.5,DAFJS25.txt, -0.3, 47357, 300.128,191.219
GRASP,Reduced,Best,Best,1,0.5,DAFJS30.txt, -0.3, 38691, 300.135,39.169
GRASP,Reduced,Best,Best,1,0.5,DAFJS22.txt, -0.3, 39824, 300.172,191.894
GRASP,Reduced,Best,Best,1,0.5,DAFJS27.txt, -0.3, 49901, 300.573,77.059
GRASP,Reduced,Best,Best,1,0.5,YFJS03.txt, -0.3, 27686, 300.001,0.004
GRASP,Reduced,Best,Best,1,0.5,YFJS04.txt, -0.3, 31267, 300.002,0.009
GRASP,Reduced,Best,Best,1,0.5,YFJS07.txt, -0.3, 33471, 300,171.407
GRASP,Reduced,Best,Best,1,0.5,YFJS06.txt, -0.3, 33557, 300.002,176.54
GRASP,Reduced,Best,Best,1,0.5,YFJS05.txt, -0.3, 34430, 300.004,10.101
GRASP,Reduced,Best,Best,1,0.5,YFJS08.txt, -0.3, 28560, 300.001,4.132
GRASP,Reduced,Best,Best,1,0.5,YFJS10.txt, -0.3, 32582, 300.001,5.224
GRASP,Reduced,Best,Best,1,0.5,YFJS09.txt, -0.3, 20077, 300.008,252.763
GRASP,Reduced,Best,Best,1,0.5,YFJS11.txt, -0.3, 40735, 300.007,38.418
GRASP,Reduced,Best,Best,1,0.5,YFJS13.txt, -0.3, 31823, 300.007,7.516
GRASP,Reduced,Best,Best,1,0.5,YFJS12.txt, -0.3, 39123, 300.01,53.438
GRASP,Reduced,Best,Best,1,0.5,DAFJS02.txt, -0.1, 26869, 300,0.287
GRASP,Reduced,Best,Best,1,0.5,DAFJS01.txt, -0.1, 24478, 300.004,7.904
GRASP,Reduced,Best,Best,1,0.5,DAFJS04.txt, -0.1, 51927, 300.001,147.233
GRASP,Reduced,Best,Best,1,0.5,DAFJS03.txt, -0.1, 50579, 300.026,229.961
GRASP,Reduced,Best,Best,1,0.5,YFJS16.txt, -0.3, 86157, 300.116,278.42
GRASP,Reduced,Best,Best,1,0.5,YFJS15.txt, -0.3, 85131, 300.596,286.395
GRASP,Reduced,Best,Best,1,0.5,YFJS14.txt, -0.3, 85386, 301.381,13.961
GRASP,Reduced,Best,Best,1,0.5,YFJS18.txt, -0.3, 86198, 304.653,93.613
GRASP,Reduced,Best,Best,1,0.5,YFJS20.txt, -0.3, 72481, 305.463,0
GRASP,Reduced,Best,Best,1,0.5,YFJS19.txt, -0.3, 69521, 305.883,86.322
GRASP,Reduced,Best,Best,1,0.5,YFJS17.txt, -0.3, 73682, 307.528,0
GRASP,Reduced,Best,Best,1,0.5,DAFJS06.txt, -0.1, 37123, 300,191.084
GRASP,Reduced,Best,Best,1,0.5,DAFJS05.txt, -0.1, 36874, 300.002,150.414
GRASP,Reduced,Best,Best,1,0.5,DAFJS08.txt, -0.1, 54017, 300.006,16.198
GRASP,Reduced,Best,Best,1,0.5,DAFJS09.txt, -0.1, 41381, 300.007,125.483
GRASP,Reduced,Best,Best,1,0.5,DAFJS10.txt, -0.1, 45700, 300.013,129.441
GRASP,Reduced,Best,Best,1,0.5,DAFJS11.txt, -0.1, 58955, 300.038,180.29
GRASP,Reduced,Best,Best,1,0.5,DAFJS07.txt, -0.1, 46748, 300.045,31.491
GRASP,Reduced,Best,Best,1,0.5,DAFJS13.txt, -0.1, 54782, 300.055,19.207
GRASP,Reduced,Best,Best,1,0.5,DAFJS14.txt, -0.1, 61689, 300.105,253.45
GRASP,Reduced,Best,Best,1,0.5,DAFJS15.txt, -0.1, 60625, 300.135,34.424
GRASP,Reduced,Best,Best,1,0.5,DAFJS12.txt, -0.1, 57131, 300.479,39.639
GRASP,Reduced,Best,Best,1,0.5,DAFJS18.txt, -0.1, 67171, 300.01,182.516
GRASP,Reduced,Best,Best,1,0.5,DAFJS23.txt, -0.1, 44572, 300.019,181.126
GRASP,Reduced,Best,Best,1,0.5,DAFJS24.txt, -0.1, 50735, 300.028,162.119
GRASP,Reduced,Best,Best,1,0.5,DAFJS25.txt, -0.1, 67468, 300.027,184.298
GRASP,Reduced,Best,Best,1,0.5,DAFJS20.txt, -0.1, 59657, 300.065,215.253
GRASP,Reduced,Best,Best,1,0.5,DAFJS19.txt, -0.1, 47550, 300.071,6.97
GRASP,Reduced,Best,Best,1,0.5,DAFJS26.txt, -0.1, 65678, 300.087,132.954
GRASP,Reduced,Best,Best,1,0.5,DAFJS22.txt, -0.1, 60303, 300.157,263.455
GRASP,Reduced,Best,Best,1,0.5,DAFJS17.txt, -0.1, 65922, 300.187,155.709
GRASP,Reduced,Best,Best,1,0.5,DAFJS21.txt, -0.1, 67918, 300.22,207.466
GRASP,Reduced,Best,Best,1,0.5,DAFJS16.txt, -0.1, 64319, 300.281,63.014
GRASP,Reduced,Best,Best,1,0.5,DAFJS29.txt, -0.1, 60844, 300.002,258.117
GRASP,Reduced,Best,Best,1,0.5,YFJS03.txt, -0.1, 32662, 300,0.04
GRASP,Reduced,Best,Best,1,0.5,YFJS04.txt, -0.1, 36946, 300.001,0.018
GRASP,Reduced,Best,Best,1,0.5,YFJS06.txt, -0.1, 41123, 300,16.528
GRASP,Reduced,Best,Best,1,0.5,YFJS02.txt, -0.1, 72681, 300.006,13.503
GRASP,Reduced,Best,Best,1,0.5,YFJS01.txt, -0.1, 68714, 300.007,0.476
GRASP,Reduced,Best,Best,1,0.5,YFJS05.txt, -0.1, 41034, 300.003,7.615
GRASP,Reduced,Best,Best,1,0.5,YFJS07.txt, -0.1, 41394, 300.003,30.737
GRASP,Reduced,Best,Best,1,0.5,DAFJS28.txt, -0.1, 49319, 300.032,222.631
GRASP,Reduced,Best,Best,1,0.5,DAFJS30.txt, -0.1, 51224, 300.107,145.817
GRASP,Reduced,Best,Best,1,0.5,DAFJS27.txt, -0.1, 71632, 300.413,34.995
GRASP,Reduced,Best,Best,1,0.5,YFJS09.txt, -0.1, 22681, 300.003,24.045
GRASP,Reduced,Best,Best,1,0.5,YFJS08.txt, -0.1, 32623, 300.004,0.529
GRASP,Reduced,Best,Best,1,0.5,YFJS10.txt, -0.1, 37423, 300.002,1.969
GRASP,Reduced,Best,Best,1,0.5,YFJS13.txt, -0.1, 38042, 300.002,32.901
GRASP,Reduced,Best,Best,1,0.5,YFJS11.txt, -0.1, 48929, 300.006,152.978
GRASP,Reduced,Best,Best,1,0.5,YFJS12.txt, -0.1, 47925, 300.006,245.313
GRASP,Reduced,Best,Best,1,0.5,YFJS14.txt, -0.1, 113568, 300.174,66.142
GRASP,Reduced,Best,Best,1,0.5,YFJS15.txt, -0.1, 113691, 300.19,132.241
GRASP,Reduced,Best,Best,1,0.5,YFJS16.txt, -0.1, 110958, 300.419,122.902
GRASP,Reduced,Best,Best,1,0.5,YFJS18.txt, -0.1, 118039, 301.649,116.028
GRASP,Reduced,Best,Best,1,0.5,YFJS17.txt, -0.1, 103736, 304.205,191.741
GRASP,Reduced,Best,Best,1,0.5,DAFJS02.txt, -0.2, 24618, 300.001,0.337
GRASP,Reduced,Best,Best,1,0.5,DAFJS05.txt, -0.2, 32486, 300,57.04
GRASP,Reduced,Best,Best,1,0.5,DAFJS03.txt, -0.2, 44543, 300.003,182.713
GRASP,Reduced,Best,Best,1,0.5,DAFJS01.txt, -0.2, 22063, 300.009,0.06
GRASP,Reduced,Best,Best,1,0.5,DAFJS06.txt, -0.2, 30955, 300.006,53.196
GRASP,Reduced,Best,Best,1,0.5,DAFJS04.txt, -0.2, 45042, 300.01,28.763
GRASP,Reduced,Best,Best,1,0.5,DAFJS09.txt, -0.2, 35757, 300.008,56.646
GRASP,Reduced,Best,Best,1,0.5,DAFJS07.txt, -0.2, 41348, 300.046,62.174
GRASP,Reduced,Best,Best,1,0.5,DAFJS08.txt, -0.2, 46496, 300.085,172.722
GRASP,Reduced,Best,Best,1,0.5,YFJS19.txt, -0.1, 98948, 300.647,31.83
GRASP,Reduced,Best,Best,1,0.5,YFJS20.txt, -0.1, 97868, 314.703,0
GRASP,Reduced,Best,Best,1,0.5,DAFJS11.txt, -0.2, 50392, 300.004,75.5
GRASP,Reduced,Best,Best,1,0.5,DAFJS18.txt, -0.2, 55232, 300.012,9.924
GRASP,Reduced,Best,Best,1,0.5,DAFJS10.txt, -0.2, 37972, 300.029,114.319
GRASP,Reduced,Best,Best,1,0.5,DAFJS15.txt, -0.2, 51634, 300.023,288.054
GRASP,Reduced,Best,Best,1,0.5,DAFJS14.txt, -0.2, 51738, 300.033,226.693
GRASP,Reduced,Best,Best,1,0.5,DAFJS13.txt, -0.2, 45313, 300.046,273.683
GRASP,Reduced,Best,Best,1,0.5,DAFJS20.txt, -0.2, 50897, 300.067,133.961
GRASP,Reduced,Best,Best,1,0.5,DAFJS12.txt, -0.2, 47753, 300.079,63.368
GRASP,Reduced,Best,Best,1,0.5,DAFJS19.txt, -0.2, 42156, 300.08,50.375
GRASP,Reduced,Best,Best,1,0.5,DAFJS17.txt, -0.2, 53781, 300.091,218.555
GRASP,Reduced,Best,Best,1,0.5,DAFJS16.txt, -0.2, 55172, 300.161,99.714
GRASP,Reduced,Best,Best,1,0.5,DAFJS25.txt, -0.2, 56737, 300.014,161.139
GRASP,Reduced,Best,Best,1,0.5,YFJS01.txt, -0.2, 62259, 300.009,46.272
GRASP,Reduced,Best,Best,1,0.5,DAFJS28.txt, -0.2, 43136, 300.017,47.522
GRASP,Reduced,Best,Best,1,0.5,DAFJS30.txt, -0.2, 44669, 300.018,212.092
GRASP,Reduced,Best,Best,1,0.5,DAFJS22.txt, -0.2, 49082, 300.043,155.491
GRASP,Reduced,Best,Best,1,0.5,DAFJS29.txt, -0.2, 51898, 300.04,267.332
GRASP,Reduced,Best,Best,1,0.5,DAFJS24.txt, -0.2, 44634, 300.054,249.383
GRASP,Reduced,Best,Best,1,0.5,DAFJS23.txt, -0.2, 38742, 300.105,80.519
GRASP,Reduced,Best,Best,1,0.5,DAFJS21.txt, -0.2, 55069, 300.239,201.814
GRASP,Reduced,Best,Best,1,0.5,DAFJS27.txt, -0.2, 59515, 300.391,199.115
GRASP,Reduced,Best,Best,1,0.5,DAFJS26.txt, -0.2, 55974, 300.398,240.131
GRASP,Reduced,Best,Best,1,0.5,YFJS03.txt, -0.2, 30073, 300,0.002
GRASP,Reduced,Best,Best,1,0.5,YFJS02.txt, -0.2, 64487, 300.001,18.025
GRASP,Reduced,Best,Best,1,0.5,YFJS04.txt, -0.2, 34697, 300,1.112
GRASP,Reduced,Best,Best,1,0.5,YFJS06.txt, -0.2, 37768, 300.001,88.301
GRASP,Reduced,Best,Best,1,0.5,YFJS05.txt, -0.2, 37670, 300.003,2.516
GRASP,Reduced,Best,Best,1,0.5,YFJS07.txt, -0.2, 37159, 300.001,73.504
GRASP,Reduced,Best,Best,1,0.5,YFJS08.txt, -0.2, 30267, 300.001,3.746
GRASP,Reduced,Best,Best,1,0.5,YFJS10.txt, -0.2, 34922, 300.001,8.263
GRASP,Reduced,Best,Best,1,0.5,YFJS11.txt, -0.2, 45168, 300.002,54.473
GRASP,Reduced,Best,Best,1,0.5,YFJS09.txt, -0.2, 21363, 300.006,1.896
GRASP,Reduced,Best,Best,1,0.5,YFJS12.txt, -0.2, 43656, 300.005,108.674
GRASP,Reduced,Best,Best,1,0.5,YFJS13.txt, -0.2, 34401, 300.004,27.106
GRASP,Reduced,Best,Best,1,0.5,DAFJS01.txt, -0.3, 19960, 300.001,2.219
GRASP,Reduced,Best,Best,1,0.5,DAFJS02.txt, -0.3, 22178, 300.003,0.013
GRASP,Reduced,Best,Best,1,0.5,DAFJS03.txt, -0.3, 39541, 300.046,54.497
GRASP,Reduced,Best,Best,1,0.5,YFJS15.txt, -0.2, 96647, 300.54,36.216
GRASP,Reduced,Best,Best,1,0.5,YFJS16.txt, -0.2, 99775, 301.155,6.779
GRASP,Reduced,Best,Best,1,0.5,YFJS14.txt, -0.2, 103510, 301.386,19.439
GRASP,Reduced,Best,Best,1,0.5,YFJS19.txt, -0.2, 82892, 302.016,164.356
GRASP,Reduced,Best,Best,1,0.5,YFJS17.txt, -0.2, 85736, 302.125,0
GRASP,Reduced,Best,Best,1,0.5,YFJS20.txt, -0.2, 81491, 304.724,156.912
GRASP,Reduced,Best,Best,1,0.5,YFJS18.txt, -0.2, 97706, 307.857,184.214
GRASP,Reduced,Best,Best,1,0.5,DAFJS05.txt, -0.3, 28184, 300.002,72.075
GRASP,Reduced,Best,Best,1,0.5,DAFJS04.txt, -0.3, 39330, 300.007,274.263
GRASP,Reduced,Best,Best,1,0.5,DAFJS06.txt, -0.3, 27614, 300.007,221.76
GRASP,Reduced,Best,Best,1,0.5,DAFJS09.txt, -0.3, 31015, 300.008,51.384
GRASP,Reduced,Best,Best,1,0.5,DAFJS13.txt, -0.3, 38258, 300.01,269.969
GRASP,Reduced,Best,Best,1,0.5,DAFJS08.txt, -0.3, 39759, 300.019,169.49
GRASP,Reduced,Best,Best,1,0.5,DAFJS14.txt, -0.3, 43089, 300.023,295.651
GRASP,Reduced,Best,Best,1,0.5,DAFJS10.txt, -0.3, 31907, 300.03,127.307
GRASP,Reduced,Best,Best,1,0.5,DAFJS07.txt, -0.3, 36289, 300.039,240.854
GRASP,Reduced,Best,Best,1,0.5,DAFJS12.txt, -0.3, 41229, 300.065,69.916
GRASP,Reduced,Best,Best,1,0.5,DAFJS11.txt, -0.3, 42008, 300.122,6.446
GRASP,Reduced,Best,Best,1,0.5,DAFJS19.txt, -0.3, 35902, 300.029,152.527
GRASP,Reduced,Best,Best,1,0.5,DAFJS18.txt, -0.3, 45832, 300.035,41.505
GRASP,Reduced,Best,Best,1,0.5,DAFJS17.txt, -0.3, 44099, 300.055,267.291
GRASP,Reduced,Best,Best,1,0.5,DAFJS22.txt, -0.3, 39872, 300.057,137.025
GRASP,Reduced,Best,Best,1,0.5,DAFJS23.txt, -0.3, 33700, 300.056,212.778
GRASP,Reduced,Best,Best,1,0.5,DAFJS24.txt, -0.3, 38117, 300.083,201.363
GRASP,Reduced,Best,Best,1,0.5,DAFJS20.txt, -0.3, 42404, 300.088,122.211
GRASP,Reduced,Best,Best,1,0.5,DAFJS21.txt, -0.3, 45968, 300.152,100.296
GRASP,Reduced,Best,Best,1,0.5,DAFJS25.txt, -0.3, 47626, 300.166,244.905
GRASP,Reduced,Best,Best,1,0.5,DAFJS15.txt, -0.3, 44510, 300.211,71.516
GRASP,Reduced,Best,Best,1,0.5,DAFJS16.txt, -0.3, 45944, 300.364,103.723
GRASP,Reduced,Best,Best,1,0.5,YFJS04.txt, -0.3, 31267, 300,0.008
GRASP,Reduced,Best,Best,1,0.5,YFJS03.txt, -0.3, 27686, 300.001,0.011
GRASP,Reduced,Best,Best,1,0.5,YFJS01.txt, -0.3, 55458, 300.004,0.354
GRASP,Reduced,Best,Best,1,0.5,YFJS02.txt, -0.3, 58279, 300.003,11.445
GRASP,Reduced,Best,Best,1,0.5,YFJS05.txt, -0.3, 34430, 300,2.102
GRASP,Reduced,Best,Best,1,0.5,DAFJS28.txt, -0.3, 37665, 300.01,212.736
GRASP,Reduced,Best,Best,1,0.5,YFJS06.txt, -0.3, 33892, 300.002,92.449
GRASP,Reduced,Best,Best,1,0.5,DAFJS29.txt, -0.3, 45673, 300.047,276.914
GRASP,Reduced,Best,Best,1,0.5,DAFJS30.txt, -0.3, 38729, 300.211,198.238
GRASP,Reduced,Best,Best,1,0.5,DAFJS27.txt, -0.3, 50278, 300.327,155.813
GRASP,Reduced,Best,Best,1,0.5,DAFJS26.txt, -0.3, 48461, 300.397,262.346
GRASP,Reduced,Best,Best,1,0.5,YFJS08.txt, -0.3, 28560, 300.003,1.245
GRASP,Reduced,Best,Best,1,0.5,YFJS09.txt, -0.3, 20077, 300.002,47.801
GRASP,Reduced,Best,Best,1,0.5,YFJS10.txt, -0.3, 32582, 300.001,1.003
GRASP,Reduced,Best,Best,1,0.5,YFJS07.txt, -0.3, 33311, 300.008,284.394
GRASP,Reduced,Best,Best,1,0.5,YFJS13.txt, -0.3, 31823, 300.002,24.526
GRASP,Reduced,Best,Best,1,0.5,YFJS11.txt, -0.3, 40735, 300.01,86.539
GRASP,Reduced,Best,Best,1,0.5,YFJS12.txt, -0.3, 39123, 300.018,45.947
GRASP,Reduced,Best,Best,1,0.5,YFJS15.txt, -0.3, 84298, 300.129,125.768
GRASP,Reduced,Best,Best,1,0.5,YFJS16.txt, -0.3, 85694, 300.728,256.062
GRASP,Reduced,Best,Best,1,0.5,YFJS14.txt, -0.3, 86081, 300.946,90.941
GRASP,Reduced,Best,Best,1,0.5,YFJS17.txt, -0.3, 73682, 305.816,0
GRASP,Reduced,Best,Best,1,0.5,YFJS18.txt, -0.3, 86853, 301.07,148.883
GRASP,Reduced,Best,Best,1,0.5,YFJS19.txt, -0.3, 72611, 303.24,188.653
GRASP,Reduced,Best,Best,1,0.5,YFJS20.txt, -0.3, 72481, 304.054,0
