TS,Reduced,Best,Best,0,14,DAFJS01.txt, -0.1, 23633, 300,2.237
TS,Reduced,Best,Best,0,14,DAFJS02.txt, -0.1, 26567, 300,20.185
TS,Reduced,Best,Best,0,14,DAFJS03.txt, -0.1, 50343, 300,167.996
TS,Reduced,Best,Best,0,14,DAFJS04.txt, -0.1, 52154, 300,24.445
TS,Reduced,Best,Best,0,14,DAFJS05.txt, -0.1, 35263, 300,3.267
TS,Reduced,Best,Best,0,14,DAFJS08.txt, -0.1, 53094, 300,256.798
TS,Reduced,Best,Best,0,14,DAFJS09.txt, -0.1, 40981, 300,11.837
TS,Reduced,Best,Best,0,14,DAFJS06.txt, -0.1, 35856, 300.003,1.954
TS,Reduced,Best,Best,0,14,DAFJS10.txt, -0.1, 43996, 300,225.084
TS,Reduced,Best,Best,0,14,DAFJS07.txt, -0.1, 45299, 300.003,297.583
TS,Reduced,Best,Best,0,14,DAFJS13.txt, -0.1, 54174, 300.002,0.457
TS,Reduced,Best,Best,0,14,DAFJS11.txt, -0.1, 54819, 300.005,298.342
TS,Reduced,Best,Best,0,14,DAFJS14.txt, -0.1, 61572, 300.004,160.089
TS,Reduced,Best,Best,0,14,DAFJS18.txt, -0.1, 65513, 300.002,93.079
TS,Reduced,Best,Best,0,14,DAFJS16.txt, -0.1, 56923, 300.004,137.369
TS,Reduced,Best,Best,0,14,DAFJS20.txt, -0.1, 57170, 300,282.959
TS,Reduced,Best,Best,0,14,DAFJS19.txt, -0.1, 44835, 300.002,134.444
TS,Reduced,Best,Best,0,14,DAFJS17.txt, -0.1, 64678, 300.003,31.417
TS,Reduced,Best,Best,0,14,DAFJS12.txt, -0.1, 53033, 300.012,211.577
TS,Reduced,Best,Best,0,14,DAFJS15.txt, -0.1, 56890, 300.013,128.919
TS,Reduced,Best,Best,0,14,DAFJS21.txt, -0.1, 65575, 300.01,178.225
TS,Reduced,Best,Best,0,14,DAFJS23.txt, -0.1, 41071, 300.004,263.655
TS,Reduced,Best,Best,0,14,DAFJS24.txt, -0.1, 47670, 300.003,69.5
TS,Reduced,Best,Best,0,14,DAFJS28.txt, -0.1, 47266, 300,232.744
TS,Reduced,Best,Best,0,14,DAFJS27.txt, -0.1, 66744, 300.001,228.392
TS,Reduced,Best,Best,0,14,YFJS01.txt, -0.1, 68714, 300,49.564
TS,Reduced,Best,Best,0,14,YFJS02.txt, -0.1, 72763, 300,83.22
TS,Reduced,Best,Best,0,14,DAFJS25.txt, -0.1, 60765, 300.01,161.598
TS,Reduced,Best,Best,0,14,DAFJS30.txt, -0.1, 47993, 300.004,100.778
TS,Reduced,Best,Best,0,14,DAFJS29.txt, -0.1, 56014, 300.006,72.093
TS,Reduced,Best,Best,0,14,DAFJS22.txt, -0.1, 55296, 300.015,139.119
TS,Reduced,Best,Best,0,14,DAFJS26.txt, -0.1, 60431, 300.012,214.652
TS,Reduced,Best,Best,0,14,YFJS03.txt, -0.1, 32538, 300,2.952
TS,Reduced,Best,Best,0,14,YFJS04.txt, -0.1, 35883, 300,12.234
TS,Reduced,Best,Best,0,14,YFJS05.txt, -0.1, 41034, 300,0.032
TS,Reduced,Best,Best,0,14,YFJS06.txt, -0.1, 40784, 300,260.997
TS,Reduced,Best,Best,0,14,YFJS07.txt, -0.1, 41869, 300,38.132
TS,Reduced,Best,Best,0,14,YFJS08.txt, -0.1, 32623, 300,23.434
TS,Reduced,Best,Best,0,14,YFJS09.txt, -0.1, 22745, 300,10.198
TS,Reduced,Best,Best,0,14,YFJS10.txt, -0.1, 37423, 300,96.389
TS,Reduced,Best,Best,0,14,YFJS11.txt, -0.1, 49815, 300,90.862
TS,Reduced,Best,Best,0,14,YFJS12.txt, -0.1, 47766, 300,272.533
TS,Reduced,Best,Best,0,14,YFJS13.txt, -0.1, 38680, 300,190.562
TS,Reduced,Best,Best,0,14,YFJS14.txt, -0.1, 110479, 300.006,234.394
TS,Reduced,Best,Best,0,14,DAFJS01.txt, -0.2, 21683, 300,5.285
TS,Reduced,Best,Best,0,14,DAFJS02.txt, -0.2, 24321, 300,205.584
TS,Reduced,Best,Best,0,14,YFJS16.txt, -0.1, 105091, 300.009,125.911
TS,Reduced,Best,Best,0,14,DAFJS03.txt, -0.2, 44379, 300.001,8.766
TS,Reduced,Best,Best,0,14,DAFJS04.txt, -0.2, 44713, 300,16.343
TS,Reduced,Best,Best,0,14,YFJS15.txt, -0.1, 106725, 300.015,36.063
TS,Reduced,Best,Best,0,14,YFJS18.txt, -0.1, 117092, 300.012,141.583
TS,Reduced,Best,Best,0,14,YFJS20.txt, -0.1, 88315, 300.016,295.13
TS,Reduced,Best,Best,0,14,YFJS19.txt, -0.1, 83737, 300.024,272.881
TS,Reduced,Best,Best,0,14,YFJS17.txt, -0.1, 95437, 300.032,169.088
TS,Reduced,Best,Best,0,14,DAFJS06.txt, -0.2, 30851, 300,99.24
TS,Reduced,Best,Best,0,14,DAFJS05.txt, -0.2, 31255, 300.001,206.815
TS,Reduced,Best,Best,0,14,DAFJS09.txt, -0.2, 35626, 300,195.177
TS,Reduced,Best,Best,0,14,DAFJS07.txt, -0.2, 39380, 300.004,79.245
TS,Reduced,Best,Best,0,14,DAFJS08.txt, -0.2, 45064, 300.004,224.405
TS,Reduced,Best,Best,0,14,DAFJS10.txt, -0.2, 37464, 300.003,4.268
TS,Reduced,Best,Best,0,14,DAFJS13.txt, -0.2, 45355, 300.001,4.929
TS,Reduced,Best,Best,0,14,DAFJS14.txt, -0.2, 50945, 300.003,188.614
TS,Reduced,Best,Best,0,14,DAFJS15.txt, -0.2, 48253, 300.005,213.692
TS,Reduced,Best,Best,0,14,DAFJS11.txt, -0.2, 46726, 300.01,252.898
TS,Reduced,Best,Best,0,14,DAFJS12.txt, -0.2, 44551, 300.011,111.352
TS,Reduced,Best,Best,0,14,DAFJS17.txt, -0.2, 52517, 300.002,135.474
TS,Reduced,Best,Best,0,14,DAFJS21.txt, -0.2, 53836, 300,104.538
TS,Reduced,Best,Best,0,14,DAFJS16.txt, -0.2, 48748, 300.007,156.165
TS,Reduced,Best,Best,0,14,DAFJS18.txt, -0.2, 53763, 300.005,141.478
TS,Reduced,Best,Best,0,14,DAFJS19.txt, -0.2, 38977, 300.005,292.669
TS,Reduced,Best,Best,0,14,DAFJS22.txt, -0.2, 46312, 300.002,249.94
TS,Reduced,Best,Best,0,14,DAFJS23.txt, -0.2, 36264, 300.002,112.691
TS,Reduced,Best,Best,0,14,DAFJS20.txt, -0.2, 47912, 300.007,238.57
TS,Reduced,Best,Best,0,14,DAFJS24.txt, -0.2, 41083, 300.006,208.545
TS,Reduced,Best,Best,0,14,DAFJS26.txt, -0.2, 50286, 300.006,54.414
TS,Reduced,Best,Best,0,14,DAFJS25.txt, -0.2, 51585, 300.008,116.698
TS,Reduced,Best,Best,0,14,DAFJS28.txt, -0.2, 41277, 300.004,129.523
TS,Reduced,Best,Best,0,14,YFJS01.txt, -0.2, 61606, 300,122.383
TS,Reduced,Best,Best,0,14,DAFJS29.txt, -0.2, 48780, 300.004,212.899
TS,Reduced,Best,Best,0,14,YFJS03.txt, -0.2, 30073, 300,33.698
TS,Reduced,Best,Best,0,14,YFJS02.txt, -0.2, 64172, 300,215.924
TS,Reduced,Best,Best,0,14,DAFJS30.txt, -0.2, 41407, 300.005,204.64
TS,Reduced,Best,Best,0,14,YFJS04.txt, -0.2, 32670, 300,3.428
TS,Reduced,Best,Best,0,14,YFJS05.txt, -0.2, 37255, 300,276.244
TS,Reduced,Best,Best,0,14,YFJS06.txt, -0.2, 37970, 300,77.825
TS,Reduced,Best,Best,0,14,YFJS07.txt, -0.2, 37630, 300,77.458
TS,Reduced,Best,Best,0,14,DAFJS27.txt, -0.2, 56313, 300.018,180.029
TS,Reduced,Best,Best,0,14,YFJS08.txt, -0.2, 30184, 300,105.574
TS,Reduced,Best,Best,0,14,YFJS09.txt, -0.2, 21600, 300,69.613
TS,Reduced,Best,Best,0,14,YFJS10.txt, -0.2, 34364, 300,29.724
TS,Reduced,Best,Best,0,14,YFJS11.txt, -0.2, 44925, 300,148.803
TS,Reduced,Best,Best,0,14,YFJS12.txt, -0.2, 42819, 300,16.396
TS,Reduced,Best,Best,0,14,YFJS13.txt, -0.2, 35938, 300,243.279
TS,Reduced,Best,Best,0,14,YFJS15.txt, -0.2, 90914, 300.01,132.838
TS,Reduced,Best,Best,0,14,YFJS14.txt, -0.2, 93438, 300.013,103.526
TS,Reduced,Best,Best,0,14,YFJS16.txt, -0.2, 93581, 300.012,174.371
TS,Reduced,Best,Best,0,14,YFJS18.txt, -0.2, 92262, 300.02,285.836
TS,Reduced,Best,Best,0,14,YFJS17.txt, -0.2, 78176, 300.024,99.151
TS,Reduced,Best,Best,0,14,DAFJS01.txt, -0.3, 19726, 300,10.607
TS,Reduced,Best,Best,0,14,DAFJS02.txt, -0.3, 22191, 300,0.553
TS,Reduced,Best,Best,0,14,DAFJS03.txt, -0.3, 38874, 300,258.32
TS,Reduced,Best,Best,0,14,DAFJS04.txt, -0.3, 39340, 300,22.57
TS,Reduced,Best,Best,0,14,DAFJS05.txt, -0.3, 27605, 300,38.29
TS,Reduced,Best,Best,0,14,DAFJS06.txt, -0.3, 26547, 300.001,76.355
TS,Reduced,Best,Best,0,14,DAFJS07.txt, -0.3, 34653, 300.002,212.935
TS,Reduced,Best,Best,0,14,DAFJS09.txt, -0.3, 31017, 300.001,12.651
TS,Reduced,Best,Best,0,14,DAFJS08.txt, -0.3, 38374, 300.003,170.303
TS,Reduced,Best,Best,0,14,YFJS20.txt, -0.2, 73557, 300.033,208.744
TS,Reduced,Best,Best,0,14,YFJS19.txt, -0.2, 72329, 300.053,294.348
TS,Reduced,Best,Best,0,14,DAFJS10.txt, -0.3, 31468, 300.002,79.903
TS,Reduced,Best,Best,0,14,DAFJS13.txt, -0.3, 37834, 300.001,290.411
TS,Reduced,Best,Best,0,14,DAFJS14.txt, -0.3, 42633, 300.004,12.347
TS,Reduced,Best,Best,0,14,DAFJS18.txt, -0.3, 44751, 300,203.021
TS,Reduced,Best,Best,0,14,DAFJS17.txt, -0.3, 43518, 300.002,74.337
TS,Reduced,Best,Best,0,14,DAFJS11.txt, -0.3, 39401, 300.009,298.203
TS,Reduced,Best,Best,0,14,DAFJS19.txt, -0.3, 33858, 300.001,152.905
TS,Reduced,Best,Best,0,14,DAFJS16.txt, -0.3, 40706, 300.004,278.167
TS,Reduced,Best,Best,0,14,DAFJS20.txt, -0.3, 40205, 300.002,224.225
TS,Reduced,Best,Best,0,14,DAFJS12.txt, -0.3, 38002, 300.011,127.223
TS,Reduced,Best,Best,0,14,DAFJS15.txt, -0.3, 41256, 300.008,152.661
TS,Reduced,Best,Best,0,14,DAFJS24.txt, -0.3, 35543, 300.001,203.142
TS,Reduced,Best,Best,0,14,DAFJS21.txt, -0.3, 44184, 300.005,270.831
TS,Reduced,Best,Best,0,14,DAFJS23.txt, -0.3, 31945, 300.003,271.025
TS,Reduced,Best,Best,0,14,DAFJS25.txt, -0.3, 43653, 300.006,207.821
TS,Reduced,Best,Best,0,14,YFJS01.txt, -0.3, 55128, 300,22.151
TS,Reduced,Best,Best,0,14,DAFJS22.txt, -0.3, 36751, 300.011,204.378
TS,Reduced,Best,Best,0,14,DAFJS30.txt, -0.3, 36213, 300.003,269.554
TS,Reduced,Best,Best,0,14,DAFJS29.txt, -0.3, 42537, 300.005,241.629
TS,Reduced,Best,Best,0,14,DAFJS28.txt, -0.3, 36236, 300.006,137.938
TS,Reduced,Best,Best,0,14,DAFJS26.txt, -0.3, 42598, 300.014,153.678
TS,Reduced,Best,Best,0,14,DAFJS27.txt, -0.3, 46174, 300.013,118.797
TS,Reduced,Best,Best,0,14,YFJS02.txt, -0.3, 57187, 300,255.296
TS,Reduced,Best,Best,0,14,YFJS03.txt, -0.3, 27686, 300,0.238
TS,Reduced,Best,Best,0,14,YFJS04.txt, -0.3, 29921, 300,206.495
TS,Reduced,Best,Best,0,14,YFJS05.txt, -0.3, 34120, 300,8.417
TS,Reduced,Best,Best,0,14,YFJS06.txt, -0.3, 34439, 300,0.024
TS,Reduced,Best,Best,0,14,YFJS07.txt, -0.3, 33702, 300,12.882
TS,Reduced,Best,Best,0,14,YFJS08.txt, -0.3, 28318, 300,7.833
TS,Reduced,Best,Best,0,14,YFJS09.txt, -0.3, 20121, 300,134.126
TS,Reduced,Best,Best,0,14,YFJS10.txt, -0.3, 32159, 300,196.314
TS,Reduced,Best,Best,0,14,YFJS11.txt, -0.3, 41059, 300,191.363
TS,Reduced,Best,Best,0,14,YFJS12.txt, -0.3, 39171, 300,17.741
TS,Reduced,Best,Best,0,14,YFJS13.txt, -0.3, 31396, 300,3.721
TS,Reduced,Best,Best,0,14,YFJS14.txt, -0.3, 80636, 300.004,74.442
TS,Reduced,Best,Best,0,14,YFJS15.txt, -0.3, 78507, 300.003,76.42
TS,Reduced,Best,Best,0,14,YFJS16.txt, -0.3, 78912, 300.003,81.832
TS,Reduced,Best,Best,0,14,YFJS17.txt, -0.3, 66717, 300.012,211.227
TS,Reduced,Best,Best,0,14,YFJS19.txt, -0.3, 60945, 300.026,177.725
TS,Reduced,Best,Best,0,14,YFJS18.txt, -0.3, 76243, 300.039,262.015
TS,Reduced,Best,Best,0,14,YFJS20.txt, -0.3, 62615, 300.045,158.776
