None,Reduced,First,Best,DAFJS01.txt,-0.1,28036,0,0,4
None,Reduced,First,Best,DAFJS02.txt,-0.1,28098,0,0,9
None,Reduced,First,Best,DAFJS04.txt,-0.1,54082,0,0,1
None,Reduced,First,Best,DAFJS03.txt,-0.1,53688,0,0,1
None,Reduced,First,Best,DAFJS05.txt,-0.1,40195,0,0,25
None,Reduced,First,Best,DAFJS06.txt,-0.1,41271,0.003,0.002,37
None,Reduced,First,Best,DAFJS09.txt,-0.1,45139,0.001,0.001,11
None,Reduced,First,Best,DAFJS07.txt,-0.1,54989,0.003,0.003,7
None,Reduced,First,Best,DAFJS08.txt,-0.1,58930,0.003,0.003,13
None,Reduced,First,Best,DAFJS10.txt,-0.1,53977,0.001,0,6
None,Reduced,First,Best,DAFJS11.txt,-0.1,66872,0.002,0.001,6
None,Reduced,First,Best,DAFJS13.txt,-0.1,57874,0.005,0.004,16
None,Reduced,First,Best,DAFJS12.txt,-0.1,62198,0.01,0.009,31
None,Reduced,First,Best,DAFJS14.txt,-0.1,70169,0.008,0.007,39
None,Reduced,First,Best,DAFJS19.txt,-0.1,63999,0.003,0.002,12
None,Reduced,First,Best,DAFJS18.txt,-0.1,71871,0.008,0.007,31
None,Reduced,First,Best,DAFJS16.txt,-0.1,70727,0.021,0.02,40
None,Reduced,First,Best,DAFJS17.txt,-0.1,68446,0.028,0.026,50
None,Reduced,First,Best,DAFJS15.txt,-0.1,61882,0.032,0.031,62
None,Reduced,First,Best,DAFJS23.txt,-0.1,48338,0.002,0.002,9
None,Reduced,First,Best,DAFJS24.txt,-0.1,55507,0.007,0.006,9
None,Reduced,First,Best,DAFJS20.txt,-0.1,64005,0.024,0.023,75
None,Reduced,First,Best,DAFJS21.txt,-0.1,72142,0.024,0.023,57
None,Reduced,First,Best,DAFJS22.txt,-0.1,60081,0.069,0.068,132
None,Reduced,First,Best,DAFJS28.txt,-0.1,59201,0.006,0.005,18
None,Reduced,First,Best,DAFJS27.txt,-0.1,79234,0.008,0.005,13
None,Reduced,First,Best,DAFJS29.txt,-0.1,68684,0.006,0.006,21
None,Reduced,First,Best,DAFJS25.txt,-0.1,79286,0.015,0.014,26
None,Reduced,First,Best,DAFJS26.txt,-0.1,73969,0.026,0.025,54
None,Reduced,First,Best,YFJS02.txt,-0.1,76529,0,0,3
None,Reduced,First,Best,YFJS01.txt,-0.1,79662,0.001,0,10
None,Reduced,First,Best,YFJS03.txt,-0.1,38424,0,0,3
None,Reduced,First,Best,YFJS04.txt,-0.1,45683,0,0,3
None,Reduced,First,Best,DAFJS30.txt,-0.1,57350,0.006,0.006,17
None,Reduced,First,Best,YFJS05.txt,-0.1,45421,0,0,4
None,Reduced,First,Best,YFJS06.txt,-0.1,44848,0,0,13
None,Reduced,First,Best,YFJS07.txt,-0.1,48980,0,0,7
None,Reduced,First,Best,YFJS08.txt,-0.1,43073,0,0,7
None,Reduced,First,Best,YFJS09.txt,-0.1,25067,0,0,3
None,Reduced,First,Best,YFJS10.txt,-0.1,42583,0,0,1
None,Reduced,First,Best,YFJS11.txt,-0.1,55765,0,0,4
None,Reduced,First,Best,YFJS12.txt,-0.1,56674,0.001,0.001,24
None,Reduced,First,Best,YFJS13.txt,-0.1,44083,0.001,0,16
None,Reduced,First,Best,YFJS14.txt,-0.1,119977,0.016,0.014,27
None,Reduced,First,Best,YFJS15.txt,-0.1,126713,0.017,0.016,33
None,Reduced,First,Best,YFJS16.txt,-0.1,116201,0.033,0.03,37
None,Reduced,First,Best,YFJS18.txt,-0.1,126647,0.046,0.043,34
None,Reduced,First,Best,YFJS17.txt,-0.1,104688,0.057,0.049,21
None,Reduced,First,Best,YFJS19.txt,-0.1,93306,0.131,0.128,96
None,Reduced,First,Best,DAFJS01.txt,-0.2,26371,0,0,3
None,Reduced,First,Best,DAFJS02.txt,-0.2,28141,0,0,2
None,Reduced,First,Best,DAFJS03.txt,-0.2,47879,0,0,3
None,Reduced,First,Best,DAFJS04.txt,-0.2,47778,0,0,5
None,Reduced,First,Best,YFJS20.txt,-0.1,96248,0.021,0.018,17
None,Reduced,First,Best,DAFJS05.txt,-0.2,39771,0.001,0,16
None,Reduced,First,Best,DAFJS06.txt,-0.2,38087,0.001,0.001,20
None,Reduced,First,Best,DAFJS08.txt,-0.2,52816,0.001,0.001,5
None,Reduced,First,Best,DAFJS09.txt,-0.2,36871,0.002,0.002,29
None,Reduced,First,Best,DAFJS07.txt,-0.2,45737,0.011,0.01,34
None,Reduced,First,Best,DAFJS10.txt,-0.2,45971,0,0,4
None,Reduced,First,Best,DAFJS12.txt,-0.2,53738,0.003,0.002,9
None,Reduced,First,Best,DAFJS13.txt,-0.2,48847,0.006,0.005,22
None,Reduced,First,Best,DAFJS14.txt,-0.2,56639,0.006,0.006,35
None,Reduced,First,Best,DAFJS11.txt,-0.2,51746,0.019,0.018,37
None,Reduced,First,Best,DAFJS15.txt,-0.2,53807,0.005,0.003,6
None,Reduced,First,Best,DAFJS16.txt,-0.2,63277,0.007,0.006,11
None,Reduced,First,Best,DAFJS18.txt,-0.2,58533,0.006,0.006,19
None,Reduced,First,Best,DAFJS19.txt,-0.2,52824,0.01,0.009,24
None,Reduced,First,Best,DAFJS17.txt,-0.2,57893,0.015,0.014,41
None,Reduced,First,Best,DAFJS20.txt,-0.2,61871,0.002,0.001,5
None,Reduced,First,Best,DAFJS21.txt,-0.2,61483,0.006,0.005,12
None,Reduced,First,Best,DAFJS23.txt,-0.2,41433,0.005,0.004,17
None,Reduced,First,Best,DAFJS24.txt,-0.2,47277,0.007,0.006,14
None,Reduced,First,Best,DAFJS22.txt,-0.2,53248,0.023,0.021,44
None,Reduced,First,Best,DAFJS26.txt,-0.2,70211,0.004,0.002,8
None,Reduced,First,Best,DAFJS28.txt,-0.2,48414,0.007,0.006,21
None,Reduced,First,Best,DAFJS29.txt,-0.2,57356,0.008,0.007,16
None,Reduced,First,Best,DAFJS27.txt,-0.2,62437,0.019,0.016,21
None,Reduced,First,Best,DAFJS25.txt,-0.2,59672,0.038,0.037,68
None,Reduced,First,Best,YFJS01.txt,-0.2,74547,0,0,9
None,Reduced,First,Best,YFJS02.txt,-0.2,66853,0,0,1
None,Reduced,First,Best,YFJS03.txt,-0.2,33273,0,0,5
None,Reduced,First,Best,DAFJS30.txt,-0.2,51283,0.004,0.003,14
None,Reduced,First,Best,YFJS04.txt,-0.2,42553,0,0,4
None,Reduced,First,Best,YFJS05.txt,-0.2,40738,0,0,2
None,Reduced,First,Best,YFJS06.txt,-0.2,43384,0,0,15
None,Reduced,First,Best,YFJS08.txt,-0.2,42901,0,0,3
None,Reduced,First,Best,YFJS07.txt,-0.2,43925,0,0,12
None,Reduced,First,Best,YFJS09.txt,-0.2,23059,0,0,3
None,Reduced,First,Best,YFJS10.txt,-0.2,39126,0,0,5
None,Reduced,First,Best,YFJS11.txt,-0.2,49781,0,0,2
None,Reduced,First,Best,YFJS12.txt,-0.2,55174,0,0,11
None,Reduced,First,Best,YFJS13.txt,-0.2,42442,0,0,10
None,Reduced,First,Best,YFJS14.txt,-0.2,104506,0.01,0.009,19
None,Reduced,First,Best,YFJS16.txt,-0.2,101164,0.005,0.004,13
None,Reduced,First,Best,YFJS15.txt,-0.2,106511,0.027,0.025,28
None,Reduced,First,Best,YFJS17.txt,-0.2,83355,0.033,0.028,18
None,Reduced,First,Best,YFJS19.txt,-0.2,86398,0.032,0.029,21
None,Reduced,First,Best,YFJS18.txt,-0.2,97157,0.05,0.044,15
None,Reduced,First,Best,DAFJS01.txt,-0.3,21685,0,0,3
None,Reduced,First,Best,DAFJS02.txt,-0.3,23672,0,0,8
None,Reduced,First,Best,DAFJS03.txt,-0.3,43509,0,0,3
None,Reduced,First,Best,DAFJS04.txt,-0.3,41899,0,0,2
None,Reduced,First,Best,YFJS20.txt,-0.2,79408,0.1,0.098,85
None,Reduced,First,Best,DAFJS05.txt,-0.3,35610,0,0,9
None,Reduced,First,Best,DAFJS06.txt,-0.3,32168,0.002,0.001,29
None,Reduced,First,Best,DAFJS07.txt,-0.3,40830,0.001,0.001,6
None,Reduced,First,Best,DAFJS08.txt,-0.3,44590,0.002,0.001,4
None,Reduced,First,Best,DAFJS09.txt,-0.3,34185,0.002,0.002,19
None,Reduced,First,Best,DAFJS10.txt,-0.3,36279,0.001,0,8
None,Reduced,First,Best,DAFJS13.txt,-0.3,41717,0.001,0.001,4
None,Reduced,First,Best,DAFJS11.txt,-0.3,45657,0.008,0.007,17
None,Reduced,First,Best,DAFJS12.txt,-0.3,44490,0.007,0.006,8
None,Reduced,First,Best,DAFJS14.txt,-0.3,46392,0.011,0.01,26
None,Reduced,First,Best,DAFJS15.txt,-0.3,47692,0.006,0.004,10
None,Reduced,First,Best,DAFJS18.txt,-0.3,50818,0.003,0.002,7
None,Reduced,First,Best,DAFJS16.txt,-0.3,55112,0.009,0.007,12
None,Reduced,First,Best,DAFJS19.txt,-0.3,41426,0.006,0.005,28
None,Reduced,First,Best,DAFJS17.txt,-0.3,46340,0.045,0.043,80
None,Reduced,First,Best,DAFJS23.txt,-0.3,39105,0,0,3
None,Reduced,First,Best,DAFJS21.txt,-0.3,50318,0.006,0.005,15
None,Reduced,First,Best,DAFJS24.txt,-0.3,40921,0.004,0.003,17
None,Reduced,First,Best,DAFJS22.txt,-0.3,43566,0.016,0.014,17
None,Reduced,First,Best,DAFJS20.txt,-0.3,46868,0.025,0.024,53
None,Reduced,First,Best,DAFJS28.txt,-0.3,41408,0.005,0.004,11
None,Reduced,First,Best,DAFJS29.txt,-0.3,49819,0.005,0.004,7
None,Reduced,First,Best,DAFJS25.txt,-0.3,48469,0.015,0.015,25
None,Reduced,First,Best,DAFJS26.txt,-0.3,53944,0.025,0.023,39
None,Reduced,First,Best,DAFJS27.txt,-0.3,53719,0.039,0.036,46
None,Reduced,First,Best,DAFJS30.txt,-0.3,43426,0.001,0,3
None,Reduced,First,Best,YFJS01.txt,-0.3,66246,0,0,9
None,Reduced,First,Best,YFJS02.txt,-0.3,59211,0,0,3
None,Reduced,First,Best,YFJS03.txt,-0.3,30995,0,0,3
None,Reduced,First,Best,YFJS04.txt,-0.3,38092,0,0,5
None,Reduced,First,Best,YFJS05.txt,-0.3,38324,0,0,5
None,Reduced,First,Best,YFJS06.txt,-0.3,45370,0,0,2
None,Reduced,First,Best,YFJS07.txt,-0.3,38453,0,0,5
None,Reduced,First,Best,YFJS08.txt,-0.3,35429,0,0,2
None,Reduced,First,Best,YFJS09.txt,-0.3,20916,0,0,7
None,Reduced,First,Best,YFJS10.txt,-0.3,34487,0,0,8
None,Reduced,First,Best,YFJS11.txt,-0.3,45051,0,0,1
None,Reduced,First,Best,YFJS12.txt,-0.3,47092,0,0,3
None,Reduced,First,Best,YFJS13.txt,-0.3,35776,0,0,16
None,Reduced,First,Best,YFJS14.txt,-0.3,89687,0.007,0.006,12
None,Reduced,First,Best,YFJS15.txt,-0.3,93075,0.01,0.008,14
None,Reduced,First,Best,YFJS16.txt,-0.3,87351,0.011,0.009,10
None,Reduced,First,Best,YFJS18.txt,-0.3,84518,0.028,0.024,9
None,Reduced,First,Best,YFJS17.txt,-0.3,71201,0.085,0.08,26
None,Reduced,First,Best,YFJS19.txt,-0.3,68792,0.126,0.12,53
None,Reduced,First,Best,YFJS20.txt,-0.3,71676,0.009,0.006,8
