None,Reduced,Best,Best,DAFJS02.txt,-0.1,28098,0,0
None,Reduced,Best,Best,DAFJS01.txt,-0.1,26203,0.003,0.003
None,Reduced,Best,Best,DAFJS04.txt,-0.1,52494,0.004,0.004
None,Reduced,Best,Best,DAFJS05.txt,-0.1,40723,0.005,0.005
None,Reduced,Best,Best,DAFJS09.txt,-0.1,45796,0.003,0.002
None,Reduced,Best,Best,DAFJS03.txt,-0.1,51580,0.01,0.009
None,Reduced,Best,Best,DAFJS06.txt,-0.1,44877,0.009,0.008
None,Reduced,Best,Best,DAFJS07.txt,-0.1,53651,0.033,0.03
None,Reduced,Best,Best,DAFJS08.txt,-0.1,56561,0.032,0.03
None,Reduced,Best,Best,DAFJS14.txt,-0.1,70357,0.014,0.012
None,Reduced,Best,Best,DAFJS10.txt,-0.1,51277,0.025,0.024
None,Reduced,Best,Best,DAFJS13.txt,-0.1,56453,0.027,0.026
None,Reduced,Best,Best,DAFJS18.txt,-0.1,71052,0.033,0.031
None,Reduced,Best,Best,DAFJS19.txt,-0.1,57471,0.048,0.046
None,Reduced,Best,Best,DAFJS17.txt,-0.1,69975,0.055,0.051
None,Reduced,Best,Best,DAFJS11.txt,-0.1,64796,0.069,0.064
None,Reduced,Best,Best,DAFJS12.txt,-0.1,61533,0.132,0.125
None,Reduced,Best,Best,DAFJS15.txt,-0.1,62030,0.217,0.207
None,Reduced,Best,Best,DAFJS16.txt,-0.1,66153,0.371,0.363
None,Reduced,Best,Best,DAFJS23.txt,-0.1,47520,0.022,0.021
None,Reduced,Best,Best,DAFJS24.txt,-0.1,55115,0.035,0.03
None,Reduced,Best,Best,DAFJS27.txt,-0.1,78967,0.036,0.023
None,Reduced,Best,Best,DAFJS26.txt,-0.1,76328,0.087,0.08
None,Reduced,Best,Best,DAFJS21.txt,-0.1,71913,0.107,0.099
None,Reduced,Best,Best,DAFJS20.txt,-0.1,66674,0.109,0.105
None,Reduced,Best,Best,DAFJS28.txt,-0.1,53505,0.101,0.099
None,Reduced,Best,Best,DAFJS29.txt,-0.1,65758,0.12,0.116
None,Reduced,Best,Best,DAFJS22.txt,-0.1,62189,0.224,0.216
None,Reduced,Best,Best,DAFJS25.txt,-0.1,73353,0.332,0.324
None,Reduced,Best,Best,YFJS02.txt,-0.1,76529,0,0
None,Reduced,Best,Best,YFJS03.txt,-0.1,36409,0,0
None,Reduced,Best,Best,YFJS01.txt,-0.1,79657,0.002,0.002
None,Reduced,Best,Best,YFJS04.txt,-0.1,45533,0,0
None,Reduced,Best,Best,YFJS05.txt,-0.1,45421,0,0
None,Reduced,Best,Best,YFJS06.txt,-0.1,44936,0.002,0.002
None,Reduced,Best,Best,YFJS07.txt,-0.1,48355,0.002,0.002
None,Reduced,Best,Best,YFJS09.txt,-0.1,23944,0.001,0
None,Reduced,Best,Best,YFJS08.txt,-0.1,41754,0.001,0.001
None,Reduced,Best,Best,DAFJS30.txt,-0.1,56839,0.034,0.03
None,Reduced,Best,Best,YFJS10.txt,-0.1,42278,0,0
None,Reduced,Best,Best,YFJS11.txt,-0.1,52196,0.002,0.002
None,Reduced,Best,Best,YFJS13.txt,-0.1,46578,0.003,0.002
None,Reduced,Best,Best,YFJS12.txt,-0.1,52650,0.004,0.003
None,Reduced,Best,Best,YFJS14.txt,-0.1,118731,0.195,0.184
None,Reduced,Best,Best,YFJS16.txt,-0.1,115312,0.213,0.198
None,Reduced,Best,Best,YFJS17.txt,-0.1,104466,0.404,0.376
None,Reduced,Best,Best,YFJS15.txt,-0.1,125754,0.574,0.562
None,Reduced,Best,Best,YFJS19.txt,-0.1,100158,0.876,0.848
None,Reduced,Best,Best,YFJS18.txt,-0.1,119224,1.916,1.87
None,Reduced,Best,Best,DAFJS01.txt,-0.2,24993,0.001,0.001
None,Reduced,Best,Best,DAFJS02.txt,-0.2,27727,0,0
None,Reduced,Best,Best,DAFJS04.txt,-0.2,46502,0.003,0.002
None,Reduced,Best,Best,DAFJS05.txt,-0.2,38484,0.005,0.005
None,Reduced,Best,Best,DAFJS06.txt,-0.2,41909,0.006,0.004
None,Reduced,Best,Best,DAFJS09.txt,-0.2,37876,0.007,0.006
None,Reduced,Best,Best,DAFJS03.txt,-0.2,45916,0.012,0.011
None,Reduced,Best,Best,DAFJS08.txt,-0.2,51128,0.04,0.035
None,Reduced,Best,Best,DAFJS07.txt,-0.2,44147,0.05,0.047
None,Reduced,Best,Best,YFJS20.txt,-0.1,94201,0.796,0.758
None,Reduced,Best,Best,DAFJS10.txt,-0.2,45868,0.002,0
None,Reduced,Best,Best,DAFJS13.txt,-0.2,49179,0.012,0.01
None,Reduced,Best,Best,DAFJS19.txt,-0.2,51065,0.02,0.016
None,Reduced,Best,Best,DAFJS15.txt,-0.2,53677,0.037,0.03
None,Reduced,Best,Best,DAFJS14.txt,-0.2,54609,0.041,0.04
None,Reduced,Best,Best,DAFJS18.txt,-0.2,57274,0.043,0.041
None,Reduced,Best,Best,DAFJS17.txt,-0.2,54456,0.045,0.044
None,Reduced,Best,Best,DAFJS11.txt,-0.2,52845,0.063,0.057
None,Reduced,Best,Best,DAFJS12.txt,-0.2,52355,0.083,0.077
None,Reduced,Best,Best,DAFJS16.txt,-0.2,60010,0.097,0.091
None,Reduced,Best,Best,DAFJS23.txt,-0.2,42943,0.014,0.013
None,Reduced,Best,Best,DAFJS24.txt,-0.2,46985,0.025,0.022
None,Reduced,Best,Best,DAFJS28.txt,-0.2,48941,0.028,0.025
None,Reduced,Best,Best,DAFJS29.txt,-0.2,57708,0.056,0.051
None,Reduced,Best,Best,DAFJS21.txt,-0.2,57787,0.073,0.068
None,Reduced,Best,Best,DAFJS22.txt,-0.2,53728,0.091,0.084
None,Reduced,Best,Best,DAFJS27.txt,-0.2,62359,0.133,0.127
None,Reduced,Best,Best,DAFJS26.txt,-0.2,68469,0.153,0.142
None,Reduced,Best,Best,DAFJS25.txt,-0.2,61465,0.171,0.163
None,Reduced,Best,Best,DAFJS20.txt,-0.2,55355,0.185,0.182
None,Reduced,Best,Best,YFJS02.txt,-0.2,66853,0,0
None,Reduced,Best,Best,YFJS03.txt,-0.2,32864,0,0
None,Reduced,Best,Best,YFJS04.txt,-0.2,42553,0,0
None,Reduced,Best,Best,YFJS05.txt,-0.2,40738,0,0
None,Reduced,Best,Best,YFJS01.txt,-0.2,68822,0.005,0.004
None,Reduced,Best,Best,YFJS06.txt,-0.2,43744,0.001,0
None,Reduced,Best,Best,YFJS09.txt,-0.2,22211,0,0
None,Reduced,Best,Best,YFJS07.txt,-0.2,40941,0.002,0.002
None,Reduced,Best,Best,YFJS08.txt,-0.2,37681,0.002,0.001
None,Reduced,Best,Best,DAFJS30.txt,-0.2,49312,0.095,0.092
None,Reduced,Best,Best,YFJS10.txt,-0.2,39361,0,0
None,Reduced,Best,Best,YFJS11.txt,-0.2,49206,0.001,0
None,Reduced,Best,Best,YFJS13.txt,-0.2,41498,0.002,0.001
None,Reduced,Best,Best,YFJS12.txt,-0.2,54186,0.004,0.003
None,Reduced,Best,Best,YFJS14.txt,-0.2,100177,0.167,0.156
None,Reduced,Best,Best,YFJS16.txt,-0.2,98976,0.243,0.231
None,Reduced,Best,Best,YFJS15.txt,-0.2,109314,0.293,0.279
None,Reduced,Best,Best,YFJS17.txt,-0.2,82167,0.907,0.883
None,Reduced,Best,Best,YFJS18.txt,-0.2,94472,1.038,1.014
None,Reduced,Best,Best,YFJS19.txt,-0.2,83530,1.081,1.06
None,Reduced,Best,Best,DAFJS01.txt,-0.3,21685,0,0
None,Reduced,Best,Best,DAFJS02.txt,-0.3,23021,0,0
None,Reduced,Best,Best,DAFJS04.txt,-0.3,41533,0.001,0.001
None,Reduced,Best,Best,DAFJS05.txt,-0.3,33813,0.003,0.002
None,Reduced,Best,Best,DAFJS03.txt,-0.3,42258,0.006,0.005
None,Reduced,Best,Best,DAFJS09.txt,-0.3,36303,0.008,0.007
None,Reduced,Best,Best,DAFJS06.txt,-0.3,30556,0.012,0.01
None,Reduced,Best,Best,DAFJS07.txt,-0.3,40057,0.028,0.024
None,Reduced,Best,Best,DAFJS08.txt,-0.3,43737,0.036,0.033
None,Reduced,Best,Best,YFJS20.txt,-0.2,79638,0.638,0.6
None,Reduced,Best,Best,DAFJS10.txt,-0.3,35023,0.007,0.006
None,Reduced,Best,Best,DAFJS13.txt,-0.3,41717,0.005,0.003
None,Reduced,Best,Best,DAFJS18.txt,-0.3,49753,0.012,0.008
None,Reduced,Best,Best,DAFJS11.txt,-0.3,44599,0.036,0.032
None,Reduced,Best,Best,DAFJS14.txt,-0.3,44646,0.043,0.041
None,Reduced,Best,Best,DAFJS12.txt,-0.3,43449,0.046,0.04
None,Reduced,Best,Best,DAFJS19.txt,-0.3,40678,0.055,0.053
None,Reduced,Best,Best,DAFJS15.txt,-0.3,47268,0.073,0.068
None,Reduced,Best,Best,DAFJS17.txt,-0.3,47550,0.105,0.101
None,Reduced,Best,Best,DAFJS16.txt,-0.3,49031,0.268,0.26
None,Reduced,Best,Best,DAFJS23.txt,-0.3,38185,0.011,0.009
None,Reduced,Best,Best,DAFJS28.txt,-0.3,40923,0.018,0.016
None,Reduced,Best,Best,DAFJS20.txt,-0.3,49481,0.056,0.052
None,Reduced,Best,Best,DAFJS25.txt,-0.3,49527,0.061,0.052
None,Reduced,Best,Best,DAFJS21.txt,-0.3,48912,0.066,0.06
None,Reduced,Best,Best,DAFJS24.txt,-0.3,39979,0.066,0.062
None,Reduced,Best,Best,DAFJS29.txt,-0.3,48412,0.074,0.07
None,Reduced,Best,Best,DAFJS22.txt,-0.3,42035,0.177,0.163
None,Reduced,Best,Best,DAFJS27.txt,-0.3,53010,0.215,0.205
None,Reduced,Best,Best,DAFJS26.txt,-0.3,50829,0.228,0.216
None,Reduced,Best,Best,YFJS02.txt,-0.3,59001,0,0
None,Reduced,Best,Best,YFJS03.txt,-0.3,31407,0,0
None,Reduced,Best,Best,YFJS04.txt,-0.3,38092,0,0
None,Reduced,Best,Best,YFJS05.txt,-0.3,38324,0.001,0.001
None,Reduced,Best,Best,YFJS01.txt,-0.3,60208,0.005,0.004
None,Reduced,Best,Best,YFJS07.txt,-0.3,38453,0,0
None,Reduced,Best,Best,YFJS06.txt,-0.3,43099,0.001,0.001
None,Reduced,Best,Best,YFJS08.txt,-0.3,33392,0,0
None,Reduced,Best,Best,YFJS09.txt,-0.3,20916,0.001,0.001
None,Reduced,Best,Best,DAFJS30.txt,-0.3,42592,0.012,0.008
None,Reduced,Best,Best,YFJS10.txt,-0.3,34487,0.001,0.001
None,Reduced,Best,Best,YFJS11.txt,-0.3,44729,0,0
None,Reduced,Best,Best,YFJS12.txt,-0.3,43150,0.003,0.003
None,Reduced,Best,Best,YFJS13.txt,-0.3,35800,0.003,0.003
None,Reduced,Best,Best,YFJS14.txt,-0.3,87518,0.166,0.158
None,Reduced,Best,Best,YFJS16.txt,-0.3,85252,0.183,0.173
None,Reduced,Best,Best,YFJS15.txt,-0.3,88664,0.218,0.207
None,Reduced,Best,Best,YFJS18.txt,-0.3,82795,0.698,0.665
None,Reduced,Best,Best,YFJS17.txt,-0.3,70851,1.042,0.997
None,Reduced,Best,Best,YFJS19.txt,-0.3,68592,1.474,1.449
None,Reduced,Best,Best,YFJS20.txt,-0.3,70253,0.372,0.348
