ILS,Reduced,Best,Best,1,1,3,DAFJS01.txt, -0.1, 23460, 300,17.774
ILS,Reduced,Best,Best,1,1,3,DAFJS02.txt, -0.1, 26432, 300,4.576
ILS,Reduced,Best,Best,1,1,3,DAFJS03.txt, -0.1, 50510, 300,225.831
ILS,Reduced,Best,Best,1,1,3,DAFJS04.txt, -0.1, 52061, 300,23.784
ILS,Reduced,Best,Best,1,1,3,DAFJS05.txt, -0.1, 34660, 300,9.301
ILS,Reduced,Best,Best,1,1,3,DAFJS06.txt, -0.1, 35302, 300,80.55
ILS,Reduced,Best,Best,1,1,3,DAFJS07.txt, -0.1, 45868, 300.001,297.818
ILS,Reduced,Best,Best,1,1,3,DAFJS10.txt, -0.1, 44727, 300,189.315
ILS,Reduced,Best,Best,1,1,3,DAFJS09.txt, -0.1, 41023, 300.005,78.355
ILS,Reduced,Best,Best,1,1,3,DAFJS08.txt, -0.1, 53487, 300.008,83.307
ILS,Reduced,Best,Best,1,1,3,DAFJS13.txt, -0.1, 54674, 300.001,73.464
ILS,Reduced,Best,Best,1,1,3,DAFJS12.txt, -0.1, 54005, 300.002,35.649
ILS,Reduced,Best,Best,1,1,3,DAFJS14.txt, -0.1, 61160, 300.001,0.062
ILS,Reduced,Best,Best,1,1,3,DAFJS15.txt, -0.1, 57632, 300.003,107.988
ILS,Reduced,Best,Best,1,1,3,DAFJS20.txt, -0.1, 58913, 300.002,134.587
ILS,Reduced,Best,Best,1,1,3,DAFJS21.txt, -0.1, 66479, 300.004,86.415
ILS,Reduced,Best,Best,1,1,3,DAFJS18.txt, -0.1, 65929, 300.007,276.225
ILS,Reduced,Best,Best,1,1,3,DAFJS19.txt, -0.1, 45607, 300.013,175.125
ILS,Reduced,Best,Best,1,1,3,DAFJS17.txt, -0.1, 65098, 300.018,7.754
ILS,Reduced,Best,Best,1,1,3,DAFJS11.txt, -0.1, 55849, 300.028,165.552
ILS,Reduced,Best,Best,1,1,3,DAFJS16.txt, -0.1, 58345, 300.045,19.396
ILS,Reduced,Best,Best,1,1,3,DAFJS23.txt, -0.1, 43027, 300.001,206.054
ILS,Reduced,Best,Best,1,1,3,DAFJS25.txt, -0.1, 63520, 300.001,161.904
ILS,Reduced,Best,Best,1,1,3,DAFJS24.txt, -0.1, 49090, 300.008,180.068
ILS,Reduced,Best,Best,1,1,3,YFJS01.txt, -0.1, 68714, 300,1.731
ILS,Reduced,Best,Best,1,1,3,DAFJS28.txt, -0.1, 48237, 300.003,64.571
ILS,Reduced,Best,Best,1,1,3,YFJS02.txt, -0.1, 72465, 300,0.604
ILS,Reduced,Best,Best,1,1,3,DAFJS26.txt, -0.1, 62862, 300.011,192.926
ILS,Reduced,Best,Best,1,1,3,DAFJS27.txt, -0.1, 68841, 300.01,299.457
ILS,Reduced,Best,Best,1,1,3,DAFJS22.txt, -0.1, 56700, 300.02,105.21
ILS,Reduced,Best,Best,1,1,3,DAFJS29.txt, -0.1, 57238, 300.02,157.938
ILS,Reduced,Best,Best,1,1,3,DAFJS30.txt, -0.1, 48955, 300.04,31.606
ILS,Reduced,Best,Best,1,1,3,YFJS03.txt, -0.1, 32538, 300,0.059
ILS,Reduced,Best,Best,1,1,3,YFJS04.txt, -0.1, 35883, 300,0.158
ILS,Reduced,Best,Best,1,1,3,YFJS05.txt, -0.1, 40186, 300,8.084
ILS,Reduced,Best,Best,1,1,3,YFJS06.txt, -0.1, 40441, 300,155.555
ILS,Reduced,Best,Best,1,1,3,YFJS07.txt, -0.1, 40887, 300,18.706
ILS,Reduced,Best,Best,1,1,3,YFJS08.txt, -0.1, 32573, 300,0.585
ILS,Reduced,Best,Best,1,1,3,YFJS09.txt, -0.1, 22681, 300,0.33
ILS,Reduced,Best,Best,1,1,3,YFJS10.txt, -0.1, 37372, 300,18.814
ILS,Reduced,Best,Best,1,1,3,YFJS11.txt, -0.1, 47847, 300,50.871
ILS,Reduced,Best,Best,1,1,3,YFJS12.txt, -0.1, 46728, 300.001,17.218
ILS,Reduced,Best,Best,1,1,3,YFJS13.txt, -0.1, 36911, 300,1.416
ILS,Reduced,Best,Best,1,1,3,YFJS14.txt, -0.1, 110818, 300,139.797
ILS,Reduced,Best,Best,1,1,3,YFJS19.txt, -0.1, 81308, 300.001,123.695
ILS,Reduced,Best,Best,1,1,3,DAFJS01.txt, -0.2, 21683, 300,3.457
ILS,Reduced,Best,Best,1,1,3,DAFJS02.txt, -0.2, 24235, 300,3.279
ILS,Reduced,Best,Best,1,1,3,DAFJS03.txt, -0.2, 44412, 300,196.841
ILS,Reduced,Best,Best,1,1,3,YFJS16.txt, -0.1, 105882, 300.009,32.32
ILS,Reduced,Best,Best,1,1,3,DAFJS04.txt, -0.2, 45228, 300.001,90.066
ILS,Reduced,Best,Best,1,1,3,YFJS15.txt, -0.1, 106619, 300.012,219.497
ILS,Reduced,Best,Best,1,1,3,YFJS17.txt, -0.1, 94725, 300.01,217.52
ILS,Reduced,Best,Best,1,1,3,YFJS20.txt, -0.1, 83445, 300.012,71.664
ILS,Reduced,Best,Best,1,1,3,YFJS18.txt, -0.1, 101654, 300.051,151.014
ILS,Reduced,Best,Best,1,1,3,DAFJS05.txt, -0.2, 30773, 300,16.784
ILS,Reduced,Best,Best,1,1,3,DAFJS09.txt, -0.2, 35339, 300.001,112.455
ILS,Reduced,Best,Best,1,1,3,DAFJS06.txt, -0.2, 31032, 300.006,227.44
ILS,Reduced,Best,Best,1,1,3,DAFJS08.txt, -0.2, 45777, 300.005,89.755
ILS,Reduced,Best,Best,1,1,3,DAFJS13.txt, -0.2, 45404, 300,155.32
ILS,Reduced,Best,Best,1,1,3,DAFJS14.txt, -0.2, 51377, 300,21.889
ILS,Reduced,Best,Best,1,1,3,DAFJS10.txt, -0.2, 37350, 300.006,72.526
ILS,Reduced,Best,Best,1,1,3,DAFJS07.txt, -0.2, 40409, 300.011,267.965
ILS,Reduced,Best,Best,1,1,3,DAFJS11.txt, -0.2, 47432, 300.011,117.668
ILS,Reduced,Best,Best,1,1,3,DAFJS15.txt, -0.2, 49451, 300.01,201.022
ILS,Reduced,Best,Best,1,1,3,DAFJS12.txt, -0.2, 45581, 300.017,289.875
ILS,Reduced,Best,Best,1,1,3,DAFJS18.txt, -0.2, 54679, 300.002,281.231
ILS,Reduced,Best,Best,1,1,3,DAFJS20.txt, -0.2, 49648, 300.002,217.586
ILS,Reduced,Best,Best,1,1,3,DAFJS24.txt, -0.2, 42489, 300.001,102.937
ILS,Reduced,Best,Best,1,1,3,DAFJS26.txt, -0.2, 52508, 300,194.696
ILS,Reduced,Best,Best,1,1,3,DAFJS25.txt, -0.2, 53337, 300.002,233.875
ILS,Reduced,Best,Best,1,1,3,DAFJS16.txt, -0.2, 49985, 300.012,122.736
ILS,Reduced,Best,Best,1,1,3,DAFJS17.txt, -0.2, 52850, 300.012,113.329
ILS,Reduced,Best,Best,1,1,3,DAFJS19.txt, -0.2, 39460, 300.014,278.356
ILS,Reduced,Best,Best,1,1,3,DAFJS23.txt, -0.2, 37536, 300.009,118.591
ILS,Reduced,Best,Best,1,1,3,DAFJS21.txt, -0.2, 54633, 300.013,153.816
ILS,Reduced,Best,Best,1,1,3,DAFJS22.txt, -0.2, 46521, 300.013,257.229
ILS,Reduced,Best,Best,1,1,3,YFJS01.txt, -0.2, 61606, 300,1.208
ILS,Reduced,Best,Best,1,1,3,YFJS02.txt, -0.2, 64172, 300,0.544
ILS,Reduced,Best,Best,1,1,3,DAFJS30.txt, -0.2, 42518, 300.003,229.988
ILS,Reduced,Best,Best,1,1,3,YFJS03.txt, -0.2, 30073, 300,0.415
ILS,Reduced,Best,Best,1,1,3,YFJS04.txt, -0.2, 32670, 300,0.248
ILS,Reduced,Best,Best,1,1,3,DAFJS28.txt, -0.2, 42104, 300.007,31.956
ILS,Reduced,Best,Best,1,1,3,YFJS05.txt, -0.2, 37182, 300,2.061
ILS,Reduced,Best,Best,1,1,3,YFJS06.txt, -0.2, 36749, 300,7.039
ILS,Reduced,Best,Best,1,1,3,YFJS07.txt, -0.2, 36611, 300,129.274
ILS,Reduced,Best,Best,1,1,3,DAFJS29.txt, -0.2, 50091, 300.011,42.308
ILS,Reduced,Best,Best,1,1,3,DAFJS27.txt, -0.2, 57600, 300.031,85.761
ILS,Reduced,Best,Best,1,1,3,YFJS08.txt, -0.2, 30184, 300,0.433
ILS,Reduced,Best,Best,1,1,3,YFJS09.txt, -0.2, 21363, 300.001,3.301
ILS,Reduced,Best,Best,1,1,3,YFJS10.txt, -0.2, 34364, 300,0.722
ILS,Reduced,Best,Best,1,1,3,YFJS11.txt, -0.2, 43454, 300.001,196.068
ILS,Reduced,Best,Best,1,1,3,YFJS12.txt, -0.2, 42397, 300,63.67
ILS,Reduced,Best,Best,1,1,3,YFJS13.txt, -0.2, 33875, 300,37.101
ILS,Reduced,Best,Best,1,1,3,YFJS15.txt, -0.2, 91496, 300.003,209.524
ILS,Reduced,Best,Best,1,1,3,YFJS18.txt, -0.2, 85069, 300,208.599
ILS,Reduced,Best,Best,1,1,3,YFJS17.txt, -0.2, 78378, 300.006,105.269
ILS,Reduced,Best,Best,1,1,3,YFJS16.txt, -0.2, 90329, 300.009,214.13
ILS,Reduced,Best,Best,1,1,3,YFJS14.txt, -0.2, 93411, 300.011,294.952
ILS,Reduced,Best,Best,1,1,3,DAFJS02.txt, -0.3, 22147, 300,95.89
ILS,Reduced,Best,Best,1,1,3,DAFJS01.txt, -0.3, 19716, 300.001,230.669
ILS,Reduced,Best,Best,1,1,3,DAFJS03.txt, -0.3, 38994, 300,12.837
ILS,Reduced,Best,Best,1,1,3,DAFJS04.txt, -0.3, 39469, 300,220.238
ILS,Reduced,Best,Best,1,1,3,DAFJS05.txt, -0.3, 27222, 300,204.743
ILS,Reduced,Best,Best,1,1,3,YFJS19.txt, -0.2, 68945, 300.006,293.759
ILS,Reduced,Best,Best,1,1,3,DAFJS06.txt, -0.3, 26496, 300.001,61.846
ILS,Reduced,Best,Best,1,1,3,DAFJS09.txt, -0.3, 31089, 300,216.704
ILS,Reduced,Best,Best,1,1,3,DAFJS08.txt, -0.3, 39498, 300,292.581
ILS,Reduced,Best,Best,1,1,3,DAFJS07.txt, -0.3, 35497, 300.004,26.752
ILS,Reduced,Best,Best,1,1,3,YFJS20.txt, -0.2, 71101, 300.02,165.248
ILS,Reduced,Best,Best,1,1,3,DAFJS10.txt, -0.3, 31376, 300,175.768
ILS,Reduced,Best,Best,1,1,3,DAFJS12.txt, -0.3, 39045, 300.001,164.691
ILS,Reduced,Best,Best,1,1,3,DAFJS13.txt, -0.3, 37482, 300.002,33.911
ILS,Reduced,Best,Best,1,1,3,DAFJS11.txt, -0.3, 40057, 300.006,11.568
ILS,Reduced,Best,Best,1,1,3,DAFJS16.txt, -0.3, 42743, 300,104.604
ILS,Reduced,Best,Best,1,1,3,DAFJS14.txt, -0.3, 42463, 300.004,148.694
ILS,Reduced,Best,Best,1,1,3,DAFJS19.txt, -0.3, 34366, 300,119.27
ILS,Reduced,Best,Best,1,1,3,DAFJS15.txt, -0.3, 42234, 300.007,174.596
ILS,Reduced,Best,Best,1,1,3,DAFJS18.txt, -0.3, 45249, 300.004,240.31
ILS,Reduced,Best,Best,1,1,3,DAFJS20.txt, -0.3, 41298, 300.01,100.257
ILS,Reduced,Best,Best,1,1,3,DAFJS17.txt, -0.3, 43632, 300.015,288.743
ILS,Reduced,Best,Best,1,1,3,DAFJS23.txt, -0.3, 33077, 300.001,35.749
ILS,Reduced,Best,Best,1,1,3,DAFJS21.txt, -0.3, 45265, 300.006,62.039
ILS,Reduced,Best,Best,1,1,3,DAFJS24.txt, -0.3, 36379, 300.004,60.497
ILS,Reduced,Best,Best,1,1,3,DAFJS28.txt, -0.3, 37095, 300,84.752
ILS,Reduced,Best,Best,1,1,3,DAFJS29.txt, -0.3, 43479, 300.001,42.761
ILS,Reduced,Best,Best,1,1,3,DAFJS26.txt, -0.3, 44535, 300.005,249.067
ILS,Reduced,Best,Best,1,1,3,YFJS01.txt, -0.3, 55128, 300,0.674
ILS,Reduced,Best,Best,1,1,3,DAFJS30.txt, -0.3, 36847, 300.01,272.833
ILS,Reduced,Best,Best,1,1,3,DAFJS27.txt, -0.3, 47786, 300.02,37.371
ILS,Reduced,Best,Best,1,1,3,DAFJS22.txt, -0.3, 37736, 300.043,165.147
ILS,Reduced,Best,Best,1,1,3,DAFJS25.txt, -0.3, 45660, 300.058,89.798
ILS,Reduced,Best,Best,1,1,3,YFJS02.txt, -0.3, 57187, 300,2.075
ILS,Reduced,Best,Best,1,1,3,YFJS03.txt, -0.3, 27686, 300,0.028
ILS,Reduced,Best,Best,1,1,3,YFJS05.txt, -0.3, 33736, 300,8.395
ILS,Reduced,Best,Best,1,1,3,YFJS06.txt, -0.3, 33276, 300,12.823
ILS,Reduced,Best,Best,1,1,3,YFJS07.txt, -0.3, 33011, 300,130.365
ILS,Reduced,Best,Best,1,1,3,YFJS04.txt, -0.3, 29692, 300.004,1.209
ILS,Reduced,Best,Best,1,1,3,YFJS08.txt, -0.3, 28192, 300,0.286
ILS,Reduced,Best,Best,1,1,3,YFJS09.txt, -0.3, 20077, 300,5.021
ILS,Reduced,Best,Best,1,1,3,YFJS10.txt, -0.3, 31559, 300,2.786
ILS,Reduced,Best,Best,1,1,3,YFJS11.txt, -0.3, 40204, 300,130.086
ILS,Reduced,Best,Best,1,1,3,YFJS12.txt, -0.3, 38078, 300,262.135
ILS,Reduced,Best,Best,1,1,3,YFJS13.txt, -0.3, 30711, 300,137.387
ILS,Reduced,Best,Best,1,1,3,YFJS16.txt, -0.3, 78417, 300.004,53.123
ILS,Reduced,Best,Best,1,1,3,YFJS15.txt, -0.3, 78948, 300.007,276.132
ILS,Reduced,Best,Best,1,1,3,YFJS14.txt, -0.3, 79107, 300.008,28.616
ILS,Reduced,Best,Best,1,1,3,DAFJS02.txt, -0.1, 26432, 300,21.694
ILS,Reduced,Best,Best,1,1,3,DAFJS01.txt, -0.1, 23460, 300.001,5.554
ILS,Reduced,Best,Best,1,1,3,DAFJS03.txt, -0.1, 50565, 300,63.726
ILS,Reduced,Best,Best,1,1,3,YFJS19.txt, -0.3, 59022, 300.007,166.968
ILS,Reduced,Best,Best,1,1,3,YFJS20.txt, -0.3, 60394, 300.019,233.832
ILS,Reduced,Best,Best,1,1,3,YFJS18.txt, -0.3, 71629, 300.027,156.947
ILS,Reduced,Best,Best,1,1,3,YFJS17.txt, -0.3, 66806, 300.07,144.113
ILS,Reduced,Best,Best,1,1,3,DAFJS05.txt, -0.1, 34867, 300,208.561
ILS,Reduced,Best,Best,1,1,3,DAFJS04.txt, -0.1, 52061, 300,276.781
ILS,Reduced,Best,Best,1,1,3,DAFJS06.txt, -0.1, 35677, 300.002,175.661
ILS,Reduced,Best,Best,1,1,3,DAFJS08.txt, -0.1, 53618, 300.002,175.554
ILS,Reduced,Best,Best,1,1,3,DAFJS09.txt, -0.1, 40635, 300.002,102.84
ILS,Reduced,Best,Best,1,1,3,DAFJS10.txt, -0.1, 44848, 300.001,141.966
ILS,Reduced,Best,Best,1,1,3,DAFJS11.txt, -0.1, 55974, 300.001,222.418
ILS,Reduced,Best,Best,1,1,3,DAFJS07.txt, -0.1, 46030, 300.007,32.582
ILS,Reduced,Best,Best,1,1,3,DAFJS12.txt, -0.1, 53843, 300.005,276.053
ILS,Reduced,Best,Best,1,1,3,DAFJS14.txt, -0.1, 60869, 300.003,7.426
ILS,Reduced,Best,Best,1,1,3,DAFJS13.txt, -0.1, 54178, 300.007,270.841
ILS,Reduced,Best,Best,1,1,3,DAFJS16.txt, -0.1, 59147, 300.003,238.381
ILS,Reduced,Best,Best,1,1,3,DAFJS19.txt, -0.1, 45772, 300.001,169.749
ILS,Reduced,Best,Best,1,1,3,DAFJS20.txt, -0.1, 59309, 300.001,21.847
ILS,Reduced,Best,Best,1,1,3,DAFJS22.txt, -0.1, 57672, 300,197.377
ILS,Reduced,Best,Best,1,1,3,DAFJS18.txt, -0.1, 66413, 300.011,1.423
ILS,Reduced,Best,Best,1,1,3,DAFJS25.txt, -0.1, 63639, 300.004,166.696
ILS,Reduced,Best,Best,1,1,3,DAFJS17.txt, -0.1, 65588, 300.016,87.337
ILS,Reduced,Best,Best,1,1,3,DAFJS24.txt, -0.1, 48968, 300.008,259.787
ILS,Reduced,Best,Best,1,1,3,DAFJS23.txt, -0.1, 43081, 300.01,10.217
ILS,Reduced,Best,Best,1,1,3,DAFJS15.txt, -0.1, 57874, 300.028,51.169
ILS,Reduced,Best,Best,1,1,3,DAFJS21.txt, -0.1, 65971, 300.05,290.751
ILS,Reduced,Best,Best,1,1,3,YFJS01.txt, -0.1, 68714, 300,1.813
ILS,Reduced,Best,Best,1,1,3,YFJS02.txt, -0.1, 72465, 300,0.49
ILS,Reduced,Best,Best,1,1,3,YFJS03.txt, -0.1, 32538, 300,0.022
ILS,Reduced,Best,Best,1,1,3,DAFJS30.txt, -0.1, 49127, 300.002,26.193
ILS,Reduced,Best,Best,1,1,3,YFJS04.txt, -0.1, 35883, 300,0.849
ILS,Reduced,Best,Best,1,1,3,YFJS05.txt, -0.1, 40186, 300,0.86
ILS,Reduced,Best,Best,1,1,3,DAFJS28.txt, -0.1, 48156, 300.007,85.931
ILS,Reduced,Best,Best,1,1,3,YFJS06.txt, -0.1, 40441, 300.001,55.939
ILS,Reduced,Best,Best,1,1,3,DAFJS29.txt, -0.1, 56895, 300.008,183.134
ILS,Reduced,Best,Best,1,1,3,DAFJS26.txt, -0.1, 61976, 300.017,91.865
ILS,Reduced,Best,Best,1,1,3,DAFJS27.txt, -0.1, 69052, 300.02,149.794
ILS,Reduced,Best,Best,1,1,3,YFJS08.txt, -0.1, 32573, 300,0.51
ILS,Reduced,Best,Best,1,1,3,YFJS07.txt, -0.1, 40951, 300.001,34.579
ILS,Reduced,Best,Best,1,1,3,YFJS09.txt, -0.1, 22681, 300,2.944
ILS,Reduced,Best,Best,1,1,3,YFJS10.txt, -0.1, 37372, 300,10.036
ILS,Reduced,Best,Best,1,1,3,YFJS12.txt, -0.1, 46728, 300,39.229
ILS,Reduced,Best,Best,1,1,3,YFJS11.txt, -0.1, 47813, 300.001,14.979
ILS,Reduced,Best,Best,1,1,3,YFJS13.txt, -0.1, 36911, 300,18.803
ILS,Reduced,Best,Best,1,1,3,YFJS15.txt, -0.1, 106556, 300,126.254
ILS,Reduced,Best,Best,1,1,3,YFJS14.txt, -0.1, 111015, 300.012,296.403
ILS,Reduced,Best,Best,1,1,3,YFJS16.txt, -0.1, 105444, 300.019,273.282
ILS,Reduced,Best,Best,1,1,3,YFJS17.txt, -0.1, 94540, 300.044,163.854
ILS,Reduced,Best,Best,1,1,3,DAFJS01.txt, -0.2, 21683, 300,2.807
ILS,Reduced,Best,Best,1,1,3,DAFJS02.txt, -0.2, 24235, 300,13.174
ILS,Reduced,Best,Best,1,1,3,DAFJS03.txt, -0.2, 44465, 300.001,54.925
ILS,Reduced,Best,Best,1,1,3,DAFJS04.txt, -0.2, 45182, 300,22.66
ILS,Reduced,Best,Best,1,1,3,DAFJS05.txt, -0.2, 30773, 300.001,237.17
ILS,Reduced,Best,Best,1,1,3,DAFJS06.txt, -0.2, 30778, 300.002,174.508
ILS,Reduced,Best,Best,1,1,3,DAFJS08.txt, -0.2, 46007, 300.001,31.219
ILS,Reduced,Best,Best,1,1,3,DAFJS07.txt, -0.2, 40079, 300.006,95.32
ILS,Reduced,Best,Best,1,1,3,YFJS18.txt, -0.1, 101443, 300.033,15.671
ILS,Reduced,Best,Best,1,1,3,YFJS19.txt, -0.1, 80876, 300.042,298.286
ILS,Reduced,Best,Best,1,1,3,YFJS20.txt, -0.1, 83685, 300.049,258.984
ILS,Reduced,Best,Best,1,1,3,DAFJS09.txt, -0.2, 35600, 300.002,87.987
ILS,Reduced,Best,Best,1,1,3,DAFJS13.txt, -0.2, 45669, 300,37.892
ILS,Reduced,Best,Best,1,1,3,DAFJS10.txt, -0.2, 37126, 300.006,100.7
ILS,Reduced,Best,Best,1,1,3,DAFJS14.txt, -0.2, 51124, 300.001,165.952
ILS,Reduced,Best,Best,1,1,3,DAFJS12.txt, -0.2, 45680, 300.006,115.158
ILS,Reduced,Best,Best,1,1,3,DAFJS16.txt, -0.2, 50032, 300.002,279.075
ILS,Reduced,Best,Best,1,1,3,DAFJS19.txt, -0.2, 39593, 300,0.454
ILS,Reduced,Best,Best,1,1,3,DAFJS15.txt, -0.2, 49213, 300.004,143.052
ILS,Reduced,Best,Best,1,1,3,DAFJS18.txt, -0.2, 54649, 300.007,72.254
ILS,Reduced,Best,Best,1,1,3,DAFJS17.txt, -0.2, 53319, 300.012,33.788
ILS,Reduced,Best,Best,1,1,3,DAFJS11.txt, -0.2, 47833, 300.054,25.774
ILS,Reduced,Best,Best,1,1,3,DAFJS23.txt, -0.2, 37669, 300.002,152.195
ILS,Reduced,Best,Best,1,1,3,DAFJS29.txt, -0.2, 50179, 300,88.71
ILS,Reduced,Best,Best,1,1,3,DAFJS30.txt, -0.2, 42372, 300.002,280.431
ILS,Reduced,Best,Best,1,1,3,DAFJS22.txt, -0.2, 46294, 300.013,23.928
ILS,Reduced,Best,Best,1,1,3,DAFJS25.txt, -0.2, 53294, 300.011,67.033
ILS,Reduced,Best,Best,1,1,3,DAFJS24.txt, -0.2, 42248, 300.017,78.322
ILS,Reduced,Best,Best,1,1,3,DAFJS21.txt, -0.2, 54422, 300.025,195.926
ILS,Reduced,Best,Best,1,1,3,DAFJS27.txt, -0.2, 57603, 300.019,134.305
ILS,Reduced,Best,Best,1,1,3,DAFJS20.txt, -0.2, 49537, 300.029,153.387
ILS,Reduced,Best,Best,1,1,3,DAFJS28.txt, -0.2, 42031, 300.021,134.849
ILS,Reduced,Best,Best,1,1,3,DAFJS26.txt, -0.2, 52151, 300.03,125.987
ILS,Reduced,Best,Best,1,1,3,YFJS01.txt, -0.2, 61606, 300,0.835
ILS,Reduced,Best,Best,1,1,3,YFJS02.txt, -0.2, 64172, 300,0.136
ILS,Reduced,Best,Best,1,1,3,YFJS03.txt, -0.2, 30073, 300,0.17
ILS,Reduced,Best,Best,1,1,3,YFJS04.txt, -0.2, 32670, 300,0.12
ILS,Reduced,Best,Best,1,1,3,YFJS05.txt, -0.2, 37182, 300,3.711
ILS,Reduced,Best,Best,1,1,3,YFJS06.txt, -0.2, 36749, 300,60.026
ILS,Reduced,Best,Best,1,1,3,YFJS07.txt, -0.2, 36611, 300,290.108
ILS,Reduced,Best,Best,1,1,3,YFJS08.txt, -0.2, 30184, 300,0.284
ILS,Reduced,Best,Best,1,1,3,YFJS10.txt, -0.2, 34364, 300,16.58
ILS,Reduced,Best,Best,1,1,3,YFJS09.txt, -0.2, 21363, 300.001,1.433
ILS,Reduced,Best,Best,1,1,3,YFJS11.txt, -0.2, 43454, 300,155.962
ILS,Reduced,Best,Best,1,1,3,YFJS12.txt, -0.2, 42429, 300,214.561
ILS,Reduced,Best,Best,1,1,3,YFJS13.txt, -0.2, 33875, 300,6.902
ILS,Reduced,Best,Best,1,1,3,YFJS15.txt, -0.2, 91179, 300.001,185.411
ILS,Reduced,Best,Best,1,1,3,YFJS14.txt, -0.2, 93193, 300.003,283.339
ILS,Reduced,Best,Best,1,1,3,DAFJS01.txt, -0.3, 19716, 300,111.747
ILS,Reduced,Best,Best,1,1,3,DAFJS02.txt, -0.3, 22147, 300,50.08
ILS,Reduced,Best,Best,1,1,3,YFJS16.txt, -0.2, 90596, 300.013,280.774
ILS,Reduced,Best,Best,1,1,3,YFJS20.txt, -0.2, 70678, 300.015,115.745
ILS,Reduced,Best,Best,1,1,3,YFJS17.txt, -0.2, 79036, 300.05,254.967
ILS,Reduced,Best,Best,1,1,3,YFJS18.txt, -0.2, 85191, 300.053,213.258
ILS,Reduced,Best,Best,1,1,3,YFJS19.txt, -0.2, 69284, 300.057,62.256
ILS,Reduced,Best,Best,1,1,3,DAFJS03.txt, -0.3, 39444, 300,124.739
ILS,Reduced,Best,Best,1,1,3,DAFJS04.txt, -0.3, 39491, 300.001,188.022
ILS,Reduced,Best,Best,1,1,3,DAFJS05.txt, -0.3, 27114, 300.001,147.183
ILS,Reduced,Best,Best,1,1,3,DAFJS06.txt, -0.3, 26636, 300.004,268.61
ILS,Reduced,Best,Best,1,1,3,DAFJS11.txt, -0.3, 40736, 300,211.184
ILS,Reduced,Best,Best,1,1,3,DAFJS10.txt, -0.3, 31233, 300.002,114.521
ILS,Reduced,Best,Best,1,1,3,DAFJS12.txt, -0.3, 38982, 300,181.085
ILS,Reduced,Best,Best,1,1,3,DAFJS08.txt, -0.3, 39602, 300.005,176.009
ILS,Reduced,Best,Best,1,1,3,DAFJS13.txt, -0.3, 37919, 300.001,21.38
ILS,Reduced,Best,Best,1,1,3,DAFJS09.txt, -0.3, 30958, 300.005,127.99
ILS,Reduced,Best,Best,1,1,3,DAFJS07.txt, -0.3, 35773, 300.013,53.182
ILS,Reduced,Best,Best,1,1,3,DAFJS14.txt, -0.3, 42547, 300.001,38.187
ILS,Reduced,Best,Best,1,1,3,DAFJS16.txt, -0.3, 42794, 300.001,36.051
ILS,Reduced,Best,Best,1,1,3,DAFJS15.txt, -0.3, 42325, 300.007,171.913
ILS,Reduced,Best,Best,1,1,3,DAFJS20.txt, -0.3, 41570, 300.002,1.54
ILS,Reduced,Best,Best,1,1,3,DAFJS23.txt, -0.3, 33084, 300.002,71.004
ILS,Reduced,Best,Best,1,1,3,DAFJS18.txt, -0.3, 44853, 300.009,151.364
ILS,Reduced,Best,Best,1,1,3,DAFJS19.txt, -0.3, 34144, 300.009,66.815
ILS,Reduced,Best,Best,1,1,3,DAFJS17.txt, -0.3, 43821, 300.017,6.733
ILS,Reduced,Best,Best,1,1,3,DAFJS24.txt, -0.3, 36605, 300.017,274.227
ILS,Reduced,Best,Best,1,1,3,DAFJS21.txt, -0.3, 44988, 300.021,49.831
ILS,Reduced,Best,Best,1,1,3,DAFJS22.txt, -0.3, 37512, 300.023,1.955
ILS,Reduced,Best,Best,1,1,3,DAFJS29.txt, -0.3, 43303, 300.002,69.233
ILS,Reduced,Best,Best,1,1,3,YFJS01.txt, -0.3, 55128, 300.001,1.129
ILS,Reduced,Best,Best,1,1,3,YFJS02.txt, -0.3, 57187, 300,1.573
ILS,Reduced,Best,Best,1,1,3,DAFJS25.txt, -0.3, 45109, 300.008,110.625
ILS,Reduced,Best,Best,1,1,3,YFJS03.txt, -0.3, 27686, 300,0.054
ILS,Reduced,Best,Best,1,1,3,YFJS04.txt, -0.3, 29692, 300,0.055
ILS,Reduced,Best,Best,1,1,3,YFJS05.txt, -0.3, 33736, 300,1.012
ILS,Reduced,Best,Best,1,1,3,DAFJS28.txt, -0.3, 36801, 300.014,215.767
ILS,Reduced,Best,Best,1,1,3,DAFJS26.txt, -0.3, 43815, 300.017,184.841
ILS,Reduced,Best,Best,1,1,3,DAFJS30.txt, -0.3, 37053, 300.016,265.351
ILS,Reduced,Best,Best,1,1,3,DAFJS27.txt, -0.3, 47673, 300.031,36.342
ILS,Reduced,Best,Best,1,1,3,YFJS06.txt, -0.3, 33276, 300,108.076
ILS,Reduced,Best,Best,1,1,3,YFJS07.txt, -0.3, 33011, 300,175.84
ILS,Reduced,Best,Best,1,1,3,YFJS08.txt, -0.3, 28192, 300,0.003
ILS,Reduced,Best,Best,1,1,3,YFJS09.txt, -0.3, 20077, 300,0.748
ILS,Reduced,Best,Best,1,1,3,YFJS10.txt, -0.3, 31559, 300,60.788
ILS,Reduced,Best,Best,1,1,3,YFJS11.txt, -0.3, 40204, 300,13.817
ILS,Reduced,Best,Best,1,1,3,YFJS12.txt, -0.3, 38186, 300,1.758
ILS,Reduced,Best,Best,1,1,3,YFJS13.txt, -0.3, 30711, 300,276.169
ILS,Reduced,Best,Best,1,1,3,YFJS15.txt, -0.3, 78509, 300.002,293.548
ILS,Reduced,Best,Best,1,1,3,YFJS16.txt, -0.3, 78051, 300.001,165.157
ILS,Reduced,Best,Best,1,1,3,YFJS14.txt, -0.3, 79277, 300.007,112.974
ILS,Reduced,Best,Best,1,1,3,DAFJS01.txt, -0.1, 23460, 300,5.191
ILS,Reduced,Best,Best,1,1,3,YFJS18.txt, -0.3, 71766, 300.005,193.167
ILS,Reduced,Best,Best,1,1,3,DAFJS02.txt, -0.1, 26432, 300,8.174
ILS,Reduced,Best,Best,1,1,3,DAFJS04.txt, -0.1, 52061, 300,92.16
ILS,Reduced,Best,Best,1,1,3,DAFJS03.txt, -0.1, 50487, 300.002,282.096
ILS,Reduced,Best,Best,1,1,3,DAFJS05.txt, -0.1, 34860, 300,61.071
ILS,Reduced,Best,Best,1,1,3,DAFJS06.txt, -0.1, 35640, 300.001,185.738
ILS,Reduced,Best,Best,1,1,3,YFJS17.txt, -0.3, 65880, 300.014,22.535
ILS,Reduced,Best,Best,1,1,3,DAFJS07.txt, -0.1, 45587, 300.008,76.136
ILS,Reduced,Best,Best,1,1,3,YFJS20.txt, -0.3, 60272, 300.017,208.44
ILS,Reduced,Best,Best,1,1,3,YFJS19.txt, -0.3, 58853, 300.041,149.694
ILS,Reduced,Best,Best,1,1,3,DAFJS08.txt, -0.1, 53388, 300,287.295
ILS,Reduced,Best,Best,1,1,3,DAFJS09.txt, -0.1, 40446, 300.001,91.729
ILS,Reduced,Best,Best,1,1,3,DAFJS10.txt, -0.1, 44792, 300.001,8.118
ILS,Reduced,Best,Best,1,1,3,DAFJS14.txt, -0.1, 61415, 300.001,4.317
ILS,Reduced,Best,Best,1,1,3,DAFJS11.txt, -0.1, 55926, 300.008,27.95
ILS,Reduced,Best,Best,1,1,3,DAFJS16.txt, -0.1, 58951, 300.004,75.525
ILS,Reduced,Best,Best,1,1,3,DAFJS13.txt, -0.1, 54956, 300.011,145.199
ILS,Reduced,Best,Best,1,1,3,DAFJS18.txt, -0.1, 66190, 300.001,57.287
ILS,Reduced,Best,Best,1,1,3,DAFJS12.txt, -0.1, 54101, 300.025,23.888
ILS,Reduced,Best,Best,1,1,3,DAFJS15.txt, -0.1, 57512, 300.03,189.867
ILS,Reduced,Best,Best,1,1,3,DAFJS17.txt, -0.1, 65612, 300.024,117.667
ILS,Reduced,Best,Best,1,1,3,DAFJS23.txt, -0.1, 42589, 300.002,223.557
ILS,Reduced,Best,Best,1,1,3,DAFJS24.txt, -0.1, 48772, 300.002,146.871
ILS,Reduced,Best,Best,1,1,3,DAFJS19.txt, -0.1, 45405, 300.008,172.768
ILS,Reduced,Best,Best,1,1,3,DAFJS22.txt, -0.1, 56713, 300.008,213.489
ILS,Reduced,Best,Best,1,1,3,DAFJS28.txt, -0.1, 48344, 300.001,164.621
ILS,Reduced,Best,Best,1,1,3,DAFJS29.txt, -0.1, 56621, 300.003,64.957
ILS,Reduced,Best,Best,1,1,3,DAFJS21.txt, -0.1, 66355, 300.016,185.659
ILS,Reduced,Best,Best,1,1,3,DAFJS26.txt, -0.1, 62667, 300.01,182.384
ILS,Reduced,Best,Best,1,1,3,DAFJS27.txt, -0.1, 69088, 300.009,4.67
ILS,Reduced,Best,Best,1,1,3,DAFJS25.txt, -0.1, 63702, 300.013,126.129
ILS,Reduced,Best,Best,1,1,3,DAFJS20.txt, -0.1, 58680, 300.02,201.741
ILS,Reduced,Best,Best,1,1,3,DAFJS30.txt, -0.1, 49132, 300,37.114
ILS,Reduced,Best,Best,1,1,3,YFJS01.txt, -0.1, 68714, 300.001,0.005
ILS,Reduced,Best,Best,1,1,3,YFJS02.txt, -0.1, 72465, 300,3.618
ILS,Reduced,Best,Best,1,1,3,YFJS03.txt, -0.1, 32538, 300,0.051
ILS,Reduced,Best,Best,1,1,3,YFJS04.txt, -0.1, 35883, 300,0.205
ILS,Reduced,Best,Best,1,1,3,YFJS05.txt, -0.1, 40186, 300,2.469
ILS,Reduced,Best,Best,1,1,3,YFJS06.txt, -0.1, 40441, 300,277.298
ILS,Reduced,Best,Best,1,1,3,YFJS07.txt, -0.1, 40951, 300,85.835
ILS,Reduced,Best,Best,1,1,3,YFJS08.txt, -0.1, 32573, 300,1.279
ILS,Reduced,Best,Best,1,1,3,YFJS09.txt, -0.1, 22681, 300,0.545
ILS,Reduced,Best,Best,1,1,3,YFJS10.txt, -0.1, 37372, 300,12.039
ILS,Reduced,Best,Best,1,1,3,YFJS11.txt, -0.1, 47800, 300,10.03
ILS,Reduced,Best,Best,1,1,3,YFJS12.txt, -0.1, 46728, 300,11.132
ILS,Reduced,Best,Best,1,1,3,YFJS13.txt, -0.1, 36911, 300,4.416
ILS,Reduced,Best,Best,1,1,3,YFJS14.txt, -0.1, 110906, 300.004,89.79
ILS,Reduced,Best,Best,1,1,3,YFJS18.txt, -0.1, 101752, 300,55.974
ILS,Reduced,Best,Best,1,1,3,DAFJS01.txt, -0.2, 21683, 300,2.892
ILS,Reduced,Best,Best,1,1,3,YFJS19.txt, -0.1, 81578, 300.011,213.093
ILS,Reduced,Best,Best,1,1,3,YFJS20.txt, -0.1, 83090, 300.016,129.992
ILS,Reduced,Best,Best,1,1,3,YFJS17.txt, -0.1, 94586, 300.02,127.526
ILS,Reduced,Best,Best,1,1,3,YFJS16.txt, -0.1, 105140, 300.027,197.087
ILS,Reduced,Best,Best,1,1,3,YFJS15.txt, -0.1, 106409, 300.046,264.633
ILS,Reduced,Best,Best,1,1,3,DAFJS02.txt, -0.2, 24235, 300,5.772
ILS,Reduced,Best,Best,1,1,3,DAFJS04.txt, -0.2, 45115, 300,195.068
ILS,Reduced,Best,Best,1,1,3,DAFJS03.txt, -0.2, 44574, 300.001,156.401
ILS,Reduced,Best,Best,1,1,3,DAFJS05.txt, -0.2, 31004, 300,199.622
ILS,Reduced,Best,Best,1,1,3,DAFJS06.txt, -0.2, 30908, 300,32.815
ILS,Reduced,Best,Best,1,1,3,DAFJS08.txt, -0.2, 45913, 300.001,158.432
ILS,Reduced,Best,Best,1,1,3,DAFJS09.txt, -0.2, 35692, 300.001,210.116
ILS,Reduced,Best,Best,1,1,3,DAFJS07.txt, -0.2, 40614, 300.004,37.013
ILS,Reduced,Best,Best,1,1,3,DAFJS11.txt, -0.2, 47405, 300.001,190.514
ILS,Reduced,Best,Best,1,1,3,DAFJS10.txt, -0.2, 37286, 300.003,108.926
ILS,Reduced,Best,Best,1,1,3,DAFJS12.txt, -0.2, 45604, 300.031,26.661
ILS,Reduced,Best,Best,1,1,3,DAFJS13.txt, -0.2, 45671, 300,236.437
ILS,Reduced,Best,Best,1,1,3,DAFJS14.txt, -0.2, 51272, 300.002,299.346
ILS,Reduced,Best,Best,1,1,3,DAFJS16.txt, -0.2, 50162, 300,253.643
ILS,Reduced,Best,Best,1,1,3,DAFJS15.txt, -0.2, 49203, 300.002,236.802
ILS,Reduced,Best,Best,1,1,3,DAFJS17.txt, -0.2, 53233, 300.002,107.192
ILS,Reduced,Best,Best,1,1,3,DAFJS21.txt, -0.2, 54711, 300,158.951
ILS,Reduced,Best,Best,1,1,3,DAFJS18.txt, -0.2, 54439, 300.003,90.116
ILS,Reduced,Best,Best,1,1,3,DAFJS19.txt, -0.2, 39085, 300.003,7.176
ILS,Reduced,Best,Best,1,1,3,DAFJS23.txt, -0.2, 37740, 300.001,2.106
ILS,Reduced,Best,Best,1,1,3,DAFJS22.txt, -0.2, 46224, 300.003,236.872
ILS,Reduced,Best,Best,1,1,3,DAFJS20.txt, -0.2, 49661, 300.012,141.444
ILS,Reduced,Best,Best,1,1,3,DAFJS25.txt, -0.2, 53146, 300.004,10.901
ILS,Reduced,Best,Best,1,1,3,DAFJS27.txt, -0.2, 57394, 300.004,37.614
ILS,Reduced,Best,Best,1,1,3,YFJS01.txt, -0.2, 61606, 300,0.742
ILS,Reduced,Best,Best,1,1,3,YFJS02.txt, -0.2, 64172, 300,0.684
ILS,Reduced,Best,Best,1,1,3,YFJS03.txt, -0.2, 30073, 300,0.054
ILS,Reduced,Best,Best,1,1,3,YFJS04.txt, -0.2, 32670, 300,0.09
ILS,Reduced,Best,Best,1,1,3,DAFJS29.txt, -0.2, 50012, 300.006,229.476
ILS,Reduced,Best,Best,1,1,3,DAFJS24.txt, -0.2, 42235, 300.013,256.06
ILS,Reduced,Best,Best,1,1,3,DAFJS30.txt, -0.2, 42470, 300.01,206.116
ILS,Reduced,Best,Best,1,1,3,DAFJS28.txt, -0.2, 41957, 300.02,176.472
ILS,Reduced,Best,Best,1,1,3,DAFJS26.txt, -0.2, 52072, 300.043,298.114
ILS,Reduced,Best,Best,1,1,3,YFJS05.txt, -0.2, 37182, 300,0.819
ILS,Reduced,Best,Best,1,1,3,YFJS06.txt, -0.2, 36749, 300,21.943
ILS,Reduced,Best,Best,1,1,3,YFJS07.txt, -0.2, 36611, 300,29.431
ILS,Reduced,Best,Best,1,1,3,YFJS08.txt, -0.2, 30184, 300,0.061
ILS,Reduced,Best,Best,1,1,3,YFJS10.txt, -0.2, 34364, 300,17.538
ILS,Reduced,Best,Best,1,1,3,YFJS11.txt, -0.2, 43454, 300,142.492
ILS,Reduced,Best,Best,1,1,3,YFJS09.txt, -0.2, 21363, 300.003,1.828
ILS,Reduced,Best,Best,1,1,3,YFJS12.txt, -0.2, 42232, 300,62.847
ILS,Reduced,Best,Best,1,1,3,YFJS13.txt, -0.2, 33875, 300,16.339
ILS,Reduced,Best,Best,1,1,3,YFJS15.txt, -0.2, 91480, 300.001,120.521
ILS,Reduced,Best,Best,1,1,3,YFJS14.txt, -0.2, 93533, 300.004,269.398
ILS,Reduced,Best,Best,1,1,3,YFJS17.txt, -0.2, 78998, 300.001,27.427
ILS,Reduced,Best,Best,1,1,3,YFJS16.txt, -0.2, 90874, 300.002,61.401
ILS,Reduced,Best,Best,1,1,3,DAFJS01.txt, -0.3, 19716, 300,63.502
ILS,Reduced,Best,Best,1,1,3,DAFJS02.txt, -0.3, 22147, 300,43.801
ILS,Reduced,Best,Best,1,1,3,DAFJS03.txt, -0.3, 39370, 300,59.837
ILS,Reduced,Best,Best,1,1,3,DAFJS04.txt, -0.3, 39541, 300,174.528
ILS,Reduced,Best,Best,1,1,3,DAFJS05.txt, -0.3, 27222, 300,5.256
ILS,Reduced,Best,Best,1,1,3,DAFJS06.txt, -0.3, 26697, 300,92.867
ILS,Reduced,Best,Best,1,1,3,YFJS19.txt, -0.2, 69199, 300.012,254.66
ILS,Reduced,Best,Best,1,1,3,YFJS18.txt, -0.2, 85735, 300.017,243.06
ILS,Reduced,Best,Best,1,1,3,YFJS20.txt, -0.2, 71614, 300.021,205.658
ILS,Reduced,Best,Best,1,1,3,DAFJS08.txt, -0.3, 39427, 300.001,27.791
ILS,Reduced,Best,Best,1,1,3,DAFJS09.txt, -0.3, 31003, 300.001,101.126
ILS,Reduced,Best,Best,1,1,3,DAFJS07.txt, -0.3, 35994, 300.004,68.211
ILS,Reduced,Best,Best,1,1,3,DAFJS10.txt, -0.3, 31490, 300.002,160.306
ILS,Reduced,Best,Best,1,1,3,DAFJS11.txt, -0.3, 40742, 300.001,132.123
ILS,Reduced,Best,Best,1,1,3,DAFJS12.txt, -0.3, 39021, 300,49.6
ILS,Reduced,Best,Best,1,1,3,DAFJS17.txt, -0.3, 43779, 300.001,56.819
ILS,Reduced,Best,Best,1,1,3,DAFJS15.txt, -0.3, 42239, 300.007,140.252
ILS,Reduced,Best,Best,1,1,3,DAFJS16.txt, -0.3, 42515, 300.007,234.194
ILS,Reduced,Best,Best,1,1,3,DAFJS13.txt, -0.3, 37784, 300.01,254.927
ILS,Reduced,Best,Best,1,1,3,DAFJS14.txt, -0.3, 42765, 300.01,173.795
ILS,Reduced,Best,Best,1,1,3,DAFJS20.txt, -0.3, 41392, 300.001,234.669
ILS,Reduced,Best,Best,1,1,3,DAFJS19.txt, -0.3, 34448, 300.003,14.754
ILS,Reduced,Best,Best,1,1,3,DAFJS24.txt, -0.3, 36576, 300,35.841
ILS,Reduced,Best,Best,1,1,3,DAFJS23.txt, -0.3, 33039, 300.008,213.472
ILS,Reduced,Best,Best,1,1,3,DAFJS22.txt, -0.3, 37614, 300.009,204.979
ILS,Reduced,Best,Best,1,1,3,DAFJS26.txt, -0.3, 44381, 300.005,155.898
ILS,Reduced,Best,Best,1,1,3,DAFJS25.txt, -0.3, 45217, 300.011,182.8
ILS,Reduced,Best,Best,1,1,3,DAFJS28.txt, -0.3, 37057, 300.009,182.383
ILS,Reduced,Best,Best,1,1,3,DAFJS18.txt, -0.3, 44726, 300.04,196.627
ILS,Reduced,Best,Best,1,1,3,DAFJS21.txt, -0.3, 44921, 300.071,84.796
ILS,Reduced,Best,Best,1,1,3,DAFJS27.txt, -0.3, 48079, 300.071,144.095
ILS,Reduced,Best,Best,1,1,3,YFJS01.txt, -0.3, 55128, 300,0.994
ILS,Reduced,Best,Best,1,1,3,DAFJS30.txt, -0.3, 36611, 300.001,230.317
ILS,Reduced,Best,Best,1,1,3,YFJS02.txt, -0.3, 57187, 300,4.462
ILS,Reduced,Best,Best,1,1,3,DAFJS29.txt, -0.3, 43266, 300.004,146.494
ILS,Reduced,Best,Best,1,1,3,YFJS03.txt, -0.3, 27686, 300,0.032
ILS,Reduced,Best,Best,1,1,3,YFJS04.txt, -0.3, 29692, 300,1.071
ILS,Reduced,Best,Best,1,1,3,YFJS05.txt, -0.3, 33736, 300.001,0.108
ILS,Reduced,Best,Best,1,1,3,YFJS06.txt, -0.3, 33276, 300,5.607
ILS,Reduced,Best,Best,1,1,3,YFJS07.txt, -0.3, 33011, 300,20.995
ILS,Reduced,Best,Best,1,1,3,YFJS08.txt, -0.3, 28192, 300,0.199
ILS,Reduced,Best,Best,1,1,3,YFJS09.txt, -0.3, 20077, 300.001,3.323
ILS,Reduced,Best,Best,1,1,3,YFJS10.txt, -0.3, 31559, 300,107.712
ILS,Reduced,Best,Best,1,1,3,YFJS11.txt, -0.3, 40204, 300,299.293
ILS,Reduced,Best,Best,1,1,3,YFJS12.txt, -0.3, 38261, 300,155.297
ILS,Reduced,Best,Best,1,1,3,YFJS13.txt, -0.3, 30711, 300,207.312
ILS,Reduced,Best,Best,1,1,3,YFJS18.txt, -0.3, 72043, 300.001,219.781
ILS,Reduced,Best,Best,1,1,3,YFJS14.txt, -0.3, 79267, 300.008,225.29
ILS,Reduced,Best,Best,1,1,3,YFJS19.txt, -0.3, 59688, 300.003,210.463
ILS,Reduced,Best,Best,1,1,3,YFJS16.txt, -0.3, 78562, 300.013,105.587
ILS,Reduced,Best,Best,1,1,3,YFJS15.txt, -0.3, 79132, 300.022,36.662
ILS,Reduced,Best,Best,1,1,3,YFJS20.txt, -0.3, 60263, 300.019,167.352
ILS,Reduced,Best,Best,1,1,3,YFJS17.txt, -0.3, 66139, 300.036,89.06
ILS,Reduced,Best,Best,1,1,3,DAFJS01.txt, -0.1, 23460, 300,18.181
ILS,Reduced,Best,Best,1,1,3,DAFJS02.txt, -0.1, 26432, 300,29.503
ILS,Reduced,Best,Best,1,1,3,DAFJS04.txt, -0.1, 52053, 300,42.823
ILS,Reduced,Best,Best,1,1,3,DAFJS03.txt, -0.1, 50555, 300.001,229.35
ILS,Reduced,Best,Best,1,1,3,DAFJS05.txt, -0.1, 34911, 300.001,34.397
ILS,Reduced,Best,Best,1,1,3,DAFJS07.txt, -0.1, 45298, 300.001,85.991
ILS,Reduced,Best,Best,1,1,3,DAFJS09.txt, -0.1, 40692, 300.001,59.778
ILS,Reduced,Best,Best,1,1,3,DAFJS08.txt, -0.1, 53509, 300.002,104.998
ILS,Reduced,Best,Best,1,1,3,DAFJS06.txt, -0.1, 35854, 300.005,227.901
ILS,Reduced,Best,Best,1,1,3,DAFJS10.txt, -0.1, 44683, 300.004,37.411
ILS,Reduced,Best,Best,1,1,3,DAFJS11.txt, -0.1, 55829, 300.005,81.47
ILS,Reduced,Best,Best,1,1,3,DAFJS12.txt, -0.1, 54021, 300.003,29.99
ILS,Reduced,Best,Best,1,1,3,DAFJS15.txt, -0.1, 57627, 300.003,196.198
ILS,Reduced,Best,Best,1,1,3,DAFJS18.txt, -0.1, 66621, 300,62.245
ILS,Reduced,Best,Best,1,1,3,DAFJS17.txt, -0.1, 65405, 300.001,30.214
ILS,Reduced,Best,Best,1,1,3,DAFJS13.txt, -0.1, 54716, 300.007,0.063
ILS,Reduced,Best,Best,1,1,3,DAFJS19.txt, -0.1, 45507, 300,15.041
ILS,Reduced,Best,Best,1,1,3,DAFJS22.txt, -0.1, 57371, 300.002,299.056
ILS,Reduced,Best,Best,1,1,3,DAFJS14.txt, -0.1, 61922, 300.013,231.21
ILS,Reduced,Best,Best,1,1,3,DAFJS21.txt, -0.1, 65877, 300.015,93.483
ILS,Reduced,Best,Best,1,1,3,DAFJS20.txt, -0.1, 59321, 300.024,241.158
ILS,Reduced,Best,Best,1,1,3,DAFJS16.txt, -0.1, 58893, 300.046,100.031
ILS,Reduced,Best,Best,1,1,3,DAFJS23.txt, -0.1, 42949, 300.003,80.761
ILS,Reduced,Best,Best,1,1,3,DAFJS24.txt, -0.1, 48800, 300.004,201.256
ILS,Reduced,Best,Best,1,1,3,DAFJS28.txt, -0.1, 48381, 300.001,253.33
ILS,Reduced,Best,Best,1,1,3,YFJS01.txt, -0.1, 68714, 300,4.291
ILS,Reduced,Best,Best,1,1,3,YFJS02.txt, -0.1, 72465, 300,0.057
ILS,Reduced,Best,Best,1,1,3,YFJS03.txt, -0.1, 32538, 300,0.005
ILS,Reduced,Best,Best,1,1,3,DAFJS25.txt, -0.1, 63194, 300.011,240.351
ILS,Reduced,Best,Best,1,1,3,DAFJS30.txt, -0.1, 48596, 300.007,227.026
ILS,Reduced,Best,Best,1,1,3,DAFJS29.txt, -0.1, 57541, 300.008,96.242
ILS,Reduced,Best,Best,1,1,3,DAFJS26.txt, -0.1, 62546, 300.014,158.093
ILS,Reduced,Best,Best,1,1,3,DAFJS27.txt, -0.1, 68955, 300.028,241.125
ILS,Reduced,Best,Best,1,1,3,YFJS04.txt, -0.1, 35883, 300,0.152
ILS,Reduced,Best,Best,1,1,3,YFJS05.txt, -0.1, 40186, 300,0.233
ILS,Reduced,Best,Best,1,1,3,YFJS06.txt, -0.1, 40441, 300,272.314
ILS,Reduced,Best,Best,1,1,3,YFJS07.txt, -0.1, 40887, 300,298.083
ILS,Reduced,Best,Best,1,1,3,YFJS08.txt, -0.1, 32573, 300,1.028
ILS,Reduced,Best,Best,1,1,3,YFJS09.txt, -0.1, 22681, 300,0.317
ILS,Reduced,Best,Best,1,1,3,YFJS10.txt, -0.1, 37372, 300,4.061
ILS,Reduced,Best,Best,1,1,3,YFJS11.txt, -0.1, 47847, 300.001,262.779
ILS,Reduced,Best,Best,1,1,3,YFJS12.txt, -0.1, 46728, 300,3.25
ILS,Reduced,Best,Best,1,1,3,YFJS13.txt, -0.1, 36911, 300,13.076
ILS,Reduced,Best,Best,1,1,3,YFJS14.txt, -0.1, 110849, 300.003,222.831
ILS,Reduced,Best,Best,1,1,3,YFJS15.txt, -0.1, 106473, 300.003,29.753
ILS,Reduced,Best,Best,1,1,3,YFJS16.txt, -0.1, 105498, 300.004,268.147
ILS,Reduced,Best,Best,1,1,3,DAFJS02.txt, -0.2, 24235, 300,40.784
ILS,Reduced,Best,Best,1,1,3,DAFJS01.txt, -0.2, 21683, 300,8.169
ILS,Reduced,Best,Best,1,1,3,DAFJS03.txt, -0.2, 44489, 300,125.652
ILS,Reduced,Best,Best,1,1,3,DAFJS04.txt, -0.2, 45115, 300,30.237
ILS,Reduced,Best,Best,1,1,3,DAFJS05.txt, -0.2, 30773, 300,204.772
ILS,Reduced,Best,Best,1,1,3,YFJS18.txt, -0.1, 101651, 300.011,101.036
ILS,Reduced,Best,Best,1,1,3,YFJS19.txt, -0.1, 81696, 300.011,299.377
ILS,Reduced,Best,Best,1,1,3,YFJS20.txt, -0.1, 83081, 300.026,107.528
ILS,Reduced,Best,Best,1,1,3,YFJS17.txt, -0.1, 94595, 300.038,72.262
ILS,Reduced,Best,Best,1,1,3,DAFJS07.txt, -0.2, 40396, 300,250.282
ILS,Reduced,Best,Best,1,1,3,DAFJS06.txt, -0.2, 30781, 300.001,105.792
ILS,Reduced,Best,Best,1,1,3,DAFJS09.txt, -0.2, 35157, 300,217.471
ILS,Reduced,Best,Best,1,1,3,DAFJS10.txt, -0.2, 37362, 300,147.942
ILS,Reduced,Best,Best,1,1,3,DAFJS13.txt, -0.2, 45506, 300.001,20.65
ILS,Reduced,Best,Best,1,1,3,DAFJS08.txt, -0.2, 46019, 300.009,278.547
ILS,Reduced,Best,Best,1,1,3,DAFJS16.txt, -0.2, 50265, 300.003,206.118
ILS,Reduced,Best,Best,1,1,3,DAFJS14.txt, -0.2, 51166, 300.007,241.651
ILS,Reduced,Best,Best,1,1,3,DAFJS12.txt, -0.2, 45737, 300.012,280.599
ILS,Reduced,Best,Best,1,1,3,DAFJS11.txt, -0.2, 47616, 300.018,293.348
ILS,Reduced,Best,Best,1,1,3,DAFJS15.txt, -0.2, 49356, 300.016,266.694
ILS,Reduced,Best,Best,1,1,3,DAFJS18.txt, -0.2, 54982, 300,227.817
ILS,Reduced,Best,Best,1,1,3,DAFJS19.txt, -0.2, 39287, 300.001,111.526
ILS,Reduced,Best,Best,1,1,3,DAFJS21.txt, -0.2, 54485, 300.001,209.112
ILS,Reduced,Best,Best,1,1,3,DAFJS24.txt, -0.2, 42192, 300,105.148
ILS,Reduced,Best,Best,1,1,3,DAFJS23.txt, -0.2, 37481, 300.001,213.11
ILS,Reduced,Best,Best,1,1,3,DAFJS25.txt, -0.2, 53285, 300.003,10.274
ILS,Reduced,Best,Best,1,1,3,DAFJS20.txt, -0.2, 49463, 300.016,226.388
ILS,Reduced,Best,Best,1,1,3,DAFJS17.txt, -0.2, 53087, 300.019,230.655
ILS,Reduced,Best,Best,1,1,3,DAFJS26.txt, -0.2, 52293, 300.01,121.944
ILS,Reduced,Best,Best,1,1,3,DAFJS27.txt, -0.2, 57215, 300.01,141.297
ILS,Reduced,Best,Best,1,1,3,DAFJS22.txt, -0.2, 45906, 300.027,223.23
ILS,Reduced,Best,Best,1,1,3,DAFJS30.txt, -0.2, 42596, 300,42.829
ILS,Reduced,Best,Best,1,1,3,DAFJS29.txt, -0.2, 50155, 300.001,104.591
ILS,Reduced,Best,Best,1,1,3,DAFJS28.txt, -0.2, 42126, 300.002,193.479
ILS,Reduced,Best,Best,1,1,3,YFJS01.txt, -0.2, 61606, 300,0.113
ILS,Reduced,Best,Best,1,1,3,YFJS02.txt, -0.2, 64172, 300,1.018
ILS,Reduced,Best,Best,1,1,3,YFJS03.txt, -0.2, 30073, 300,0.162
ILS,Reduced,Best,Best,1,1,3,YFJS04.txt, -0.2, 32670, 300,1.389
ILS,Reduced,Best,Best,1,1,3,YFJS05.txt, -0.2, 37182, 300,0.711
ILS,Reduced,Best,Best,1,1,3,YFJS06.txt, -0.2, 36749, 300.001,28.802
ILS,Reduced,Best,Best,1,1,3,YFJS07.txt, -0.2, 36611, 300,98.003
ILS,Reduced,Best,Best,1,1,3,YFJS08.txt, -0.2, 30184, 300,0.063
ILS,Reduced,Best,Best,1,1,3,YFJS10.txt, -0.2, 34364, 300,4.012
ILS,Reduced,Best,Best,1,1,3,YFJS09.txt, -0.2, 21363, 300.001,3.481
ILS,Reduced,Best,Best,1,1,3,YFJS11.txt, -0.2, 43454, 300,238.177
ILS,Reduced,Best,Best,1,1,3,YFJS12.txt, -0.2, 42429, 300.001,190.28
ILS,Reduced,Best,Best,1,1,3,YFJS13.txt, -0.2, 33875, 300.002,9.587
ILS,Reduced,Best,Best,1,1,3,YFJS17.txt, -0.2, 79153, 300.002,289.641
ILS,Reduced,Best,Best,1,1,3,YFJS15.txt, -0.2, 90954, 300.004,117.584
ILS,Reduced,Best,Best,1,1,3,YFJS16.txt, -0.2, 90882, 300.005,62.626
ILS,Reduced,Best,Best,1,1,3,YFJS18.txt, -0.2, 85252, 300.008,109.86
ILS,Reduced,Best,Best,1,1,3,YFJS14.txt, -0.2, 93662, 300.012,72.302
ILS,Reduced,Best,Best,1,1,3,YFJS19.txt, -0.2, 69631, 300.019,235.811
ILS,Reduced,Best,Best,1,1,3,DAFJS01.txt, -0.3, 19716, 300,39.27
ILS,Reduced,Best,Best,1,1,3,DAFJS02.txt, -0.3, 22147, 300,54.856
ILS,Reduced,Best,Best,1,1,3,DAFJS03.txt, -0.3, 39466, 300,97.808
ILS,Reduced,Best,Best,1,1,3,DAFJS04.txt, -0.3, 39428, 300,129.552
ILS,Reduced,Best,Best,1,1,3,DAFJS05.txt, -0.3, 27192, 300,52.209
ILS,Reduced,Best,Best,1,1,3,DAFJS08.txt, -0.3, 39471, 300,35.843
ILS,Reduced,Best,Best,1,1,3,DAFJS09.txt, -0.3, 30728, 300,78.708
ILS,Reduced,Best,Best,1,1,3,DAFJS06.txt, -0.3, 26885, 300.003,152.02
ILS,Reduced,Best,Best,1,1,3,DAFJS10.txt, -0.3, 31512, 300,182.479
ILS,Reduced,Best,Best,1,1,3,DAFJS07.txt, -0.3, 35570, 300.004,181.028
ILS,Reduced,Best,Best,1,1,3,YFJS20.txt, -0.2, 70589, 300.089,282.796
ILS,Reduced,Best,Best,1,1,3,DAFJS11.txt, -0.3, 40261, 300,144.965
ILS,Reduced,Best,Best,1,1,3,DAFJS13.txt, -0.3, 37481, 300.002,136.98
ILS,Reduced,Best,Best,1,1,3,DAFJS12.txt, -0.3, 38736, 300.005,209.037
ILS,Reduced,Best,Best,1,1,3,DAFJS16.txt, -0.3, 42969, 300.002,145.89
ILS,Reduced,Best,Best,1,1,3,DAFJS18.txt, -0.3, 45434, 300.001,290.592
ILS,Reduced,Best,Best,1,1,3,DAFJS17.txt, -0.3, 43598, 300.002,68.252
ILS,Reduced,Best,Best,1,1,3,DAFJS19.txt, -0.3, 34228, 300.001,32.567
ILS,Reduced,Best,Best,1,1,3,DAFJS14.txt, -0.3, 42754, 300.008,13.3
ILS,Reduced,Best,Best,1,1,3,DAFJS20.txt, -0.3, 41320, 300.015,13.579
ILS,Reduced,Best,Best,1,1,3,DAFJS21.txt, -0.3, 44547, 300.018,164.727
ILS,Reduced,Best,Best,1,1,3,DAFJS15.txt, -0.3, 42539, 300.028,40.881
ILS,Reduced,Best,Best,1,1,3,DAFJS23.txt, -0.3, 32911, 300,250.609
ILS,Reduced,Best,Best,1,1,3,DAFJS25.txt, -0.3, 45224, 300.002,123.607
ILS,Reduced,Best,Best,1,1,3,DAFJS26.txt, -0.3, 44057, 300.002,200.451
ILS,Reduced,Best,Best,1,1,3,DAFJS28.txt, -0.3, 36879, 300.002,233.746
ILS,Reduced,Best,Best,1,1,3,DAFJS29.txt, -0.3, 43635, 300.001,120.596
ILS,Reduced,Best,Best,1,1,3,YFJS01.txt, -0.3, 55128, 300,3.982
ILS,Reduced,Best,Best,1,1,3,YFJS02.txt, -0.3, 57187, 300,2.163
ILS,Reduced,Best,Best,1,1,3,DAFJS30.txt, -0.3, 36990, 300.006,186.984
ILS,Reduced,Best,Best,1,1,3,DAFJS27.txt, -0.3, 47628, 300.009,263.506
ILS,Reduced,Best,Best,1,1,3,DAFJS22.txt, -0.3, 37990, 300.019,124.337
ILS,Reduced,Best,Best,1,1,3,DAFJS24.txt, -0.3, 36575, 300.022,182.154
ILS,Reduced,Best,Best,1,1,3,YFJS03.txt, -0.3, 27686, 300,0.024
ILS,Reduced,Best,Best,1,1,3,YFJS04.txt, -0.3, 29692, 300,0.842
ILS,Reduced,Best,Best,1,1,3,YFJS05.txt, -0.3, 33736, 300,6.815
ILS,Reduced,Best,Best,1,1,3,YFJS06.txt, -0.3, 33276, 300,132.746
ILS,Reduced,Best,Best,1,1,3,YFJS07.txt, -0.3, 33011, 300,146.886
ILS,Reduced,Best,Best,1,1,3,YFJS08.txt, -0.3, 28192, 300,0.937
ILS,Reduced,Best,Best,1,1,3,YFJS10.txt, -0.3, 31664, 300,27.814
ILS,Reduced,Best,Best,1,1,3,YFJS11.txt, -0.3, 40275, 300,258.918
ILS,Reduced,Best,Best,1,1,3,YFJS09.txt, -0.3, 20077, 300.003,2.045
ILS,Reduced,Best,Best,1,1,3,YFJS13.txt, -0.3, 30792, 300,158.669
ILS,Reduced,Best,Best,1,1,3,YFJS12.txt, -0.3, 38003, 300.002,64.237
ILS,Reduced,Best,Best,1,1,3,YFJS16.txt, -0.3, 78502, 300,193.888
ILS,Reduced,Best,Best,1,1,3,YFJS17.txt, -0.3, 66351, 300.003,266.435
ILS,Reduced,Best,Best,1,1,3,YFJS15.txt, -0.3, 78974, 300.005,185.009
ILS,Reduced,Best,Best,1,1,3,DAFJS01.txt, -0.1, 23460, 300,1.45
ILS,Reduced,Best,Best,1,1,3,DAFJS02.txt, -0.1, 26432, 300,14.057
ILS,Reduced,Best,Best,1,1,3,YFJS14.txt, -0.3, 79339, 300.011,282.433
ILS,Reduced,Best,Best,1,1,3,DAFJS03.txt, -0.1, 50560, 300,50.18
ILS,Reduced,Best,Best,1,1,3,DAFJS04.txt, -0.1, 52076, 300,157.129
ILS,Reduced,Best,Best,1,1,3,YFJS19.txt, -0.3, 59042, 300.006,98.87
ILS,Reduced,Best,Best,1,1,3,YFJS18.txt, -0.3, 71892, 300.014,65.025
ILS,Reduced,Best,Best,1,1,3,YFJS20.txt, -0.3, 60504, 300.133,226.872
ILS,Reduced,Best,Best,1,1,3,DAFJS05.txt, -0.1, 34660, 300,86.278
ILS,Reduced,Best,Best,1,1,3,DAFJS06.txt, -0.1, 35303, 300,5.932
ILS,Reduced,Best,Best,1,1,3,DAFJS07.txt, -0.1, 45585, 300.004,0.972
ILS,Reduced,Best,Best,1,1,3,DAFJS09.txt, -0.1, 40451, 300.002,263.858
ILS,Reduced,Best,Best,1,1,3,DAFJS11.txt, -0.1, 55995, 300.001,217.194
ILS,Reduced,Best,Best,1,1,3,DAFJS08.txt, -0.1, 53527, 300.008,164.508
ILS,Reduced,Best,Best,1,1,3,DAFJS13.txt, -0.1, 54794, 300.002,95.838
ILS,Reduced,Best,Best,1,1,3,DAFJS10.txt, -0.1, 44670, 300.007,18.445
ILS,Reduced,Best,Best,1,1,3,DAFJS15.txt, -0.1, 58301, 300.01,212.523
ILS,Reduced,Best,Best,1,1,3,DAFJS14.txt, -0.1, 61044, 300.027,189.633
ILS,Reduced,Best,Best,1,1,3,DAFJS12.txt, -0.1, 54273, 300.032,193.5
ILS,Reduced,Best,Best,1,1,3,DAFJS16.txt, -0.1, 58476, 300.003,102.982
ILS,Reduced,Best,Best,1,1,3,DAFJS22.txt, -0.1, 56961, 300,266.19
ILS,Reduced,Best,Best,1,1,3,DAFJS17.txt, -0.1, 65460, 300.007,111.244
ILS,Reduced,Best,Best,1,1,3,DAFJS20.txt, -0.1, 59825, 300.003,98.785
ILS,Reduced,Best,Best,1,1,3,DAFJS21.txt, -0.1, 66317, 300.002,202.514
ILS,Reduced,Best,Best,1,1,3,DAFJS23.txt, -0.1, 42796, 300.001,23.217
ILS,Reduced,Best,Best,1,1,3,DAFJS24.txt, -0.1, 49238, 300,277.312
ILS,Reduced,Best,Best,1,1,3,DAFJS18.txt, -0.1, 66521, 300.007,245.93
ILS,Reduced,Best,Best,1,1,3,DAFJS19.txt, -0.1, 45424, 300.015,222.52
ILS,Reduced,Best,Best,1,1,3,DAFJS25.txt, -0.1, 63155, 300.023,274.336
ILS,Reduced,Best,Best,1,1,3,DAFJS26.txt, -0.1, 62595, 300.031,75.628
ILS,Reduced,Best,Best,1,1,3,DAFJS28.txt, -0.1, 47886, 300,111.817
ILS,Reduced,Best,Best,1,1,3,YFJS01.txt, -0.1, 68714, 300,1.841
ILS,Reduced,Best,Best,1,1,3,DAFJS29.txt, -0.1, 56910, 300.004,213.313
ILS,Reduced,Best,Best,1,1,3,YFJS02.txt, -0.1, 72465, 300,3.574
ILS,Reduced,Best,Best,1,1,3,YFJS03.txt, -0.1, 32538, 300,0.012
ILS,Reduced,Best,Best,1,1,3,YFJS04.txt, -0.1, 35883, 300,0.233
ILS,Reduced,Best,Best,1,1,3,YFJS05.txt, -0.1, 40186, 300,4.411
ILS,Reduced,Best,Best,1,1,3,YFJS06.txt, -0.1, 40441, 300,87.723
ILS,Reduced,Best,Best,1,1,3,YFJS07.txt, -0.1, 40887, 300,149.805
ILS,Reduced,Best,Best,1,1,3,DAFJS30.txt, -0.1, 48612, 300.014,279.954
ILS,Reduced,Best,Best,1,1,3,DAFJS27.txt, -0.1, 68973, 300.037,199.621
ILS,Reduced,Best,Best,1,1,3,YFJS08.txt, -0.1, 32573, 300.001,0.08
ILS,Reduced,Best,Best,1,1,3,YFJS09.txt, -0.1, 22681, 300,0.217
ILS,Reduced,Best,Best,1,1,3,YFJS11.txt, -0.1, 47847, 300,19.977
ILS,Reduced,Best,Best,1,1,3,YFJS10.txt, -0.1, 37372, 300.001,7.234
ILS,Reduced,Best,Best,1,1,3,YFJS12.txt, -0.1, 46728, 300,46.411
ILS,Reduced,Best,Best,1,1,3,YFJS13.txt, -0.1, 36911, 300,2.498
ILS,Reduced,Best,Best,1,1,3,YFJS14.txt, -0.1, 111028, 300.001,90.351
ILS,Reduced,Best,Best,1,1,3,YFJS15.txt, -0.1, 106434, 300.004,138.26
ILS,Reduced,Best,Best,1,1,3,YFJS16.txt, -0.1, 105662, 300.008,30.91
ILS,Reduced,Best,Best,1,1,3,YFJS18.txt, -0.1, 101263, 300.024,286.867
ILS,Reduced,Best,Best,1,1,3,YFJS17.txt, -0.1, 94350, 300.029,95.964
ILS,Reduced,Best,Best,1,1,3,YFJS20.txt, -0.1, 83523, 300,138.958
ILS,Reduced,Best,Best,1,1,3,DAFJS02.txt, -0.2, 24235, 300,0.284
ILS,Reduced,Best,Best,1,1,3,DAFJS01.txt, -0.2, 21683, 300,3.369
ILS,Reduced,Best,Best,1,1,3,DAFJS03.txt, -0.2, 44446, 300,201.982
ILS,Reduced,Best,Best,1,1,3,DAFJS05.txt, -0.2, 30976, 300,241.212
ILS,Reduced,Best,Best,1,1,3,DAFJS06.txt, -0.2, 30553, 300,203.878
ILS,Reduced,Best,Best,1,1,3,DAFJS04.txt, -0.2, 45130, 300.002,103.908
ILS,Reduced,Best,Best,1,1,3,DAFJS07.txt, -0.2, 40357, 300,5.105
ILS,Reduced,Best,Best,1,1,3,DAFJS08.txt, -0.2, 46051, 300.001,154.404
ILS,Reduced,Best,Best,1,1,3,DAFJS09.txt, -0.2, 35617, 300.003,104.282
ILS,Reduced,Best,Best,1,1,3,YFJS19.txt, -0.1, 81749, 300.013,97.364
ILS,Reduced,Best,Best,1,1,3,DAFJS10.txt, -0.2, 37425, 300,221.19
ILS,Reduced,Best,Best,1,1,3,DAFJS14.txt, -0.2, 51012, 300,233.317
ILS,Reduced,Best,Best,1,1,3,DAFJS12.txt, -0.2, 45562, 300.003,230.648
ILS,Reduced,Best,Best,1,1,3,DAFJS15.txt, -0.2, 49433, 300.001,94.523
ILS,Reduced,Best,Best,1,1,3,DAFJS13.txt, -0.2, 45101, 300.006,217.973
ILS,Reduced,Best,Best,1,1,3,DAFJS19.txt, -0.2, 39355, 300.001,19.209
ILS,Reduced,Best,Best,1,1,3,DAFJS17.txt, -0.2, 53363, 300.004,239.349
ILS,Reduced,Best,Best,1,1,3,DAFJS18.txt, -0.2, 54402, 300.006,299.671
ILS,Reduced,Best,Best,1,1,3,DAFJS20.txt, -0.2, 49259, 300.009,262.119
ILS,Reduced,Best,Best,1,1,3,DAFJS11.txt, -0.2, 47553, 300.021,69.414
ILS,Reduced,Best,Best,1,1,3,DAFJS16.txt, -0.2, 50218, 300.016,179.028
ILS,Reduced,Best,Best,1,1,3,DAFJS23.txt, -0.2, 37503, 300.001,97.426
ILS,Reduced,Best,Best,1,1,3,DAFJS29.txt, -0.2, 49522, 300.001,282.654
ILS,Reduced,Best,Best,1,1,3,DAFJS28.txt, -0.2, 41976, 300.002,119.865
ILS,Reduced,Best,Best,1,1,3,YFJS01.txt, -0.2, 61606, 300,2.041
ILS,Reduced,Best,Best,1,1,3,DAFJS30.txt, -0.2, 42406, 300.001,109.93
ILS,Reduced,Best,Best,1,1,3,DAFJS27.txt, -0.2, 57359, 300.009,188.305
ILS,Reduced,Best,Best,1,1,3,DAFJS21.txt, -0.2, 54157, 300.02,187.345
ILS,Reduced,Best,Best,1,1,3,DAFJS22.txt, -0.2, 46822, 300.019,253.175
ILS,Reduced,Best,Best,1,1,3,DAFJS24.txt, -0.2, 42521, 300.029,36.613
ILS,Reduced,Best,Best,1,1,3,DAFJS26.txt, -0.2, 52780, 300.027,182.752
ILS,Reduced,Best,Best,1,1,3,DAFJS25.txt, -0.2, 53703, 300.09,49.991
ILS,Reduced,Best,Best,1,1,3,YFJS02.txt, -0.2, 64172, 300,2.25
ILS,Reduced,Best,Best,1,1,3,YFJS03.txt, -0.2, 30073, 300,0.027
ILS,Reduced,Best,Best,1,1,3,YFJS04.txt, -0.2, 32670, 300,0.22
ILS,Reduced,Best,Best,1,1,3,YFJS05.txt, -0.2, 37182, 300,2.224
ILS,Reduced,Best,Best,1,1,3,YFJS06.txt, -0.2, 36749, 300,7.94
ILS,Reduced,Best,Best,1,1,3,YFJS07.txt, -0.2, 36611, 300.001,181.421
ILS,Reduced,Best,Best,1,1,3,YFJS08.txt, -0.2, 30184, 300,1.589
ILS,Reduced,Best,Best,1,1,3,YFJS09.txt, -0.2, 21363, 300,2.26
ILS,Reduced,Best,Best,1,1,3,YFJS10.txt, -0.2, 34364, 300,17.163
ILS,Reduced,Best,Best,1,1,3,YFJS11.txt, -0.2, 43544, 300,79.626
ILS,Reduced,Best,Best,1,1,3,YFJS12.txt, -0.2, 42593, 300.001,174.782
ILS,Reduced,Best,Best,1,1,3,YFJS13.txt, -0.2, 33875, 300,4.463
ILS,Reduced,Best,Best,1,1,3,DAFJS01.txt, -0.3, 19716, 300,33.563
ILS,Reduced,Best,Best,1,1,3,DAFJS02.txt, -0.3, 22147, 300,2.289
ILS,Reduced,Best,Best,1,1,3,YFJS14.txt, -0.2, 93432, 300.01,27.864
ILS,Reduced,Best,Best,1,1,3,DAFJS03.txt, -0.3, 39201, 300,161.572
ILS,Reduced,Best,Best,1,1,3,YFJS19.txt, -0.2, 69973, 300.005,261.075
ILS,Reduced,Best,Best,1,1,3,YFJS18.txt, -0.2, 85474, 300.007,220.425
ILS,Reduced,Best,Best,1,1,3,YFJS17.txt, -0.2, 78598, 300.008,144.643
ILS,Reduced,Best,Best,1,1,3,YFJS20.txt, -0.2, 70784, 300.005,76.315
ILS,Reduced,Best,Best,1,1,3,YFJS15.txt, -0.2, 91484, 300.013,108.695
ILS,Reduced,Best,Best,1,1,3,YFJS16.txt, -0.2, 90583, 300.013,31.905
ILS,Reduced,Best,Best,1,1,3,DAFJS04.txt, -0.3, 39666, 300,22.813
ILS,Reduced,Best,Best,1,1,3,DAFJS05.txt, -0.3, 27114, 300,284.334
ILS,Reduced,Best,Best,1,1,3,DAFJS06.txt, -0.3, 26600, 300,125.006
ILS,Reduced,Best,Best,1,1,3,DAFJS08.txt, -0.3, 39517, 300.001,292.697
ILS,Reduced,Best,Best,1,1,3,DAFJS09.txt, -0.3, 31045, 300.002,178.238
ILS,Reduced,Best,Best,1,1,3,DAFJS07.txt, -0.3, 35820, 300.006,294.83
ILS,Reduced,Best,Best,1,1,3,DAFJS10.txt, -0.3, 31340, 300.002,70.288
ILS,Reduced,Best,Best,1,1,3,DAFJS11.txt, -0.3, 40460, 300.003,50.564
ILS,Reduced,Best,Best,1,1,3,DAFJS13.txt, -0.3, 37640, 300.005,183.63
ILS,Reduced,Best,Best,1,1,3,DAFJS12.txt, -0.3, 38940, 300.006,272.247
ILS,Reduced,Best,Best,1,1,3,DAFJS14.txt, -0.3, 42749, 300.011,216.101
ILS,Reduced,Best,Best,1,1,3,DAFJS18.txt, -0.3, 45312, 300.001,284.096
ILS,Reduced,Best,Best,1,1,3,DAFJS19.txt, -0.3, 34416, 300.002,295.223
ILS,Reduced,Best,Best,1,1,3,DAFJS23.txt, -0.3, 32918, 300.002,96.726
ILS,Reduced,Best,Best,1,1,3,DAFJS21.txt, -0.3, 45094, 300.004,45.305
ILS,Reduced,Best,Best,1,1,3,DAFJS22.txt, -0.3, 37742, 300.004,19.085
ILS,Reduced,Best,Best,1,1,3,DAFJS24.txt, -0.3, 36625, 300.003,29.483
ILS,Reduced,Best,Best,1,1,3,DAFJS15.txt, -0.3, 42299, 300.013,47.631
ILS,Reduced,Best,Best,1,1,3,DAFJS25.txt, -0.3, 45281, 300.007,43.772
ILS,Reduced,Best,Best,1,1,3,DAFJS16.txt, -0.3, 42804, 300.019,7.544
ILS,Reduced,Best,Best,1,1,3,DAFJS20.txt, -0.3, 40944, 300.019,275.706
ILS,Reduced,Best,Best,1,1,3,DAFJS17.txt, -0.3, 43493, 300.027,218.104
ILS,Reduced,Best,Best,1,1,3,DAFJS28.txt, -0.3, 36943, 300.003,167.238
ILS,Reduced,Best,Best,1,1,3,DAFJS29.txt, -0.3, 43873, 300.003,231.062
ILS,Reduced,Best,Best,1,1,3,YFJS01.txt, -0.3, 55128, 300,0.044
ILS,Reduced,Best,Best,1,1,3,YFJS02.txt, -0.3, 57187, 300,5.215
ILS,Reduced,Best,Best,1,1,3,DAFJS26.txt, -0.3, 44086, 300.007,268.352
ILS,Reduced,Best,Best,1,1,3,YFJS03.txt, -0.3, 27686, 300,0.022
ILS,Reduced,Best,Best,1,1,3,YFJS04.txt, -0.3, 29692, 300,0.98
ILS,Reduced,Best,Best,1,1,3,YFJS05.txt, -0.3, 33736, 300,2.155
ILS,Reduced,Best,Best,1,1,3,YFJS06.txt, -0.3, 33276, 300,66.768
ILS,Reduced,Best,Best,1,1,3,DAFJS30.txt, -0.3, 36897, 300.007,127.868
ILS,Reduced,Best,Best,1,1,3,DAFJS27.txt, -0.3, 47958, 300.011,66.887
ILS,Reduced,Best,Best,1,1,3,YFJS07.txt, -0.3, 33011, 300,10.868
ILS,Reduced,Best,Best,1,1,3,YFJS08.txt, -0.3, 28192, 300,0.318
ILS,Reduced,Best,Best,1,1,3,YFJS09.txt, -0.3, 20077, 300,3.47
ILS,Reduced,Best,Best,1,1,3,YFJS10.txt, -0.3, 31664, 300,142.454
ILS,Reduced,Best,Best,1,1,3,YFJS11.txt, -0.3, 40103, 300,103.118
ILS,Reduced,Best,Best,1,1,3,YFJS12.txt, -0.3, 38003, 300,204.483
ILS,Reduced,Best,Best,1,1,3,YFJS13.txt, -0.3, 30711, 300,51.436
ILS,Reduced,Best,Best,1,1,3,YFJS16.txt, -0.3, 78723, 300.002,197.353
ILS,Reduced,Best,Best,1,1,3,YFJS15.txt, -0.3, 78857, 300.004,250.243
ILS,Reduced,Best,Best,1,1,3,YFJS14.txt, -0.3, 79692, 300.005,270.685
ILS,Reduced,Best,Best,1,1,3,YFJS17.txt, -0.3, 66595, 300.019,169.181
ILS,Reduced,Best,Best,1,1,3,YFJS20.txt, -0.3, 60316, 300.009,151.948
ILS,Reduced,Best,Best,1,1,3,YFJS19.txt, -0.3, 59800, 300.01,254.577
ILS,Reduced,Best,Best,1,1,3,YFJS18.txt, -0.3, 72206, 300.086,210.42
