GRASP,Reduced,Best,Best,1,0.38,DAFJS01.txt, -0.1, 24172, 300,90.476
GRASP,Reduced,Best,Best,1,0.38,DAFJS02.txt, -0.1, 26989, 300,0.024
GRASP,Reduced,Best,Best,1,0.38,DAFJS05.txt, -0.1, 37081, 300.002,0.846
GRASP,Reduced,Best,Best,1,0.38,DAFJS04.txt, -0.1, 51927, 300.004,2.647
GRASP,Reduced,Best,Best,1,0.38,DAFJS08.txt, -0.1, 53575, 300.001,174.569
GRASP,Reduced,Best,Best,1,0.38,DAFJS06.txt, -0.1, 37459, 300.004,204.806
GRASP,Reduced,Best,Best,1,0.38,DAFJS03.txt, -0.1, 50483, 300.008,174.457
GRASP,Reduced,Best,Best,1,0.38,DAFJS09.txt, -0.1, 41066, 300.002,123.743
GRASP,Reduced,Best,Best,1,0.38,DAFJS07.txt, -0.1, 46769, 300.061,52.016
GRASP,Reduced,Best,Best,1,0.38,DAFJS13.txt, -0.1, 54684, 300.011,162.932
GRASP,Reduced,Best,Best,1,0.38,DAFJS18.txt, -0.1, 67505, 300.005,134.177
GRASP,Reduced,Best,Best,1,0.38,DAFJS10.txt, -0.1, 45113, 300.024,231.554
GRASP,Reduced,Best,Best,1,0.38,DAFJS11.txt, -0.1, 58798, 300.037,132.436
GRASP,Reduced,Best,Best,1,0.38,DAFJS16.txt, -0.1, 63653, 300.03,231.552
GRASP,Reduced,Best,Best,1,0.38,DAFJS17.txt, -0.1, 65363, 300.031,224.076
GRASP,Reduced,Best,Best,1,0.38,DAFJS19.txt, -0.1, 48000, 300.029,244.349
GRASP,Reduced,Best,Best,1,0.38,DAFJS14.txt, -0.1, 61866, 300.039,25.354
GRASP,Reduced,Best,Best,1,0.38,DAFJS12.txt, -0.1, 57817, 300.062,73.064
GRASP,Reduced,Best,Best,1,0.38,DAFJS15.txt, -0.1, 59873, 300.269,223.417
GRASP,Reduced,Best,Best,1,0.38,DAFJS22.txt, -0.1, 59764, 300.013,63.428
GRASP,Reduced,Best,Best,1,0.38,DAFJS24.txt, -0.1, 51691, 300.023,189.664
GRASP,Reduced,Best,Best,1,0.38,DAFJS29.txt, -0.1, 60585, 300.019,297.26
GRASP,Reduced,Best,Best,1,0.38,DAFJS21.txt, -0.1, 66567, 300.035,50.631
GRASP,Reduced,Best,Best,1,0.38,DAFJS25.txt, -0.1, 66453, 300.03,6.991
GRASP,Reduced,Best,Best,1,0.38,DAFJS28.txt, -0.1, 49260, 300.061,66.799
GRASP,Reduced,Best,Best,1,0.38,DAFJS23.txt, -0.1, 44183, 300.077,132.797
GRASP,Reduced,Best,Best,1,0.38,DAFJS20.txt, -0.1, 60308, 300.095,80.153
GRASP,Reduced,Best,Best,1,0.38,DAFJS26.txt, -0.1, 65982, 300.206,299.745
GRASP,Reduced,Best,Best,1,0.38,DAFJS27.txt, -0.1, 71727, 300.312,128.788
GRASP,Reduced,Best,Best,1,0.38,YFJS03.txt, -0.1, 32662, 300,0.005
GRASP,Reduced,Best,Best,1,0.38,YFJS02.txt, -0.1, 73053, 300.002,0.07
GRASP,Reduced,Best,Best,1,0.38,YFJS04.txt, -0.1, 36946, 300,0.086
GRASP,Reduced,Best,Best,1,0.38,YFJS05.txt, -0.1, 41768, 300,0.016
GRASP,Reduced,Best,Best,1,0.38,YFJS06.txt, -0.1, 41123, 300.001,0.718
GRASP,Reduced,Best,Best,1,0.38,YFJS08.txt, -0.1, 32623, 300,0.113
GRASP,Reduced,Best,Best,1,0.38,YFJS07.txt, -0.1, 41625, 300.002,86.208
GRASP,Reduced,Best,Best,1,0.38,YFJS09.txt, -0.1, 22681, 300,0.703
GRASP,Reduced,Best,Best,1,0.38,YFJS01.txt, -0.1, 68714, 300.01,0.244
GRASP,Reduced,Best,Best,1,0.38,DAFJS30.txt, -0.1, 51031, 300.079,240.288
GRASP,Reduced,Best,Best,1,0.38,YFJS10.txt, -0.1, 37685, 300.001,0.151
GRASP,Reduced,Best,Best,1,0.38,YFJS12.txt, -0.1, 49411, 300.003,2.195
GRASP,Reduced,Best,Best,1,0.38,YFJS13.txt, -0.1, 38042, 300.003,0.453
GRASP,Reduced,Best,Best,1,0.38,YFJS11.txt, -0.1, 50419, 300.005,5.437
GRASP,Reduced,Best,Best,1,0.38,YFJS16.txt, -0.1, 113403, 300.028,230.785
GRASP,Reduced,Best,Best,1,0.38,YFJS15.txt, -0.1, 111516, 300.201,152.096
GRASP,Reduced,Best,Best,1,0.38,YFJS14.txt, -0.1, 113313, 300.308,12.175
GRASP,Reduced,Best,Best,1,0.38,YFJS19.txt, -0.1, 95535, 300.772,250.526
GRASP,Reduced,Best,Best,1,0.38,YFJS17.txt, -0.1, 103063, 300.806,130.524
GRASP,Reduced,Best,Best,1,0.38,YFJS18.txt, -0.1, 111350, 302.339,129.34
GRASP,Reduced,Best,Best,1,0.38,DAFJS01.txt, -0.2, 22063, 300,0.189
GRASP,Reduced,Best,Best,1,0.38,DAFJS02.txt, -0.2, 24618, 300.001,0.046
GRASP,Reduced,Best,Best,1,0.38,DAFJS04.txt, -0.2, 44713, 300.002,298.643
GRASP,Reduced,Best,Best,1,0.38,DAFJS06.txt, -0.2, 31994, 300.001,61.667
GRASP,Reduced,Best,Best,1,0.38,DAFJS05.txt, -0.2, 31848, 300.004,76.376
GRASP,Reduced,Best,Best,1,0.38,DAFJS03.txt, -0.2, 44508, 300.007,127.756
GRASP,Reduced,Best,Best,1,0.38,DAFJS09.txt, -0.2, 35759, 300.004,1.57
GRASP,Reduced,Best,Best,1,0.38,DAFJS08.txt, -0.2, 46143, 300.008,17.953
GRASP,Reduced,Best,Best,1,0.38,DAFJS07.txt, -0.2, 40909, 300.015,194.212
GRASP,Reduced,Best,Best,1,0.38,YFJS20.txt, -0.1, 95262, 302.511,99.256
GRASP,Reduced,Best,Best,1,0.38,DAFJS16.txt, -0.2, 54141, 300.009,156.167
GRASP,Reduced,Best,Best,1,0.38,DAFJS10.txt, -0.2, 37736, 300.016,257.382
GRASP,Reduced,Best,Best,1,0.38,DAFJS13.txt, -0.2, 45154, 300.022,195.56
GRASP,Reduced,Best,Best,1,0.38,DAFJS14.txt, -0.2, 51082, 300.03,235.589
GRASP,Reduced,Best,Best,1,0.38,DAFJS18.txt, -0.2, 54749, 300.026,18.546
GRASP,Reduced,Best,Best,1,0.38,DAFJS17.txt, -0.2, 53437, 300.036,74.971
GRASP,Reduced,Best,Best,1,0.38,DAFJS11.txt, -0.2, 49891, 300.051,290.975
GRASP,Reduced,Best,Best,1,0.38,DAFJS19.txt, -0.2, 42046, 300.05,273.396
GRASP,Reduced,Best,Best,1,0.38,DAFJS12.txt, -0.2, 48195, 300.1,14.33
GRASP,Reduced,Best,Best,1,0.38,DAFJS15.txt, -0.2, 51521, 300.116,242.712
GRASP,Reduced,Best,Best,1,0.38,DAFJS23.txt, -0.2, 38106, 300.003,230.276
GRASP,Reduced,Best,Best,1,0.38,DAFJS28.txt, -0.2, 43601, 300.008,203.399
GRASP,Reduced,Best,Best,1,0.38,DAFJS20.txt, -0.2, 49290, 300.04,184.185
GRASP,Reduced,Best,Best,1,0.38,DAFJS24.txt, -0.2, 44154, 300.049,225.493
GRASP,Reduced,Best,Best,1,0.38,DAFJS26.txt, -0.2, 55920, 300.06,275.331
GRASP,Reduced,Best,Best,1,0.38,DAFJS27.txt, -0.2, 59208, 300.063,259.186
GRASP,Reduced,Best,Best,1,0.38,DAFJS25.txt, -0.2, 55929, 300.078,157.835
GRASP,Reduced,Best,Best,1,0.38,DAFJS21.txt, -0.2, 55443, 300.157,294.239
GRASP,Reduced,Best,Best,1,0.38,DAFJS29.txt, -0.2, 51391, 300.172,212.995
GRASP,Reduced,Best,Best,1,0.38,DAFJS22.txt, -0.2, 48910, 300.202,298.582
GRASP,Reduced,Best,Best,1,0.38,YFJS03.txt, -0.2, 30073, 300,0.054
GRASP,Reduced,Best,Best,1,0.38,YFJS02.txt, -0.2, 65967, 300.004,0.818
GRASP,Reduced,Best,Best,1,0.38,YFJS01.txt, -0.2, 64456, 300.005,0.117
GRASP,Reduced,Best,Best,1,0.38,YFJS04.txt, -0.2, 33302, 300.001,226.254
GRASP,Reduced,Best,Best,1,0.38,YFJS05.txt, -0.2, 37670, 300,0.159
GRASP,Reduced,Best,Best,1,0.38,YFJS06.txt, -0.2, 37293, 300,104.525
GRASP,Reduced,Best,Best,1,0.38,YFJS07.txt, -0.2, 37159, 300,9.371
GRASP,Reduced,Best,Best,1,0.38,YFJS08.txt, -0.2, 30267, 300,0.129
GRASP,Reduced,Best,Best,1,0.38,YFJS09.txt, -0.2, 21363, 300,85.977
GRASP,Reduced,Best,Best,1,0.38,DAFJS30.txt, -0.2, 44277, 300.064,208.378
GRASP,Reduced,Best,Best,1,0.38,YFJS10.txt, -0.2, 35389, 300,0.028
GRASP,Reduced,Best,Best,1,0.38,YFJS11.txt, -0.2, 45613, 300,14.638
GRASP,Reduced,Best,Best,1,0.38,YFJS13.txt, -0.2, 34401, 300,1.176
GRASP,Reduced,Best,Best,1,0.38,YFJS12.txt, -0.2, 45207, 300.004,21.238
GRASP,Reduced,Best,Best,1,0.38,YFJS14.txt, -0.2, 98293, 300.049,76.175
GRASP,Reduced,Best,Best,1,0.38,YFJS16.txt, -0.2, 98052, 300.107,65.563
GRASP,Reduced,Best,Best,1,0.38,YFJS15.txt, -0.2, 97460, 300.192,114.411
GRASP,Reduced,Best,Best,1,0.38,YFJS18.txt, -0.2, 98202, 300.988,190.288
GRASP,Reduced,Best,Best,1,0.38,YFJS17.txt, -0.2, 85736, 301.63,0
GRASP,Reduced,Best,Best,1,0.38,YFJS19.txt, -0.2, 85195, 301.685,298.922
GRASP,Reduced,Best,Best,1,0.38,DAFJS01.txt, -0.3, 19969, 300.002,181.006
GRASP,Reduced,Best,Best,1,0.38,DAFJS02.txt, -0.3, 22404, 300.001,0.677
GRASP,Reduced,Best,Best,1,0.38,DAFJS05.txt, -0.3, 27438, 300,69.155
GRASP,Reduced,Best,Best,1,0.38,DAFJS04.txt, -0.3, 39478, 300.002,119.277
GRASP,Reduced,Best,Best,1,0.38,DAFJS06.txt, -0.3, 27955, 300,122.157
GRASP,Reduced,Best,Best,1,0.38,DAFJS09.txt, -0.3, 31421, 300.001,19.157
GRASP,Reduced,Best,Best,1,0.38,DAFJS03.txt, -0.3, 39280, 300.01,94.82
GRASP,Reduced,Best,Best,1,0.38,DAFJS08.txt, -0.3, 39663, 300.01,72.812
GRASP,Reduced,Best,Best,1,0.38,DAFJS07.txt, -0.3, 36361, 300.025,34.472
GRASP,Reduced,Best,Best,1,0.38,YFJS20.txt, -0.2, 84725, 301.098,114.394
GRASP,Reduced,Best,Best,1,0.38,DAFJS13.txt, -0.3, 37806, 300.001,244.56
GRASP,Reduced,Best,Best,1,0.38,DAFJS10.txt, -0.3, 31972, 300.009,123.414
GRASP,Reduced,Best,Best,1,0.38,DAFJS18.txt, -0.3, 45611, 300.003,263.324
GRASP,Reduced,Best,Best,1,0.38,DAFJS19.txt, -0.3, 36460, 300.025,265.724
GRASP,Reduced,Best,Best,1,0.38,DAFJS12.txt, -0.3, 40625, 300.036,271.431
GRASP,Reduced,Best,Best,1,0.38,DAFJS11.txt, -0.3, 42449, 300.038,135.392
GRASP,Reduced,Best,Best,1,0.38,DAFJS17.txt, -0.3, 43809, 300.044,209.046
GRASP,Reduced,Best,Best,1,0.38,DAFJS14.txt, -0.3, 42379, 300.065,229.037
GRASP,Reduced,Best,Best,1,0.38,DAFJS16.txt, -0.3, 45684, 300.119,105.543
GRASP,Reduced,Best,Best,1,0.38,DAFJS15.txt, -0.3, 43507, 300.162,215.042
GRASP,Reduced,Best,Best,1,0.38,DAFJS23.txt, -0.3, 33885, 300.005,198.389
GRASP,Reduced,Best,Best,1,0.38,DAFJS24.txt, -0.3, 37939, 300.032,291.896
GRASP,Reduced,Best,Best,1,0.38,DAFJS29.txt, -0.3, 45805, 300.027,209.926
GRASP,Reduced,Best,Best,1,0.38,DAFJS28.txt, -0.3, 37882, 300.035,145.314
GRASP,Reduced,Best,Best,1,0.38,DAFJS21.txt, -0.3, 45409, 300.072,141.46
GRASP,Reduced,Best,Best,1,0.38,DAFJS22.txt, -0.3, 39742, 300.077,84.362
GRASP,Reduced,Best,Best,1,0.38,DAFJS27.txt, -0.3, 49514, 300.079,12.461
GRASP,Reduced,Best,Best,1,0.38,DAFJS20.txt, -0.3, 41937, 300.155,92.859
GRASP,Reduced,Best,Best,1,0.38,DAFJS26.txt, -0.3, 47745, 300.196,54.294
GRASP,Reduced,Best,Best,1,0.38,DAFJS25.txt, -0.3, 47393, 300.216,210.216
GRASP,Reduced,Best,Best,1,0.38,YFJS02.txt, -0.3, 59000, 300,0.196
GRASP,Reduced,Best,Best,1,0.38,YFJS03.txt, -0.3, 27686, 300,0.001
GRASP,Reduced,Best,Best,1,0.38,YFJS01.txt, -0.3, 55458, 300.003,0.057
GRASP,Reduced,Best,Best,1,0.38,YFJS04.txt, -0.3, 29943, 300,241.763
GRASP,Reduced,Best,Best,1,0.38,YFJS05.txt, -0.3, 34430, 300,3.614
GRASP,Reduced,Best,Best,1,0.38,YFJS06.txt, -0.3, 33557, 300,22.967
GRASP,Reduced,Best,Best,1,0.38,YFJS07.txt, -0.3, 33352, 300.001,34.028
GRASP,Reduced,Best,Best,1,0.38,YFJS09.txt, -0.3, 20077, 300,29.965
GRASP,Reduced,Best,Best,1,0.38,YFJS08.txt, -0.3, 28597, 300.002,0.06
GRASP,Reduced,Best,Best,1,0.38,DAFJS30.txt, -0.3, 38344, 300.013,171.275
GRASP,Reduced,Best,Best,1,0.38,YFJS11.txt, -0.3, 41079, 300,154.657
GRASP,Reduced,Best,Best,1,0.38,YFJS10.txt, -0.3, 32582, 300.001,0.162
GRASP,Reduced,Best,Best,1,0.38,YFJS13.txt, -0.3, 31823, 300.002,0.251
GRASP,Reduced,Best,Best,1,0.38,YFJS12.txt, -0.3, 39993, 300.005,23.696
GRASP,Reduced,Best,Best,1,0.38,YFJS15.txt, -0.3, 84719, 300.145,295.411
GRASP,Reduced,Best,Best,1,0.38,YFJS16.txt, -0.3, 84809, 300.728,154.091
GRASP,Reduced,Best,Best,1,0.38,YFJS14.txt, -0.3, 84638, 300.754,15.404
GRASP,Reduced,Best,Best,1,0.38,YFJS17.txt, -0.3, 73682, 300.895,0
GRASP,Reduced,Best,Best,1,0.38,YFJS19.txt, -0.3, 73885, 301.566,201.304
GRASP,Reduced,Best,Best,1,0.38,YFJS18.txt, -0.3, 83567, 303.886,293.392
GRASP,Reduced,Best,Best,1,0.38,DAFJS01.txt, -0.1, 24495, 300,224.801
GRASP,Reduced,Best,Best,1,0.38,DAFJS02.txt, -0.1, 26989, 300,0.003
GRASP,Reduced,Best,Best,1,0.38,DAFJS04.txt, -0.1, 51927, 300.003,32.83
GRASP,Reduced,Best,Best,1,0.38,DAFJS05.txt, -0.1, 37081, 300.002,2.848
GRASP,Reduced,Best,Best,1,0.38,DAFJS03.txt, -0.1, 50543, 300.009,123.108
GRASP,Reduced,Best,Best,1,0.38,DAFJS09.txt, -0.1, 41557, 300.002,22.136
GRASP,Reduced,Best,Best,1,0.38,DAFJS06.txt, -0.1, 37205, 300.007,52.925
GRASP,Reduced,Best,Best,1,0.38,DAFJS07.txt, -0.1, 46624, 300.02,107.202
GRASP,Reduced,Best,Best,1,0.38,DAFJS08.txt, -0.1, 53760, 300.048,54.639
GRASP,Reduced,Best,Best,1,0.38,YFJS20.txt, -0.3, 72013, 303.441,177.332
GRASP,Reduced,Best,Best,1,0.38,DAFJS10.txt, -0.1, 45241, 300.004,17.572
GRASP,Reduced,Best,Best,1,0.38,DAFJS13.txt, -0.1, 54392, 300.011,277.627
GRASP,Reduced,Best,Best,1,0.38,DAFJS18.txt, -0.1, 67004, 300.009,83.776
GRASP,Reduced,Best,Best,1,0.38,DAFJS16.txt, -0.1, 65199, 300.032,185.173
GRASP,Reduced,Best,Best,1,0.38,DAFJS12.txt, -0.1, 56906, 300.041,127.932
GRASP,Reduced,Best,Best,1,0.38,DAFJS14.txt, -0.1, 61700, 300.049,260.579
GRASP,Reduced,Best,Best,1,0.38,DAFJS17.txt, -0.1, 65666, 300.071,56.306
GRASP,Reduced,Best,Best,1,0.38,DAFJS11.txt, -0.1, 59281, 300.109,167.166
GRASP,Reduced,Best,Best,1,0.38,DAFJS19.txt, -0.1, 47295, 300.112,200.518
GRASP,Reduced,Best,Best,1,0.38,DAFJS15.txt, -0.1, 60132, 300.196,40.363
GRASP,Reduced,Best,Best,1,0.38,DAFJS21.txt, -0.1, 67706, 300.014,288.36
GRASP,Reduced,Best,Best,1,0.38,DAFJS29.txt, -0.1, 60487, 300.012,112.557
GRASP,Reduced,Best,Best,1,0.38,DAFJS23.txt, -0.1, 44258, 300.028,260.721
GRASP,Reduced,Best,Best,1,0.38,DAFJS24.txt, -0.1, 52014, 300.031,160.403
GRASP,Reduced,Best,Best,1,0.38,DAFJS27.txt, -0.1, 71060, 300.057,277.164
GRASP,Reduced,Best,Best,1,0.38,DAFJS28.txt, -0.1, 49763, 300.08,200.996
GRASP,Reduced,Best,Best,1,0.38,DAFJS25.txt, -0.1, 67013, 300.106,24.354
GRASP,Reduced,Best,Best,1,0.38,DAFJS22.txt, -0.1, 60515, 300.187,23.879
GRASP,Reduced,Best,Best,1,0.38,DAFJS20.txt, -0.1, 59844, 300.249,192.356
GRASP,Reduced,Best,Best,1,0.38,DAFJS26.txt, -0.1, 66794, 300.361,173.691
GRASP,Reduced,Best,Best,1,0.38,YFJS01.txt, -0.1, 68714, 300.001,0.139
GRASP,Reduced,Best,Best,1,0.38,YFJS03.txt, -0.1, 32662, 300,0.008
GRASP,Reduced,Best,Best,1,0.38,YFJS02.txt, -0.1, 73053, 300.002,0.137
GRASP,Reduced,Best,Best,1,0.38,YFJS04.txt, -0.1, 36946, 300,0.1
GRASP,Reduced,Best,Best,1,0.38,YFJS06.txt, -0.1, 41123, 300,1.352
GRASP,Reduced,Best,Best,1,0.38,YFJS05.txt, -0.1, 41768, 300.001,0.099
GRASP,Reduced,Best,Best,1,0.38,DAFJS30.txt, -0.1, 50974, 300.007,68.785
GRASP,Reduced,Best,Best,1,0.38,YFJS07.txt, -0.1, 41625, 300.001,73.129
GRASP,Reduced,Best,Best,1,0.38,YFJS08.txt, -0.1, 32623, 300,0.069
GRASP,Reduced,Best,Best,1,0.38,YFJS09.txt, -0.1, 22681, 300.001,16.496
GRASP,Reduced,Best,Best,1,0.38,YFJS10.txt, -0.1, 37685, 300,0.486
GRASP,Reduced,Best,Best,1,0.38,YFJS13.txt, -0.1, 38042, 300.001,1.725
GRASP,Reduced,Best,Best,1,0.38,YFJS11.txt, -0.1, 50419, 300.005,23.304
GRASP,Reduced,Best,Best,1,0.38,YFJS12.txt, -0.1, 49411, 300.004,18.847
GRASP,Reduced,Best,Best,1,0.38,YFJS16.txt, -0.1, 111439, 300.096,107.534
GRASP,Reduced,Best,Best,1,0.38,YFJS15.txt, -0.1, 108296, 300.396,17.04
GRASP,Reduced,Best,Best,1,0.38,YFJS14.txt, -0.1, 113496, 300.46,289.745
GRASP,Reduced,Best,Best,1,0.38,YFJS19.txt, -0.1, 96871, 300.632,175.903
GRASP,Reduced,Best,Best,1,0.38,YFJS18.txt, -0.1, 110200, 303.254,16.724
GRASP,Reduced,Best,Best,1,0.38,YFJS17.txt, -0.1, 103786, 303.366,155.727
GRASP,Reduced,Best,Best,1,0.38,DAFJS01.txt, -0.2, 22063, 300.001,0.104
GRASP,Reduced,Best,Best,1,0.38,DAFJS02.txt, -0.2, 24618, 300,0.06
GRASP,Reduced,Best,Best,1,0.38,DAFJS04.txt, -0.2, 44905, 300.001,46.442
GRASP,Reduced,Best,Best,1,0.38,DAFJS08.txt, -0.2, 46234, 300,137.628
GRASP,Reduced,Best,Best,1,0.38,DAFJS05.txt, -0.2, 31848, 300.007,13.41
GRASP,Reduced,Best,Best,1,0.38,DAFJS09.txt, -0.2, 35759, 300.004,34.38
GRASP,Reduced,Best,Best,1,0.38,DAFJS06.txt, -0.2, 31996, 300.014,100.695
GRASP,Reduced,Best,Best,1,0.38,DAFJS03.txt, -0.2, 44628, 300.02,5.741
GRASP,Reduced,Best,Best,1,0.38,DAFJS07.txt, -0.2, 40449, 300.03,197.412
GRASP,Reduced,Best,Best,1,0.38,YFJS20.txt, -0.1, 95045, 300.851,80.006
GRASP,Reduced,Best,Best,1,0.38,DAFJS11.txt, -0.2, 50020, 300.008,197.498
GRASP,Reduced,Best,Best,1,0.38,DAFJS19.txt, -0.2, 41046, 300,124.483
GRASP,Reduced,Best,Best,1,0.38,DAFJS17.txt, -0.2, 52905, 300.011,171.587
GRASP,Reduced,Best,Best,1,0.38,DAFJS13.txt, -0.2, 45646, 300.017,220.154
GRASP,Reduced,Best,Best,1,0.38,DAFJS14.txt, -0.2, 51515, 300.027,183.586
GRASP,Reduced,Best,Best,1,0.38,DAFJS10.txt, -0.2, 37820, 300.037,164.392
GRASP,Reduced,Best,Best,1,0.38,DAFJS18.txt, -0.2, 55066, 300.029,110.709
GRASP,Reduced,Best,Best,1,0.38,DAFJS16.txt, -0.2, 53863, 300.039,289.724
GRASP,Reduced,Best,Best,1,0.38,DAFJS12.txt, -0.2, 48986, 300.071,179.734
GRASP,Reduced,Best,Best,1,0.38,DAFJS15.txt, -0.2, 50696, 300.131,137.856
GRASP,Reduced,Best,Best,1,0.38,DAFJS28.txt, -0.2, 43103, 300.011,63.244
GRASP,Reduced,Best,Best,1,0.38,DAFJS23.txt, -0.2, 38742, 300.024,10.29
GRASP,Reduced,Best,Best,1,0.38,DAFJS26.txt, -0.2, 54563, 300.026,21.436
GRASP,Reduced,Best,Best,1,0.38,DAFJS21.txt, -0.2, 55722, 300.04,212.816
GRASP,Reduced,Best,Best,1,0.38,DAFJS29.txt, -0.2, 52544, 300.036,133.382
GRASP,Reduced,Best,Best,1,0.38,DAFJS25.txt, -0.2, 56142, 300.094,171.72
GRASP,Reduced,Best,Best,1,0.38,DAFJS24.txt, -0.2, 44489, 300.101,242.902
GRASP,Reduced,Best,Best,1,0.38,DAFJS20.txt, -0.2, 49903, 300.159,110.681
GRASP,Reduced,Best,Best,1,0.38,DAFJS27.txt, -0.2, 59139, 300.161,248.232
GRASP,Reduced,Best,Best,1,0.38,DAFJS22.txt, -0.2, 48406, 300.221,153.573
GRASP,Reduced,Best,Best,1,0.38,YFJS03.txt, -0.2, 30073, 300.001,0.053
GRASP,Reduced,Best,Best,1,0.38,YFJS01.txt, -0.2, 64456, 300.004,0.301
GRASP,Reduced,Best,Best,1,0.38,YFJS04.txt, -0.2, 34907, 300,144.272
GRASP,Reduced,Best,Best,1,0.38,YFJS05.txt, -0.2, 37670, 300,0.003
GRASP,Reduced,Best,Best,1,0.38,YFJS02.txt, -0.2, 65967, 300.005,1.124
GRASP,Reduced,Best,Best,1,0.38,YFJS06.txt, -0.2, 37293, 300,208.07
GRASP,Reduced,Best,Best,1,0.38,YFJS07.txt, -0.2, 37159, 300,0.151
GRASP,Reduced,Best,Best,1,0.38,YFJS08.txt, -0.2, 30267, 300,0.931
GRASP,Reduced,Best,Best,1,0.38,YFJS09.txt, -0.2, 21363, 300,70.038
GRASP,Reduced,Best,Best,1,0.38,DAFJS30.txt, -0.2, 44025, 300.073,138.412
GRASP,Reduced,Best,Best,1,0.38,YFJS10.txt, -0.2, 35389, 300.001,0.024
GRASP,Reduced,Best,Best,1,0.38,YFJS11.txt, -0.2, 45613, 300.001,24.163
GRASP,Reduced,Best,Best,1,0.38,YFJS12.txt, -0.2, 45207, 300.001,70.936
GRASP,Reduced,Best,Best,1,0.38,YFJS13.txt, -0.2, 34401, 300.002,8.104
GRASP,Reduced,Best,Best,1,0.38,YFJS14.txt, -0.2, 98494, 300.352,295.318
GRASP,Reduced,Best,Best,1,0.38,YFJS15.txt, -0.2, 97921, 300.356,138.412
GRASP,Reduced,Best,Best,1,0.38,YFJS16.txt, -0.2, 97517, 300.494,252.481
GRASP,Reduced,Best,Best,1,0.38,YFJS17.txt, -0.2, 85736, 300.694,0
GRASP,Reduced,Best,Best,1,0.38,YFJS19.txt, -0.2, 83068, 301.388,62.281
GRASP,Reduced,Best,Best,1,0.38,YFJS18.txt, -0.2, 92382, 301.717,86.938
GRASP,Reduced,Best,Best,1,0.38,DAFJS02.txt, -0.3, 22404, 300,1.665
GRASP,Reduced,Best,Best,1,0.38,DAFJS01.txt, -0.3, 20459, 300.001,0.15
GRASP,Reduced,Best,Best,1,0.38,DAFJS04.txt, -0.3, 39473, 300.002,175.833
GRASP,Reduced,Best,Best,1,0.38,DAFJS05.txt, -0.3, 27438, 300.004,104.182
GRASP,Reduced,Best,Best,1,0.38,DAFJS03.txt, -0.3, 39508, 300.007,101.59
GRASP,Reduced,Best,Best,1,0.38,DAFJS09.txt, -0.3, 31421, 300.005,8.05
GRASP,Reduced,Best,Best,1,0.38,DAFJS06.txt, -0.3, 27955, 300.013,41.034
GRASP,Reduced,Best,Best,1,0.38,DAFJS08.txt, -0.3, 39394, 300.02,121.439
GRASP,Reduced,Best,Best,1,0.38,DAFJS07.txt, -0.3, 36318, 300.051,200.572
GRASP,Reduced,Best,Best,1,0.38,YFJS20.txt, -0.2, 84928, 301.7,45.023
GRASP,Reduced,Best,Best,1,0.38,DAFJS10.txt, -0.3, 31759, 300.019,225.104
GRASP,Reduced,Best,Best,1,0.38,DAFJS18.txt, -0.3, 45793, 300.01,220.648
GRASP,Reduced,Best,Best,1,0.38,DAFJS14.txt, -0.3, 42488, 300.015,105.424
GRASP,Reduced,Best,Best,1,0.38,DAFJS13.txt, -0.3, 38051, 300.017,34.87
GRASP,Reduced,Best,Best,1,0.38,DAFJS11.txt, -0.3, 42712, 300.021,47.887
GRASP,Reduced,Best,Best,1,0.38,DAFJS16.txt, -0.3, 46031, 300.027,84.538
GRASP,Reduced,Best,Best,1,0.38,DAFJS19.txt, -0.3, 35401, 300.026,198.412
GRASP,Reduced,Best,Best,1,0.38,DAFJS12.txt, -0.3, 41650, 300.068,171.999
GRASP,Reduced,Best,Best,1,0.38,DAFJS17.txt, -0.3, 43760, 300.103,281.764
GRASP,Reduced,Best,Best,1,0.38,DAFJS15.txt, -0.3, 44101, 300.216,6.665
GRASP,Reduced,Best,Best,1,0.38,DAFJS28.txt, -0.3, 37703, 300.009,157.631
GRASP,Reduced,Best,Best,1,0.38,DAFJS22.txt, -0.3, 38705, 300.036,135.459
GRASP,Reduced,Best,Best,1,0.38,DAFJS24.txt, -0.3, 38221, 300.036,77.936
GRASP,Reduced,Best,Best,1,0.38,DAFJS27.txt, -0.3, 49668, 300.055,72.674
GRASP,Reduced,Best,Best,1,0.38,DAFJS25.txt, -0.3, 47106, 300.064,127.554
GRASP,Reduced,Best,Best,1,0.38,DAFJS20.txt, -0.3, 41898, 300.077,269.865
GRASP,Reduced,Best,Best,1,0.38,DAFJS21.txt, -0.3, 45889, 300.076,297.4
GRASP,Reduced,Best,Best,1,0.38,DAFJS23.txt, -0.3, 33885, 300.08,112.852
GRASP,Reduced,Best,Best,1,0.38,DAFJS29.txt, -0.3, 45174, 300.074,110.198
GRASP,Reduced,Best,Best,1,0.38,DAFJS26.txt, -0.3, 47333, 300.207,292.973
GRASP,Reduced,Best,Best,1,0.38,YFJS01.txt, -0.3, 55458, 300.001,0.292
GRASP,Reduced,Best,Best,1,0.38,YFJS03.txt, -0.3, 27686, 300,0.004
GRASP,Reduced,Best,Best,1,0.38,YFJS04.txt, -0.3, 29692, 300,23.144
GRASP,Reduced,Best,Best,1,0.38,YFJS02.txt, -0.3, 59000, 300.003,0.012
GRASP,Reduced,Best,Best,1,0.38,YFJS05.txt, -0.3, 34430, 300.001,1.062
GRASP,Reduced,Best,Best,1,0.38,YFJS07.txt, -0.3, 33352, 300,24.263
GRASP,Reduced,Best,Best,1,0.38,YFJS08.txt, -0.3, 28597, 300.001,0.026
GRASP,Reduced,Best,Best,1,0.38,YFJS06.txt, -0.3, 33557, 300.003,14.033
GRASP,Reduced,Best,Best,1,0.38,YFJS09.txt, -0.3, 20077, 300.003,77.441
GRASP,Reduced,Best,Best,1,0.38,DAFJS30.txt, -0.3, 38067, 300.061,194.655
GRASP,Reduced,Best,Best,1,0.38,YFJS10.txt, -0.3, 32582, 300,1.242
GRASP,Reduced,Best,Best,1,0.38,YFJS12.txt, -0.3, 39993, 300.002,59.04
GRASP,Reduced,Best,Best,1,0.38,YFJS13.txt, -0.3, 31823, 300,1.213
GRASP,Reduced,Best,Best,1,0.38,YFJS11.txt, -0.3, 41079, 300.008,19.087
GRASP,Reduced,Best,Best,1,0.38,YFJS15.txt, -0.3, 85253, 300.131,143.77
GRASP,Reduced,Best,Best,1,0.38,YFJS16.txt, -0.3, 85007, 300.335,149.575
GRASP,Reduced,Best,Best,1,0.38,YFJS14.txt, -0.3, 83435, 300.467,142.178
GRASP,Reduced,Best,Best,1,0.38,YFJS19.txt, -0.3, 71655, 302.475,47.237
GRASP,Reduced,Best,Best,1,0.38,YFJS18.txt, -0.3, 81450, 302.51,302.51
GRASP,Reduced,Best,Best,1,0.38,YFJS17.txt, -0.3, 73682, 303.567,0
GRASP,Reduced,Best,Best,1,0.38,DAFJS01.txt, -0.1, 24688, 300,0.173
GRASP,Reduced,Best,Best,1,0.38,DAFJS02.txt, -0.1, 26989, 300.001,0.003
GRASP,Reduced,Best,Best,1,0.38,DAFJS03.txt, -0.1, 50555, 300.003,156.45
GRASP,Reduced,Best,Best,1,0.38,DAFJS06.txt, -0.1, 37023, 300,122.838
GRASP,Reduced,Best,Best,1,0.38,DAFJS04.txt, -0.1, 51927, 300.004,68.168
GRASP,Reduced,Best,Best,1,0.38,DAFJS09.txt, -0.1, 41066, 300,115.781
GRASP,Reduced,Best,Best,1,0.38,DAFJS05.txt, -0.1, 37081, 300.008,65.647
GRASP,Reduced,Best,Best,1,0.38,DAFJS08.txt, -0.1, 53611, 300.01,153.114
GRASP,Reduced,Best,Best,1,0.38,DAFJS07.txt, -0.1, 46663, 300.039,150.078
GRASP,Reduced,Best,Best,1,0.38,YFJS20.txt, -0.3, 72481, 300.861,0
GRASP,Reduced,Best,Best,1,0.38,DAFJS17.txt, -0.1, 64804, 300.019,269.211
GRASP,Reduced,Best,Best,1,0.38,DAFJS13.txt, -0.1, 54773, 300.025,262.147
GRASP,Reduced,Best,Best,1,0.38,DAFJS18.txt, -0.1, 66852, 300.021,178.682
GRASP,Reduced,Best,Best,1,0.38,DAFJS16.txt, -0.1, 63495, 300.028,43.33
GRASP,Reduced,Best,Best,1,0.38,DAFJS11.txt, -0.1, 58619, 300.036,61.482
GRASP,Reduced,Best,Best,1,0.38,DAFJS14.txt, -0.1, 61653, 300.051,203.455
GRASP,Reduced,Best,Best,1,0.38,DAFJS10.txt, -0.1, 44917, 300.071,217.732
GRASP,Reduced,Best,Best,1,0.38,DAFJS19.txt, -0.1, 46757, 300.094,147.615
GRASP,Reduced,Best,Best,1,0.38,DAFJS15.txt, -0.1, 60115, 300.128,125.97
GRASP,Reduced,Best,Best,1,0.38,DAFJS12.txt, -0.1, 56904, 300.146,142.222
GRASP,Reduced,Best,Best,1,0.38,DAFJS26.txt, -0.1, 66629, 300.013,161.636
GRASP,Reduced,Best,Best,1,0.38,DAFJS24.txt, -0.1, 51313, 300.023,127.051
GRASP,Reduced,Best,Best,1,0.38,DAFJS23.txt, -0.1, 44183, 300.029,95.626
GRASP,Reduced,Best,Best,1,0.38,DAFJS22.txt, -0.1, 59477, 300.035,62.554
GRASP,Reduced,Best,Best,1,0.38,DAFJS25.txt, -0.1, 65857, 300.058,138.676
GRASP,Reduced,Best,Best,1,0.38,DAFJS28.txt, -0.1, 48669, 300.056,164.025
GRASP,Reduced,Best,Best,1,0.38,DAFJS29.txt, -0.1, 60361, 300.065,295.572
GRASP,Reduced,Best,Best,1,0.38,DAFJS21.txt, -0.1, 66547, 300.103,87.707
GRASP,Reduced,Best,Best,1,0.38,DAFJS20.txt, -0.1, 59670, 300.233,43.482
GRASP,Reduced,Best,Best,1,0.38,DAFJS27.txt, -0.1, 70375, 300.444,231.599
GRASP,Reduced,Best,Best,1,0.38,YFJS01.txt, -0.1, 68714, 300,0.034
GRASP,Reduced,Best,Best,1,0.38,YFJS03.txt, -0.1, 32662, 300,0.024
GRASP,Reduced,Best,Best,1,0.38,YFJS02.txt, -0.1, 73053, 300.003,0.008
GRASP,Reduced,Best,Best,1,0.38,YFJS04.txt, -0.1, 36946, 300,0.054
GRASP,Reduced,Best,Best,1,0.38,YFJS05.txt, -0.1, 41034, 300,160.738
GRASP,Reduced,Best,Best,1,0.38,YFJS07.txt, -0.1, 41625, 300,35.368
GRASP,Reduced,Best,Best,1,0.38,YFJS08.txt, -0.1, 32623, 300.001,0.035
GRASP,Reduced,Best,Best,1,0.38,YFJS06.txt, -0.1, 41123, 300.003,2.258
GRASP,Reduced,Best,Best,1,0.38,YFJS09.txt, -0.1, 22681, 300.002,5.022
GRASP,Reduced,Best,Best,1,0.38,DAFJS30.txt, -0.1, 50721, 300.016,72.474
GRASP,Reduced,Best,Best,1,0.38,YFJS10.txt, -0.1, 37685, 300,0.049
GRASP,Reduced,Best,Best,1,0.38,YFJS12.txt, -0.1, 49411, 300,25.766
GRASP,Reduced,Best,Best,1,0.38,YFJS11.txt, -0.1, 49493, 300.001,260.11
GRASP,Reduced,Best,Best,1,0.38,YFJS13.txt, -0.1, 38042, 300.004,9.177
GRASP,Reduced,Best,Best,1,0.38,YFJS16.txt, -0.1, 112299, 300.4,66.852
GRASP,Reduced,Best,Best,1,0.38,YFJS14.txt, -0.1, 112217, 300.405,123.041
GRASP,Reduced,Best,Best,1,0.38,YFJS15.txt, -0.1, 111703, 300.436,121.443
GRASP,Reduced,Best,Best,1,0.38,YFJS18.txt, -0.1, 109763, 300.441,247.622
GRASP,Reduced,Best,Best,1,0.38,YFJS17.txt, -0.1, 101748, 301.406,251.896
GRASP,Reduced,Best,Best,1,0.38,YFJS19.txt, -0.1, 94020, 304.305,109.953
GRASP,Reduced,Best,Best,1,0.38,DAFJS01.txt, -0.2, 21922, 300,193.245
GRASP,Reduced,Best,Best,1,0.38,DAFJS02.txt, -0.2, 24618, 300,0.039
GRASP,Reduced,Best,Best,1,0.38,DAFJS03.txt, -0.2, 44481, 300.004,211.708
GRASP,Reduced,Best,Best,1,0.38,DAFJS05.txt, -0.2, 31848, 300.002,51.303
GRASP,Reduced,Best,Best,1,0.38,DAFJS07.txt, -0.2, 41006, 300.002,6.284
GRASP,Reduced,Best,Best,1,0.38,DAFJS09.txt, -0.2, 35759, 300,37.964
GRASP,Reduced,Best,Best,1,0.38,DAFJS06.txt, -0.2, 31994, 300.004,151.946
GRASP,Reduced,Best,Best,1,0.38,DAFJS04.txt, -0.2, 44912, 300.01,46.232
GRASP,Reduced,Best,Best,1,0.38,DAFJS08.txt, -0.2, 45955, 300.02,9.156
GRASP,Reduced,Best,Best,1,0.38,YFJS20.txt, -0.1, 94526, 302.195,230.398
GRASP,Reduced,Best,Best,1,0.38,DAFJS13.txt, -0.2, 45617, 300,135.145
GRASP,Reduced,Best,Best,1,0.38,DAFJS14.txt, -0.2, 51595, 300.006,86.404
GRASP,Reduced,Best,Best,1,0.38,DAFJS19.txt, -0.2, 41342, 300,111.738
GRASP,Reduced,Best,Best,1,0.38,DAFJS12.txt, -0.2, 48280, 300.023,2.572
GRASP,Reduced,Best,Best,1,0.38,DAFJS10.txt, -0.2, 37928, 300.026,21.757
GRASP,Reduced,Best,Best,1,0.38,DAFJS17.txt, -0.2, 53515, 300.033,162.82
GRASP,Reduced,Best,Best,1,0.38,DAFJS11.txt, -0.2, 49271, 300.051,182.936
GRASP,Reduced,Best,Best,1,0.38,DAFJS16.txt, -0.2, 53242, 300.052,121.42
GRASP,Reduced,Best,Best,1,0.38,DAFJS18.txt, -0.2, 54569, 300.06,292.987
GRASP,Reduced,Best,Best,1,0.38,DAFJS15.txt, -0.2, 51251, 300.086,19.726
GRASP,Reduced,Best,Best,1,0.38,DAFJS22.txt, -0.2, 48623, 300.011,150.549
GRASP,Reduced,Best,Best,1,0.38,DAFJS20.txt, -0.2, 49985, 300.023,68.318
GRASP,Reduced,Best,Best,1,0.38,DAFJS24.txt, -0.2, 44126, 300.023,163.093
GRASP,Reduced,Best,Best,1,0.38,DAFJS28.txt, -0.2, 42847, 300.03,90.687
GRASP,Reduced,Best,Best,1,0.38,DAFJS29.txt, -0.2, 51502, 300.031,3.488
GRASP,Reduced,Best,Best,1,0.38,DAFJS26.txt, -0.2, 55113, 300.042,148.711
GRASP,Reduced,Best,Best,1,0.38,DAFJS21.txt, -0.2, 55365, 300.071,293.974
GRASP,Reduced,Best,Best,1,0.38,DAFJS23.txt, -0.2, 38742, 300.087,4.643
GRASP,Reduced,Best,Best,1,0.38,DAFJS25.txt, -0.2, 55154, 300.19,61.823
GRASP,Reduced,Best,Best,1,0.38,DAFJS27.txt, -0.2, 58674, 300.207,259.45
GRASP,Reduced,Best,Best,1,0.38,YFJS01.txt, -0.2, 64456, 300.001,0.221
GRASP,Reduced,Best,Best,1,0.38,YFJS03.txt, -0.2, 30073, 300,0.226
GRASP,Reduced,Best,Best,1,0.38,YFJS02.txt, -0.2, 65967, 300.003,1.486
GRASP,Reduced,Best,Best,1,0.38,YFJS04.txt, -0.2, 33475, 300,112.131
GRASP,Reduced,Best,Best,1,0.38,YFJS05.txt, -0.2, 37670, 300.001,0.217
GRASP,Reduced,Best,Best,1,0.38,YFJS06.txt, -0.2, 37293, 300.001,6.232
GRASP,Reduced,Best,Best,1,0.38,YFJS07.txt, -0.2, 37159, 300,4.323
GRASP,Reduced,Best,Best,1,0.38,YFJS08.txt, -0.2, 30267, 300,0.086
GRASP,Reduced,Best,Best,1,0.38,YFJS09.txt, -0.2, 21363, 300.003,45.225
GRASP,Reduced,Best,Best,1,0.38,DAFJS30.txt, -0.2, 43276, 300.024,119.874
GRASP,Reduced,Best,Best,1,0.38,YFJS10.txt, -0.2, 35389, 300,0.076
GRASP,Reduced,Best,Best,1,0.38,YFJS11.txt, -0.2, 45613, 300.001,1.378
GRASP,Reduced,Best,Best,1,0.38,YFJS12.txt, -0.2, 45207, 300.002,108.284
GRASP,Reduced,Best,Best,1,0.38,YFJS13.txt, -0.2, 34401, 300.011,6.998
GRASP,Reduced,Best,Best,1,0.38,YFJS15.txt, -0.2, 97085, 300.032,208.244
GRASP,Reduced,Best,Best,1,0.38,YFJS17.txt, -0.2, 85736, 300.078,0
GRASP,Reduced,Best,Best,1,0.38,YFJS16.txt, -0.2, 95994, 300.125,229.701
GRASP,Reduced,Best,Best,1,0.38,YFJS14.txt, -0.2, 96727, 300.194,241.681
GRASP,Reduced,Best,Best,1,0.38,YFJS18.txt, -0.2, 94290, 300.338,262.621
GRASP,Reduced,Best,Best,1,0.38,YFJS19.txt, -0.2, 87734, 302.411,63.623
GRASP,Reduced,Best,Best,1,0.38,DAFJS02.txt, -0.3, 22404, 300.001,1.464
GRASP,Reduced,Best,Best,1,0.38,DAFJS01.txt, -0.3, 20459, 300.001,0.037
GRASP,Reduced,Best,Best,1,0.38,DAFJS09.txt, -0.3, 31421, 300.003,26.182
GRASP,Reduced,Best,Best,1,0.38,DAFJS06.txt, -0.3, 27955, 300.006,171.644
GRASP,Reduced,Best,Best,1,0.38,DAFJS05.txt, -0.3, 27438, 300.008,2.422
GRASP,Reduced,Best,Best,1,0.38,DAFJS04.txt, -0.3, 39421, 300.01,291.493
GRASP,Reduced,Best,Best,1,0.38,DAFJS03.txt, -0.3, 39686, 300.012,279.794
GRASP,Reduced,Best,Best,1,0.38,DAFJS07.txt, -0.3, 36577, 300.009,52.103
GRASP,Reduced,Best,Best,1,0.38,DAFJS08.txt, -0.3, 39694, 300.115,147.27
GRASP,Reduced,Best,Best,1,0.38,YFJS20.txt, -0.2, 83173, 303.599,244
GRASP,Reduced,Best,Best,1,0.38,DAFJS10.txt, -0.3, 31838, 300.001,16.951
GRASP,Reduced,Best,Best,1,0.38,DAFJS13.txt, -0.3, 38104, 300,24.667
GRASP,Reduced,Best,Best,1,0.38,DAFJS18.txt, -0.3, 45875, 300.003,105.819
GRASP,Reduced,Best,Best,1,0.38,DAFJS17.txt, -0.3, 43963, 300.007,208
GRASP,Reduced,Best,Best,1,0.38,DAFJS19.txt, -0.3, 36254, 300.007,121.007
GRASP,Reduced,Best,Best,1,0.38,DAFJS16.txt, -0.3, 45616, 300.021,209.784
GRASP,Reduced,Best,Best,1,0.38,DAFJS14.txt, -0.3, 42431, 300.024,15.156
GRASP,Reduced,Best,Best,1,0.38,DAFJS11.txt, -0.3, 41870, 300.067,242.153
GRASP,Reduced,Best,Best,1,0.38,DAFJS12.txt, -0.3, 41354, 300.208,199.731
GRASP,Reduced,Best,Best,1,0.38,DAFJS15.txt, -0.3, 43215, 300.212,186.521
GRASP,Reduced,Best,Best,1,0.38,DAFJS24.txt, -0.3, 37889, 300.001,248.057
GRASP,Reduced,Best,Best,1,0.38,DAFJS20.txt, -0.3, 41652, 300.01,130.721
GRASP,Reduced,Best,Best,1,0.38,DAFJS22.txt, -0.3, 39513, 300.018,40.928
GRASP,Reduced,Best,Best,1,0.38,DAFJS23.txt, -0.3, 33756, 300.043,107.08
GRASP,Reduced,Best,Best,1,0.38,DAFJS26.txt, -0.3, 47244, 300.049,13.844
GRASP,Reduced,Best,Best,1,0.38,DAFJS29.txt, -0.3, 45286, 300.05,129.366
GRASP,Reduced,Best,Best,1,0.38,DAFJS28.txt, -0.3, 37971, 300.052,258.836
GRASP,Reduced,Best,Best,1,0.38,DAFJS25.txt, -0.3, 46757, 300.091,273.777
GRASP,Reduced,Best,Best,1,0.38,DAFJS21.txt, -0.3, 45609, 300.116,219.683
GRASP,Reduced,Best,Best,1,0.38,DAFJS27.txt, -0.3, 49930, 300.195,49.126
GRASP,Reduced,Best,Best,1,0.38,YFJS02.txt, -0.3, 59000, 300,0.331
GRASP,Reduced,Best,Best,1,0.38,YFJS03.txt, -0.3, 27686, 300,0.005
GRASP,Reduced,Best,Best,1,0.38,YFJS01.txt, -0.3, 55458, 300.004,0.054
GRASP,Reduced,Best,Best,1,0.38,YFJS04.txt, -0.3, 31267, 300,0.004
GRASP,Reduced,Best,Best,1,0.38,YFJS05.txt, -0.3, 34430, 300,0.079
GRASP,Reduced,Best,Best,1,0.38,YFJS06.txt, -0.3, 33557, 300,52.839
GRASP,Reduced,Best,Best,1,0.38,YFJS07.txt, -0.3, 33352, 300,65.419
GRASP,Reduced,Best,Best,1,0.38,YFJS08.txt, -0.3, 28597, 300.002,0.07
GRASP,Reduced,Best,Best,1,0.38,YFJS09.txt, -0.3, 20077, 300.001,52.828
GRASP,Reduced,Best,Best,1,0.38,DAFJS30.txt, -0.3, 38608, 300.029,98.675
GRASP,Reduced,Best,Best,1,0.38,YFJS10.txt, -0.3, 32582, 300.001,1.843
GRASP,Reduced,Best,Best,1,0.38,YFJS11.txt, -0.3, 41195, 300.001,8.161
GRASP,Reduced,Best,Best,1,0.38,YFJS12.txt, -0.3, 39993, 300.002,5.452
GRASP,Reduced,Best,Best,1,0.38,YFJS13.txt, -0.3, 31823, 300.011,0.244
GRASP,Reduced,Best,Best,1,0.38,YFJS15.txt, -0.3, 84181, 300.136,133.328
GRASP,Reduced,Best,Best,1,0.38,YFJS16.txt, -0.3, 85567, 300.16,300.159
GRASP,Reduced,Best,Best,1,0.38,YFJS14.txt, -0.3, 83582, 300.213,289.015
GRASP,Reduced,Best,Best,1,0.38,YFJS19.txt, -0.3, 70115, 300.217,118.174
GRASP,Reduced,Best,Best,1,0.38,YFJS17.txt, -0.3, 73682, 301.365,0
GRASP,Reduced,Best,Best,1,0.38,YFJS18.txt, -0.3, 82731, 301.939,121.391
GRASP,Reduced,Best,Best,1,0.38,DAFJS02.txt, -0.1, 26989, 300,0.004
GRASP,Reduced,Best,Best,1,0.38,DAFJS01.txt, -0.1, 24688, 300.002,0.08
GRASP,Reduced,Best,Best,1,0.38,DAFJS04.txt, -0.1, 51927, 300.001,44.453
GRASP,Reduced,Best,Best,1,0.38,DAFJS05.txt, -0.1, 37081, 300,25.55
GRASP,Reduced,Best,Best,1,0.38,DAFJS09.txt, -0.1, 41557, 300,5.745
GRASP,Reduced,Best,Best,1,0.38,DAFJS03.txt, -0.1, 50543, 300.008,10.005
GRASP,Reduced,Best,Best,1,0.38,DAFJS06.txt, -0.1, 37205, 300.01,95.711
GRASP,Reduced,Best,Best,1,0.38,DAFJS07.txt, -0.1, 46769, 300.012,18.926
GRASP,Reduced,Best,Best,1,0.38,DAFJS08.txt, -0.1, 53756, 300.022,204.214
GRASP,Reduced,Best,Best,1,0.38,YFJS20.txt, -0.3, 71878, 300.347,15.252
GRASP,Reduced,Best,Best,1,0.38,DAFJS13.txt, -0.1, 54688, 300,46.426
GRASP,Reduced,Best,Best,1,0.38,DAFJS10.txt, -0.1, 45736, 300.005,108.576
GRASP,Reduced,Best,Best,1,0.38,DAFJS18.txt, -0.1, 66633, 300,179.146
GRASP,Reduced,Best,Best,1,0.38,DAFJS11.txt, -0.1, 59220, 300.016,76.629
GRASP,Reduced,Best,Best,1,0.38,DAFJS19.txt, -0.1, 47597, 300.011,119.3
GRASP,Reduced,Best,Best,1,0.38,DAFJS14.txt, -0.1, 61487, 300.029,185.426
GRASP,Reduced,Best,Best,1,0.38,DAFJS17.txt, -0.1, 65221, 300.029,135.663
GRASP,Reduced,Best,Best,1,0.38,DAFJS12.txt, -0.1, 56670, 300.055,237.695
GRASP,Reduced,Best,Best,1,0.38,DAFJS15.txt, -0.1, 60889, 300.064,25.543
GRASP,Reduced,Best,Best,1,0.38,DAFJS16.txt, -0.1, 63712, 300.283,265.062
GRASP,Reduced,Best,Best,1,0.38,DAFJS21.txt, -0.1, 67318, 300,79.931
GRASP,Reduced,Best,Best,1,0.38,DAFJS23.txt, -0.1, 44386, 300.005,144.844
GRASP,Reduced,Best,Best,1,0.38,DAFJS28.txt, -0.1, 50126, 300.011,127.771
GRASP,Reduced,Best,Best,1,0.38,DAFJS29.txt, -0.1, 60753, 300.036,13.15
GRASP,Reduced,Best,Best,1,0.38,DAFJS26.txt, -0.1, 66098, 300.066,273.644
GRASP,Reduced,Best,Best,1,0.38,DAFJS25.txt, -0.1, 66534, 300.071,277.618
GRASP,Reduced,Best,Best,1,0.38,DAFJS24.txt, -0.1, 51585, 300.074,139.82
GRASP,Reduced,Best,Best,1,0.38,DAFJS20.txt, -0.1, 60289, 300.085,55.16
GRASP,Reduced,Best,Best,1,0.38,DAFJS22.txt, -0.1, 59507, 300.147,63.482
GRASP,Reduced,Best,Best,1,0.38,DAFJS27.txt, -0.1, 71237, 300.148,298.058
GRASP,Reduced,Best,Best,1,0.38,YFJS02.txt, -0.1, 73053, 300.002,0.01
GRASP,Reduced,Best,Best,1,0.38,YFJS03.txt, -0.1, 32662, 300,0.01
GRASP,Reduced,Best,Best,1,0.38,YFJS04.txt, -0.1, 36946, 300,0.095
GRASP,Reduced,Best,Best,1,0.38,YFJS01.txt, -0.1, 68714, 300.006,0.059
GRASP,Reduced,Best,Best,1,0.38,YFJS05.txt, -0.1, 41768, 300,0.057
GRASP,Reduced,Best,Best,1,0.38,YFJS06.txt, -0.1, 41123, 300.002,5.884
GRASP,Reduced,Best,Best,1,0.38,YFJS08.txt, -0.1, 32623, 300.001,0.13
GRASP,Reduced,Best,Best,1,0.38,YFJS07.txt, -0.1, 41625, 300.003,8.922
GRASP,Reduced,Best,Best,1,0.38,YFJS09.txt, -0.1, 22681, 300.002,8.52
GRASP,Reduced,Best,Best,1,0.38,DAFJS30.txt, -0.1, 50395, 300.032,59.466
GRASP,Reduced,Best,Best,1,0.38,YFJS10.txt, -0.1, 37685, 300.001,5.951
GRASP,Reduced,Best,Best,1,0.38,YFJS12.txt, -0.1, 49411, 300.001,20.699
GRASP,Reduced,Best,Best,1,0.38,YFJS11.txt, -0.1, 49493, 300.005,88.998
GRASP,Reduced,Best,Best,1,0.38,YFJS13.txt, -0.1, 38042, 300.013,0.088
GRASP,Reduced,Best,Best,1,0.38,YFJS14.txt, -0.1, 112711, 300.147,216.154
GRASP,Reduced,Best,Best,1,0.38,YFJS15.txt, -0.1, 113462, 300.432,265.823
GRASP,Reduced,Best,Best,1,0.38,YFJS16.txt, -0.1, 113067, 300.667,14.611
GRASP,Reduced,Best,Best,1,0.38,YFJS18.txt, -0.1, 110996, 300.764,211.444
GRASP,Reduced,Best,Best,1,0.38,YFJS19.txt, -0.1, 95159, 302.022,193.592
GRASP,Reduced,Best,Best,1,0.38,YFJS17.txt, -0.1, 105268, 303.312,276.73
GRASP,Reduced,Best,Best,1,0.38,DAFJS01.txt, -0.2, 22063, 300,0.091
GRASP,Reduced,Best,Best,1,0.38,DAFJS02.txt, -0.2, 24618, 300.001,0.117
GRASP,Reduced,Best,Best,1,0.38,DAFJS04.txt, -0.2, 44792, 300.002,276.399
GRASP,Reduced,Best,Best,1,0.38,DAFJS05.txt, -0.2, 31848, 300.004,20.855
GRASP,Reduced,Best,Best,1,0.38,DAFJS06.txt, -0.2, 31996, 300.003,239.351
GRASP,Reduced,Best,Best,1,0.38,DAFJS03.txt, -0.2, 44489, 300.008,204.146
GRASP,Reduced,Best,Best,1,0.38,DAFJS09.txt, -0.2, 35759, 300.002,11.526
GRASP,Reduced,Best,Best,1,0.38,DAFJS08.txt, -0.2, 46247, 300.02,96.032
GRASP,Reduced,Best,Best,1,0.38,DAFJS07.txt, -0.2, 40321, 300.056,121.982
GRASP,Reduced,Best,Best,1,0.38,YFJS20.txt, -0.1, 94228, 301.053,280.031
GRASP,Reduced,Best,Best,1,0.38,DAFJS10.txt, -0.2, 37818, 300.015,51.427
GRASP,Reduced,Best,Best,1,0.38,DAFJS12.txt, -0.2, 49010, 300.021,205.012
GRASP,Reduced,Best,Best,1,0.38,DAFJS19.txt, -0.2, 41426, 300.015,104.788
GRASP,Reduced,Best,Best,1,0.38,DAFJS13.txt, -0.2, 45198, 300.023,9.998
GRASP,Reduced,Best,Best,1,0.38,DAFJS16.txt, -0.2, 54271, 300.03,139.539
GRASP,Reduced,Best,Best,1,0.38,DAFJS14.txt, -0.2, 51524, 300.04,47.665
GRASP,Reduced,Best,Best,1,0.38,DAFJS18.txt, -0.2, 55335, 300.04,35.418
GRASP,Reduced,Best,Best,1,0.38,DAFJS15.txt, -0.2, 51637, 300.063,169.341
GRASP,Reduced,Best,Best,1,0.38,DAFJS17.txt, -0.2, 53640, 300.071,207.558
GRASP,Reduced,Best,Best,1,0.38,DAFJS11.txt, -0.2, 49713, 300.087,86.389
GRASP,Reduced,Best,Best,1,0.38,DAFJS28.txt, -0.2, 43315, 300.005,207.408
GRASP,Reduced,Best,Best,1,0.38,DAFJS24.txt, -0.2, 44042, 300.017,156.607
GRASP,Reduced,Best,Best,1,0.38,DAFJS23.txt, -0.2, 38683, 300.043,17.1
GRASP,Reduced,Best,Best,1,0.38,DAFJS21.txt, -0.2, 55505, 300.054,17.172
GRASP,Reduced,Best,Best,1,0.38,DAFJS20.txt, -0.2, 50490, 300.07,127.204
GRASP,Reduced,Best,Best,1,0.38,DAFJS27.txt, -0.2, 59621, 300.068,210.489
GRASP,Reduced,Best,Best,1,0.38,DAFJS25.txt, -0.2, 56006, 300.088,187.135
GRASP,Reduced,Best,Best,1,0.38,DAFJS29.txt, -0.2, 52435, 300.103,55.216
GRASP,Reduced,Best,Best,1,0.38,DAFJS22.txt, -0.2, 48685, 300.158,264.211
GRASP,Reduced,Best,Best,1,0.38,DAFJS26.txt, -0.2, 56006, 300.184,245.868
GRASP,Reduced,Best,Best,1,0.38,YFJS01.txt, -0.2, 64456, 300,0.149
GRASP,Reduced,Best,Best,1,0.38,YFJS03.txt, -0.2, 30073, 300,0.006
GRASP,Reduced,Best,Best,1,0.38,YFJS04.txt, -0.2, 34242, 300.001,101.463
GRASP,Reduced,Best,Best,1,0.38,YFJS02.txt, -0.2, 65967, 300.005,1.412
GRASP,Reduced,Best,Best,1,0.38,YFJS06.txt, -0.2, 37293, 300,35.123
GRASP,Reduced,Best,Best,1,0.38,YFJS05.txt, -0.2, 37670, 300.001,0.385
GRASP,Reduced,Best,Best,1,0.38,YFJS07.txt, -0.2, 37159, 300,2.873
GRASP,Reduced,Best,Best,1,0.38,YFJS08.txt, -0.2, 30267, 300.001,0.771
GRASP,Reduced,Best,Best,1,0.38,YFJS09.txt, -0.2, 21363, 300.002,298.815
GRASP,Reduced,Best,Best,1,0.38,DAFJS30.txt, -0.2, 43861, 300.035,69.887
GRASP,Reduced,Best,Best,1,0.38,YFJS10.txt, -0.2, 35389, 300,0.028
GRASP,Reduced,Best,Best,1,0.38,YFJS12.txt, -0.2, 45207, 300.002,99.841
GRASP,Reduced,Best,Best,1,0.38,YFJS11.txt, -0.2, 45613, 300.003,3.615
GRASP,Reduced,Best,Best,1,0.38,YFJS13.txt, -0.2, 34401, 300.003,3.054
GRASP,Reduced,Best,Best,1,0.38,YFJS14.txt, -0.2, 97876, 300.174,147.518
GRASP,Reduced,Best,Best,1,0.38,YFJS19.txt, -0.2, 82024, 300.181,58.114
GRASP,Reduced,Best,Best,1,0.38,YFJS15.txt, -0.2, 96697, 300.355,210.906
GRASP,Reduced,Best,Best,1,0.38,YFJS16.txt, -0.2, 97956, 300.39,16.142
GRASP,Reduced,Best,Best,1,0.38,YFJS18.txt, -0.2, 96860, 301.188,159.633
GRASP,Reduced,Best,Best,1,0.38,YFJS17.txt, -0.2, 85736, 303.709,0
GRASP,Reduced,Best,Best,1,0.38,DAFJS01.txt, -0.3, 20338, 300,124.86
GRASP,Reduced,Best,Best,1,0.38,DAFJS02.txt, -0.3, 22404, 300,1.466
GRASP,Reduced,Best,Best,1,0.38,DAFJS03.txt, -0.3, 39511, 300.002,67.269
GRASP,Reduced,Best,Best,1,0.38,DAFJS04.txt, -0.3, 39499, 300.003,51.423
GRASP,Reduced,Best,Best,1,0.38,DAFJS09.txt, -0.3, 31421, 300.001,10.987
GRASP,Reduced,Best,Best,1,0.38,DAFJS05.txt, -0.3, 27438, 300.006,22.305
GRASP,Reduced,Best,Best,1,0.38,DAFJS06.txt, -0.3, 27955, 300.006,93.674
GRASP,Reduced,Best,Best,1,0.38,DAFJS07.txt, -0.3, 36318, 300.015,137.234
GRASP,Reduced,Best,Best,1,0.38,DAFJS08.txt, -0.3, 40032, 300.028,221.271
GRASP,Reduced,Best,Best,1,0.38,YFJS20.txt, -0.2, 84995, 300.927,48.988
GRASP,Reduced,Best,Best,1,0.38,DAFJS10.txt, -0.3, 31833, 300.001,151.119
GRASP,Reduced,Best,Best,1,0.38,DAFJS13.txt, -0.3, 38082, 300.007,2.191
GRASP,Reduced,Best,Best,1,0.38,DAFJS16.txt, -0.3, 45354, 300.01,201.363
GRASP,Reduced,Best,Best,1,0.38,DAFJS18.txt, -0.3, 46049, 300.017,166.392
GRASP,Reduced,Best,Best,1,0.38,DAFJS19.txt, -0.3, 35829, 300.017,8.756
GRASP,Reduced,Best,Best,1,0.38,DAFJS14.txt, -0.3, 42985, 300.023,201.021
GRASP,Reduced,Best,Best,1,0.38,DAFJS17.txt, -0.3, 43698, 300.026,248.637
GRASP,Reduced,Best,Best,1,0.38,DAFJS11.txt, -0.3, 42213, 300.067,201.738
GRASP,Reduced,Best,Best,1,0.38,DAFJS12.txt, -0.3, 41562, 300.091,9.226
GRASP,Reduced,Best,Best,1,0.38,DAFJS15.txt, -0.3, 43483, 300.316,127.552
GRASP,Reduced,Best,Best,1,0.38,DAFJS28.txt, -0.3, 38059, 300.002,183.321
GRASP,Reduced,Best,Best,1,0.38,DAFJS29.txt, -0.3, 45260, 300.005,125.01
GRASP,Reduced,Best,Best,1,0.38,DAFJS21.txt, -0.3, 45720, 300.019,207.049
GRASP,Reduced,Best,Best,1,0.38,DAFJS23.txt, -0.3, 33971, 300.038,97.223
GRASP,Reduced,Best,Best,1,0.38,DAFJS24.txt, -0.3, 38423, 300.038,227.553
GRASP,Reduced,Best,Best,1,0.38,DAFJS25.txt, -0.3, 47530, 300.082,168.772
GRASP,Reduced,Best,Best,1,0.38,DAFJS22.txt, -0.3, 38937, 300.092,183.579
GRASP,Reduced,Best,Best,1,0.38,DAFJS20.txt, -0.3, 41550, 300.102,118.655
GRASP,Reduced,Best,Best,1,0.38,DAFJS26.txt, -0.3, 48314, 300.164,171.899
GRASP,Reduced,Best,Best,1,0.38,DAFJS27.txt, -0.3, 49484, 300.194,261.099
GRASP,Reduced,Best,Best,1,0.38,YFJS03.txt, -0.3, 27686, 300,0.002
GRASP,Reduced,Best,Best,1,0.38,YFJS02.txt, -0.3, 59000, 300.002,0.993
GRASP,Reduced,Best,Best,1,0.38,YFJS04.txt, -0.3, 31267, 300.001,0.032
GRASP,Reduced,Best,Best,1,0.38,YFJS01.txt, -0.3, 55458, 300.005,0.392
GRASP,Reduced,Best,Best,1,0.38,YFJS05.txt, -0.3, 34430, 300,7.137
GRASP,Reduced,Best,Best,1,0.38,YFJS07.txt, -0.3, 33352, 300,9.538
GRASP,Reduced,Best,Best,1,0.38,YFJS06.txt, -0.3, 33557, 300.003,27.804
GRASP,Reduced,Best,Best,1,0.38,YFJS08.txt, -0.3, 28597, 300.002,0.157
GRASP,Reduced,Best,Best,1,0.38,YFJS09.txt, -0.3, 20077, 300.004,0.336
GRASP,Reduced,Best,Best,1,0.38,DAFJS30.txt, -0.3, 38448, 300.049,92.75
GRASP,Reduced,Best,Best,1,0.38,YFJS10.txt, -0.3, 32582, 300.001,0.172
GRASP,Reduced,Best,Best,1,0.38,YFJS11.txt, -0.3, 41079, 300.003,276.736
GRASP,Reduced,Best,Best,1,0.38,YFJS12.txt, -0.3, 39993, 300.006,17.199
GRASP,Reduced,Best,Best,1,0.38,YFJS13.txt, -0.3, 31823, 300.017,0.981
GRASP,Reduced,Best,Best,1,0.38,YFJS16.txt, -0.3, 83753, 300.246,2.48
GRASP,Reduced,Best,Best,1,0.38,YFJS18.txt, -0.3, 82352, 300.363,173.664
GRASP,Reduced,Best,Best,1,0.38,YFJS15.txt, -0.3, 85048, 300.46,82.539
GRASP,Reduced,Best,Best,1,0.38,YFJS14.txt, -0.3, 83555, 301.054,246.915
GRASP,Reduced,Best,Best,1,0.38,YFJS17.txt, -0.3, 73682, 301.482,0
GRASP,Reduced,Best,Best,1,0.38,YFJS19.txt, -0.3, 72127, 302.594,258.341
GRASP,Reduced,Best,Best,1,0.38,DAFJS01.txt, -0.1, 24585, 300.001,70.94
GRASP,Reduced,Best,Best,1,0.38,DAFJS02.txt, -0.1, 26989, 300.002,0.005
GRASP,Reduced,Best,Best,1,0.38,DAFJS03.txt, -0.1, 50424, 300.002,241.438
GRASP,Reduced,Best,Best,1,0.38,DAFJS06.txt, -0.1, 37205, 300.001,5.172
GRASP,Reduced,Best,Best,1,0.38,DAFJS04.txt, -0.1, 51927, 300.004,3.114
GRASP,Reduced,Best,Best,1,0.38,DAFJS05.txt, -0.1, 37081, 300.005,80.287
GRASP,Reduced,Best,Best,1,0.38,DAFJS09.txt, -0.1, 41464, 300.005,10.887
GRASP,Reduced,Best,Best,1,0.38,DAFJS07.txt, -0.1, 46663, 300.016,220.615
GRASP,Reduced,Best,Best,1,0.38,DAFJS08.txt, -0.1, 53760, 300.036,82.572
GRASP,Reduced,Best,Best,1,0.38,YFJS20.txt, -0.3, 68963, 300.37,197.07
GRASP,Reduced,Best,Best,1,0.38,DAFJS13.txt, -0.1, 54495, 300.021,20.979
GRASP,Reduced,Best,Best,1,0.38,DAFJS19.txt, -0.1, 47632, 300.015,185.162
GRASP,Reduced,Best,Best,1,0.38,DAFJS10.txt, -0.1, 45589, 300.026,16.247
GRASP,Reduced,Best,Best,1,0.38,DAFJS17.txt, -0.1, 65423, 300.021,257.815
GRASP,Reduced,Best,Best,1,0.38,DAFJS18.txt, -0.1, 66931, 300.028,69.115
GRASP,Reduced,Best,Best,1,0.38,DAFJS14.txt, -0.1, 61749, 300.054,145.755
GRASP,Reduced,Best,Best,1,0.38,DAFJS11.txt, -0.1, 58257, 300.075,219.224
GRASP,Reduced,Best,Best,1,0.38,DAFJS15.txt, -0.1, 59362, 300.081,201.7
GRASP,Reduced,Best,Best,1,0.38,DAFJS12.txt, -0.1, 56950, 300.121,247.171
GRASP,Reduced,Best,Best,1,0.38,DAFJS16.txt, -0.1, 63365, 300.135,189.534
GRASP,Reduced,Best,Best,1,0.38,DAFJS23.txt, -0.1, 43565, 300.018,66.676
GRASP,Reduced,Best,Best,1,0.38,DAFJS21.txt, -0.1, 67411, 300.029,233.996
GRASP,Reduced,Best,Best,1,0.38,DAFJS27.txt, -0.1, 71024, 300.036,5.821
GRASP,Reduced,Best,Best,1,0.38,DAFJS28.txt, -0.1, 49955, 300.037,26.277
GRASP,Reduced,Best,Best,1,0.38,DAFJS29.txt, -0.1, 59825, 300.039,173.109
GRASP,Reduced,Best,Best,1,0.38,DAFJS24.txt, -0.1, 51585, 300.051,277.695
GRASP,Reduced,Best,Best,1,0.38,DAFJS25.txt, -0.1, 65321, 300.148,147.005
GRASP,Reduced,Best,Best,1,0.38,DAFJS26.txt, -0.1, 66160, 300.149,171.74
GRASP,Reduced,Best,Best,1,0.38,DAFJS20.txt, -0.1, 60772, 300.179,61.58
GRASP,Reduced,Best,Best,1,0.38,DAFJS22.txt, -0.1, 59563, 300.18,53.53
GRASP,Reduced,Best,Best,1,0.38,DAFJS30.txt, -0.1, 50418, 300.001,144.499
GRASP,Reduced,Best,Best,1,0.38,YFJS03.txt, -0.1, 32538, 300,254.139
GRASP,Reduced,Best,Best,1,0.38,YFJS04.txt, -0.1, 36946, 300,0.42
GRASP,Reduced,Best,Best,1,0.38,YFJS01.txt, -0.1, 68714, 300.005,0.11
GRASP,Reduced,Best,Best,1,0.38,YFJS02.txt, -0.1, 73053, 300.006,0.384
GRASP,Reduced,Best,Best,1,0.38,YFJS05.txt, -0.1, 41768, 300,0.174
GRASP,Reduced,Best,Best,1,0.38,YFJS07.txt, -0.1, 41625, 300,70.571
GRASP,Reduced,Best,Best,1,0.38,YFJS06.txt, -0.1, 41123, 300.001,6.181
GRASP,Reduced,Best,Best,1,0.38,YFJS08.txt, -0.1, 32623, 300,0.078
GRASP,Reduced,Best,Best,1,0.38,YFJS09.txt, -0.1, 22681, 300.005,0.751
GRASP,Reduced,Best,Best,1,0.38,YFJS10.txt, -0.1, 37685, 300,2.98
GRASP,Reduced,Best,Best,1,0.38,YFJS12.txt, -0.1, 49411, 300.002,1.683
GRASP,Reduced,Best,Best,1,0.38,YFJS11.txt, -0.1, 50419, 300.006,118.303
GRASP,Reduced,Best,Best,1,0.38,YFJS13.txt, -0.1, 38042, 300.005,0.312
GRASP,Reduced,Best,Best,1,0.38,YFJS19.txt, -0.1, 95266, 300.288,232.146
GRASP,Reduced,Best,Best,1,0.38,YFJS14.txt, -0.1, 112062, 300.374,221.059
GRASP,Reduced,Best,Best,1,0.38,YFJS15.txt, -0.1, 114268, 300.625,37.582
GRASP,Reduced,Best,Best,1,0.38,YFJS16.txt, -0.1, 112484, 300.627,68.496
GRASP,Reduced,Best,Best,1,0.38,YFJS17.txt, -0.1, 99912, 302.207,159.008
GRASP,Reduced,Best,Best,1,0.38,YFJS18.txt, -0.1, 112088, 305.542,42.083
GRASP,Reduced,Best,Best,1,0.38,DAFJS02.txt, -0.2, 24618, 300,0.001
GRASP,Reduced,Best,Best,1,0.38,DAFJS01.txt, -0.2, 21861, 300.001,8.405
GRASP,Reduced,Best,Best,1,0.38,DAFJS04.txt, -0.2, 44912, 300,299.627
GRASP,Reduced,Best,Best,1,0.38,DAFJS05.txt, -0.2, 31848, 300.001,112.469
GRASP,Reduced,Best,Best,1,0.38,DAFJS03.txt, -0.2, 44489, 300.004,111.305
GRASP,Reduced,Best,Best,1,0.38,DAFJS06.txt, -0.2, 31994, 300.001,58.059
GRASP,Reduced,Best,Best,1,0.38,DAFJS08.txt, -0.2, 46085, 300.001,140.756
GRASP,Reduced,Best,Best,1,0.38,DAFJS09.txt, -0.2, 35759, 300.005,7.643
GRASP,Reduced,Best,Best,1,0.38,DAFJS07.txt, -0.2, 41217, 300.026,105.857
GRASP,Reduced,Best,Best,1,0.38,YFJS20.txt, -0.1, 97097, 300.815,292.75
GRASP,Reduced,Best,Best,1,0.38,DAFJS10.txt, -0.2, 38071, 300.006,201.236
GRASP,Reduced,Best,Best,1,0.38,DAFJS12.txt, -0.2, 48894, 300.01,107.684
GRASP,Reduced,Best,Best,1,0.38,DAFJS17.txt, -0.2, 53263, 300.004,232.877
GRASP,Reduced,Best,Best,1,0.38,DAFJS15.txt, -0.2, 51322, 300.007,129.217
GRASP,Reduced,Best,Best,1,0.38,DAFJS19.txt, -0.2, 41518, 300.006,26.874
GRASP,Reduced,Best,Best,1,0.38,DAFJS18.txt, -0.2, 55231, 300.02,15.104
GRASP,Reduced,Best,Best,1,0.38,DAFJS13.txt, -0.2, 45227, 300.029,73.9
GRASP,Reduced,Best,Best,1,0.38,DAFJS14.txt, -0.2, 51479, 300.036,181.615
GRASP,Reduced,Best,Best,1,0.38,DAFJS11.txt, -0.2, 49875, 300.067,78.33
GRASP,Reduced,Best,Best,1,0.38,DAFJS16.txt, -0.2, 54325, 300.108,144.65
GRASP,Reduced,Best,Best,1,0.38,DAFJS23.txt, -0.2, 38748, 300.002,74.21
GRASP,Reduced,Best,Best,1,0.38,DAFJS24.txt, -0.2, 43617, 300.026,113.817
GRASP,Reduced,Best,Best,1,0.38,DAFJS28.txt, -0.2, 43346, 300.03,190.346
GRASP,Reduced,Best,Best,1,0.38,DAFJS20.txt, -0.2, 50388, 300.054,169.924
GRASP,Reduced,Best,Best,1,0.38,DAFJS29.txt, -0.2, 52707, 300.05,204.691
GRASP,Reduced,Best,Best,1,0.38,DAFJS25.txt, -0.2, 54913, 300.074,107.961
GRASP,Reduced,Best,Best,1,0.38,DAFJS21.txt, -0.2, 54851, 300.086,216.709
GRASP,Reduced,Best,Best,1,0.38,DAFJS22.txt, -0.2, 48169, 300.107,285.939
GRASP,Reduced,Best,Best,1,0.38,DAFJS26.txt, -0.2, 55897, 300.19,17.184
GRASP,Reduced,Best,Best,1,0.38,DAFJS27.txt, -0.2, 59133, 300.22,6.5
GRASP,Reduced,Best,Best,1,0.38,YFJS01.txt, -0.2, 64456, 300,0.185
GRASP,Reduced,Best,Best,1,0.38,YFJS02.txt, -0.2, 65967, 300.002,0.133
GRASP,Reduced,Best,Best,1,0.38,YFJS03.txt, -0.2, 30073, 300.001,0.079
GRASP,Reduced,Best,Best,1,0.38,YFJS04.txt, -0.2, 33475, 300,65.529
GRASP,Reduced,Best,Best,1,0.38,YFJS05.txt, -0.2, 37670, 300.001,0.87
GRASP,Reduced,Best,Best,1,0.38,YFJS07.txt, -0.2, 37159, 300,2.039
GRASP,Reduced,Best,Best,1,0.38,YFJS06.txt, -0.2, 37293, 300.002,116.026
GRASP,Reduced,Best,Best,1,0.38,YFJS08.txt, -0.2, 30267, 300,0.405
GRASP,Reduced,Best,Best,1,0.38,YFJS09.txt, -0.2, 21363, 300,153.887
GRASP,Reduced,Best,Best,1,0.38,DAFJS30.txt, -0.2, 44025, 300.073,57.821
GRASP,Reduced,Best,Best,1,0.38,YFJS10.txt, -0.2, 35389, 300.002,0.003
GRASP,Reduced,Best,Best,1,0.38,YFJS11.txt, -0.2, 45613, 300.003,20.339
GRASP,Reduced,Best,Best,1,0.38,YFJS13.txt, -0.2, 34401, 300,5.632
GRASP,Reduced,Best,Best,1,0.38,YFJS12.txt, -0.2, 45207, 300.007,158.246
GRASP,Reduced,Best,Best,1,0.38,YFJS19.txt, -0.2, 78364, 300.018,245.256
GRASP,Reduced,Best,Best,1,0.38,YFJS16.txt, -0.2, 95294, 300.089,289.346
GRASP,Reduced,Best,Best,1,0.38,YFJS14.txt, -0.2, 96665, 300.165,218.807
GRASP,Reduced,Best,Best,1,0.38,YFJS18.txt, -0.2, 94453, 300.264,221.334
GRASP,Reduced,Best,Best,1,0.38,YFJS15.txt, -0.2, 97846, 300.438,257.089
GRASP,Reduced,Best,Best,1,0.38,YFJS17.txt, -0.2, 85736, 300.865,0
GRASP,Reduced,Best,Best,1,0.38,DAFJS01.txt, -0.3, 20122, 300.001,123.79
GRASP,Reduced,Best,Best,1,0.38,DAFJS02.txt, -0.3, 22404, 300,0.708
GRASP,Reduced,Best,Best,1,0.38,DAFJS04.txt, -0.3, 39358, 300.001,60.46
GRASP,Reduced,Best,Best,1,0.38,DAFJS05.txt, -0.3, 27438, 300.001,78.275
GRASP,Reduced,Best,Best,1,0.38,DAFJS06.txt, -0.3, 27706, 300,107.01
GRASP,Reduced,Best,Best,1,0.38,DAFJS08.txt, -0.3, 39656, 300,15.282
GRASP,Reduced,Best,Best,1,0.38,DAFJS07.txt, -0.3, 36361, 300.002,89.641
GRASP,Reduced,Best,Best,1,0.38,DAFJS09.txt, -0.3, 31421, 300.002,5.727
GRASP,Reduced,Best,Best,1,0.38,DAFJS03.txt, -0.3, 39545, 300.012,77.601
GRASP,Reduced,Best,Best,1,0.38,YFJS20.txt, -0.2, 80074, 302.125,29.019
GRASP,Reduced,Best,Best,1,0.38,DAFJS10.txt, -0.3, 31544, 300,192.89
GRASP,Reduced,Best,Best,1,0.38,DAFJS13.txt, -0.3, 38197, 300.014,112.685
GRASP,Reduced,Best,Best,1,0.38,DAFJS18.txt, -0.3, 46043, 300.014,151.841
GRASP,Reduced,Best,Best,1,0.38,DAFJS14.txt, -0.3, 42350, 300.019,198.568
GRASP,Reduced,Best,Best,1,0.38,DAFJS19.txt, -0.3, 36026, 300.021,292.647
GRASP,Reduced,Best,Best,1,0.38,DAFJS16.txt, -0.3, 45954, 300.028,37.35
GRASP,Reduced,Best,Best,1,0.38,DAFJS17.txt, -0.3, 43815, 300.105,242.256
GRASP,Reduced,Best,Best,1,0.38,DAFJS15.txt, -0.3, 43417, 300.112,250.546
GRASP,Reduced,Best,Best,1,0.38,DAFJS11.txt, -0.3, 41987, 300.138,166.583
GRASP,Reduced,Best,Best,1,0.38,DAFJS12.txt, -0.3, 42180, 300.197,297.769
GRASP,Reduced,Best,Best,1,0.38,DAFJS20.txt, -0.3, 41828, 300.006,179.788
GRASP,Reduced,Best,Best,1,0.38,DAFJS23.txt, -0.3, 34190, 300.003,285.604
GRASP,Reduced,Best,Best,1,0.38,DAFJS29.txt, -0.3, 45188, 300.016,17.087
GRASP,Reduced,Best,Best,1,0.38,DAFJS24.txt, -0.3, 37838, 300.023,92.469
GRASP,Reduced,Best,Best,1,0.38,DAFJS28.txt, -0.3, 37881, 300.021,133.797
GRASP,Reduced,Best,Best,1,0.38,DAFJS27.txt, -0.3, 48748, 300.04,188.115
GRASP,Reduced,Best,Best,1,0.38,DAFJS21.txt, -0.3, 45630, 300.082,27.234
GRASP,Reduced,Best,Best,1,0.38,DAFJS22.txt, -0.3, 39552, 300.105,85.78
GRASP,Reduced,Best,Best,1,0.38,DAFJS25.txt, -0.3, 46361, 300.134,44.369
GRASP,Reduced,Best,Best,1,0.38,DAFJS26.txt, -0.3, 47208, 300.219,44.126
GRASP,Reduced,Best,Best,1,0.38,YFJS01.txt, -0.3, 55458, 300.001,0.106
GRASP,Reduced,Best,Best,1,0.38,YFJS03.txt, -0.3, 27686, 300,0.004
GRASP,Reduced,Best,Best,1,0.38,YFJS04.txt, -0.3, 31159, 300,262.419
GRASP,Reduced,Best,Best,1,0.38,YFJS05.txt, -0.3, 34430, 300,0.161
GRASP,Reduced,Best,Best,1,0.38,YFJS02.txt, -0.3, 59000, 300.005,0.068
GRASP,Reduced,Best,Best,1,0.38,YFJS06.txt, -0.3, 33557, 300,1.563
GRASP,Reduced,Best,Best,1,0.38,YFJS07.txt, -0.3, 33352, 300,21.639
GRASP,Reduced,Best,Best,1,0.38,YFJS08.txt, -0.3, 28597, 300,0.027
GRASP,Reduced,Best,Best,1,0.38,YFJS09.txt, -0.3, 20077, 300.005,7.705
GRASP,Reduced,Best,Best,1,0.38,DAFJS30.txt, -0.3, 38385, 300.063,74.257
GRASP,Reduced,Best,Best,1,0.38,YFJS10.txt, -0.3, 32582, 300,0.197
GRASP,Reduced,Best,Best,1,0.38,YFJS12.txt, -0.3, 39993, 300,3.733
GRASP,Reduced,Best,Best,1,0.38,YFJS11.txt, -0.3, 41079, 300.002,96.564
GRASP,Reduced,Best,Best,1,0.38,YFJS13.txt, -0.3, 31823, 300.006,5.283
GRASP,Reduced,Best,Best,1,0.38,YFJS14.txt, -0.3, 81558, 300.408,137.179
GRASP,Reduced,Best,Best,1,0.38,YFJS18.txt, -0.3, 80279, 300.429,246.111
GRASP,Reduced,Best,Best,1,0.38,YFJS15.txt, -0.3, 84196, 300.523,99.72
GRASP,Reduced,Best,Best,1,0.38,YFJS16.txt, -0.3, 86111, 300.572,62.082
GRASP,Reduced,Best,Best,1,0.38,YFJS19.txt, -0.3, 72849, 301.01,45.219
GRASP,Reduced,Best,Best,1,0.38,YFJS17.txt, -0.3, 73682, 301.182,0
GRASP,Reduced,Best,Best,1,0.38,YFJS20.txt, -0.3, 72104, 300.551,185.897
