None,Reduced,Best,Best,DAFJS02.txt,-0.1,28098,0.002,0.001
None,Reduced,Best,Best,DAFJS01.txt,-0.1,26203,0.005,0.004
None,Reduced,Best,Best,DAFJS04.txt,-0.1,52494,0.008,0.007
None,Reduced,Best,Best,DAFJS05.txt,-0.1,40723,0.008,0.007
None,Reduced,Best,Best,DAFJS09.txt,-0.1,45796,0.005,0.004
None,Reduced,Best,Best,DAFJS06.txt,-0.1,44877,0.015,0.014
None,Reduced,Best,Best,DAFJS03.txt,-0.1,51580,0.019,0.017
None,Reduced,Best,Best,DAFJS08.txt,-0.1,56561,0.062,0.057
None,Reduced,Best,Best,DAFJS07.txt,-0.1,53651,0.07,0.065
None,Reduced,Best,Best,DAFJS14.txt,-0.1,70357,0.023,0.019
None,Reduced,Best,Best,DAFJS10.txt,-0.1,51277,0.046,0.042
None,Reduced,Best,Best,DAFJS18.txt,-0.1,71052,0.051,0.047
None,Reduced,Best,Best,DAFJS13.txt,-0.1,56453,0.057,0.053
None,Reduced,Best,Best,DAFJS19.txt,-0.1,57471,0.082,0.078
None,Reduced,Best,Best,DAFJS17.txt,-0.1,69975,0.116,0.106
None,Reduced,Best,Best,DAFJS11.txt,-0.1,64796,0.183,0.167
None,Reduced,Best,Best,DAFJS12.txt,-0.1,61533,0.291,0.275
None,Reduced,Best,Best,DAFJS15.txt,-0.1,62030,0.449,0.428
None,Reduced,Best,Best,DAFJS16.txt,-0.1,66153,0.747,0.728
None,Reduced,Best,Best,DAFJS23.txt,-0.1,47520,0.062,0.056
None,Reduced,Best,Best,DAFJS24.txt,-0.1,55115,0.081,0.07
None,Reduced,Best,Best,DAFJS27.txt,-0.1,78967,0.108,0.08
None,Reduced,Best,Best,DAFJS26.txt,-0.1,76328,0.165,0.151
None,Reduced,Best,Best,DAFJS20.txt,-0.1,66674,0.21,0.203
None,Reduced,Best,Best,DAFJS29.txt,-0.1,65758,0.236,0.224
None,Reduced,Best,Best,DAFJS21.txt,-0.1,71913,0.249,0.229
None,Reduced,Best,Best,DAFJS28.txt,-0.1,53505,0.267,0.259
None,Reduced,Best,Best,DAFJS22.txt,-0.1,62189,0.313,0.302
None,Reduced,Best,Best,DAFJS25.txt,-0.1,73353,0.569,0.555
None,Reduced,Best,Best,YFJS02.txt,-0.1,76529,0.001,0
None,Reduced,Best,Best,YFJS03.txt,-0.1,36409,0,0
None,Reduced,Best,Best,YFJS01.txt,-0.1,79657,0.003,0.003
None,Reduced,Best,Best,YFJS04.txt,-0.1,45533,0.001,0
None,Reduced,Best,Best,YFJS05.txt,-0.1,45421,0.001,0
None,Reduced,Best,Best,YFJS08.txt,-0.1,41754,0.003,0.002
None,Reduced,Best,Best,YFJS06.txt,-0.1,44936,0.004,0.004
None,Reduced,Best,Best,YFJS09.txt,-0.1,23944,0.002,0.001
None,Reduced,Best,Best,YFJS07.txt,-0.1,48355,0.004,0.004
None,Reduced,Best,Best,DAFJS30.txt,-0.1,56839,0.098,0.088
None,Reduced,Best,Best,YFJS10.txt,-0.1,42278,0,0
None,Reduced,Best,Best,YFJS11.txt,-0.1,52196,0.005,0.004
None,Reduced,Best,Best,YFJS13.txt,-0.1,46578,0.007,0.005
None,Reduced,Best,Best,YFJS12.txt,-0.1,52650,0.009,0.008
None,Reduced,Best,Best,YFJS14.txt,-0.1,118731,0.425,0.401
None,Reduced,Best,Best,YFJS16.txt,-0.1,115312,0.465,0.435
None,Reduced,Best,Best,YFJS17.txt,-0.1,104466,0.868,0.81
None,Reduced,Best,Best,YFJS15.txt,-0.1,125754,1.02,1.001
None,Reduced,Best,Best,YFJS19.txt,-0.1,100158,2.045,1.984
None,Reduced,Best,Best,YFJS18.txt,-0.1,119224,4.13,4.034
None,Reduced,Best,Best,DAFJS02.txt,-0.2,27727,0.001,0
None,Reduced,Best,Best,DAFJS01.txt,-0.2,24993,0.002,0.002
None,Reduced,Best,Best,DAFJS04.txt,-0.2,46502,0.005,0.004
None,Reduced,Best,Best,DAFJS05.txt,-0.2,38484,0.008,0.007
None,Reduced,Best,Best,DAFJS06.txt,-0.2,41909,0.009,0.007
None,Reduced,Best,Best,DAFJS09.txt,-0.2,37876,0.013,0.011
None,Reduced,Best,Best,DAFJS03.txt,-0.2,45916,0.02,0.019
None,Reduced,Best,Best,DAFJS08.txt,-0.2,51128,0.064,0.058
None,Reduced,Best,Best,DAFJS07.txt,-0.2,44147,0.092,0.087
None,Reduced,Best,Best,YFJS20.txt,-0.1,94201,1.925,1.833
None,Reduced,Best,Best,DAFJS10.txt,-0.2,45868,0.005,0.002
None,Reduced,Best,Best,DAFJS13.txt,-0.2,49179,0.025,0.022
None,Reduced,Best,Best,DAFJS19.txt,-0.2,51065,0.033,0.027
None,Reduced,Best,Best,DAFJS14.txt,-0.2,54609,0.081,0.077
None,Reduced,Best,Best,DAFJS15.txt,-0.2,53677,0.088,0.071
None,Reduced,Best,Best,DAFJS17.txt,-0.2,54456,0.09,0.084
None,Reduced,Best,Best,DAFJS18.txt,-0.2,57274,0.111,0.106
None,Reduced,Best,Best,DAFJS11.txt,-0.2,52845,0.156,0.142
None,Reduced,Best,Best,DAFJS12.txt,-0.2,52355,0.184,0.169
None,Reduced,Best,Best,DAFJS16.txt,-0.2,60010,0.226,0.212
None,Reduced,Best,Best,DAFJS23.txt,-0.2,42943,0.044,0.04
None,Reduced,Best,Best,DAFJS24.txt,-0.2,46985,0.083,0.072
None,Reduced,Best,Best,DAFJS28.txt,-0.2,48941,0.086,0.075
None,Reduced,Best,Best,DAFJS29.txt,-0.2,57708,0.109,0.098
None,Reduced,Best,Best,DAFJS22.txt,-0.2,53728,0.174,0.158
None,Reduced,Best,Best,DAFJS21.txt,-0.2,57787,0.21,0.189
None,Reduced,Best,Best,DAFJS26.txt,-0.2,68469,0.216,0.201
None,Reduced,Best,Best,DAFJS27.txt,-0.2,62359,0.284,0.267
None,Reduced,Best,Best,DAFJS20.txt,-0.2,55355,0.306,0.299
None,Reduced,Best,Best,DAFJS25.txt,-0.2,61465,0.405,0.386
None,Reduced,Best,Best,YFJS02.txt,-0.2,66853,0,0
None,Reduced,Best,Best,YFJS03.txt,-0.2,32864,0,0
None,Reduced,Best,Best,YFJS04.txt,-0.2,42553,0.001,0
None,Reduced,Best,Best,YFJS05.txt,-0.2,40738,0,0
None,Reduced,Best,Best,YFJS01.txt,-0.2,68822,0.006,0.005
None,Reduced,Best,Best,YFJS06.txt,-0.2,43744,0.002,0.002
None,Reduced,Best,Best,YFJS09.txt,-0.2,22211,0.002,0.001
None,Reduced,Best,Best,YFJS08.txt,-0.2,37681,0.003,0.003
None,Reduced,Best,Best,YFJS07.txt,-0.2,40941,0.005,0.005
None,Reduced,Best,Best,DAFJS30.txt,-0.2,49312,0.216,0.207
None,Reduced,Best,Best,YFJS10.txt,-0.2,39361,0.001,0.001
None,Reduced,Best,Best,YFJS11.txt,-0.2,49206,0.002,0.001
None,Reduced,Best,Best,YFJS13.txt,-0.2,41498,0.005,0.004
None,Reduced,Best,Best,YFJS12.txt,-0.2,54186,0.009,0.008
None,Reduced,Best,Best,YFJS14.txt,-0.2,100177,0.355,0.331
None,Reduced,Best,Best,YFJS15.txt,-0.2,109314,0.509,0.486
None,Reduced,Best,Best,YFJS16.txt,-0.2,98976,0.565,0.536
None,Reduced,Best,Best,YFJS17.txt,-0.2,82167,2.074,2.023
None,Reduced,Best,Best,YFJS18.txt,-0.2,94472,2.199,2.141
None,Reduced,Best,Best,YFJS19.txt,-0.2,83530,2.379,2.33
None,Reduced,Best,Best,DAFJS01.txt,-0.3,21685,0.001,0
None,Reduced,Best,Best,DAFJS02.txt,-0.3,23021,0,0
None,Reduced,Best,Best,DAFJS04.txt,-0.3,41533,0.003,0.001
None,Reduced,Best,Best,DAFJS05.txt,-0.3,33813,0.005,0.004
None,Reduced,Best,Best,DAFJS03.txt,-0.3,42258,0.011,0.009
None,Reduced,Best,Best,DAFJS09.txt,-0.3,36303,0.012,0.009
None,Reduced,Best,Best,DAFJS06.txt,-0.3,30556,0.02,0.018
None,Reduced,Best,Best,DAFJS07.txt,-0.3,40057,0.062,0.055
None,Reduced,Best,Best,DAFJS08.txt,-0.3,43737,0.066,0.06
None,Reduced,Best,Best,YFJS20.txt,-0.2,79638,1.579,1.489
None,Reduced,Best,Best,DAFJS13.txt,-0.3,41717,0.01,0.006
None,Reduced,Best,Best,DAFJS10.txt,-0.3,35023,0.018,0.014
None,Reduced,Best,Best,DAFJS18.txt,-0.3,49753,0.03,0.019
None,Reduced,Best,Best,DAFJS14.txt,-0.3,44646,0.073,0.069
None,Reduced,Best,Best,DAFJS19.txt,-0.3,40678,0.087,0.082
None,Reduced,Best,Best,DAFJS11.txt,-0.3,44599,0.107,0.096
None,Reduced,Best,Best,DAFJS12.txt,-0.3,43449,0.132,0.116
None,Reduced,Best,Best,DAFJS17.txt,-0.3,47550,0.148,0.142
None,Reduced,Best,Best,DAFJS15.txt,-0.3,47268,0.19,0.176
None,Reduced,Best,Best,DAFJS16.txt,-0.3,49031,0.537,0.521
None,Reduced,Best,Best,DAFJS23.txt,-0.3,38185,0.032,0.028
None,Reduced,Best,Best,DAFJS28.txt,-0.3,40923,0.058,0.051
None,Reduced,Best,Best,DAFJS20.txt,-0.3,49481,0.092,0.085
None,Reduced,Best,Best,DAFJS29.txt,-0.3,48412,0.129,0.121
None,Reduced,Best,Best,DAFJS24.txt,-0.3,39979,0.143,0.136
None,Reduced,Best,Best,DAFJS21.txt,-0.3,48912,0.174,0.156
None,Reduced,Best,Best,DAFJS25.txt,-0.3,49527,0.19,0.164
None,Reduced,Best,Best,DAFJS22.txt,-0.3,42035,0.289,0.267
None,Reduced,Best,Best,DAFJS27.txt,-0.3,53010,0.382,0.366
None,Reduced,Best,Best,DAFJS26.txt,-0.3,50829,0.413,0.395
None,Reduced,Best,Best,YFJS02.txt,-0.3,59001,0,0
None,Reduced,Best,Best,YFJS03.txt,-0.3,31407,0,0
None,Reduced,Best,Best,YFJS04.txt,-0.3,38092,0,0
None,Reduced,Best,Best,YFJS07.txt,-0.3,38453,0,0
None,Reduced,Best,Best,YFJS05.txt,-0.3,38324,0.002,0.002
None,Reduced,Best,Best,YFJS01.txt,-0.3,60208,0.007,0.006
None,Reduced,Best,Best,YFJS06.txt,-0.3,43099,0.003,0.002
None,Reduced,Best,Best,YFJS08.txt,-0.3,33392,0.001,0.001
None,Reduced,Best,Best,YFJS09.txt,-0.3,20916,0.004,0.003
None,Reduced,Best,Best,DAFJS30.txt,-0.3,42592,0.03,0.02
None,Reduced,Best,Best,YFJS11.txt,-0.3,44729,0.001,0
None,Reduced,Best,Best,YFJS10.txt,-0.3,34487,0.004,0.003
None,Reduced,Best,Best,YFJS12.txt,-0.3,43150,0.007,0.006
None,Reduced,Best,Best,YFJS13.txt,-0.3,35800,0.009,0.008
None,Reduced,Best,Best,YFJS14.txt,-0.3,87518,0.329,0.312
None,Reduced,Best,Best,YFJS16.txt,-0.3,85252,0.395,0.375
None,Reduced,Best,Best,YFJS15.txt,-0.3,88664,0.453,0.434
None,Reduced,Best,Best,YFJS18.txt,-0.3,82795,1.342,1.274
None,Reduced,Best,Best,YFJS17.txt,-0.3,70851,2.169,2.08
None,Reduced,Best,Best,YFJS19.txt,-0.3,68592,3.278,3.221
None,Reduced,Best,Best,YFJS20.txt,-0.3,70253,0.847,0.796
