GRASP,Reduced,Best,Best,1,0.59,DAFJS01.txt, -0.1, 24208, 300,51.937
GRASP,Reduced,Best,Best,1,0.59,DAFJS02.txt, -0.1, 26869, 300,0.28
GRASP,Reduced,Best,Best,1,0.59,DAFJS04.txt, -0.1, 52468, 300,118.839
GRASP,Reduced,Best,Best,1,0.59,DAFJS03.txt, -0.1, 51095, 300.001,240.973
GRASP,Reduced,Best,Best,1,0.59,DAFJS05.txt, -0.1, 36901, 300,5.902
GRASP,Reduced,Best,Best,1,0.59,DAFJS07.txt, -0.1, 46791, 300,44.859
GRASP,Reduced,Best,Best,1,0.59,DAFJS06.txt, -0.1, 36338, 300.002,94.481
GRASP,Reduced,Best,Best,1,0.59,DAFJS08.txt, -0.1, 54129, 300.001,129.697
GRASP,Reduced,Best,Best,1,0.59,DAFJS09.txt, -0.1, 40973, 300.001,286.338
GRASP,Reduced,Best,Best,1,0.59,DAFJS13.txt, -0.1, 54878, 300,265.072
GRASP,Reduced,Best,Best,1,0.59,DAFJS11.txt, -0.1, 58527, 300.004,228.887
GRASP,Reduced,Best,Best,1,0.59,DAFJS14.txt, -0.1, 62051, 300,33.534
GRASP,Reduced,Best,Best,1,0.59,DAFJS10.txt, -0.1, 45557, 300.012,224.701
GRASP,Reduced,Best,Best,1,0.59,DAFJS16.txt, -0.1, 64390, 300.008,229.77
GRASP,Reduced,Best,Best,1,0.59,DAFJS18.txt, -0.1, 66613, 300.01,124.363
GRASP,Reduced,Best,Best,1,0.59,DAFJS17.txt, -0.1, 65700, 300.016,161.026
GRASP,Reduced,Best,Best,1,0.59,DAFJS19.txt, -0.1, 46751, 300.019,291.583
GRASP,Reduced,Best,Best,1,0.59,DAFJS15.txt, -0.1, 60639, 300.034,236.251
GRASP,Reduced,Best,Best,1,0.59,DAFJS12.txt, -0.1, 56885, 300.046,233.722
GRASP,Reduced,Best,Best,1,0.59,DAFJS23.txt, -0.1, 43863, 300.001,250.112
GRASP,Reduced,Best,Best,1,0.59,DAFJS20.txt, -0.1, 59323, 300.006,79.249
GRASP,Reduced,Best,Best,1,0.59,DAFJS24.txt, -0.1, 51899, 300.007,16.658
GRASP,Reduced,Best,Best,1,0.59,DAFJS25.txt, -0.1, 66013, 300.006,186.193
GRASP,Reduced,Best,Best,1,0.59,DAFJS29.txt, -0.1, 60447, 300.005,53.29
GRASP,Reduced,Best,Best,1,0.59,DAFJS28.txt, -0.1, 49574, 300.009,182.626
GRASP,Reduced,Best,Best,1,0.59,DAFJS22.txt, -0.1, 59673, 300.031,109.348
GRASP,Reduced,Best,Best,1,0.59,DAFJS27.txt, -0.1, 70762, 300.045,6.126
GRASP,Reduced,Best,Best,1,0.59,DAFJS26.txt, -0.1, 66007, 300.05,37.197
GRASP,Reduced,Best,Best,1,0.59,DAFJS21.txt, -0.1, 67627, 300.096,204.641
GRASP,Reduced,Best,Best,1,0.59,YFJS01.txt, -0.1, 69189, 300,0.01
GRASP,Reduced,Best,Best,1,0.59,YFJS02.txt, -0.1, 73149, 300,0.065
GRASP,Reduced,Best,Best,1,0.59,YFJS03.txt, -0.1, 32538, 300,0.181
GRASP,Reduced,Best,Best,1,0.59,YFJS04.txt, -0.1, 35883, 300,0.138
GRASP,Reduced,Best,Best,1,0.59,YFJS05.txt, -0.1, 41034, 300,0.428
GRASP,Reduced,Best,Best,1,0.59,YFJS07.txt, -0.1, 41354, 300,11.633
GRASP,Reduced,Best,Best,1,0.59,YFJS06.txt, -0.1, 41174, 300.001,50.042
GRASP,Reduced,Best,Best,1,0.59,YFJS08.txt, -0.1, 32655, 300,12.186
GRASP,Reduced,Best,Best,1,0.59,YFJS09.txt, -0.1, 22681, 300,10.326
GRASP,Reduced,Best,Best,1,0.59,DAFJS30.txt, -0.1, 51117, 300.011,168.078
GRASP,Reduced,Best,Best,1,0.59,YFJS10.txt, -0.1, 37685, 300,0.056
GRASP,Reduced,Best,Best,1,0.59,YFJS12.txt, -0.1, 48774, 300,121.215
GRASP,Reduced,Best,Best,1,0.59,YFJS13.txt, -0.1, 37404, 300,194.761
GRASP,Reduced,Best,Best,1,0.59,YFJS11.txt, -0.1, 49246, 300.002,4.389
GRASP,Reduced,Best,Best,1,0.59,YFJS17.txt, -0.1, 102329, 300.008,66.553
GRASP,Reduced,Best,Best,1,0.59,YFJS15.txt, -0.1, 111691, 300.014,133.441
GRASP,Reduced,Best,Best,1,0.59,YFJS14.txt, -0.1, 113103, 300.048,68.376
GRASP,Reduced,Best,Best,1,0.59,YFJS19.txt, -0.1, 94102, 300.075,256.464
GRASP,Reduced,Best,Best,1,0.59,YFJS16.txt, -0.1, 113256, 300.089,47.974
GRASP,Reduced,Best,Best,1,0.59,YFJS18.txt, -0.1, 110716, 300.142,20.483
GRASP,Reduced,Best,Best,1,0.59,DAFJS01.txt, -0.2, 22481, 300,50.886
GRASP,Reduced,Best,Best,1,0.59,DAFJS02.txt, -0.2, 24571, 300,4.204
GRASP,Reduced,Best,Best,1,0.59,DAFJS03.txt, -0.2, 45384, 300,116.089
GRASP,Reduced,Best,Best,1,0.59,DAFJS04.txt, -0.2, 45644, 300.001,29.88
GRASP,Reduced,Best,Best,1,0.59,DAFJS05.txt, -0.2, 32155, 300,159.147
GRASP,Reduced,Best,Best,1,0.59,DAFJS06.txt, -0.2, 32188, 300.003,262.3
GRASP,Reduced,Best,Best,1,0.59,DAFJS09.txt, -0.2, 35738, 300.001,1.374
GRASP,Reduced,Best,Best,1,0.59,DAFJS08.txt, -0.2, 46589, 300.005,7.485
GRASP,Reduced,Best,Best,1,0.59,DAFJS07.txt, -0.2, 41279, 300.007,190.534
GRASP,Reduced,Best,Best,1,0.59,YFJS20.txt, -0.1, 95842, 300.209,128.122
GRASP,Reduced,Best,Best,1,0.59,DAFJS11.txt, -0.2, 50178, 300,29.003
GRASP,Reduced,Best,Best,1,0.59,DAFJS10.txt, -0.2, 38027, 300.005,298.26
GRASP,Reduced,Best,Best,1,0.59,DAFJS13.txt, -0.2, 45595, 300.007,126.9
GRASP,Reduced,Best,Best,1,0.59,DAFJS16.txt, -0.2, 54211, 300.004,21.086
GRASP,Reduced,Best,Best,1,0.59,DAFJS19.txt, -0.2, 40984, 300.005,142.976
GRASP,Reduced,Best,Best,1,0.59,DAFJS18.txt, -0.2, 55154, 300.006,147.537
GRASP,Reduced,Best,Best,1,0.59,DAFJS14.txt, -0.2, 51444, 300.012,231.615
GRASP,Reduced,Best,Best,1,0.59,DAFJS15.txt, -0.2, 51543, 300.011,64.371
GRASP,Reduced,Best,Best,1,0.59,DAFJS17.txt, -0.2, 53769, 300.01,109.102
GRASP,Reduced,Best,Best,1,0.59,DAFJS12.txt, -0.2, 48908, 300.025,152.677
GRASP,Reduced,Best,Best,1,0.59,DAFJS23.txt, -0.2, 38888, 300.002,237.069
GRASP,Reduced,Best,Best,1,0.59,DAFJS24.txt, -0.2, 44430, 300.004,145.975
GRASP,Reduced,Best,Best,1,0.59,DAFJS28.txt, -0.2, 43355, 300.004,88.651
GRASP,Reduced,Best,Best,1,0.59,DAFJS29.txt, -0.2, 51881, 300.006,188.892
GRASP,Reduced,Best,Best,1,0.59,DAFJS22.txt, -0.2, 49240, 300.029,0.723
GRASP,Reduced,Best,Best,1,0.59,DAFJS21.txt, -0.2, 55064, 300.036,0.872
GRASP,Reduced,Best,Best,1,0.59,DAFJS25.txt, -0.2, 55996, 300.033,126.933
GRASP,Reduced,Best,Best,1,0.59,DAFJS20.txt, -0.2, 50381, 300.049,203.156
GRASP,Reduced,Best,Best,1,0.59,DAFJS26.txt, -0.2, 56346, 300.044,102.16
GRASP,Reduced,Best,Best,1,0.59,DAFJS27.txt, -0.2, 59687, 300.066,205.976
GRASP,Reduced,Best,Best,1,0.59,YFJS01.txt, -0.2, 62327, 300,1.241
GRASP,Reduced,Best,Best,1,0.59,YFJS02.txt, -0.2, 66394, 300,0.658
GRASP,Reduced,Best,Best,1,0.59,YFJS03.txt, -0.2, 30073, 300,0.002
GRASP,Reduced,Best,Best,1,0.59,YFJS04.txt, -0.2, 33302, 300,106.405
GRASP,Reduced,Best,Best,1,0.59,YFJS05.txt, -0.2, 37255, 300.001,0.259
GRASP,Reduced,Best,Best,1,0.59,YFJS06.txt, -0.2, 36812, 300,16.213
GRASP,Reduced,Best,Best,1,0.59,YFJS07.txt, -0.2, 37159, 300,11.442
GRASP,Reduced,Best,Best,1,0.59,YFJS08.txt, -0.2, 30725, 300,0.275
GRASP,Reduced,Best,Best,1,0.59,YFJS09.txt, -0.2, 21363, 300,215.472
GRASP,Reduced,Best,Best,1,0.59,DAFJS30.txt, -0.2, 43713, 300.021,297.239
GRASP,Reduced,Best,Best,1,0.59,YFJS10.txt, -0.2, 34689, 300,16.643
GRASP,Reduced,Best,Best,1,0.59,YFJS11.txt, -0.2, 45649, 300.001,34.14
GRASP,Reduced,Best,Best,1,0.59,YFJS12.txt, -0.2, 44084, 300.001,65.001
GRASP,Reduced,Best,Best,1,0.59,YFJS13.txt, -0.2, 34240, 300.001,112.678
GRASP,Reduced,Best,Best,1,0.59,YFJS14.txt, -0.2, 98255, 300.005,136.569
GRASP,Reduced,Best,Best,1,0.59,YFJS15.txt, -0.2, 97284, 300.032,231.408
GRASP,Reduced,Best,Best,1,0.59,YFJS16.txt, -0.2, 98149, 300.048,243.96
GRASP,Reduced,Best,Best,1,0.59,YFJS18.txt, -0.2, 96295, 300.076,148.236
GRASP,Reduced,Best,Best,1,0.59,YFJS19.txt, -0.2, 81397, 300.145,255.049
GRASP,Reduced,Best,Best,1,0.59,YFJS17.txt, -0.2, 85736, 300.171,0
GRASP,Reduced,Best,Best,1,0.59,DAFJS01.txt, -0.3, 19994, 300,0.591
GRASP,Reduced,Best,Best,1,0.59,DAFJS02.txt, -0.3, 22236, 300,0.028
GRASP,Reduced,Best,Best,1,0.59,DAFJS04.txt, -0.3, 40117, 300.001,79.53
GRASP,Reduced,Best,Best,1,0.59,DAFJS03.txt, -0.3, 40454, 300.004,111.308
GRASP,Reduced,Best,Best,1,0.59,DAFJS06.txt, -0.3, 27972, 300,65.734
GRASP,Reduced,Best,Best,1,0.59,DAFJS05.txt, -0.3, 28152, 300.001,179.902
GRASP,Reduced,Best,Best,1,0.59,DAFJS07.txt, -0.3, 36309, 300.001,197.95
GRASP,Reduced,Best,Best,1,0.59,DAFJS08.txt, -0.3, 40417, 300.001,268.973
GRASP,Reduced,Best,Best,1,0.59,DAFJS09.txt, -0.3, 31243, 300.001,5.697
GRASP,Reduced,Best,Best,1,0.59,YFJS20.txt, -0.2, 82727, 300.017,124.456
GRASP,Reduced,Best,Best,1,0.59,DAFJS11.txt, -0.3, 42027, 300,84.211
GRASP,Reduced,Best,Best,1,0.59,DAFJS10.txt, -0.3, 31957, 300.003,276.616
GRASP,Reduced,Best,Best,1,0.59,DAFJS13.txt, -0.3, 38313, 300.001,103.047
GRASP,Reduced,Best,Best,1,0.59,DAFJS12.txt, -0.3, 41350, 300.005,268.079
GRASP,Reduced,Best,Best,1,0.59,DAFJS14.txt, -0.3, 42507, 300.003,278.755
GRASP,Reduced,Best,Best,1,0.59,DAFJS17.txt, -0.3, 43920, 300,95.479
GRASP,Reduced,Best,Best,1,0.59,DAFJS16.txt, -0.3, 45439, 300.002,214.164
GRASP,Reduced,Best,Best,1,0.59,DAFJS19.txt, -0.3, 35608, 300.001,6.989
GRASP,Reduced,Best,Best,1,0.59,DAFJS18.txt, -0.3, 45251, 300.003,296.349
GRASP,Reduced,Best,Best,1,0.59,DAFJS15.txt, -0.3, 43924, 300.017,9.941
GRASP,Reduced,Best,Best,1,0.59,DAFJS23.txt, -0.3, 33878, 300.002,280.21
GRASP,Reduced,Best,Best,1,0.59,DAFJS24.txt, -0.3, 38321, 300.003,76.117
GRASP,Reduced,Best,Best,1,0.59,DAFJS28.txt, -0.3, 37920, 300.001,223.83
GRASP,Reduced,Best,Best,1,0.59,DAFJS21.txt, -0.3, 45263, 300.011,169.461
GRASP,Reduced,Best,Best,1,0.59,DAFJS27.txt, -0.3, 49898, 300.005,54.949
GRASP,Reduced,Best,Best,1,0.59,DAFJS29.txt, -0.3, 45615, 300.008,45.107
GRASP,Reduced,Best,Best,1,0.59,DAFJS25.txt, -0.3, 47658, 300.031,234.638
GRASP,Reduced,Best,Best,1,0.59,DAFJS20.txt, -0.3, 42737, 300.037,256.611
GRASP,Reduced,Best,Best,1,0.59,DAFJS22.txt, -0.3, 39872, 300.036,70.972
GRASP,Reduced,Best,Best,1,0.59,DAFJS26.txt, -0.3, 47197, 300.057,210.53
GRASP,Reduced,Best,Best,1,0.59,YFJS03.txt, -0.3, 27686, 300,0.026
GRASP,Reduced,Best,Best,1,0.59,YFJS01.txt, -0.3, 56790, 300.002,0.513
GRASP,Reduced,Best,Best,1,0.59,YFJS02.txt, -0.3, 58470, 300.002,0.293
GRASP,Reduced,Best,Best,1,0.59,DAFJS30.txt, -0.3, 37926, 300.004,39.035
GRASP,Reduced,Best,Best,1,0.59,YFJS04.txt, -0.3, 31250, 300,2.286
GRASP,Reduced,Best,Best,1,0.59,YFJS05.txt, -0.3, 34905, 300.001,0.473
GRASP,Reduced,Best,Best,1,0.59,YFJS06.txt, -0.3, 33557, 300,2.794
GRASP,Reduced,Best,Best,1,0.59,YFJS07.txt, -0.3, 33059, 300,77.126
GRASP,Reduced,Best,Best,1,0.59,YFJS08.txt, -0.3, 28355, 300,0.39
GRASP,Reduced,Best,Best,1,0.59,YFJS09.txt, -0.3, 20077, 300,21.757
GRASP,Reduced,Best,Best,1,0.59,YFJS10.txt, -0.3, 32159, 300,0.028
GRASP,Reduced,Best,Best,1,0.59,YFJS11.txt, -0.3, 40619, 300,14.347
GRASP,Reduced,Best,Best,1,0.59,YFJS13.txt, -0.3, 31518, 300,155.392
GRASP,Reduced,Best,Best,1,0.59,YFJS12.txt, -0.3, 39596, 300.001,53.858
GRASP,Reduced,Best,Best,1,0.59,YFJS18.txt, -0.3, 82631, 300,65.342
GRASP,Reduced,Best,Best,1,0.59,YFJS15.txt, -0.3, 85572, 300.009,284.35
GRASP,Reduced,Best,Best,1,0.59,YFJS14.txt, -0.3, 85494, 300.015,229.063
GRASP,Reduced,Best,Best,1,0.59,YFJS16.txt, -0.3, 85950, 300.078,278.762
GRASP,Reduced,Best,Best,1,0.59,YFJS17.txt, -0.3, 73682, 300.177,0
GRASP,Reduced,Best,Best,1,0.59,YFJS19.txt, -0.3, 70087, 300.213,299.25
GRASP,Reduced,Best,Best,1,0.59,DAFJS01.txt, -0.1, 23961, 300,131.521
GRASP,Reduced,Best,Best,1,0.59,DAFJS02.txt, -0.1, 26869, 300,0.34
GRASP,Reduced,Best,Best,1,0.59,DAFJS03.txt, -0.1, 51083, 300,64.737
GRASP,Reduced,Best,Best,1,0.59,DAFJS04.txt, -0.1, 52358, 300,275.796
GRASP,Reduced,Best,Best,1,0.59,DAFJS05.txt, -0.1, 36883, 300.001,80.136
GRASP,Reduced,Best,Best,1,0.59,DAFJS06.txt, -0.1, 36338, 300.001,178.632
GRASP,Reduced,Best,Best,1,0.59,DAFJS08.txt, -0.1, 54295, 300.002,268.965
GRASP,Reduced,Best,Best,1,0.59,DAFJS07.txt, -0.1, 46818, 300.004,20.919
GRASP,Reduced,Best,Best,1,0.59,DAFJS09.txt, -0.1, 41159, 300.002,295.184
GRASP,Reduced,Best,Best,1,0.59,YFJS20.txt, -0.3, 72481, 300.141,0
GRASP,Reduced,Best,Best,1,0.59,DAFJS10.txt, -0.1, 44990, 300.001,28.067
GRASP,Reduced,Best,Best,1,0.59,DAFJS11.txt, -0.1, 58893, 300.002,36.307
GRASP,Reduced,Best,Best,1,0.59,DAFJS15.txt, -0.1, 60716, 300,99.442
GRASP,Reduced,Best,Best,1,0.59,DAFJS13.txt, -0.1, 54811, 300.008,262.5
GRASP,Reduced,Best,Best,1,0.59,DAFJS14.txt, -0.1, 61886, 300.007,281.027
GRASP,Reduced,Best,Best,1,0.59,DAFJS18.txt, -0.1, 66419, 300.006,214.596
GRASP,Reduced,Best,Best,1,0.59,DAFJS12.txt, -0.1, 57266, 300.017,2.022
GRASP,Reduced,Best,Best,1,0.59,DAFJS19.txt, -0.1, 47450, 300.025,276.235
GRASP,Reduced,Best,Best,1,0.59,DAFJS16.txt, -0.1, 62494, 300.029,242.239
GRASP,Reduced,Best,Best,1,0.59,DAFJS17.txt, -0.1, 65902, 300.039,61.259
GRASP,Reduced,Best,Best,1,0.59,DAFJS20.txt, -0.1, 59864, 300.006,75.363
GRASP,Reduced,Best,Best,1,0.59,DAFJS23.txt, -0.1, 43426, 300.004,150.957
GRASP,Reduced,Best,Best,1,0.59,DAFJS28.txt, -0.1, 49581, 300.001,157.895
GRASP,Reduced,Best,Best,1,0.59,DAFJS29.txt, -0.1, 60263, 300.004,75.552
GRASP,Reduced,Best,Best,1,0.59,DAFJS24.txt, -0.1, 51651, 300.01,193.173
GRASP,Reduced,Best,Best,1,0.59,DAFJS21.txt, -0.1, 67488, 300.02,160.206
GRASP,Reduced,Best,Best,1,0.59,DAFJS22.txt, -0.1, 60083, 300.019,285.958
GRASP,Reduced,Best,Best,1,0.59,DAFJS27.txt, -0.1, 71756, 300.028,238.587
GRASP,Reduced,Best,Best,1,0.59,DAFJS25.txt, -0.1, 67252, 300.033,227.498
GRASP,Reduced,Best,Best,1,0.59,DAFJS26.txt, -0.1, 65951, 300.036,196.109
GRASP,Reduced,Best,Best,1,0.59,YFJS01.txt, -0.1, 69189, 300.001,0.016
GRASP,Reduced,Best,Best,1,0.59,YFJS03.txt, -0.1, 32538, 300,0.031
GRASP,Reduced,Best,Best,1,0.59,YFJS02.txt, -0.1, 73149, 300.001,0.044
GRASP,Reduced,Best,Best,1,0.59,YFJS04.txt, -0.1, 35883, 300,0.018
GRASP,Reduced,Best,Best,1,0.59,YFJS05.txt, -0.1, 41034, 300,0.209
GRASP,Reduced,Best,Best,1,0.59,YFJS06.txt, -0.1, 41174, 300,21.343
GRASP,Reduced,Best,Best,1,0.59,YFJS07.txt, -0.1, 41394, 300,41.265
GRASP,Reduced,Best,Best,1,0.59,YFJS08.txt, -0.1, 32655, 300,29.924
GRASP,Reduced,Best,Best,1,0.59,YFJS09.txt, -0.1, 22681, 300.001,72.081
GRASP,Reduced,Best,Best,1,0.59,DAFJS30.txt, -0.1, 51051, 300.012,152.256
GRASP,Reduced,Best,Best,1,0.59,YFJS10.txt, -0.1, 37685, 300,0.339
GRASP,Reduced,Best,Best,1,0.59,YFJS12.txt, -0.1, 48774, 300.001,83.67
GRASP,Reduced,Best,Best,1,0.59,YFJS13.txt, -0.1, 37404, 300,18.789
GRASP,Reduced,Best,Best,1,0.59,YFJS11.txt, -0.1, 49208, 300.002,30.722
GRASP,Reduced,Best,Best,1,0.59,YFJS14.txt, -0.1, 113141, 300.006,120.053
GRASP,Reduced,Best,Best,1,0.59,YFJS15.txt, -0.1, 111374, 300.033,226.726
GRASP,Reduced,Best,Best,1,0.59,YFJS19.txt, -0.1, 96471, 300.036,73.596
GRASP,Reduced,Best,Best,1,0.59,YFJS16.txt, -0.1, 111432, 300.05,284.877
GRASP,Reduced,Best,Best,1,0.59,YFJS17.txt, -0.1, 102263, 300.152,263.665
GRASP,Reduced,Best,Best,1,0.59,YFJS18.txt, -0.1, 108153, 300.341,134.332
GRASP,Reduced,Best,Best,1,0.59,DAFJS01.txt, -0.2, 22619, 300,0.105
GRASP,Reduced,Best,Best,1,0.59,DAFJS02.txt, -0.2, 24571, 300,3.699
GRASP,Reduced,Best,Best,1,0.59,DAFJS03.txt, -0.2, 45289, 300.001,107.621
GRASP,Reduced,Best,Best,1,0.59,DAFJS04.txt, -0.2, 45807, 300.001,122.767
GRASP,Reduced,Best,Best,1,0.59,DAFJS05.txt, -0.2, 32144, 300,212.697
GRASP,Reduced,Best,Best,1,0.59,DAFJS07.txt, -0.2, 41173, 300.001,242.026
GRASP,Reduced,Best,Best,1,0.59,DAFJS06.txt, -0.2, 31768, 300.003,187.756
GRASP,Reduced,Best,Best,1,0.59,DAFJS09.txt, -0.2, 35507, 300.002,224.488
GRASP,Reduced,Best,Best,1,0.59,DAFJS08.txt, -0.2, 46722, 300.004,31.938
GRASP,Reduced,Best,Best,1,0.59,YFJS20.txt, -0.1, 93689, 300.133,13.39
GRASP,Reduced,Best,Best,1,0.59,DAFJS10.txt, -0.2, 37856, 300,76.134
GRASP,Reduced,Best,Best,1,0.59,DAFJS11.txt, -0.2, 49049, 300.007,30.18
GRASP,Reduced,Best,Best,1,0.59,DAFJS13.txt, -0.2, 45422, 300.008,200.476
GRASP,Reduced,Best,Best,1,0.59,DAFJS16.txt, -0.2, 54087, 300.004,243.46
GRASP,Reduced,Best,Best,1,0.59,DAFJS15.txt, -0.2, 51294, 300.005,188.565
GRASP,Reduced,Best,Best,1,0.59,DAFJS19.txt, -0.2, 40989, 300.003,150.441
GRASP,Reduced,Best,Best,1,0.59,DAFJS18.txt, -0.2, 55210, 300.008,121.201
GRASP,Reduced,Best,Best,1,0.59,DAFJS14.txt, -0.2, 50954, 300.018,267.226
GRASP,Reduced,Best,Best,1,0.59,DAFJS12.txt, -0.2, 47896, 300.023,195.896
GRASP,Reduced,Best,Best,1,0.59,DAFJS17.txt, -0.2, 53741, 300.024,10.371
GRASP,Reduced,Best,Best,1,0.59,DAFJS23.txt, -0.2, 38517, 300.004,267.79
GRASP,Reduced,Best,Best,1,0.59,DAFJS24.txt, -0.2, 44351, 300.003,174.53
GRASP,Reduced,Best,Best,1,0.59,DAFJS20.txt, -0.2, 50041, 300.013,197.614
GRASP,Reduced,Best,Best,1,0.59,DAFJS27.txt, -0.2, 59197, 300.007,116.626
GRASP,Reduced,Best,Best,1,0.59,DAFJS21.txt, -0.2, 55002, 300.015,20.65
GRASP,Reduced,Best,Best,1,0.59,DAFJS29.txt, -0.2, 51961, 300.006,229.369
GRASP,Reduced,Best,Best,1,0.59,DAFJS28.txt, -0.2, 43293, 300.018,196.083
GRASP,Reduced,Best,Best,1,0.59,DAFJS26.txt, -0.2, 55172, 300.032,33.499
GRASP,Reduced,Best,Best,1,0.59,DAFJS25.txt, -0.2, 55940, 300.038,286.774
GRASP,Reduced,Best,Best,1,0.59,DAFJS22.txt, -0.2, 48175, 300.049,253.955
GRASP,Reduced,Best,Best,1,0.59,YFJS01.txt, -0.2, 62327, 300,14.01
GRASP,Reduced,Best,Best,1,0.59,YFJS02.txt, -0.2, 66394, 300.001,0.421
GRASP,Reduced,Best,Best,1,0.59,YFJS03.txt, -0.2, 30073, 300,0.04
GRASP,Reduced,Best,Best,1,0.59,YFJS04.txt, -0.2, 33475, 300,0.02
GRASP,Reduced,Best,Best,1,0.59,YFJS05.txt, -0.2, 37255, 300,0.147
GRASP,Reduced,Best,Best,1,0.59,YFJS06.txt, -0.2, 36812, 300,19.174
GRASP,Reduced,Best,Best,1,0.59,YFJS07.txt, -0.2, 37159, 300,10.482
GRASP,Reduced,Best,Best,1,0.59,YFJS08.txt, -0.2, 30384, 300,293.21
GRASP,Reduced,Best,Best,1,0.59,YFJS09.txt, -0.2, 21363, 300,228.335
GRASP,Reduced,Best,Best,1,0.59,DAFJS30.txt, -0.2, 43928, 300.012,169.902
GRASP,Reduced,Best,Best,1,0.59,YFJS10.txt, -0.2, 34689, 300,23.511
GRASP,Reduced,Best,Best,1,0.59,YFJS11.txt, -0.2, 45649, 300,63.457
GRASP,Reduced,Best,Best,1,0.59,YFJS12.txt, -0.2, 44084, 300.001,0.177
GRASP,Reduced,Best,Best,1,0.59,YFJS13.txt, -0.2, 34240, 300.001,36.945
GRASP,Reduced,Best,Best,1,0.59,YFJS17.txt, -0.2, 85736, 300.001,0
GRASP,Reduced,Best,Best,1,0.59,YFJS14.txt, -0.2, 96913, 300.005,297.118
GRASP,Reduced,Best,Best,1,0.59,YFJS16.txt, -0.2, 97504, 300.046,85.869
GRASP,Reduced,Best,Best,1,0.59,YFJS15.txt, -0.2, 98333, 300.095,30.626
GRASP,Reduced,Best,Best,1,0.59,YFJS19.txt, -0.2, 80434, 300.127,256.586
GRASP,Reduced,Best,Best,1,0.59,YFJS18.txt, -0.2, 95442, 300.137,92.851
GRASP,Reduced,Best,Best,1,0.59,DAFJS01.txt, -0.3, 19994, 300,0.41
GRASP,Reduced,Best,Best,1,0.59,DAFJS02.txt, -0.3, 22236, 300,0.011
GRASP,Reduced,Best,Best,1,0.59,DAFJS03.txt, -0.3, 40841, 300.002,196.966
GRASP,Reduced,Best,Best,1,0.59,DAFJS04.txt, -0.3, 39943, 300.001,283.63
GRASP,Reduced,Best,Best,1,0.59,DAFJS05.txt, -0.3, 28152, 300.001,127.231
GRASP,Reduced,Best,Best,1,0.59,DAFJS06.txt, -0.3, 27152, 300,116.406
GRASP,Reduced,Best,Best,1,0.59,DAFJS08.txt, -0.3, 40462, 300.001,170.89
GRASP,Reduced,Best,Best,1,0.59,DAFJS09.txt, -0.3, 31004, 300.001,259.044
GRASP,Reduced,Best,Best,1,0.59,DAFJS07.txt, -0.3, 36344, 300.003,288.564
GRASP,Reduced,Best,Best,1,0.59,YFJS20.txt, -0.2, 83441, 300.11,126.622
GRASP,Reduced,Best,Best,1,0.59,DAFJS10.txt, -0.3, 32083, 300.003,146.507
GRASP,Reduced,Best,Best,1,0.59,DAFJS14.txt, -0.3, 42855, 300,62.334
GRASP,Reduced,Best,Best,1,0.59,DAFJS12.txt, -0.3, 41352, 300.007,175.225
GRASP,Reduced,Best,Best,1,0.59,DAFJS13.txt, -0.3, 38010, 300.007,273.3
GRASP,Reduced,Best,Best,1,0.59,DAFJS11.txt, -0.3, 42700, 300.01,7.497
GRASP,Reduced,Best,Best,1,0.59,DAFJS19.txt, -0.3, 35425, 300.003,94.861
GRASP,Reduced,Best,Best,1,0.59,DAFJS18.txt, -0.3, 45625, 300.006,5.135
GRASP,Reduced,Best,Best,1,0.59,DAFJS16.txt, -0.3, 45663, 300.014,158.975
GRASP,Reduced,Best,Best,1,0.59,DAFJS17.txt, -0.3, 43121, 300.018,173.829
GRASP,Reduced,Best,Best,1,0.59,DAFJS15.txt, -0.3, 43836, 300.023,2.014
GRASP,Reduced,Best,Best,1,0.59,DAFJS24.txt, -0.3, 38175, 300,262.856
GRASP,Reduced,Best,Best,1,0.59,DAFJS22.txt, -0.3, 39392, 300.004,124.861
GRASP,Reduced,Best,Best,1,0.59,DAFJS23.txt, -0.3, 33543, 300.003,44.926
GRASP,Reduced,Best,Best,1,0.59,DAFJS26.txt, -0.3, 47459, 300.004,77.784
GRASP,Reduced,Best,Best,1,0.59,DAFJS28.txt, -0.3, 37953, 300.003,39.665
GRASP,Reduced,Best,Best,1,0.59,DAFJS27.txt, -0.3, 49400, 300.007,275.14
GRASP,Reduced,Best,Best,1,0.59,DAFJS20.txt, -0.3, 42268, 300.018,165.117
GRASP,Reduced,Best,Best,1,0.59,DAFJS29.txt, -0.3, 45507, 300.011,264.574
GRASP,Reduced,Best,Best,1,0.59,DAFJS21.txt, -0.3, 45977, 300.026,168.485
GRASP,Reduced,Best,Best,1,0.59,DAFJS25.txt, -0.3, 47225, 300.041,191.801
GRASP,Reduced,Best,Best,1,0.59,YFJS01.txt, -0.3, 56790, 300,0.435
GRASP,Reduced,Best,Best,1,0.59,YFJS02.txt, -0.3, 58470, 300,0.521
GRASP,Reduced,Best,Best,1,0.59,YFJS03.txt, -0.3, 27686, 300,0.013
GRASP,Reduced,Best,Best,1,0.59,YFJS04.txt, -0.3, 31250, 300,0.059
GRASP,Reduced,Best,Best,1,0.59,YFJS05.txt, -0.3, 34905, 300,0.457
GRASP,Reduced,Best,Best,1,0.59,YFJS06.txt, -0.3, 33557, 300,15.082
GRASP,Reduced,Best,Best,1,0.59,YFJS07.txt, -0.3, 33059, 300.001,281.504
GRASP,Reduced,Best,Best,1,0.59,YFJS08.txt, -0.3, 28355, 300,0.092
GRASP,Reduced,Best,Best,1,0.59,DAFJS30.txt, -0.3, 38536, 300.01,219.419
GRASP,Reduced,Best,Best,1,0.59,YFJS09.txt, -0.3, 20077, 300,9.196
GRASP,Reduced,Best,Best,1,0.59,YFJS10.txt, -0.3, 32159, 300,0.015
GRASP,Reduced,Best,Best,1,0.59,YFJS11.txt, -0.3, 40619, 300,20.916
GRASP,Reduced,Best,Best,1,0.59,YFJS12.txt, -0.3, 39641, 300,4.142
GRASP,Reduced,Best,Best,1,0.59,YFJS13.txt, -0.3, 31518, 300,32.894
GRASP,Reduced,Best,Best,1,0.59,YFJS15.txt, -0.3, 85199, 300.003,233.501
GRASP,Reduced,Best,Best,1,0.59,YFJS14.txt, -0.3, 84481, 300.015,176.284
GRASP,Reduced,Best,Best,1,0.59,YFJS16.txt, -0.3, 86381, 300.038,30.311
GRASP,Reduced,Best,Best,1,0.59,YFJS17.txt, -0.3, 73682, 300.093,0
GRASP,Reduced,Best,Best,1,0.59,YFJS18.txt, -0.3, 83326, 300.12,15.953
GRASP,Reduced,Best,Best,1,0.59,YFJS19.txt, -0.3, 71483, 300.169,121.081
GRASP,Reduced,Best,Best,1,0.59,YFJS20.txt, -0.3, 71916, 300.001,244.365
GRASP,Reduced,Best,Best,1,0.59,DAFJS01.txt, -0.1, 24232, 300,94.632
GRASP,Reduced,Best,Best,1,0.59,DAFJS02.txt, -0.1, 26869, 300,0.467
GRASP,Reduced,Best,Best,1,0.59,DAFJS03.txt, -0.1, 51028, 300.003,156.994
GRASP,Reduced,Best,Best,1,0.59,DAFJS04.txt, -0.1, 52462, 300.002,190.632
GRASP,Reduced,Best,Best,1,0.59,DAFJS05.txt, -0.1, 36901, 300.001,43.116
GRASP,Reduced,Best,Best,1,0.59,DAFJS09.txt, -0.1, 40973, 300,159.868
GRASP,Reduced,Best,Best,1,0.59,DAFJS06.txt, -0.1, 36338, 300.006,14.314
GRASP,Reduced,Best,Best,1,0.59,DAFJS08.txt, -0.1, 54258, 300.004,220.735
GRASP,Reduced,Best,Best,1,0.59,DAFJS07.txt, -0.1, 47096, 300.008,297.407
GRASP,Reduced,Best,Best,1,0.59,DAFJS16.txt, -0.1, 63504, 300.001,91.932
GRASP,Reduced,Best,Best,1,0.59,DAFJS10.txt, -0.1, 45301, 300.01,274.444
GRASP,Reduced,Best,Best,1,0.59,DAFJS17.txt, -0.1, 65643, 300.001,74.777
GRASP,Reduced,Best,Best,1,0.59,DAFJS11.txt, -0.1, 58946, 300.013,131.978
GRASP,Reduced,Best,Best,1,0.59,DAFJS12.txt, -0.1, 57750, 300.017,148.552
GRASP,Reduced,Best,Best,1,0.59,DAFJS13.txt, -0.1, 54647, 300.015,45.452
GRASP,Reduced,Best,Best,1,0.59,DAFJS14.txt, -0.1, 61739, 300.015,271.136
GRASP,Reduced,Best,Best,1,0.59,DAFJS18.txt, -0.1, 66581, 300.014,43.513
GRASP,Reduced,Best,Best,1,0.59,DAFJS19.txt, -0.1, 46999, 300.016,268.258
GRASP,Reduced,Best,Best,1,0.59,DAFJS15.txt, -0.1, 60401, 300.046,185.989
GRASP,Reduced,Best,Best,1,0.59,DAFJS21.txt, -0.1, 67121, 300.001,165.741
GRASP,Reduced,Best,Best,1,0.59,DAFJS23.txt, -0.1, 43861, 300.003,103.51
GRASP,Reduced,Best,Best,1,0.59,DAFJS24.txt, -0.1, 51591, 300.006,88.125
GRASP,Reduced,Best,Best,1,0.59,DAFJS20.txt, -0.1, 59519, 300.022,218.972
GRASP,Reduced,Best,Best,1,0.59,DAFJS28.txt, -0.1, 49629, 300.013,118.515
GRASP,Reduced,Best,Best,1,0.59,DAFJS27.txt, -0.1, 70937, 300.018,195.272
GRASP,Reduced,Best,Best,1,0.59,DAFJS29.txt, -0.1, 59939, 300.017,34.739
GRASP,Reduced,Best,Best,1,0.59,DAFJS22.txt, -0.1, 59086, 300.027,30.343
GRASP,Reduced,Best,Best,1,0.59,DAFJS26.txt, -0.1, 66458, 300.057,287.168
GRASP,Reduced,Best,Best,1,0.59,DAFJS25.txt, -0.1, 66644, 300.089,16.454
GRASP,Reduced,Best,Best,1,0.59,YFJS01.txt, -0.1, 69189, 300.001,0.004
GRASP,Reduced,Best,Best,1,0.59,YFJS02.txt, -0.1, 73149, 300,0.668
GRASP,Reduced,Best,Best,1,0.59,YFJS03.txt, -0.1, 32538, 300,0.108
GRASP,Reduced,Best,Best,1,0.59,YFJS04.txt, -0.1, 35883, 300.001,0.075
GRASP,Reduced,Best,Best,1,0.59,YFJS05.txt, -0.1, 41034, 300,0.01
GRASP,Reduced,Best,Best,1,0.59,YFJS06.txt, -0.1, 41174, 300,18.735
GRASP,Reduced,Best,Best,1,0.59,YFJS07.txt, -0.1, 41394, 300,1.342
GRASP,Reduced,Best,Best,1,0.59,YFJS08.txt, -0.1, 32655, 300,11.422
GRASP,Reduced,Best,Best,1,0.59,YFJS09.txt, -0.1, 22681, 300,17.932
GRASP,Reduced,Best,Best,1,0.59,DAFJS30.txt, -0.1, 50593, 300.012,18.058
GRASP,Reduced,Best,Best,1,0.59,YFJS10.txt, -0.1, 37685, 300,0.509
GRASP,Reduced,Best,Best,1,0.59,YFJS11.txt, -0.1, 49208, 300.001,47.974
GRASP,Reduced,Best,Best,1,0.59,YFJS12.txt, -0.1, 48774, 300.002,144.703
GRASP,Reduced,Best,Best,1,0.59,YFJS13.txt, -0.1, 37404, 300.003,257.043
GRASP,Reduced,Best,Best,1,0.59,YFJS16.txt, -0.1, 114487, 300.035,269.813
GRASP,Reduced,Best,Best,1,0.59,YFJS14.txt, -0.1, 113734, 300.049,87.955
GRASP,Reduced,Best,Best,1,0.59,YFJS15.txt, -0.1, 112692, 300.073,195.522
GRASP,Reduced,Best,Best,1,0.59,YFJS18.txt, -0.1, 107336, 300.164,230.377
GRASP,Reduced,Best,Best,1,0.59,YFJS17.txt, -0.1, 101069, 300.366,107.684
GRASP,Reduced,Best,Best,1,0.59,YFJS19.txt, -0.1, 92449, 300.454,280.097
GRASP,Reduced,Best,Best,1,0.59,DAFJS02.txt, -0.2, 24571, 300,3.656
GRASP,Reduced,Best,Best,1,0.59,DAFJS01.txt, -0.2, 21861, 300.001,136.039
GRASP,Reduced,Best,Best,1,0.59,DAFJS03.txt, -0.2, 45275, 300.002,226.605
GRASP,Reduced,Best,Best,1,0.59,DAFJS04.txt, -0.2, 45808, 300.001,2.168
GRASP,Reduced,Best,Best,1,0.59,DAFJS05.txt, -0.2, 32144, 300,118.82
GRASP,Reduced,Best,Best,1,0.59,DAFJS06.txt, -0.2, 31768, 300,87.342
GRASP,Reduced,Best,Best,1,0.59,DAFJS07.txt, -0.2, 41193, 300,162.971
GRASP,Reduced,Best,Best,1,0.59,DAFJS08.txt, -0.2, 46734, 300.003,56.407
GRASP,Reduced,Best,Best,1,0.59,DAFJS09.txt, -0.2, 35733, 300.003,203.674
GRASP,Reduced,Best,Best,1,0.59,YFJS20.txt, -0.1, 94369, 300.132,38.533
GRASP,Reduced,Best,Best,1,0.59,DAFJS10.txt, -0.2, 38010, 300.001,244.254
GRASP,Reduced,Best,Best,1,0.59,DAFJS14.txt, -0.2, 51689, 300.001,77.401
GRASP,Reduced,Best,Best,1,0.59,DAFJS13.txt, -0.2, 45638, 300.002,192.49
GRASP,Reduced,Best,Best,1,0.59,DAFJS19.txt, -0.2, 41013, 300,66.126
GRASP,Reduced,Best,Best,1,0.59,DAFJS18.txt, -0.2, 55445, 300.001,281.981
GRASP,Reduced,Best,Best,1,0.59,DAFJS12.txt, -0.2, 48169, 300.01,237.431
GRASP,Reduced,Best,Best,1,0.59,DAFJS17.txt, -0.2, 53531, 300.004,92.34
GRASP,Reduced,Best,Best,1,0.59,DAFJS11.txt, -0.2, 49860, 300.014,100.224
GRASP,Reduced,Best,Best,1,0.59,DAFJS16.txt, -0.2, 54131, 300.02,26.76
GRASP,Reduced,Best,Best,1,0.59,DAFJS15.txt, -0.2, 51810, 300.03,1.732
GRASP,Reduced,Best,Best,1,0.59,DAFJS22.txt, -0.2, 47938, 300.001,42.819
GRASP,Reduced,Best,Best,1,0.59,DAFJS23.txt, -0.2, 38678, 300,212.057
GRASP,Reduced,Best,Best,1,0.59,DAFJS25.txt, -0.2, 55583, 300,240.339
GRASP,Reduced,Best,Best,1,0.59,DAFJS24.txt, -0.2, 43693, 300.003,295.596
GRASP,Reduced,Best,Best,1,0.59,DAFJS29.txt, -0.2, 52707, 300,174.444
GRASP,Reduced,Best,Best,1,0.59,DAFJS28.txt, -0.2, 43412, 300.004,207.604
GRASP,Reduced,Best,Best,1,0.59,DAFJS27.txt, -0.2, 59318, 300.01,137.783
GRASP,Reduced,Best,Best,1,0.59,DAFJS21.txt, -0.2, 55447, 300.03,88.563
GRASP,Reduced,Best,Best,1,0.59,DAFJS20.txt, -0.2, 50061, 300.036,255.467
GRASP,Reduced,Best,Best,1,0.59,DAFJS26.txt, -0.2, 54439, 300.035,241.664
GRASP,Reduced,Best,Best,1,0.59,YFJS01.txt, -0.2, 62327, 300,15.639
GRASP,Reduced,Best,Best,1,0.59,YFJS02.txt, -0.2, 66394, 300.001,2.417
GRASP,Reduced,Best,Best,1,0.59,YFJS03.txt, -0.2, 30073, 300,0.002
GRASP,Reduced,Best,Best,1,0.59,YFJS04.txt, -0.2, 33475, 300,0.594
GRASP,Reduced,Best,Best,1,0.59,YFJS05.txt, -0.2, 37255, 300,0.654
GRASP,Reduced,Best,Best,1,0.59,YFJS06.txt, -0.2, 36812, 300,5.39
GRASP,Reduced,Best,Best,1,0.59,YFJS08.txt, -0.2, 30725, 300,0.379
GRASP,Reduced,Best,Best,1,0.59,YFJS07.txt, -0.2, 37159, 300.001,4.037
GRASP,Reduced,Best,Best,1,0.59,YFJS09.txt, -0.2, 21363, 300,46.297
GRASP,Reduced,Best,Best,1,0.59,DAFJS30.txt, -0.2, 43927, 300.013,170.959
GRASP,Reduced,Best,Best,1,0.59,YFJS10.txt, -0.2, 34689, 300,0.672
GRASP,Reduced,Best,Best,1,0.59,YFJS11.txt, -0.2, 45649, 300,38.964
GRASP,Reduced,Best,Best,1,0.59,YFJS12.txt, -0.2, 44084, 300.001,51.313
GRASP,Reduced,Best,Best,1,0.59,YFJS13.txt, -0.2, 34240, 300.001,16.301
GRASP,Reduced,Best,Best,1,0.59,YFJS14.txt, -0.2, 98266, 300.008,21.193
GRASP,Reduced,Best,Best,1,0.59,YFJS15.txt, -0.2, 97126, 300.025,71.707
GRASP,Reduced,Best,Best,1,0.59,YFJS16.txt, -0.2, 96871, 300.026,283.703
GRASP,Reduced,Best,Best,1,0.59,YFJS18.txt, -0.2, 96103, 300.036,102.069
GRASP,Reduced,Best,Best,1,0.59,YFJS17.txt, -0.2, 85736, 300.104,0
GRASP,Reduced,Best,Best,1,0.59,YFJS19.txt, -0.2, 82143, 300.157,147.161
GRASP,Reduced,Best,Best,1,0.59,DAFJS02.txt, -0.3, 22236, 300,0.009
GRASP,Reduced,Best,Best,1,0.59,DAFJS01.txt, -0.3, 19994, 300.001,0.998
GRASP,Reduced,Best,Best,1,0.59,DAFJS03.txt, -0.3, 40745, 300.003,146.343
GRASP,Reduced,Best,Best,1,0.59,DAFJS04.txt, -0.3, 40079, 300.002,275.608
GRASP,Reduced,Best,Best,1,0.59,DAFJS05.txt, -0.3, 28506, 300.001,242.154
GRASP,Reduced,Best,Best,1,0.59,DAFJS06.txt, -0.3, 27111, 300.003,211.072
GRASP,Reduced,Best,Best,1,0.59,DAFJS08.txt, -0.3, 40525, 300.001,84.725
GRASP,Reduced,Best,Best,1,0.59,DAFJS09.txt, -0.3, 31004, 300.003,239.259
GRASP,Reduced,Best,Best,1,0.59,DAFJS07.txt, -0.3, 36639, 300.01,242.598
GRASP,Reduced,Best,Best,1,0.59,YFJS20.txt, -0.2, 81808, 300.119,36.169
GRASP,Reduced,Best,Best,1,0.59,DAFJS10.txt, -0.3, 31802, 300.006,279.431
GRASP,Reduced,Best,Best,1,0.59,DAFJS11.txt, -0.3, 42704, 300.009,170.758
GRASP,Reduced,Best,Best,1,0.59,DAFJS14.txt, -0.3, 43002, 300.005,235.236
GRASP,Reduced,Best,Best,1,0.59,DAFJS12.txt, -0.3, 40937, 300.011,93.628
GRASP,Reduced,Best,Best,1,0.59,DAFJS17.txt, -0.3, 44123, 300.005,188.737
GRASP,Reduced,Best,Best,1,0.59,DAFJS13.txt, -0.3, 38141, 300.01,137.213
GRASP,Reduced,Best,Best,1,0.59,DAFJS15.txt, -0.3, 44024, 300.01,219.818
GRASP,Reduced,Best,Best,1,0.59,DAFJS19.txt, -0.3, 35782, 300.006,202.427
GRASP,Reduced,Best,Best,1,0.59,DAFJS18.txt, -0.3, 45211, 300.008,76.371
GRASP,Reduced,Best,Best,1,0.59,DAFJS16.txt, -0.3, 45445, 300.027,35.781
GRASP,Reduced,Best,Best,1,0.59,DAFJS23.txt, -0.3, 34067, 300.001,39.297
GRASP,Reduced,Best,Best,1,0.59,DAFJS24.txt, -0.3, 38186, 300.001,103.042
GRASP,Reduced,Best,Best,1,0.59,DAFJS20.txt, -0.3, 42269, 300.011,223.986
GRASP,Reduced,Best,Best,1,0.59,DAFJS27.txt, -0.3, 49844, 300.006,158.493
GRASP,Reduced,Best,Best,1,0.59,DAFJS25.txt, -0.3, 47546, 300.007,58.512
GRASP,Reduced,Best,Best,1,0.59,DAFJS29.txt, -0.3, 45094, 300.006,58.735
GRASP,Reduced,Best,Best,1,0.59,DAFJS28.txt, -0.3, 38121, 300.01,90.429
GRASP,Reduced,Best,Best,1,0.59,DAFJS21.txt, -0.3, 46025, 300.02,287.023
GRASP,Reduced,Best,Best,1,0.59,DAFJS26.txt, -0.3, 46995, 300.021,188.225
GRASP,Reduced,Best,Best,1,0.59,DAFJS22.txt, -0.3, 39716, 300.03,202.425
GRASP,Reduced,Best,Best,1,0.59,YFJS02.txt, -0.3, 58470, 300,0.158
GRASP,Reduced,Best,Best,1,0.59,YFJS01.txt, -0.3, 56790, 300.002,4.561
GRASP,Reduced,Best,Best,1,0.59,YFJS03.txt, -0.3, 27686, 300,0.009
GRASP,Reduced,Best,Best,1,0.59,YFJS04.txt, -0.3, 30683, 300,160.122
GRASP,Reduced,Best,Best,1,0.59,YFJS05.txt, -0.3, 33856, 300,182.524
GRASP,Reduced,Best,Best,1,0.59,YFJS06.txt, -0.3, 33557, 300,4.856
GRASP,Reduced,Best,Best,1,0.59,YFJS07.txt, -0.3, 33317, 300,199.136
GRASP,Reduced,Best,Best,1,0.59,YFJS08.txt, -0.3, 28355, 300,0.061
GRASP,Reduced,Best,Best,1,0.59,YFJS09.txt, -0.3, 20077, 300,61.864
GRASP,Reduced,Best,Best,1,0.59,DAFJS30.txt, -0.3, 37830, 300.018,286.592
GRASP,Reduced,Best,Best,1,0.59,YFJS10.txt, -0.3, 32159, 300,0.619
GRASP,Reduced,Best,Best,1,0.59,YFJS11.txt, -0.3, 40619, 300,9.487
GRASP,Reduced,Best,Best,1,0.59,YFJS12.txt, -0.3, 39596, 300.001,277.493
GRASP,Reduced,Best,Best,1,0.59,YFJS13.txt, -0.3, 31518, 300,24.751
GRASP,Reduced,Best,Best,1,0.59,YFJS14.txt, -0.3, 85095, 300.025,256.654
GRASP,Reduced,Best,Best,1,0.59,YFJS16.txt, -0.3, 86640, 300.023,9.943
GRASP,Reduced,Best,Best,1,0.59,YFJS15.txt, -0.3, 84876, 300.034,121.412
GRASP,Reduced,Best,Best,1,0.59,YFJS17.txt, -0.3, 73682, 300.063,0
GRASP,Reduced,Best,Best,1,0.59,YFJS19.txt, -0.3, 68545, 300.162,185.312
GRASP,Reduced,Best,Best,1,0.59,YFJS18.txt, -0.3, 83026, 300.179,195.041
GRASP,Reduced,Best,Best,1,0.59,DAFJS01.txt, -0.1, 24261, 300,229.253
GRASP,Reduced,Best,Best,1,0.59,DAFJS02.txt, -0.1, 26869, 300,0.001
GRASP,Reduced,Best,Best,1,0.59,DAFJS03.txt, -0.1, 51051, 300.002,55.056
GRASP,Reduced,Best,Best,1,0.59,DAFJS04.txt, -0.1, 52375, 300.001,294.959
GRASP,Reduced,Best,Best,1,0.59,DAFJS05.txt, -0.1, 36901, 300,7.908
GRASP,Reduced,Best,Best,1,0.59,DAFJS06.txt, -0.1, 36338, 300.001,111.262
GRASP,Reduced,Best,Best,1,0.59,DAFJS09.txt, -0.1, 41071, 300.002,105.935
GRASP,Reduced,Best,Best,1,0.59,DAFJS08.txt, -0.1, 54165, 300.004,297.436
GRASP,Reduced,Best,Best,1,0.59,DAFJS07.txt, -0.1, 46791, 300.01,10.138
GRASP,Reduced,Best,Best,1,0.59,YFJS20.txt, -0.3, 72481, 300.157,0
GRASP,Reduced,Best,Best,1,0.59,DAFJS12.txt, -0.1, 56957, 300,234.9
GRASP,Reduced,Best,Best,1,0.59,DAFJS11.txt, -0.1, 58986, 300.001,156.146
GRASP,Reduced,Best,Best,1,0.59,DAFJS10.txt, -0.1, 44735, 300.004,277.521
GRASP,Reduced,Best,Best,1,0.59,DAFJS14.txt, -0.1, 61766, 300,115.185
GRASP,Reduced,Best,Best,1,0.59,DAFJS17.txt, -0.1, 65679, 300.012,34.379
GRASP,Reduced,Best,Best,1,0.59,DAFJS19.txt, -0.1, 46301, 300.01,76.222
GRASP,Reduced,Best,Best,1,0.59,DAFJS16.txt, -0.1, 63270, 300.015,250.162
GRASP,Reduced,Best,Best,1,0.59,DAFJS13.txt, -0.1, 54662, 300.022,156.546
GRASP,Reduced,Best,Best,1,0.59,DAFJS18.txt, -0.1, 66962, 300.021,214.586
GRASP,Reduced,Best,Best,1,0.59,DAFJS15.txt, -0.1, 60261, 300.024,222.915
GRASP,Reduced,Best,Best,1,0.59,DAFJS23.txt, -0.1, 44299, 300.001,138.219
GRASP,Reduced,Best,Best,1,0.59,DAFJS24.txt, -0.1, 51540, 300.005,282.992
GRASP,Reduced,Best,Best,1,0.59,DAFJS29.txt, -0.1, 59564, 300.003,234.873
GRASP,Reduced,Best,Best,1,0.59,DAFJS28.txt, -0.1, 49309, 300.007,294.791
GRASP,Reduced,Best,Best,1,0.59,DAFJS22.txt, -0.1, 59898, 300.018,229.738
GRASP,Reduced,Best,Best,1,0.59,DAFJS25.txt, -0.1, 65866, 300.024,65.192
GRASP,Reduced,Best,Best,1,0.59,DAFJS27.txt, -0.1, 71455, 300.025,11.844
GRASP,Reduced,Best,Best,1,0.59,DAFJS20.txt, -0.1, 60294, 300.041,11.404
GRASP,Reduced,Best,Best,1,0.59,DAFJS26.txt, -0.1, 67156, 300.035,90.405
GRASP,Reduced,Best,Best,1,0.59,DAFJS21.txt, -0.1, 66752, 300.056,277.453
GRASP,Reduced,Best,Best,1,0.59,YFJS01.txt, -0.1, 69189, 300,0.004
GRASP,Reduced,Best,Best,1,0.59,YFJS02.txt, -0.1, 73149, 300,1.061
GRASP,Reduced,Best,Best,1,0.59,DAFJS30.txt, -0.1, 51111, 300.003,270.953
GRASP,Reduced,Best,Best,1,0.59,YFJS03.txt, -0.1, 32538, 300,0.004
GRASP,Reduced,Best,Best,1,0.59,YFJS04.txt, -0.1, 35883, 300,0.093
GRASP,Reduced,Best,Best,1,0.59,YFJS05.txt, -0.1, 41034, 300,1.009
GRASP,Reduced,Best,Best,1,0.59,YFJS07.txt, -0.1, 41394, 300,0.069
GRASP,Reduced,Best,Best,1,0.59,YFJS08.txt, -0.1, 32655, 300,82.046
GRASP,Reduced,Best,Best,1,0.59,YFJS09.txt, -0.1, 22681, 300,139.13
GRASP,Reduced,Best,Best,1,0.59,YFJS06.txt, -0.1, 41174, 300.003,157.237
GRASP,Reduced,Best,Best,1,0.59,YFJS10.txt, -0.1, 37685, 300,0.029
GRASP,Reduced,Best,Best,1,0.59,YFJS11.txt, -0.1, 49208, 300,6.376
GRASP,Reduced,Best,Best,1,0.59,YFJS12.txt, -0.1, 48774, 300.001,82.611
GRASP,Reduced,Best,Best,1,0.59,YFJS13.txt, -0.1, 37458, 300.001,130.065
GRASP,Reduced,Best,Best,1,0.59,YFJS15.txt, -0.1, 112638, 300.001,293.934
GRASP,Reduced,Best,Best,1,0.59,YFJS16.txt, -0.1, 113411, 300.002,162.807
GRASP,Reduced,Best,Best,1,0.59,YFJS17.txt, -0.1, 102930, 300.049,144.572
GRASP,Reduced,Best,Best,1,0.59,YFJS14.txt, -0.1, 113009, 300.069,59.056
GRASP,Reduced,Best,Best,1,0.59,YFJS19.txt, -0.1, 92172, 300.119,67.184
GRASP,Reduced,Best,Best,1,0.59,YFJS18.txt, -0.1, 110502, 300.169,140.285
GRASP,Reduced,Best,Best,1,0.59,DAFJS01.txt, -0.2, 21913, 300,262.054
GRASP,Reduced,Best,Best,1,0.59,DAFJS02.txt, -0.2, 24571, 300,5.575
GRASP,Reduced,Best,Best,1,0.59,DAFJS03.txt, -0.2, 45079, 300.001,169.492
GRASP,Reduced,Best,Best,1,0.59,DAFJS04.txt, -0.2, 45752, 300.002,202.409
GRASP,Reduced,Best,Best,1,0.59,DAFJS06.txt, -0.2, 32186, 300,210.73
GRASP,Reduced,Best,Best,1,0.59,DAFJS05.txt, -0.2, 32065, 300.001,22.884
GRASP,Reduced,Best,Best,1,0.59,DAFJS09.txt, -0.2, 35738, 300,117.979
GRASP,Reduced,Best,Best,1,0.59,DAFJS07.txt, -0.2, 40891, 300.003,84.046
GRASP,Reduced,Best,Best,1,0.59,DAFJS08.txt, -0.2, 46835, 300.004,267.289
GRASP,Reduced,Best,Best,1,0.59,YFJS20.txt, -0.1, 96843, 300.414,24.781
GRASP,Reduced,Best,Best,1,0.59,DAFJS10.txt, -0.2, 37939, 300.008,118.625
GRASP,Reduced,Best,Best,1,0.59,DAFJS13.txt, -0.2, 45474, 300.008,175.693
GRASP,Reduced,Best,Best,1,0.59,DAFJS15.txt, -0.2, 50910, 300.006,95.167
GRASP,Reduced,Best,Best,1,0.59,DAFJS16.txt, -0.2, 54090, 300.009,66.782
GRASP,Reduced,Best,Best,1,0.59,DAFJS19.txt, -0.2, 41076, 300.006,250.192
GRASP,Reduced,Best,Best,1,0.59,DAFJS17.txt, -0.2, 53948, 300.014,28.682
GRASP,Reduced,Best,Best,1,0.59,DAFJS18.txt, -0.2, 55493, 300.014,22.975
GRASP,Reduced,Best,Best,1,0.59,DAFJS12.txt, -0.2, 47990, 300.027,188.907
GRASP,Reduced,Best,Best,1,0.59,DAFJS14.txt, -0.2, 51583, 300.024,245.627
GRASP,Reduced,Best,Best,1,0.59,DAFJS11.txt, -0.2, 49895, 300.029,58.1
GRASP,Reduced,Best,Best,1,0.59,DAFJS20.txt, -0.2, 50390, 300.002,69.356
GRASP,Reduced,Best,Best,1,0.59,DAFJS23.txt, -0.2, 38487, 300,243.861
GRASP,Reduced,Best,Best,1,0.59,DAFJS24.txt, -0.2, 44481, 300,0.774
GRASP,Reduced,Best,Best,1,0.59,DAFJS28.txt, -0.2, 43694, 300.004,68.882
GRASP,Reduced,Best,Best,1,0.59,DAFJS29.txt, -0.2, 52349, 300.005,40.188
GRASP,Reduced,Best,Best,1,0.59,DAFJS22.txt, -0.2, 48658, 300.022,24.201
GRASP,Reduced,Best,Best,1,0.59,DAFJS25.txt, -0.2, 55011, 300.021,220.926
GRASP,Reduced,Best,Best,1,0.59,DAFJS21.txt, -0.2, 55299, 300.045,297.5
GRASP,Reduced,Best,Best,1,0.59,DAFJS26.txt, -0.2, 55565, 300.045,66.523
GRASP,Reduced,Best,Best,1,0.59,DAFJS27.txt, -0.2, 59078, 300.043,30.84
GRASP,Reduced,Best,Best,1,0.59,DAFJS30.txt, -0.2, 43926, 300,36.598
GRASP,Reduced,Best,Best,1,0.59,YFJS01.txt, -0.2, 62327, 300,9.034
GRASP,Reduced,Best,Best,1,0.59,YFJS02.txt, -0.2, 66394, 300.001,0.414
GRASP,Reduced,Best,Best,1,0.59,YFJS03.txt, -0.2, 30073, 300,0.028
GRASP,Reduced,Best,Best,1,0.59,YFJS04.txt, -0.2, 33084, 300,57.729
GRASP,Reduced,Best,Best,1,0.59,YFJS05.txt, -0.2, 37255, 300,0.831
GRASP,Reduced,Best,Best,1,0.59,YFJS06.txt, -0.2, 36812, 300,44.501
GRASP,Reduced,Best,Best,1,0.59,YFJS07.txt, -0.2, 37159, 300,14.371
GRASP,Reduced,Best,Best,1,0.59,YFJS08.txt, -0.2, 30725, 300,0.182
GRASP,Reduced,Best,Best,1,0.59,YFJS09.txt, -0.2, 21450, 300,81.341
GRASP,Reduced,Best,Best,1,0.59,YFJS10.txt, -0.2, 34689, 300,1.419
GRASP,Reduced,Best,Best,1,0.59,YFJS11.txt, -0.2, 45649, 300.001,17.266
GRASP,Reduced,Best,Best,1,0.59,YFJS12.txt, -0.2, 44084, 300,83.851
GRASP,Reduced,Best,Best,1,0.59,YFJS13.txt, -0.2, 34240, 300,65.91
GRASP,Reduced,Best,Best,1,0.59,YFJS15.txt, -0.2, 98184, 300.005,222.699
GRASP,Reduced,Best,Best,1,0.59,YFJS14.txt, -0.2, 96415, 300.016,81.18
GRASP,Reduced,Best,Best,1,0.59,YFJS18.txt, -0.2, 94410, 300.021,189.359
GRASP,Reduced,Best,Best,1,0.59,YFJS19.txt, -0.2, 79427, 300.044,14.978
GRASP,Reduced,Best,Best,1,0.59,YFJS16.txt, -0.2, 99523, 300.06,196.299
GRASP,Reduced,Best,Best,1,0.59,YFJS17.txt, -0.2, 85736, 300.074,0
GRASP,Reduced,Best,Best,1,0.59,DAFJS01.txt, -0.3, 19994, 300,1.309
GRASP,Reduced,Best,Best,1,0.59,DAFJS02.txt, -0.3, 22236, 300,0.108
GRASP,Reduced,Best,Best,1,0.59,DAFJS03.txt, -0.3, 40658, 300.002,2.55
GRASP,Reduced,Best,Best,1,0.59,DAFJS04.txt, -0.3, 40079, 300.001,96.937
GRASP,Reduced,Best,Best,1,0.59,DAFJS07.txt, -0.3, 36329, 300,266.926
GRASP,Reduced,Best,Best,1,0.59,DAFJS06.txt, -0.3, 27111, 300.002,270.052
GRASP,Reduced,Best,Best,1,0.59,DAFJS08.txt, -0.3, 40411, 300,46.74
GRASP,Reduced,Best,Best,1,0.59,DAFJS05.txt, -0.3, 28152, 300.004,60.432
GRASP,Reduced,Best,Best,1,0.59,DAFJS09.txt, -0.3, 31144, 300,252.838
GRASP,Reduced,Best,Best,1,0.59,YFJS20.txt, -0.2, 83256, 300.266,176.143
GRASP,Reduced,Best,Best,1,0.59,DAFJS10.txt, -0.3, 31962, 300,284.346
GRASP,Reduced,Best,Best,1,0.59,DAFJS11.txt, -0.3, 42290, 300.005,13.293
GRASP,Reduced,Best,Best,1,0.59,DAFJS13.txt, -0.3, 38192, 300.011,242.518
GRASP,Reduced,Best,Best,1,0.59,DAFJS19.txt, -0.3, 35750, 300.004,116.163
GRASP,Reduced,Best,Best,1,0.59,DAFJS14.txt, -0.3, 43014, 300.011,167.283
GRASP,Reduced,Best,Best,1,0.59,DAFJS18.txt, -0.3, 45830, 300.009,171.424
GRASP,Reduced,Best,Best,1,0.59,DAFJS16.txt, -0.3, 45494, 300.017,300.017
GRASP,Reduced,Best,Best,1,0.59,DAFJS12.txt, -0.3, 41188, 300.03,284.187
GRASP,Reduced,Best,Best,1,0.59,DAFJS17.txt, -0.3, 44050, 300.024,203.002
GRASP,Reduced,Best,Best,1,0.59,DAFJS15.txt, -0.3, 43776, 300.064,40.575
GRASP,Reduced,Best,Best,1,0.59,DAFJS23.txt, -0.3, 33789, 300.002,116.913
GRASP,Reduced,Best,Best,1,0.59,DAFJS22.txt, -0.3, 39586, 300.005,291.442
GRASP,Reduced,Best,Best,1,0.59,DAFJS26.txt, -0.3, 46799, 300.001,79.235
GRASP,Reduced,Best,Best,1,0.59,DAFJS25.txt, -0.3, 47618, 300.003,261.047
GRASP,Reduced,Best,Best,1,0.59,DAFJS24.txt, -0.3, 37965, 300.005,219.168
GRASP,Reduced,Best,Best,1,0.59,DAFJS20.txt, -0.3, 42428, 300.011,211.196
GRASP,Reduced,Best,Best,1,0.59,DAFJS27.txt, -0.3, 50096, 300.005,110.834
GRASP,Reduced,Best,Best,1,0.59,DAFJS29.txt, -0.3, 45168, 300.01,171.599
GRASP,Reduced,Best,Best,1,0.59,DAFJS21.txt, -0.3, 44883, 300.023,249.152
GRASP,Reduced,Best,Best,1,0.59,DAFJS28.txt, -0.3, 37926, 300.016,240.47
GRASP,Reduced,Best,Best,1,0.59,YFJS01.txt, -0.3, 56790, 300,1.604
GRASP,Reduced,Best,Best,1,0.59,YFJS02.txt, -0.3, 58470, 300.002,0.028
GRASP,Reduced,Best,Best,1,0.59,YFJS03.txt, -0.3, 27686, 300,0.002
GRASP,Reduced,Best,Best,1,0.59,YFJS04.txt, -0.3, 31250, 300,1.809
GRASP,Reduced,Best,Best,1,0.59,YFJS05.txt, -0.3, 34905, 300,0.798
GRASP,Reduced,Best,Best,1,0.59,YFJS06.txt, -0.3, 33557, 300,7.733
GRASP,Reduced,Best,Best,1,0.59,YFJS07.txt, -0.3, 33059, 300.001,22.286
GRASP,Reduced,Best,Best,1,0.59,YFJS08.txt, -0.3, 28355, 300,0.064
GRASP,Reduced,Best,Best,1,0.59,YFJS09.txt, -0.3, 20077, 300,13.981
GRASP,Reduced,Best,Best,1,0.59,DAFJS30.txt, -0.3, 38136, 300.012,270.996
GRASP,Reduced,Best,Best,1,0.59,YFJS10.txt, -0.3, 32159, 300,0.51
GRASP,Reduced,Best,Best,1,0.59,YFJS12.txt, -0.3, 38618, 300.002,35.047
GRASP,Reduced,Best,Best,1,0.59,YFJS11.txt, -0.3, 40619, 300.003,35.015
GRASP,Reduced,Best,Best,1,0.59,YFJS13.txt, -0.3, 31518, 300.001,29.756
GRASP,Reduced,Best,Best,1,0.59,YFJS19.txt, -0.3, 72437, 300.003,159.964
GRASP,Reduced,Best,Best,1,0.59,YFJS16.txt, -0.3, 85453, 300.008,284.107
GRASP,Reduced,Best,Best,1,0.59,YFJS15.txt, -0.3, 84277, 300.014,230.453
GRASP,Reduced,Best,Best,1,0.59,YFJS18.txt, -0.3, 82201, 300.012,17.58
GRASP,Reduced,Best,Best,1,0.59,YFJS14.txt, -0.3, 85213, 300.029,96.557
GRASP,Reduced,Best,Best,1,0.59,YFJS17.txt, -0.3, 73682, 300.186,0
GRASP,Reduced,Best,Best,1,0.59,DAFJS01.txt, -0.1, 24275, 300,288.856
GRASP,Reduced,Best,Best,1,0.59,DAFJS02.txt, -0.1, 26869, 300,0.326
GRASP,Reduced,Best,Best,1,0.59,DAFJS05.txt, -0.1, 36901, 300,60.652
GRASP,Reduced,Best,Best,1,0.59,DAFJS04.txt, -0.1, 52429, 300.001,70.451
GRASP,Reduced,Best,Best,1,0.59,DAFJS03.txt, -0.1, 51095, 300.004,46.246
GRASP,Reduced,Best,Best,1,0.59,DAFJS06.txt, -0.1, 36338, 300.002,94.039
GRASP,Reduced,Best,Best,1,0.59,DAFJS07.txt, -0.1, 46791, 300.001,118.851
GRASP,Reduced,Best,Best,1,0.59,DAFJS08.txt, -0.1, 54212, 300.002,190.915
GRASP,Reduced,Best,Best,1,0.59,DAFJS09.txt, -0.1, 40759, 300.003,184.353
GRASP,Reduced,Best,Best,1,0.59,YFJS20.txt, -0.3, 72131, 300.278,266.743
GRASP,Reduced,Best,Best,1,0.59,DAFJS10.txt, -0.1, 45560, 300.001,77.185
GRASP,Reduced,Best,Best,1,0.59,DAFJS12.txt, -0.1, 56495, 300.004,79.611
GRASP,Reduced,Best,Best,1,0.59,DAFJS11.txt, -0.1, 58686, 300.006,192.776
GRASP,Reduced,Best,Best,1,0.59,DAFJS18.txt, -0.1, 66913, 300,41.183
GRASP,Reduced,Best,Best,1,0.59,DAFJS16.txt, -0.1, 64385, 300.004,115.577
GRASP,Reduced,Best,Best,1,0.59,DAFJS13.txt, -0.1, 54583, 300.008,107.841
GRASP,Reduced,Best,Best,1,0.59,DAFJS17.txt, -0.1, 65934, 300.012,249.662
GRASP,Reduced,Best,Best,1,0.59,DAFJS19.txt, -0.1, 46995, 300.01,158.387
GRASP,Reduced,Best,Best,1,0.59,DAFJS14.txt, -0.1, 61641, 300.018,265.846
GRASP,Reduced,Best,Best,1,0.59,DAFJS15.txt, -0.1, 59997, 300.033,220.71
GRASP,Reduced,Best,Best,1,0.59,DAFJS20.txt, -0.1, 59819, 300.001,218.627
GRASP,Reduced,Best,Best,1,0.59,DAFJS24.txt, -0.1, 51532, 300.002,43.92
GRASP,Reduced,Best,Best,1,0.59,DAFJS21.txt, -0.1, 66959, 300.015,236.794
GRASP,Reduced,Best,Best,1,0.59,DAFJS29.txt, -0.1, 60670, 300.006,225.132
GRASP,Reduced,Best,Best,1,0.59,DAFJS23.txt, -0.1, 44268, 300.014,140.341
GRASP,Reduced,Best,Best,1,0.59,DAFJS28.txt, -0.1, 49561, 300.013,168.25
GRASP,Reduced,Best,Best,1,0.59,DAFJS27.txt, -0.1, 71761, 300.017,74.084
GRASP,Reduced,Best,Best,1,0.59,DAFJS25.txt, -0.1, 66766, 300.026,54.001
GRASP,Reduced,Best,Best,1,0.59,DAFJS22.txt, -0.1, 60346, 300.043,169.195
GRASP,Reduced,Best,Best,1,0.59,DAFJS26.txt, -0.1, 66891, 300.063,50.834
GRASP,Reduced,Best,Best,1,0.59,YFJS01.txt, -0.1, 69189, 300,0.078
GRASP,Reduced,Best,Best,1,0.59,YFJS02.txt, -0.1, 73149, 300,0.363
GRASP,Reduced,Best,Best,1,0.59,YFJS03.txt, -0.1, 32538, 300,0.093
GRASP,Reduced,Best,Best,1,0.59,YFJS04.txt, -0.1, 35883, 300,0.191
GRASP,Reduced,Best,Best,1,0.59,YFJS05.txt, -0.1, 41034, 300,0.925
GRASP,Reduced,Best,Best,1,0.59,YFJS06.txt, -0.1, 41174, 300.001,47.854
GRASP,Reduced,Best,Best,1,0.59,YFJS07.txt, -0.1, 41394, 300,41.547
GRASP,Reduced,Best,Best,1,0.59,YFJS08.txt, -0.1, 32655, 300,11.928
GRASP,Reduced,Best,Best,1,0.59,YFJS09.txt, -0.1, 22681, 300,45.24
GRASP,Reduced,Best,Best,1,0.59,DAFJS30.txt, -0.1, 50911, 300.012,143.624
GRASP,Reduced,Best,Best,1,0.59,YFJS10.txt, -0.1, 37685, 300.001,2.162
GRASP,Reduced,Best,Best,1,0.59,YFJS11.txt, -0.1, 49208, 300.001,82.767
GRASP,Reduced,Best,Best,1,0.59,YFJS12.txt, -0.1, 48774, 300.001,31.868
GRASP,Reduced,Best,Best,1,0.59,YFJS13.txt, -0.1, 37361, 300,108.857
GRASP,Reduced,Best,Best,1,0.59,YFJS14.txt, -0.1, 113815, 300.011,72.271
GRASP,Reduced,Best,Best,1,0.59,YFJS16.txt, -0.1, 113208, 300.018,256.584
GRASP,Reduced,Best,Best,1,0.59,YFJS15.txt, -0.1, 112531, 300.027,173.576
GRASP,Reduced,Best,Best,1,0.59,YFJS18.txt, -0.1, 110964, 300.307,89.864
GRASP,Reduced,Best,Best,1,0.59,YFJS19.txt, -0.1, 93864, 300.31,3.666
GRASP,Reduced,Best,Best,1,0.59,YFJS17.txt, -0.1, 104404, 300.435,211.273
GRASP,Reduced,Best,Best,1,0.59,DAFJS01.txt, -0.2, 22349, 300,276.898
GRASP,Reduced,Best,Best,1,0.59,DAFJS02.txt, -0.2, 24571, 300,2.885
GRASP,Reduced,Best,Best,1,0.59,DAFJS03.txt, -0.2, 45466, 300,117.022
GRASP,Reduced,Best,Best,1,0.59,DAFJS04.txt, -0.2, 45775, 300,288.289
GRASP,Reduced,Best,Best,1,0.59,DAFJS05.txt, -0.2, 32094, 300.001,191.427
GRASP,Reduced,Best,Best,1,0.59,DAFJS06.txt, -0.2, 31768, 300.003,160.701
GRASP,Reduced,Best,Best,1,0.59,DAFJS08.txt, -0.2, 46818, 300.001,79.742
GRASP,Reduced,Best,Best,1,0.59,DAFJS07.txt, -0.2, 41247, 300.002,289.13
GRASP,Reduced,Best,Best,1,0.59,DAFJS09.txt, -0.2, 35594, 300.001,3.959
GRASP,Reduced,Best,Best,1,0.59,YFJS20.txt, -0.1, 94041, 300.089,288.132
GRASP,Reduced,Best,Best,1,0.59,DAFJS10.txt, -0.2, 38018, 300,37.939
GRASP,Reduced,Best,Best,1,0.59,DAFJS12.txt, -0.2, 48426, 300.002,2.15
GRASP,Reduced,Best,Best,1,0.59,DAFJS15.txt, -0.2, 50955, 300.006,147.718
GRASP,Reduced,Best,Best,1,0.59,DAFJS19.txt, -0.2, 40931, 300.003,162.084
GRASP,Reduced,Best,Best,1,0.59,DAFJS13.txt, -0.2, 45585, 300.009,284.879
GRASP,Reduced,Best,Best,1,0.59,DAFJS14.txt, -0.2, 51576, 300.012,57.337
GRASP,Reduced,Best,Best,1,0.59,DAFJS17.txt, -0.2, 53513, 300.009,237.266
GRASP,Reduced,Best,Best,1,0.59,DAFJS18.txt, -0.2, 55434, 300.014,11.156
GRASP,Reduced,Best,Best,1,0.59,DAFJS16.txt, -0.2, 54459, 300.035,32.384
GRASP,Reduced,Best,Best,1,0.59,DAFJS11.txt, -0.2, 50096, 300.045,235.446
GRASP,Reduced,Best,Best,1,0.59,DAFJS23.txt, -0.2, 38572, 300,208.216
GRASP,Reduced,Best,Best,1,0.59,DAFJS29.txt, -0.2, 51904, 300.001,160.159
GRASP,Reduced,Best,Best,1,0.59,DAFJS25.txt, -0.2, 56413, 300.006,211.319
GRASP,Reduced,Best,Best,1,0.59,DAFJS24.txt, -0.2, 44352, 300.009,178.595
GRASP,Reduced,Best,Best,1,0.59,DAFJS28.txt, -0.2, 43197, 300.011,208.325
GRASP,Reduced,Best,Best,1,0.59,DAFJS21.txt, -0.2, 55130, 300.02,175.612
GRASP,Reduced,Best,Best,1,0.59,DAFJS20.txt, -0.2, 50299, 300.027,181.404
GRASP,Reduced,Best,Best,1,0.59,DAFJS27.txt, -0.2, 59720, 300.019,63.144
GRASP,Reduced,Best,Best,1,0.59,DAFJS22.txt, -0.2, 48816, 300.035,3.901
GRASP,Reduced,Best,Best,1,0.59,DAFJS26.txt, -0.2, 55135, 300.045,16.335
GRASP,Reduced,Best,Best,1,0.59,YFJS02.txt, -0.2, 66394, 300,0.435
GRASP,Reduced,Best,Best,1,0.59,YFJS01.txt, -0.2, 62327, 300.002,5.306
GRASP,Reduced,Best,Best,1,0.59,YFJS03.txt, -0.2, 30073, 300,0.019
GRASP,Reduced,Best,Best,1,0.59,YFJS04.txt, -0.2, 32802, 300,166.099
GRASP,Reduced,Best,Best,1,0.59,YFJS05.txt, -0.2, 37255, 300,2.07
GRASP,Reduced,Best,Best,1,0.59,YFJS06.txt, -0.2, 36812, 300,4.659
GRASP,Reduced,Best,Best,1,0.59,YFJS07.txt, -0.2, 37159, 300,0.214
GRASP,Reduced,Best,Best,1,0.59,YFJS08.txt, -0.2, 30384, 300,162.381
GRASP,Reduced,Best,Best,1,0.59,YFJS09.txt, -0.2, 21363, 300,75.69
GRASP,Reduced,Best,Best,1,0.59,DAFJS30.txt, -0.2, 43617, 300.016,4.512
GRASP,Reduced,Best,Best,1,0.59,YFJS10.txt, -0.2, 34689, 300,14.162
GRASP,Reduced,Best,Best,1,0.59,YFJS11.txt, -0.2, 45649, 300,15.653
GRASP,Reduced,Best,Best,1,0.59,YFJS12.txt, -0.2, 44084, 300,144.86
GRASP,Reduced,Best,Best,1,0.59,YFJS13.txt, -0.2, 34240, 300,22.029
GRASP,Reduced,Best,Best,1,0.59,YFJS16.txt, -0.2, 98590, 300.008,240.997
GRASP,Reduced,Best,Best,1,0.59,YFJS14.txt, -0.2, 97152, 300.022,139.131
GRASP,Reduced,Best,Best,1,0.59,YFJS15.txt, -0.2, 97604, 300.029,292.324
GRASP,Reduced,Best,Best,1,0.59,YFJS18.txt, -0.2, 95466, 300.036,139.617
GRASP,Reduced,Best,Best,1,0.59,YFJS19.txt, -0.2, 80411, 300.076,154.769
GRASP,Reduced,Best,Best,1,0.59,YFJS17.txt, -0.2, 85736, 300.194,0
GRASP,Reduced,Best,Best,1,0.59,DAFJS01.txt, -0.3, 19994, 300,2.41
GRASP,Reduced,Best,Best,1,0.59,DAFJS02.txt, -0.3, 22236, 300,0.055
GRASP,Reduced,Best,Best,1,0.59,DAFJS04.txt, -0.3, 40121, 300,143.151
GRASP,Reduced,Best,Best,1,0.59,DAFJS05.txt, -0.3, 28152, 300.001,3.094
GRASP,Reduced,Best,Best,1,0.59,DAFJS06.txt, -0.3, 27859, 300,103.939
GRASP,Reduced,Best,Best,1,0.59,DAFJS03.txt, -0.3, 40711, 300.004,160.019
GRASP,Reduced,Best,Best,1,0.59,DAFJS09.txt, -0.3, 31004, 300,268.34
GRASP,Reduced,Best,Best,1,0.59,DAFJS07.txt, -0.3, 36351, 300.003,127.814
GRASP,Reduced,Best,Best,1,0.59,DAFJS08.txt, -0.3, 40345, 300.002,135.783
GRASP,Reduced,Best,Best,1,0.59,YFJS20.txt, -0.2, 82960, 300.194,172.891
GRASP,Reduced,Best,Best,1,0.59,DAFJS10.txt, -0.3, 31984, 300.008,27.045
GRASP,Reduced,Best,Best,1,0.59,DAFJS12.txt, -0.3, 41283, 300.01,115.198
GRASP,Reduced,Best,Best,1,0.59,DAFJS19.txt, -0.3, 35497, 300.005,176.008
GRASP,Reduced,Best,Best,1,0.59,DAFJS14.txt, -0.3, 42892, 300.012,4.622
GRASP,Reduced,Best,Best,1,0.59,DAFJS16.txt, -0.3, 45487, 300.01,296.296
GRASP,Reduced,Best,Best,1,0.59,DAFJS11.txt, -0.3, 42646, 300.02,196.983
GRASP,Reduced,Best,Best,1,0.59,DAFJS17.txt, -0.3, 43942, 300.015,196.375
GRASP,Reduced,Best,Best,1,0.59,DAFJS15.txt, -0.3, 44058, 300.017,291.734
GRASP,Reduced,Best,Best,1,0.59,DAFJS13.txt, -0.3, 38121, 300.021,91.734
GRASP,Reduced,Best,Best,1,0.59,DAFJS18.txt, -0.3, 46014, 300.034,114.829
GRASP,Reduced,Best,Best,1,0.59,DAFJS23.txt, -0.3, 33752, 300.001,267.118
GRASP,Reduced,Best,Best,1,0.59,DAFJS20.txt, -0.3, 42461, 300.007,191.96
GRASP,Reduced,Best,Best,1,0.59,DAFJS27.txt, -0.3, 49597, 300.001,124.909
GRASP,Reduced,Best,Best,1,0.59,DAFJS24.txt, -0.3, 37964, 300.005,29.844
GRASP,Reduced,Best,Best,1,0.59,DAFJS25.txt, -0.3, 47007, 300.005,1.617
GRASP,Reduced,Best,Best,1,0.59,DAFJS29.txt, -0.3, 44735, 300.001,40.401
GRASP,Reduced,Best,Best,1,0.59,DAFJS26.txt, -0.3, 47138, 300.005,71.225
GRASP,Reduced,Best,Best,1,0.59,DAFJS28.txt, -0.3, 37808, 300.004,192.615
GRASP,Reduced,Best,Best,1,0.59,DAFJS21.txt, -0.3, 45705, 300.033,192.481
GRASP,Reduced,Best,Best,1,0.59,DAFJS22.txt, -0.3, 39402, 300.053,44.332
GRASP,Reduced,Best,Best,1,0.59,YFJS02.txt, -0.3, 58470, 300,0.047
GRASP,Reduced,Best,Best,1,0.59,YFJS01.txt, -0.3, 56790, 300.001,7.091
GRASP,Reduced,Best,Best,1,0.59,DAFJS30.txt, -0.3, 37421, 300.002,258.416
GRASP,Reduced,Best,Best,1,0.59,YFJS03.txt, -0.3, 27686, 300,0.002
GRASP,Reduced,Best,Best,1,0.59,YFJS04.txt, -0.3, 31250, 300,1.069
GRASP,Reduced,Best,Best,1,0.59,YFJS05.txt, -0.3, 34905, 300,0.411
GRASP,Reduced,Best,Best,1,0.59,YFJS06.txt, -0.3, 33557, 300,2.359
GRASP,Reduced,Best,Best,1,0.59,YFJS07.txt, -0.3, 33311, 300,154.062
GRASP,Reduced,Best,Best,1,0.59,YFJS08.txt, -0.3, 28355, 300,0.088
GRASP,Reduced,Best,Best,1,0.59,YFJS09.txt, -0.3, 20077, 300.001,7.369
GRASP,Reduced,Best,Best,1,0.59,YFJS10.txt, -0.3, 32159, 300,1.689
GRASP,Reduced,Best,Best,1,0.59,YFJS11.txt, -0.3, 40619, 300,22.464
GRASP,Reduced,Best,Best,1,0.59,YFJS12.txt, -0.3, 39641, 300,7.403
GRASP,Reduced,Best,Best,1,0.59,YFJS13.txt, -0.3, 31518, 300.001,36.643
GRASP,Reduced,Best,Best,1,0.59,YFJS14.txt, -0.3, 86005, 300.007,77.856
GRASP,Reduced,Best,Best,1,0.59,YFJS15.txt, -0.3, 84840, 300.028,266.632
GRASP,Reduced,Best,Best,1,0.59,YFJS16.txt, -0.3, 86801, 300.035,194.091
GRASP,Reduced,Best,Best,1,0.59,YFJS18.txt, -0.3, 83103, 300.078,214.317
GRASP,Reduced,Best,Best,1,0.59,YFJS17.txt, -0.3, 73682, 300.085,0
GRASP,Reduced,Best,Best,1,0.59,YFJS19.txt, -0.3, 72456, 300.106,7.509
GRASP,Reduced,Best,Best,1,0.59,YFJS20.txt, -0.3, 72096, 300.284,136.764
