ILS,Reduced,Best,Best,1,2,4,DAFJS01.txt, -0.1, 23460, 300.001,9.047
ILS,Reduced,Best,Best,1,2,4,DAFJS02.txt, -0.1, 26432, 300.001,59.955
ILS,Reduced,Best,Best,1,2,4,DAFJS04.txt, -0.1, 51927, 300.001,2.683
ILS,Reduced,Best,Best,1,2,4,DAFJS08.txt, -0.1, 53413, 300,274.91
ILS,Reduced,Best,Best,1,2,4,DAFJS05.txt, -0.1, 35170, 300.004,199.229
ILS,Reduced,Best,Best,1,2,4,DAFJS06.txt, -0.1, 36301, 300.005,235.05
ILS,Reduced,Best,Best,1,2,4,DAFJS10.txt, -0.1, 44405, 300.005,4.302
ILS,Reduced,Best,Best,1,2,4,DAFJS03.txt, -0.1, 50349, 300.012,112.374
ILS,Reduced,Best,Best,1,2,4,DAFJS09.txt, -0.1, 40991, 300.009,244.912
ILS,Reduced,Best,Best,1,2,4,DAFJS07.txt, -0.1, 45994, 300.017,203.481
ILS,Reduced,Best,Best,1,2,4,DAFJS20.txt, -0.1, 59689, 300.018,134.1
ILS,Reduced,Best,Best,1,2,4,DAFJS13.txt, -0.1, 55016, 300.027,2.611
ILS,Reduced,Best,Best,1,2,4,DAFJS19.txt, -0.1, 45934, 300.022,1.466
ILS,Reduced,Best,Best,1,2,4,DAFJS17.txt, -0.1, 65768, 300.03,84.162
ILS,Reduced,Best,Best,1,2,4,DAFJS16.txt, -0.1, 59979, 300.041,222.822
ILS,Reduced,Best,Best,1,2,4,DAFJS14.txt, -0.1, 62154, 300.048,26.956
ILS,Reduced,Best,Best,1,2,4,DAFJS18.txt, -0.1, 67270, 300.059,177.848
ILS,Reduced,Best,Best,1,2,4,DAFJS12.txt, -0.1, 54759, 300.124,289.349
ILS,Reduced,Best,Best,1,2,4,DAFJS21.txt, -0.1, 67453, 300.235,34.725
ILS,Reduced,Best,Best,1,2,4,DAFJS15.txt, -0.1, 59211, 300.252,245.626
ILS,Reduced,Best,Best,1,2,4,DAFJS11.txt, -0.1, 56295, 300.284,52.267
ILS,Reduced,Best,Best,1,2,4,YFJS01.txt, -0.1, 68714, 300,0.769
ILS,Reduced,Best,Best,1,2,4,YFJS02.txt, -0.1, 72465, 300.001,0.249
ILS,Reduced,Best,Best,1,2,4,DAFJS22.txt, -0.1, 57622, 300.013,91.042
ILS,Reduced,Best,Best,1,2,4,DAFJS23.txt, -0.1, 42199, 300.063,298.894
ILS,Reduced,Best,Best,1,2,4,DAFJS28.txt, -0.1, 48583, 300.058,115.448
ILS,Reduced,Best,Best,1,2,4,DAFJS26.txt, -0.1, 62846, 300.065,232.083
ILS,Reduced,Best,Best,1,2,4,DAFJS30.txt, -0.1, 49484, 300.106,290.335
ILS,Reduced,Best,Best,1,2,4,DAFJS29.txt, -0.1, 57925, 300.132,160.38
ILS,Reduced,Best,Best,1,2,4,DAFJS24.txt, -0.1, 49632, 300.206,33.775
ILS,Reduced,Best,Best,1,2,4,DAFJS25.txt, -0.1, 63106, 300.31,32.293
ILS,Reduced,Best,Best,1,2,4,DAFJS27.txt, -0.1, 69919, 300.512,208.375
ILS,Reduced,Best,Best,1,2,4,YFJS03.txt, -0.1, 32538, 300,0.118
ILS,Reduced,Best,Best,1,2,4,YFJS04.txt, -0.1, 35883, 300,2.498
ILS,Reduced,Best,Best,1,2,4,YFJS05.txt, -0.1, 40186, 300,63.793
ILS,Reduced,Best,Best,1,2,4,YFJS06.txt, -0.1, 40453, 300.001,36.75
ILS,Reduced,Best,Best,1,2,4,YFJS08.txt, -0.1, 32573, 300.001,4.364
ILS,Reduced,Best,Best,1,2,4,YFJS10.txt, -0.1, 37372, 300,41.106
ILS,Reduced,Best,Best,1,2,4,YFJS09.txt, -0.1, 22681, 300.002,9.534
ILS,Reduced,Best,Best,1,2,4,YFJS07.txt, -0.1, 40887, 300.004,279.171
ILS,Reduced,Best,Best,1,2,4,YFJS12.txt, -0.1, 46728, 300,34.399
ILS,Reduced,Best,Best,1,2,4,YFJS13.txt, -0.1, 36911, 300.003,19.84
ILS,Reduced,Best,Best,1,2,4,YFJS11.txt, -0.1, 47847, 300.007,76.9
ILS,Reduced,Best,Best,1,2,4,YFJS17.txt, -0.1, 94542, 300.001,233.954
ILS,Reduced,Best,Best,1,2,4,DAFJS01.txt, -0.2, 21683, 300.001,14.112
ILS,Reduced,Best,Best,1,2,4,DAFJS02.txt, -0.2, 24235, 300.001,28.5
ILS,Reduced,Best,Best,1,2,4,DAFJS04.txt, -0.2, 44713, 300.001,103.961
ILS,Reduced,Best,Best,1,2,4,DAFJS03.txt, -0.2, 44323, 300.016,180.23
ILS,Reduced,Best,Best,1,2,4,YFJS16.txt, -0.1, 106734, 300.03,140.091
ILS,Reduced,Best,Best,1,2,4,YFJS15.txt, -0.1, 106585, 300.135,116.314
ILS,Reduced,Best,Best,1,2,4,YFJS14.txt, -0.1, 110234, 300.794,192.17
ILS,Reduced,Best,Best,1,2,4,YFJS19.txt, -0.1, 86869, 301.502,211.157
ILS,Reduced,Best,Best,1,2,4,YFJS18.txt, -0.1, 107517, 301.676,295.109
ILS,Reduced,Best,Best,1,2,4,YFJS20.txt, -0.1, 86815, 301.958,152.582
ILS,Reduced,Best,Best,1,2,4,DAFJS05.txt, -0.2, 31136, 300.003,10.082
ILS,Reduced,Best,Best,1,2,4,DAFJS08.txt, -0.2, 45722, 300,278.641
ILS,Reduced,Best,Best,1,2,4,DAFJS06.txt, -0.2, 31071, 300.003,165.31
ILS,Reduced,Best,Best,1,2,4,DAFJS09.txt, -0.2, 35279, 300.006,92.54
ILS,Reduced,Best,Best,1,2,4,DAFJS07.txt, -0.2, 40529, 300.016,126.158
ILS,Reduced,Best,Best,1,2,4,DAFJS10.txt, -0.2, 37536, 300.017,241.22
ILS,Reduced,Best,Best,1,2,4,DAFJS13.txt, -0.2, 45525, 300.026,133.479
ILS,Reduced,Best,Best,1,2,4,DAFJS14.txt, -0.2, 51624, 300.041,27.215
ILS,Reduced,Best,Best,1,2,4,DAFJS11.txt, -0.2, 47858, 300.05,212.661
ILS,Reduced,Best,Best,1,2,4,DAFJS12.txt, -0.2, 46201, 300.146,230.249
ILS,Reduced,Best,Best,1,2,4,DAFJS15.txt, -0.2, 49690, 300.236,244.173
ILS,Reduced,Best,Best,1,2,4,DAFJS23.txt, -0.2, 37493, 300.004,171.47
ILS,Reduced,Best,Best,1,2,4,DAFJS19.txt, -0.2, 39812, 300.019,46.892
ILS,Reduced,Best,Best,1,2,4,DAFJS24.txt, -0.2, 42548, 300.026,175.949
ILS,Reduced,Best,Best,1,2,4,DAFJS25.txt, -0.2, 54460, 300.026,258.186
ILS,Reduced,Best,Best,1,2,4,DAFJS26.txt, -0.2, 52823, 300.026,102.451
ILS,Reduced,Best,Best,1,2,4,DAFJS17.txt, -0.2, 53454, 300.044,99.668
ILS,Reduced,Best,Best,1,2,4,DAFJS16.txt, -0.2, 51548, 300.047,280.25
ILS,Reduced,Best,Best,1,2,4,DAFJS18.txt, -0.2, 54842, 300.064,173.837
ILS,Reduced,Best,Best,1,2,4,DAFJS20.txt, -0.2, 50132, 300.071,146.21
ILS,Reduced,Best,Best,1,2,4,DAFJS22.txt, -0.2, 47617, 300.157,229.906
ILS,Reduced,Best,Best,1,2,4,DAFJS21.txt, -0.2, 55411, 300.221,93.367
ILS,Reduced,Best,Best,1,2,4,YFJS02.txt, -0.2, 64172, 300,3.207
ILS,Reduced,Best,Best,1,2,4,YFJS03.txt, -0.2, 30073, 300,0.462
ILS,Reduced,Best,Best,1,2,4,YFJS04.txt, -0.2, 32670, 300,1.047
ILS,Reduced,Best,Best,1,2,4,YFJS05.txt, -0.2, 37182, 300.001,6.929
ILS,Reduced,Best,Best,1,2,4,YFJS06.txt, -0.2, 36812, 300,36.175
ILS,Reduced,Best,Best,1,2,4,YFJS01.txt, -0.2, 61606, 300.006,4.684
ILS,Reduced,Best,Best,1,2,4,YFJS07.txt, -0.2, 36692, 300.007,67.921
ILS,Reduced,Best,Best,1,2,4,DAFJS28.txt, -0.2, 42537, 300.071,298.15
ILS,Reduced,Best,Best,1,2,4,DAFJS30.txt, -0.2, 42249, 300.085,160.243
ILS,Reduced,Best,Best,1,2,4,DAFJS29.txt, -0.2, 50660, 300.144,221.147
ILS,Reduced,Best,Best,1,2,4,DAFJS27.txt, -0.2, 57800, 300.361,97.28
ILS,Reduced,Best,Best,1,2,4,YFJS08.txt, -0.2, 30184, 300,0.498
ILS,Reduced,Best,Best,1,2,4,YFJS10.txt, -0.2, 34364, 300.001,60.339
ILS,Reduced,Best,Best,1,2,4,YFJS12.txt, -0.2, 42397, 300,209.532
ILS,Reduced,Best,Best,1,2,4,YFJS11.txt, -0.2, 43454, 300.003,164.78
ILS,Reduced,Best,Best,1,2,4,YFJS09.txt, -0.2, 21363, 300.008,0.216
ILS,Reduced,Best,Best,1,2,4,YFJS13.txt, -0.2, 33875, 300.004,17.665
ILS,Reduced,Best,Best,1,2,4,YFJS16.txt, -0.2, 91625, 300.015,41.255
ILS,Reduced,Best,Best,1,2,4,YFJS15.txt, -0.2, 92237, 300.102,293.971
ILS,Reduced,Best,Best,1,2,4,YFJS14.txt, -0.2, 93109, 300.18,282.963
ILS,Reduced,Best,Best,1,2,4,YFJS17.txt, -0.2, 79196, 300.211,258.969
ILS,Reduced,Best,Best,1,2,4,YFJS18.txt, -0.2, 87115, 300.81,257.682
ILS,Reduced,Best,Best,1,2,4,DAFJS01.txt, -0.3, 19716, 300,15.873
ILS,Reduced,Best,Best,1,2,4,DAFJS02.txt, -0.3, 22147, 300,14.974
ILS,Reduced,Best,Best,1,2,4,DAFJS05.txt, -0.3, 27438, 300.003,54.132
ILS,Reduced,Best,Best,1,2,4,DAFJS09.txt, -0.3, 31163, 300.001,47.186
ILS,Reduced,Best,Best,1,2,4,DAFJS04.txt, -0.3, 39197, 300.006,153.405
ILS,Reduced,Best,Best,1,2,4,DAFJS06.txt, -0.3, 26836, 300.005,148.225
ILS,Reduced,Best,Best,1,2,4,DAFJS03.txt, -0.3, 39099, 300.02,84.499
ILS,Reduced,Best,Best,1,2,4,DAFJS08.txt, -0.3, 39272, 300.031,91.693
ILS,Reduced,Best,Best,1,2,4,DAFJS07.txt, -0.3, 35667, 300.04,66.532
ILS,Reduced,Best,Best,1,2,4,YFJS19.txt, -0.2, 75242, 300.102,300.102
ILS,Reduced,Best,Best,1,2,4,YFJS20.txt, -0.2, 73651, 301.765,277.771
ILS,Reduced,Best,Best,1,2,4,DAFJS10.txt, -0.3, 31467, 300.002,5.109
ILS,Reduced,Best,Best,1,2,4,DAFJS19.txt, -0.3, 35006, 300.01,133.03
ILS,Reduced,Best,Best,1,2,4,DAFJS17.txt, -0.3, 43629, 300.018,214.735
ILS,Reduced,Best,Best,1,2,4,DAFJS13.txt, -0.3, 38194, 300.033,273.781
ILS,Reduced,Best,Best,1,2,4,DAFJS18.txt, -0.3, 45634, 300.032,218.359
ILS,Reduced,Best,Best,1,2,4,DAFJS20.txt, -0.3, 41539, 300.031,145.618
ILS,Reduced,Best,Best,1,2,4,DAFJS14.txt, -0.3, 42631, 300.047,282.359
ILS,Reduced,Best,Best,1,2,4,DAFJS15.txt, -0.3, 41918, 300.093,125.961
ILS,Reduced,Best,Best,1,2,4,DAFJS16.txt, -0.3, 43554, 300.115,290.51
ILS,Reduced,Best,Best,1,2,4,DAFJS11.txt, -0.3, 40434, 300.177,68.185
ILS,Reduced,Best,Best,1,2,4,DAFJS12.txt, -0.3, 39580, 300.462,203.629
ILS,Reduced,Best,Best,1,2,4,YFJS01.txt, -0.3, 55128, 300,2.382
ILS,Reduced,Best,Best,1,2,4,DAFJS22.txt, -0.3, 37791, 300.019,179.52
ILS,Reduced,Best,Best,1,2,4,DAFJS24.txt, -0.3, 36699, 300.046,214.014
ILS,Reduced,Best,Best,1,2,4,DAFJS30.txt, -0.3, 37190, 300.046,199.184
ILS,Reduced,Best,Best,1,2,4,DAFJS23.txt, -0.3, 33749, 300.069,251.283
ILS,Reduced,Best,Best,1,2,4,DAFJS29.txt, -0.3, 44439, 300.063,60.674
ILS,Reduced,Best,Best,1,2,4,DAFJS25.txt, -0.3, 46199, 300.081,20.642
ILS,Reduced,Best,Best,1,2,4,DAFJS27.txt, -0.3, 48700, 300.105,40.829
ILS,Reduced,Best,Best,1,2,4,DAFJS26.txt, -0.3, 44665, 300.145,53.15
ILS,Reduced,Best,Best,1,2,4,DAFJS21.txt, -0.3, 44812, 300.183,181.096
ILS,Reduced,Best,Best,1,2,4,DAFJS28.txt, -0.3, 37057, 300.182,42.744
ILS,Reduced,Best,Best,1,2,4,YFJS03.txt, -0.3, 27686, 300,0.085
ILS,Reduced,Best,Best,1,2,4,YFJS02.txt, -0.3, 57187, 300.002,1.97
ILS,Reduced,Best,Best,1,2,4,YFJS04.txt, -0.3, 29692, 300.001,0.095
ILS,Reduced,Best,Best,1,2,4,YFJS05.txt, -0.3, 33736, 300.001,2.726
ILS,Reduced,Best,Best,1,2,4,YFJS06.txt, -0.3, 33557, 300.001,38.028
ILS,Reduced,Best,Best,1,2,4,YFJS07.txt, -0.3, 33011, 300.001,263.008
ILS,Reduced,Best,Best,1,2,4,YFJS09.txt, -0.3, 20077, 300,15.987
ILS,Reduced,Best,Best,1,2,4,YFJS10.txt, -0.3, 31559, 300,15.68
ILS,Reduced,Best,Best,1,2,4,YFJS12.txt, -0.3, 38003, 300,10.454
ILS,Reduced,Best,Best,1,2,4,YFJS08.txt, -0.3, 28192, 300.004,0.243
ILS,Reduced,Best,Best,1,2,4,YFJS11.txt, -0.3, 40204, 300.001,43.287
ILS,Reduced,Best,Best,1,2,4,YFJS13.txt, -0.3, 30711, 300,16.353
ILS,Reduced,Best,Best,1,2,4,DAFJS02.txt, -0.1, 26432, 300,215.259
ILS,Reduced,Best,Best,1,2,4,DAFJS01.txt, -0.1, 23460, 300.002,27.503
ILS,Reduced,Best,Best,1,2,4,YFJS14.txt, -0.3, 79338, 300.016,299.237
ILS,Reduced,Best,Best,1,2,4,DAFJS03.txt, -0.1, 50358, 300.027,204.901
ILS,Reduced,Best,Best,1,2,4,YFJS16.txt, -0.3, 79218, 300.041,96.256
ILS,Reduced,Best,Best,1,2,4,YFJS20.txt, -0.3, 64280, 300.085,300.085
ILS,Reduced,Best,Best,1,2,4,YFJS18.txt, -0.3, 77259, 300.096,299.519
ILS,Reduced,Best,Best,1,2,4,YFJS15.txt, -0.3, 80128, 300.102,93.969
ILS,Reduced,Best,Best,1,2,4,YFJS17.txt, -0.3, 69086, 300.21,93.364
ILS,Reduced,Best,Best,1,2,4,YFJS19.txt, -0.3, 65131, 300.215,300.215
ILS,Reduced,Best,Best,1,2,4,DAFJS05.txt, -0.1, 34911, 300,221.575
ILS,Reduced,Best,Best,1,2,4,DAFJS04.txt, -0.1, 51872, 300.002,168.978
ILS,Reduced,Best,Best,1,2,4,DAFJS06.txt, -0.1, 35731, 300.001,140.451
ILS,Reduced,Best,Best,1,2,4,DAFJS07.txt, -0.1, 46351, 300.005,283.504
ILS,Reduced,Best,Best,1,2,4,DAFJS11.txt, -0.1, 56534, 300.003,183.022
ILS,Reduced,Best,Best,1,2,4,DAFJS10.txt, -0.1, 44952, 300.005,205.904
ILS,Reduced,Best,Best,1,2,4,DAFJS12.txt, -0.1, 54014, 300.01,14.902
ILS,Reduced,Best,Best,1,2,4,DAFJS14.txt, -0.1, 62305, 300.01,273.801
ILS,Reduced,Best,Best,1,2,4,DAFJS09.txt, -0.1, 40939, 300.017,194.635
ILS,Reduced,Best,Best,1,2,4,DAFJS08.txt, -0.1, 53494, 300.022,230.251
ILS,Reduced,Best,Best,1,2,4,DAFJS13.txt, -0.1, 54863, 300.035,103.688
ILS,Reduced,Best,Best,1,2,4,DAFJS16.txt, -0.1, 59333, 300.003,14.351
ILS,Reduced,Best,Best,1,2,4,DAFJS23.txt, -0.1, 43333, 300.003,4.035
ILS,Reduced,Best,Best,1,2,4,DAFJS15.txt, -0.1, 57948, 300.014,246.292
ILS,Reduced,Best,Best,1,2,4,DAFJS17.txt, -0.1, 66483, 300.026,168.031
ILS,Reduced,Best,Best,1,2,4,DAFJS24.txt, -0.1, 49629, 300.02,180.919
ILS,Reduced,Best,Best,1,2,4,DAFJS18.txt, -0.1, 67209, 300.03,273.824
ILS,Reduced,Best,Best,1,2,4,DAFJS19.txt, -0.1, 45850, 300.036,287.247
ILS,Reduced,Best,Best,1,2,4,DAFJS20.txt, -0.1, 59204, 300.136,289.873
ILS,Reduced,Best,Best,1,2,4,DAFJS21.txt, -0.1, 66665, 300.198,48.675
ILS,Reduced,Best,Best,1,2,4,DAFJS22.txt, -0.1, 58704, 300.209,20.923
ILS,Reduced,Best,Best,1,2,4,DAFJS25.txt, -0.1, 63832, 300.506,244.302
ILS,Reduced,Best,Best,1,2,4,YFJS02.txt, -0.1, 72465, 300,0.84
ILS,Reduced,Best,Best,1,2,4,YFJS03.txt, -0.1, 32538, 300,0.022
ILS,Reduced,Best,Best,1,2,4,YFJS04.txt, -0.1, 35883, 300,3.001
ILS,Reduced,Best,Best,1,2,4,YFJS01.txt, -0.1, 68714, 300.004,0.882
ILS,Reduced,Best,Best,1,2,4,YFJS05.txt, -0.1, 40186, 300.001,7.206
ILS,Reduced,Best,Best,1,2,4,DAFJS26.txt, -0.1, 63190, 300.012,51.882
ILS,Reduced,Best,Best,1,2,4,YFJS06.txt, -0.1, 40441, 300.004,113.074
ILS,Reduced,Best,Best,1,2,4,DAFJS28.txt, -0.1, 48331, 300.037,164.579
ILS,Reduced,Best,Best,1,2,4,DAFJS29.txt, -0.1, 58411, 300.07,119.003
ILS,Reduced,Best,Best,1,2,4,DAFJS30.txt, -0.1, 49796, 300.083,128.1
ILS,Reduced,Best,Best,1,2,4,DAFJS27.txt, -0.1, 68738, 300.134,63.216
ILS,Reduced,Best,Best,1,2,4,YFJS10.txt, -0.1, 37372, 300,133.669
ILS,Reduced,Best,Best,1,2,4,YFJS09.txt, -0.1, 22681, 300.002,0.769
ILS,Reduced,Best,Best,1,2,4,YFJS08.txt, -0.1, 32573, 300.003,0.292
ILS,Reduced,Best,Best,1,2,4,YFJS11.txt, -0.1, 47941, 300,139.956
ILS,Reduced,Best,Best,1,2,4,YFJS12.txt, -0.1, 46728, 300,5.326
ILS,Reduced,Best,Best,1,2,4,YFJS07.txt, -0.1, 40951, 300.008,256.397
ILS,Reduced,Best,Best,1,2,4,YFJS13.txt, -0.1, 36911, 300.013,26.608
ILS,Reduced,Best,Best,1,2,4,YFJS17.txt, -0.1, 96258, 300.022,285.65
ILS,Reduced,Best,Best,1,2,4,YFJS15.txt, -0.1, 106342, 300.046,162.577
ILS,Reduced,Best,Best,1,2,4,YFJS14.txt, -0.1, 110411, 300.281,210.306
ILS,Reduced,Best,Best,1,2,4,YFJS16.txt, -0.1, 106515, 300.3,32.733
ILS,Reduced,Best,Best,1,2,4,DAFJS01.txt, -0.2, 21683, 300,8.593
ILS,Reduced,Best,Best,1,2,4,DAFJS02.txt, -0.2, 24235, 300,30.093
ILS,Reduced,Best,Best,1,2,4,DAFJS05.txt, -0.2, 31022, 300,75.354
ILS,Reduced,Best,Best,1,2,4,DAFJS03.txt, -0.2, 44371, 300.004,15.212
ILS,Reduced,Best,Best,1,2,4,DAFJS04.txt, -0.2, 44713, 300.004,243.621
ILS,Reduced,Best,Best,1,2,4,DAFJS06.txt, -0.2, 30803, 300.003,132.739
ILS,Reduced,Best,Best,1,2,4,DAFJS07.txt, -0.2, 40325, 300.009,267.599
ILS,Reduced,Best,Best,1,2,4,DAFJS08.txt, -0.2, 45698, 300.013,220.963
ILS,Reduced,Best,Best,1,2,4,YFJS19.txt, -0.1, 85321, 300.152,243.619
ILS,Reduced,Best,Best,1,2,4,YFJS20.txt, -0.1, 89316, 300.796,85.597
ILS,Reduced,Best,Best,1,2,4,YFJS18.txt, -0.1, 103015, 301.593,151.207
ILS,Reduced,Best,Best,1,2,4,DAFJS09.txt, -0.2, 35529, 300.009,157.636
ILS,Reduced,Best,Best,1,2,4,DAFJS18.txt, -0.2, 55246, 300.002,72.427
ILS,Reduced,Best,Best,1,2,4,DAFJS17.txt, -0.2, 53877, 300.018,250.864
ILS,Reduced,Best,Best,1,2,4,DAFJS16.txt, -0.2, 50423, 300.021,37.695
ILS,Reduced,Best,Best,1,2,4,DAFJS19.txt, -0.2, 39523, 300.022,286.394
ILS,Reduced,Best,Best,1,2,4,DAFJS10.txt, -0.2, 37636, 300.039,159.272
ILS,Reduced,Best,Best,1,2,4,DAFJS14.txt, -0.2, 52012, 300.034,107.996
ILS,Reduced,Best,Best,1,2,4,DAFJS13.txt, -0.2, 45728, 300.041,283.026
ILS,Reduced,Best,Best,1,2,4,DAFJS12.txt, -0.2, 46382, 300.1,260.785
ILS,Reduced,Best,Best,1,2,4,DAFJS15.txt, -0.2, 50231, 300.227,47.27
ILS,Reduced,Best,Best,1,2,4,DAFJS11.txt, -0.2, 47444, 300.403,22.946
ILS,Reduced,Best,Best,1,2,4,DAFJS21.txt, -0.2, 54936, 300.01,35.178
ILS,Reduced,Best,Best,1,2,4,DAFJS28.txt, -0.2, 41631, 300.012,192.662
ILS,Reduced,Best,Best,1,2,4,DAFJS22.txt, -0.2, 47185, 300.035,10.679
ILS,Reduced,Best,Best,1,2,4,DAFJS23.txt, -0.2, 37910, 300.036,9.08
ILS,Reduced,Best,Best,1,2,4,DAFJS30.txt, -0.2, 43052, 300.029,275.32
ILS,Reduced,Best,Best,1,2,4,DAFJS25.txt, -0.2, 54237, 300.052,54.718
ILS,Reduced,Best,Best,1,2,4,DAFJS24.txt, -0.2, 42507, 300.057,61.365
ILS,Reduced,Best,Best,1,2,4,DAFJS29.txt, -0.2, 50844, 300.088,217.422
ILS,Reduced,Best,Best,1,2,4,DAFJS20.txt, -0.2, 49691, 300.099,105.113
ILS,Reduced,Best,Best,1,2,4,DAFJS27.txt, -0.2, 58044, 300.251,175.09
ILS,Reduced,Best,Best,1,2,4,DAFJS26.txt, -0.2, 53116, 300.415,192.193
ILS,Reduced,Best,Best,1,2,4,YFJS03.txt, -0.2, 30073, 300,0.212
ILS,Reduced,Best,Best,1,2,4,YFJS02.txt, -0.2, 64172, 300.001,0.772
ILS,Reduced,Best,Best,1,2,4,YFJS04.txt, -0.2, 32670, 300,0.28
ILS,Reduced,Best,Best,1,2,4,YFJS05.txt, -0.2, 37182, 300.002,0.562
ILS,Reduced,Best,Best,1,2,4,YFJS06.txt, -0.2, 36749, 300.001,180.467
ILS,Reduced,Best,Best,1,2,4,YFJS07.txt, -0.2, 36692, 300,88.245
ILS,Reduced,Best,Best,1,2,4,YFJS01.txt, -0.2, 61606, 300.009,0.32
ILS,Reduced,Best,Best,1,2,4,YFJS09.txt, -0.2, 21363, 300,12.21
ILS,Reduced,Best,Best,1,2,4,YFJS08.txt, -0.2, 30184, 300.001,0.226
ILS,Reduced,Best,Best,1,2,4,YFJS10.txt, -0.2, 34364, 300.001,29.888
ILS,Reduced,Best,Best,1,2,4,YFJS11.txt, -0.2, 43632, 300,40.443
ILS,Reduced,Best,Best,1,2,4,YFJS12.txt, -0.2, 42232, 300,207.542
ILS,Reduced,Best,Best,1,2,4,YFJS13.txt, -0.2, 33875, 300.003,34.824
ILS,Reduced,Best,Best,1,2,4,DAFJS01.txt, -0.3, 19716, 300,64.667
ILS,Reduced,Best,Best,1,2,4,DAFJS02.txt, -0.3, 22147, 300.001,50.883
ILS,Reduced,Best,Best,1,2,4,YFJS16.txt, -0.2, 92202, 300.021,154.959
ILS,Reduced,Best,Best,1,2,4,YFJS20.txt, -0.2, 78730, 300.055,217.322
ILS,Reduced,Best,Best,1,2,4,YFJS15.txt, -0.2, 94159, 300.11,236.311
ILS,Reduced,Best,Best,1,2,4,YFJS17.txt, -0.2, 81158, 300.215,167.389
ILS,Reduced,Best,Best,1,2,4,YFJS14.txt, -0.2, 92851, 300.412,120.639
ILS,Reduced,Best,Best,1,2,4,YFJS19.txt, -0.2, 71434, 300.605,242.084
ILS,Reduced,Best,Best,1,2,4,YFJS18.txt, -0.2, 92112, 300.641,253.751
ILS,Reduced,Best,Best,1,2,4,DAFJS06.txt, -0.3, 26709, 300,203.31
ILS,Reduced,Best,Best,1,2,4,DAFJS03.txt, -0.3, 38986, 300.003,55.285
ILS,Reduced,Best,Best,1,2,4,DAFJS04.txt, -0.3, 39133, 300.004,91.691
ILS,Reduced,Best,Best,1,2,4,DAFJS07.txt, -0.3, 36238, 300.003,88.788
ILS,Reduced,Best,Best,1,2,4,DAFJS05.txt, -0.3, 27517, 300.007,239.373
ILS,Reduced,Best,Best,1,2,4,DAFJS08.txt, -0.3, 39245, 300.01,40.709
ILS,Reduced,Best,Best,1,2,4,DAFJS09.txt, -0.3, 31035, 300.009,108.611
ILS,Reduced,Best,Best,1,2,4,DAFJS10.txt, -0.3, 31379, 300.015,117.035
ILS,Reduced,Best,Best,1,2,4,DAFJS13.txt, -0.3, 38169, 300.016,48.641
ILS,Reduced,Best,Best,1,2,4,DAFJS11.txt, -0.3, 41016, 300.043,199.714
ILS,Reduced,Best,Best,1,2,4,DAFJS12.txt, -0.3, 39310, 300.137,112.432
ILS,Reduced,Best,Best,1,2,4,DAFJS19.txt, -0.3, 34768, 300.008,230.951
ILS,Reduced,Best,Best,1,2,4,DAFJS18.txt, -0.3, 45786, 300.01,280.779
ILS,Reduced,Best,Best,1,2,4,DAFJS14.txt, -0.3, 43028, 300.019,155.848
ILS,Reduced,Best,Best,1,2,4,DAFJS21.txt, -0.3, 45305, 300.02,170.877
ILS,Reduced,Best,Best,1,2,4,DAFJS17.txt, -0.3, 42897, 300.036,15.937
ILS,Reduced,Best,Best,1,2,4,DAFJS15.txt, -0.3, 42632, 300.047,243.439
ILS,Reduced,Best,Best,1,2,4,DAFJS22.txt, -0.3, 38287, 300.057,23.817
ILS,Reduced,Best,Best,1,2,4,DAFJS24.txt, -0.3, 36210, 300.056,242.358
ILS,Reduced,Best,Best,1,2,4,DAFJS23.txt, -0.3, 33035, 300.059,144.501
ILS,Reduced,Best,Best,1,2,4,DAFJS20.txt, -0.3, 41702, 300.081,112.026
ILS,Reduced,Best,Best,1,2,4,DAFJS16.txt, -0.3, 43287, 300.15,194.903
ILS,Reduced,Best,Best,1,2,4,YFJS01.txt, -0.3, 55128, 300.001,0.519
ILS,Reduced,Best,Best,1,2,4,YFJS02.txt, -0.3, 57187, 300.001,0.258
ILS,Reduced,Best,Best,1,2,4,DAFJS28.txt, -0.3, 37318, 300.006,233.232
ILS,Reduced,Best,Best,1,2,4,YFJS03.txt, -0.3, 27686, 300,0.159
ILS,Reduced,Best,Best,1,2,4,YFJS04.txt, -0.3, 29692, 300.001,0.873
ILS,Reduced,Best,Best,1,2,4,YFJS05.txt, -0.3, 33736, 300,0.841
ILS,Reduced,Best,Best,1,2,4,DAFJS29.txt, -0.3, 44058, 300.04,260.508
ILS,Reduced,Best,Best,1,2,4,DAFJS25.txt, -0.3, 46039, 300.051,289.069
ILS,Reduced,Best,Best,1,2,4,DAFJS30.txt, -0.3, 37591, 300.156,21.517
ILS,Reduced,Best,Best,1,2,4,DAFJS27.txt, -0.3, 48121, 300.202,121.389
ILS,Reduced,Best,Best,1,2,4,DAFJS26.txt, -0.3, 44861, 300.236,178.224
ILS,Reduced,Best,Best,1,2,4,YFJS08.txt, -0.3, 28192, 300,0.228
ILS,Reduced,Best,Best,1,2,4,YFJS06.txt, -0.3, 33276, 300.004,130.056
ILS,Reduced,Best,Best,1,2,4,YFJS09.txt, -0.3, 20077, 300.003,0.365
ILS,Reduced,Best,Best,1,2,4,YFJS07.txt, -0.3, 33011, 300.009,30.243
ILS,Reduced,Best,Best,1,2,4,YFJS11.txt, -0.3, 40319, 300.004,10.725
ILS,Reduced,Best,Best,1,2,4,YFJS10.txt, -0.3, 31559, 300.008,8.354
ILS,Reduced,Best,Best,1,2,4,YFJS13.txt, -0.3, 30939, 300.006,221.068
ILS,Reduced,Best,Best,1,2,4,YFJS12.txt, -0.3, 38392, 300.009,259.627
ILS,Reduced,Best,Best,1,2,4,YFJS14.txt, -0.3, 79092, 300.013,266.969
ILS,Reduced,Best,Best,1,2,4,YFJS16.txt, -0.3, 79099, 300.163,84.71
ILS,Reduced,Best,Best,1,2,4,YFJS15.txt, -0.3, 80670, 300.59,31.647
ILS,Reduced,Best,Best,1,2,4,DAFJS02.txt, -0.1, 26432, 300.002,98.86
ILS,Reduced,Best,Best,1,2,4,DAFJS01.txt, -0.1, 23460, 300.003,52.581
ILS,Reduced,Best,Best,1,2,4,DAFJS04.txt, -0.1, 51927, 300.001,14.305
ILS,Reduced,Best,Best,1,2,4,DAFJS03.txt, -0.1, 50358, 300.004,47.186
ILS,Reduced,Best,Best,1,2,4,DAFJS05.txt, -0.1, 34911, 300.002,106.626
ILS,Reduced,Best,Best,1,2,4,DAFJS07.txt, -0.1, 45799, 300.01,50.387
ILS,Reduced,Best,Best,1,2,4,DAFJS06.txt, -0.1, 36175, 300.022,59.912
ILS,Reduced,Best,Best,1,2,4,YFJS19.txt, -0.3, 61341, 300.283,298.808
ILS,Reduced,Best,Best,1,2,4,YFJS17.txt, -0.3, 68050, 300.372,130.995
ILS,Reduced,Best,Best,1,2,4,YFJS20.txt, -0.3, 63462, 302.294,193.863
ILS,Reduced,Best,Best,1,2,4,YFJS18.txt, -0.3, 74538, 304.074,247.681
ILS,Reduced,Best,Best,1,2,4,DAFJS09.txt, -0.1, 41064, 300,113.284
ILS,Reduced,Best,Best,1,2,4,DAFJS10.txt, -0.1, 44011, 300.003,190.549
ILS,Reduced,Best,Best,1,2,4,DAFJS14.txt, -0.1, 62819, 300.013,62.138
ILS,Reduced,Best,Best,1,2,4,DAFJS13.txt, -0.1, 55354, 300.025,176.766
ILS,Reduced,Best,Best,1,2,4,DAFJS08.txt, -0.1, 53300, 300.043,150.697
ILS,Reduced,Best,Best,1,2,4,DAFJS17.txt, -0.1, 65954, 300.03,73.011
ILS,Reduced,Best,Best,1,2,4,DAFJS18.txt, -0.1, 66768, 300.043,150.719
ILS,Reduced,Best,Best,1,2,4,DAFJS11.txt, -0.1, 56213, 300.078,243.95
ILS,Reduced,Best,Best,1,2,4,DAFJS16.txt, -0.1, 60153, 300.127,89.145
ILS,Reduced,Best,Best,1,2,4,DAFJS15.txt, -0.1, 58579, 300.165,54.609
ILS,Reduced,Best,Best,1,2,4,DAFJS12.txt, -0.1, 54641, 300.235,142.716
ILS,Reduced,Best,Best,1,2,4,DAFJS19.txt, -0.1, 46053, 300.007,191.344
ILS,Reduced,Best,Best,1,2,4,DAFJS21.txt, -0.1, 67651, 300.011,142.179
ILS,Reduced,Best,Best,1,2,4,DAFJS27.txt, -0.1, 68329, 300.036,111.369
ILS,Reduced,Best,Best,1,2,4,DAFJS23.txt, -0.1, 43372, 300.058,250.353
ILS,Reduced,Best,Best,1,2,4,DAFJS22.txt, -0.1, 57825, 300.081,168.511
ILS,Reduced,Best,Best,1,2,4,DAFJS20.txt, -0.1, 59491, 300.124,193.508
ILS,Reduced,Best,Best,1,2,4,DAFJS28.txt, -0.1, 48432, 300.134,131.283
ILS,Reduced,Best,Best,1,2,4,DAFJS26.txt, -0.1, 63051, 300.136,228.326
ILS,Reduced,Best,Best,1,2,4,DAFJS24.txt, -0.1, 49534, 300.212,119.967
ILS,Reduced,Best,Best,1,2,4,DAFJS29.txt, -0.1, 58052, 300.276,59.844
ILS,Reduced,Best,Best,1,2,4,DAFJS25.txt, -0.1, 63271, 300.582,53.352
ILS,Reduced,Best,Best,1,2,4,YFJS01.txt, -0.1, 68714, 300,0.039
ILS,Reduced,Best,Best,1,2,4,YFJS02.txt, -0.1, 72465, 300,0.045
ILS,Reduced,Best,Best,1,2,4,YFJS03.txt, -0.1, 32538, 300,0.088
ILS,Reduced,Best,Best,1,2,4,YFJS04.txt, -0.1, 35883, 300.001,0.378
ILS,Reduced,Best,Best,1,2,4,YFJS05.txt, -0.1, 40186, 300.002,114.965
ILS,Reduced,Best,Best,1,2,4,YFJS08.txt, -0.1, 32573, 300,0.361
ILS,Reduced,Best,Best,1,2,4,YFJS07.txt, -0.1, 40951, 300.002,91.403
ILS,Reduced,Best,Best,1,2,4,YFJS09.txt, -0.1, 22681, 300.001,0.644
ILS,Reduced,Best,Best,1,2,4,YFJS10.txt, -0.1, 37372, 300,5.717
ILS,Reduced,Best,Best,1,2,4,YFJS06.txt, -0.1, 40453, 300.007,104.093
ILS,Reduced,Best,Best,1,2,4,DAFJS30.txt, -0.1, 49818, 300.02,180.034
ILS,Reduced,Best,Best,1,2,4,YFJS13.txt, -0.1, 36911, 300.001,88.709
ILS,Reduced,Best,Best,1,2,4,YFJS12.txt, -0.1, 46728, 300.008,13.436
ILS,Reduced,Best,Best,1,2,4,YFJS11.txt, -0.1, 47800, 300.009,37.263
ILS,Reduced,Best,Best,1,2,4,DAFJS01.txt, -0.2, 21683, 300,7.269
ILS,Reduced,Best,Best,1,2,4,YFJS14.txt, -0.1, 110221, 300.162,227.898
ILS,Reduced,Best,Best,1,2,4,YFJS16.txt, -0.1, 105461, 300.262,137.621
ILS,Reduced,Best,Best,1,2,4,YFJS15.txt, -0.1, 106242, 300.406,294.162
ILS,Reduced,Best,Best,1,2,4,YFJS17.txt, -0.1, 95308, 300.734,278.519
ILS,Reduced,Best,Best,1,2,4,YFJS19.txt, -0.1, 87441, 300.904,242.537
ILS,Reduced,Best,Best,1,2,4,YFJS20.txt, -0.1, 87323, 301.176,301.176
ILS,Reduced,Best,Best,1,2,4,YFJS18.txt, -0.1, 106655, 301.213,275.531
ILS,Reduced,Best,Best,1,2,4,DAFJS05.txt, -0.2, 31116, 300.002,174.722
ILS,Reduced,Best,Best,1,2,4,DAFJS02.txt, -0.2, 24235, 300.005,74.465
ILS,Reduced,Best,Best,1,2,4,DAFJS04.txt, -0.2, 44713, 300.007,66.299
ILS,Reduced,Best,Best,1,2,4,DAFJS07.txt, -0.2, 40506, 300.017,285.849
ILS,Reduced,Best,Best,1,2,4,DAFJS10.txt, -0.2, 37653, 300.014,135.706
ILS,Reduced,Best,Best,1,2,4,DAFJS03.txt, -0.2, 44315, 300.024,87.523
ILS,Reduced,Best,Best,1,2,4,DAFJS09.txt, -0.2, 35759, 300.019,123.585
ILS,Reduced,Best,Best,1,2,4,DAFJS06.txt, -0.2, 31129, 300.025,87.162
ILS,Reduced,Best,Best,1,2,4,DAFJS08.txt, -0.2, 45700, 300.029,226.537
ILS,Reduced,Best,Best,1,2,4,DAFJS11.txt, -0.2, 47788, 300.137,164.899
ILS,Reduced,Best,Best,1,2,4,DAFJS12.txt, -0.2, 45977, 300.35,205.024
ILS,Reduced,Best,Best,1,2,4,DAFJS19.txt, -0.2, 39554, 300,243.413
ILS,Reduced,Best,Best,1,2,4,DAFJS13.txt, -0.2, 45451, 300.013,90.606
ILS,Reduced,Best,Best,1,2,4,DAFJS23.txt, -0.2, 37811, 300.006,168.798
ILS,Reduced,Best,Best,1,2,4,DAFJS14.txt, -0.2, 51800, 300.02,99.129
ILS,Reduced,Best,Best,1,2,4,DAFJS15.txt, -0.2, 49617, 300.031,29.025
ILS,Reduced,Best,Best,1,2,4,DAFJS16.txt, -0.2, 50807, 300.048,247.546
ILS,Reduced,Best,Best,1,2,4,DAFJS17.txt, -0.2, 53690, 300.047,298.516
ILS,Reduced,Best,Best,1,2,4,DAFJS22.txt, -0.2, 46731, 300.048,248.642
ILS,Reduced,Best,Best,1,2,4,DAFJS20.txt, -0.2, 50108, 300.062,123.654
ILS,Reduced,Best,Best,1,2,4,DAFJS18.txt, -0.2, 54798, 300.065,225.88
ILS,Reduced,Best,Best,1,2,4,DAFJS21.txt, -0.2, 55408, 300.231,202.505
ILS,Reduced,Best,Best,1,2,4,YFJS02.txt, -0.2, 64172, 300.001,3.15
ILS,Reduced,Best,Best,1,2,4,YFJS01.txt, -0.2, 61606, 300.002,1.03
ILS,Reduced,Best,Best,1,2,4,YFJS04.txt, -0.2, 32670, 300.001,2.234
ILS,Reduced,Best,Best,1,2,4,YFJS03.txt, -0.2, 30073, 300.003,0.346
ILS,Reduced,Best,Best,1,2,4,DAFJS25.txt, -0.2, 54354, 300.015,141.194
ILS,Reduced,Best,Best,1,2,4,DAFJS28.txt, -0.2, 42280, 300.111,268.262
ILS,Reduced,Best,Best,1,2,4,DAFJS29.txt, -0.2, 50629, 300.171,261.813
ILS,Reduced,Best,Best,1,2,4,DAFJS24.txt, -0.2, 42443, 300.177,51.68
ILS,Reduced,Best,Best,1,2,4,DAFJS30.txt, -0.2, 42791, 300.176,48.787
ILS,Reduced,Best,Best,1,2,4,DAFJS27.txt, -0.2, 57339, 300.254,176.296
ILS,Reduced,Best,Best,1,2,4,DAFJS26.txt, -0.2, 52590, 300.302,38.517
ILS,Reduced,Best,Best,1,2,4,YFJS05.txt, -0.2, 37182, 300,0.791
ILS,Reduced,Best,Best,1,2,4,YFJS06.txt, -0.2, 36749, 300,48.581
ILS,Reduced,Best,Best,1,2,4,YFJS07.txt, -0.2, 36611, 300,209.659
ILS,Reduced,Best,Best,1,2,4,YFJS08.txt, -0.2, 30184, 300,0.549
ILS,Reduced,Best,Best,1,2,4,YFJS10.txt, -0.2, 34364, 300.001,11.47
ILS,Reduced,Best,Best,1,2,4,YFJS11.txt, -0.2, 43776, 300.003,105.445
ILS,Reduced,Best,Best,1,2,4,YFJS12.txt, -0.2, 42232, 300.004,24.518
ILS,Reduced,Best,Best,1,2,4,YFJS09.txt, -0.2, 21363, 300.008,28.967
ILS,Reduced,Best,Best,1,2,4,YFJS13.txt, -0.2, 33875, 300.005,10.839
ILS,Reduced,Best,Best,1,2,4,YFJS15.txt, -0.2, 92323, 300.135,277.092
ILS,Reduced,Best,Best,1,2,4,YFJS14.txt, -0.2, 92834, 300.391,151.942
ILS,Reduced,Best,Best,1,2,4,DAFJS01.txt, -0.3, 19716, 300.001,0.665
ILS,Reduced,Best,Best,1,2,4,DAFJS02.txt, -0.3, 22147, 300,32.842
ILS,Reduced,Best,Best,1,2,4,DAFJS06.txt, -0.3, 26825, 300,79.553
ILS,Reduced,Best,Best,1,2,4,DAFJS03.txt, -0.3, 39080, 300.006,268.928
ILS,Reduced,Best,Best,1,2,4,DAFJS04.txt, -0.3, 39190, 300.005,25.666
ILS,Reduced,Best,Best,1,2,4,DAFJS05.txt, -0.3, 27114, 300.004,96.566
ILS,Reduced,Best,Best,1,2,4,YFJS17.txt, -0.2, 80026, 300.105,215.842
ILS,Reduced,Best,Best,1,2,4,YFJS20.txt, -0.2, 75482, 300.138,265.874
ILS,Reduced,Best,Best,1,2,4,YFJS16.txt, -0.2, 91693, 300.47,123.949
ILS,Reduced,Best,Best,1,2,4,YFJS18.txt, -0.2, 87985, 300.638,255.81
ILS,Reduced,Best,Best,1,2,4,YFJS19.txt, -0.2, 75834, 303.245,281.916
ILS,Reduced,Best,Best,1,2,4,DAFJS07.txt, -0.3, 36358, 300.002,126.078
ILS,Reduced,Best,Best,1,2,4,DAFJS09.txt, -0.3, 30949, 300.005,17.663
ILS,Reduced,Best,Best,1,2,4,DAFJS10.txt, -0.3, 31496, 300.005,104.319
ILS,Reduced,Best,Best,1,2,4,DAFJS17.txt, -0.3, 43878, 300.005,14.603
ILS,Reduced,Best,Best,1,2,4,DAFJS13.txt, -0.3, 38169, 300.011,84.117
ILS,Reduced,Best,Best,1,2,4,DAFJS08.txt, -0.3, 39103, 300.019,127.748
ILS,Reduced,Best,Best,1,2,4,DAFJS12.txt, -0.3, 38751, 300.015,76.72
ILS,Reduced,Best,Best,1,2,4,DAFJS15.txt, -0.3, 42585, 300.032,270.453
ILS,Reduced,Best,Best,1,2,4,DAFJS14.txt, -0.3, 42936, 300.044,223.276
ILS,Reduced,Best,Best,1,2,4,DAFJS11.txt, -0.3, 40723, 300.086,34.003
ILS,Reduced,Best,Best,1,2,4,DAFJS16.txt, -0.3, 43173, 300.119,267.025
ILS,Reduced,Best,Best,1,2,4,DAFJS23.txt, -0.3, 33628, 300,206.105
ILS,Reduced,Best,Best,1,2,4,DAFJS18.txt, -0.3, 45138, 300.007,163.95
ILS,Reduced,Best,Best,1,2,4,DAFJS28.txt, -0.3, 37037, 300.002,278.413
ILS,Reduced,Best,Best,1,2,4,DAFJS20.txt, -0.3, 41627, 300.021,270.205
ILS,Reduced,Best,Best,1,2,4,DAFJS19.txt, -0.3, 34498, 300.03,211.55
ILS,Reduced,Best,Best,1,2,4,DAFJS25.txt, -0.3, 45568, 300.054,294.73
ILS,Reduced,Best,Best,1,2,4,DAFJS22.txt, -0.3, 38342, 300.082,276.536
ILS,Reduced,Best,Best,1,2,4,DAFJS26.txt, -0.3, 45161, 300.103,128.482
ILS,Reduced,Best,Best,1,2,4,DAFJS24.txt, -0.3, 36593, 300.118,226.964
ILS,Reduced,Best,Best,1,2,4,DAFJS21.txt, -0.3, 45947, 300.251,171.939
ILS,Reduced,Best,Best,1,2,4,DAFJS27.txt, -0.3, 48350, 300.346,9.995
ILS,Reduced,Best,Best,1,2,4,YFJS02.txt, -0.3, 57187, 300.001,0.368
ILS,Reduced,Best,Best,1,2,4,YFJS01.txt, -0.3, 55128, 300.004,0.548
ILS,Reduced,Best,Best,1,2,4,YFJS04.txt, -0.3, 29692, 300,1.306
ILS,Reduced,Best,Best,1,2,4,YFJS03.txt, -0.3, 27686, 300.003,0.093
ILS,Reduced,Best,Best,1,2,4,YFJS05.txt, -0.3, 33736, 300.001,7.36
ILS,Reduced,Best,Best,1,2,4,YFJS06.txt, -0.3, 33276, 300.002,145.107
ILS,Reduced,Best,Best,1,2,4,YFJS08.txt, -0.3, 28192, 300.001,0.706
ILS,Reduced,Best,Best,1,2,4,YFJS09.txt, -0.3, 20077, 300.001,1.888
ILS,Reduced,Best,Best,1,2,4,YFJS07.txt, -0.3, 33011, 300.006,60.823
ILS,Reduced,Best,Best,1,2,4,DAFJS30.txt, -0.3, 37356, 300.072,79.219
ILS,Reduced,Best,Best,1,2,4,DAFJS29.txt, -0.3, 43779, 300.112,9.928
ILS,Reduced,Best,Best,1,2,4,YFJS12.txt, -0.3, 38392, 300,111.089
ILS,Reduced,Best,Best,1,2,4,YFJS10.txt, -0.3, 31559, 300.003,186.722
ILS,Reduced,Best,Best,1,2,4,YFJS11.txt, -0.3, 40319, 300.007,44.189
ILS,Reduced,Best,Best,1,2,4,YFJS13.txt, -0.3, 30711, 300.007,92.381
ILS,Reduced,Best,Best,1,2,4,YFJS14.txt, -0.3, 79248, 300.041,298.67
ILS,Reduced,Best,Best,1,2,4,YFJS16.txt, -0.3, 79924, 300.04,175.395
ILS,Reduced,Best,Best,1,2,4,YFJS15.txt, -0.3, 80431, 300.216,235.77
ILS,Reduced,Best,Best,1,2,4,YFJS20.txt, -0.3, 61649, 300.482,253.791
ILS,Reduced,Best,Best,1,2,4,YFJS17.txt, -0.3, 67391, 301.157,297.831
ILS,Reduced,Best,Best,1,2,4,YFJS19.txt, -0.3, 61681, 301.387,258.7
ILS,Reduced,Best,Best,1,2,4,YFJS18.txt, -0.3, 72826, 301.998,213.069
ILS,Reduced,Best,Best,1,2,4,DAFJS01.txt, -0.1, 23460, 300.001,9.663
ILS,Reduced,Best,Best,1,2,4,DAFJS02.txt, -0.1, 26432, 300,23.889
ILS,Reduced,Best,Best,1,2,4,DAFJS03.txt, -0.1, 50343, 300.002,22.348
ILS,Reduced,Best,Best,1,2,4,DAFJS04.txt, -0.1, 51927, 300.001,12.876
ILS,Reduced,Best,Best,1,2,4,DAFJS05.txt, -0.1, 34747, 300.004,283.065
ILS,Reduced,Best,Best,1,2,4,DAFJS11.txt, -0.1, 55546, 300,138.173
ILS,Reduced,Best,Best,1,2,4,DAFJS06.txt, -0.1, 35860, 300.006,128.769
ILS,Reduced,Best,Best,1,2,4,DAFJS07.txt, -0.1, 46190, 300.012,246.398
ILS,Reduced,Best,Best,1,2,4,DAFJS08.txt, -0.1, 53403, 300.012,109.27
ILS,Reduced,Best,Best,1,2,4,DAFJS10.txt, -0.1, 44847, 300.012,266.507
ILS,Reduced,Best,Best,1,2,4,DAFJS09.txt, -0.1, 41149, 300.014,213.721
ILS,Reduced,Best,Best,1,2,4,DAFJS15.txt, -0.1, 58581, 300.012,6.211
ILS,Reduced,Best,Best,1,2,4,DAFJS19.txt, -0.1, 45733, 300.029,241.74
ILS,Reduced,Best,Best,1,2,4,DAFJS17.txt, -0.1, 66141, 300.034,288.52
ILS,Reduced,Best,Best,1,2,4,DAFJS14.txt, -0.1, 61797, 300.047,73.762
ILS,Reduced,Best,Best,1,2,4,DAFJS20.txt, -0.1, 59196, 300.047,261.662
ILS,Reduced,Best,Best,1,2,4,DAFJS18.txt, -0.1, 67154, 300.061,210.971
ILS,Reduced,Best,Best,1,2,4,DAFJS13.txt, -0.1, 54326, 300.075,135.633
ILS,Reduced,Best,Best,1,2,4,DAFJS21.txt, -0.1, 67215, 300.088,227.141
ILS,Reduced,Best,Best,1,2,4,DAFJS22.txt, -0.1, 57407, 300.116,137.683
ILS,Reduced,Best,Best,1,2,4,DAFJS12.txt, -0.1, 54459, 300.221,239.688
ILS,Reduced,Best,Best,1,2,4,DAFJS16.txt, -0.1, 59698, 300.276,240.32
ILS,Reduced,Best,Best,1,2,4,YFJS02.txt, -0.1, 72465, 300.001,0.647
ILS,Reduced,Best,Best,1,2,4,YFJS03.txt, -0.1, 32538, 300,0.014
ILS,Reduced,Best,Best,1,2,4,YFJS01.txt, -0.1, 68714, 300.002,0.421
ILS,Reduced,Best,Best,1,2,4,DAFJS24.txt, -0.1, 49120, 300.018,101.202
ILS,Reduced,Best,Best,1,2,4,DAFJS26.txt, -0.1, 63400, 300.042,199.147
ILS,Reduced,Best,Best,1,2,4,DAFJS23.txt, -0.1, 43187, 300.058,12.887
ILS,Reduced,Best,Best,1,2,4,DAFJS28.txt, -0.1, 48549, 300.086,191.412
ILS,Reduced,Best,Best,1,2,4,DAFJS29.txt, -0.1, 57603, 300.099,214.774
ILS,Reduced,Best,Best,1,2,4,DAFJS25.txt, -0.1, 63769, 300.135,274.442
ILS,Reduced,Best,Best,1,2,4,DAFJS27.txt, -0.1, 69476, 300.151,114.633
ILS,Reduced,Best,Best,1,2,4,DAFJS30.txt, -0.1, 48418, 300.149,244.438
ILS,Reduced,Best,Best,1,2,4,YFJS04.txt, -0.1, 35883, 300,0.042
ILS,Reduced,Best,Best,1,2,4,YFJS05.txt, -0.1, 40186, 300,21.147
ILS,Reduced,Best,Best,1,2,4,YFJS06.txt, -0.1, 40441, 300.001,154.636
ILS,Reduced,Best,Best,1,2,4,YFJS07.txt, -0.1, 40951, 300.001,99.601
ILS,Reduced,Best,Best,1,2,4,YFJS08.txt, -0.1, 32573, 300,0.254
ILS,Reduced,Best,Best,1,2,4,YFJS10.txt, -0.1, 37372, 300.002,47.58
ILS,Reduced,Best,Best,1,2,4,YFJS11.txt, -0.1, 47847, 300.001,81.507
ILS,Reduced,Best,Best,1,2,4,YFJS13.txt, -0.1, 36911, 300,116.934
ILS,Reduced,Best,Best,1,2,4,YFJS09.txt, -0.1, 22681, 300.007,3.068
ILS,Reduced,Best,Best,1,2,4,YFJS12.txt, -0.1, 46728, 300.005,42.261
ILS,Reduced,Best,Best,1,2,4,YFJS14.txt, -0.1, 110433, 300.427,296.148
ILS,Reduced,Best,Best,1,2,4,DAFJS01.txt, -0.2, 21683, 300.003,0.887
ILS,Reduced,Best,Best,1,2,4,DAFJS03.txt, -0.2, 44379, 300.001,185.349
ILS,Reduced,Best,Best,1,2,4,DAFJS05.txt, -0.2, 31325, 300,183.974
ILS,Reduced,Best,Best,1,2,4,DAFJS04.txt, -0.2, 44713, 300.003,145.469
ILS,Reduced,Best,Best,1,2,4,DAFJS02.txt, -0.2, 24235, 300.006,0.579
ILS,Reduced,Best,Best,1,2,4,YFJS20.txt, -0.1, 87651, 300.028,300.027
ILS,Reduced,Best,Best,1,2,4,YFJS16.txt, -0.1, 105143, 300.047,275.426
ILS,Reduced,Best,Best,1,2,4,YFJS17.txt, -0.1, 95185, 300.054,207.829
ILS,Reduced,Best,Best,1,2,4,YFJS15.txt, -0.1, 106280, 300.093,192.923
ILS,Reduced,Best,Best,1,2,4,YFJS18.txt, -0.1, 102521, 300.768,242.225
ILS,Reduced,Best,Best,1,2,4,YFJS19.txt, -0.1, 84486, 301.103,294.22
ILS,Reduced,Best,Best,1,2,4,DAFJS09.txt, -0.2, 35459, 300.002,255.42
ILS,Reduced,Best,Best,1,2,4,DAFJS06.txt, -0.2, 31040, 300.007,102.785
ILS,Reduced,Best,Best,1,2,4,DAFJS14.txt, -0.2, 51351, 300.005,165.985
ILS,Reduced,Best,Best,1,2,4,DAFJS07.txt, -0.2, 40686, 300.018,124.324
ILS,Reduced,Best,Best,1,2,4,DAFJS10.txt, -0.2, 37156, 300.028,25.985
ILS,Reduced,Best,Best,1,2,4,DAFJS13.txt, -0.2, 46210, 300.028,2.043
ILS,Reduced,Best,Best,1,2,4,DAFJS08.txt, -0.2, 45661, 300.061,271.839
ILS,Reduced,Best,Best,1,2,4,DAFJS11.txt, -0.2, 48253, 300.156,250.297
ILS,Reduced,Best,Best,1,2,4,DAFJS12.txt, -0.2, 45595, 300.236,275.605
ILS,Reduced,Best,Best,1,2,4,DAFJS16.txt, -0.2, 51293, 300.268,151.604
ILS,Reduced,Best,Best,1,2,4,DAFJS15.txt, -0.2, 49810, 300.486,292.874
ILS,Reduced,Best,Best,1,2,4,DAFJS19.txt, -0.2, 39960, 300.016,158.778
ILS,Reduced,Best,Best,1,2,4,DAFJS22.txt, -0.2, 46979, 300.02,100.604
ILS,Reduced,Best,Best,1,2,4,DAFJS20.txt, -0.2, 49150, 300.026,74.402
ILS,Reduced,Best,Best,1,2,4,DAFJS17.txt, -0.2, 53567, 300.035,169.215
ILS,Reduced,Best,Best,1,2,4,DAFJS25.txt, -0.2, 53754, 300.036,164.951
ILS,Reduced,Best,Best,1,2,4,DAFJS18.txt, -0.2, 54648, 300.061,264.914
ILS,Reduced,Best,Best,1,2,4,DAFJS26.txt, -0.2, 52968, 300.071,195.581
ILS,Reduced,Best,Best,1,2,4,DAFJS24.txt, -0.2, 42648, 300.076,243.209
ILS,Reduced,Best,Best,1,2,4,DAFJS23.txt, -0.2, 37355, 300.144,134.303
ILS,Reduced,Best,Best,1,2,4,DAFJS27.txt, -0.2, 58203, 300.312,41.345
ILS,Reduced,Best,Best,1,2,4,DAFJS21.txt, -0.2, 55321, 300.348,199.383
ILS,Reduced,Best,Best,1,2,4,YFJS01.txt, -0.2, 61606, 300.002,0.659
ILS,Reduced,Best,Best,1,2,4,YFJS02.txt, -0.2, 64172, 300.002,4.991
ILS,Reduced,Best,Best,1,2,4,YFJS03.txt, -0.2, 30073, 300.001,0.22
ILS,Reduced,Best,Best,1,2,4,YFJS04.txt, -0.2, 32670, 300.002,0.526
ILS,Reduced,Best,Best,1,2,4,YFJS07.txt, -0.2, 36611, 300,215.749
ILS,Reduced,Best,Best,1,2,4,YFJS08.txt, -0.2, 30184, 300,0.492
ILS,Reduced,Best,Best,1,2,4,YFJS05.txt, -0.2, 37182, 300.005,16.353
ILS,Reduced,Best,Best,1,2,4,YFJS06.txt, -0.2, 36749, 300.007,25.862
ILS,Reduced,Best,Best,1,2,4,DAFJS28.txt, -0.2, 42325, 300.018,92.155
ILS,Reduced,Best,Best,1,2,4,DAFJS29.txt, -0.2, 50777, 300.099,108.253
ILS,Reduced,Best,Best,1,2,4,DAFJS30.txt, -0.2, 42314, 300.167,214.994
ILS,Reduced,Best,Best,1,2,4,YFJS10.txt, -0.2, 34364, 300,37.868
ILS,Reduced,Best,Best,1,2,4,YFJS09.txt, -0.2, 21363, 300.002,23.29
ILS,Reduced,Best,Best,1,2,4,YFJS11.txt, -0.2, 43776, 300.002,78.933
ILS,Reduced,Best,Best,1,2,4,YFJS12.txt, -0.2, 42397, 300.002,212.273
ILS,Reduced,Best,Best,1,2,4,YFJS13.txt, -0.2, 33875, 300.011,105.752
ILS,Reduced,Best,Best,1,2,4,YFJS16.txt, -0.2, 90891, 300.155,205.828
ILS,Reduced,Best,Best,1,2,4,YFJS15.txt, -0.2, 93584, 300.28,82.423
ILS,Reduced,Best,Best,1,2,4,YFJS14.txt, -0.2, 92615, 300.294,205.279
ILS,Reduced,Best,Best,1,2,4,YFJS18.txt, -0.2, 87453, 301.134,301.134
ILS,Reduced,Best,Best,1,2,4,YFJS19.txt, -0.2, 76519, 302.29,281.263
ILS,Reduced,Best,Best,1,2,4,YFJS17.txt, -0.2, 78780, 302.563,257.746
ILS,Reduced,Best,Best,1,2,4,DAFJS03.txt, -0.3, 38879, 300,80.151
ILS,Reduced,Best,Best,1,2,4,DAFJS01.txt, -0.3, 19716, 300.003,25.306
ILS,Reduced,Best,Best,1,2,4,DAFJS02.txt, -0.3, 22147, 300.003,52.843
ILS,Reduced,Best,Best,1,2,4,DAFJS04.txt, -0.3, 39207, 300.002,74.651
ILS,Reduced,Best,Best,1,2,4,DAFJS06.txt, -0.3, 26656, 300,2.05
ILS,Reduced,Best,Best,1,2,4,DAFJS05.txt, -0.3, 27302, 300.006,299.334
ILS,Reduced,Best,Best,1,2,4,DAFJS10.txt, -0.3, 31458, 300.002,203.467
ILS,Reduced,Best,Best,1,2,4,DAFJS09.txt, -0.3, 30642, 300.003,44.143
ILS,Reduced,Best,Best,1,2,4,DAFJS08.txt, -0.3, 39322, 300.01,173.868
ILS,Reduced,Best,Best,1,2,4,DAFJS07.txt, -0.3, 36112, 300.013,146.502
ILS,Reduced,Best,Best,1,2,4,YFJS20.txt, -0.2, 74200, 300.752,244.428
ILS,Reduced,Best,Best,1,2,4,DAFJS18.txt, -0.3, 45388, 300.005,43.945
ILS,Reduced,Best,Best,1,2,4,DAFJS20.txt, -0.3, 41721, 300.008,277.121
ILS,Reduced,Best,Best,1,2,4,DAFJS19.txt, -0.3, 34819, 300.009,247.669
ILS,Reduced,Best,Best,1,2,4,DAFJS13.txt, -0.3, 38152, 300.018,171.724
ILS,Reduced,Best,Best,1,2,4,DAFJS14.txt, -0.3, 43011, 300.019,279.546
ILS,Reduced,Best,Best,1,2,4,DAFJS16.txt, -0.3, 44646, 300.039,44.719
ILS,Reduced,Best,Best,1,2,4,DAFJS15.txt, -0.3, 42095, 300.047,67.054
ILS,Reduced,Best,Best,1,2,4,DAFJS12.txt, -0.3, 39160, 300.059,42.226
ILS,Reduced,Best,Best,1,2,4,DAFJS21.txt, -0.3, 45454, 300.072,283.552
ILS,Reduced,Best,Best,1,2,4,DAFJS17.txt, -0.3, 43661, 300.132,1.828
ILS,Reduced,Best,Best,1,2,4,DAFJS11.txt, -0.3, 40816, 300.149,168.129
ILS,Reduced,Best,Best,1,2,4,YFJS01.txt, -0.3, 55128, 300,2.456
ILS,Reduced,Best,Best,1,2,4,YFJS02.txt, -0.3, 57187, 300.006,0.453
ILS,Reduced,Best,Best,1,2,4,DAFJS30.txt, -0.3, 37150, 300.022,84.215
ILS,Reduced,Best,Best,1,2,4,DAFJS28.txt, -0.3, 36852, 300.026,189.203
ILS,Reduced,Best,Best,1,2,4,DAFJS24.txt, -0.3, 36562, 300.039,97.354
ILS,Reduced,Best,Best,1,2,4,DAFJS22.txt, -0.3, 38293, 300.042,165.186
ILS,Reduced,Best,Best,1,2,4,DAFJS23.txt, -0.3, 33490, 300.117,271.654
ILS,Reduced,Best,Best,1,2,4,DAFJS26.txt, -0.3, 44677, 300.132,60.694
ILS,Reduced,Best,Best,1,2,4,DAFJS25.txt, -0.3, 45946, 300.141,170.777
ILS,Reduced,Best,Best,1,2,4,DAFJS29.txt, -0.3, 43818, 300.173,236.12
ILS,Reduced,Best,Best,1,2,4,DAFJS27.txt, -0.3, 48707, 300.22,60.278
ILS,Reduced,Best,Best,1,2,4,YFJS03.txt, -0.3, 27686, 300.001,0.131
ILS,Reduced,Best,Best,1,2,4,YFJS04.txt, -0.3, 29692, 300.001,4.776
ILS,Reduced,Best,Best,1,2,4,YFJS06.txt, -0.3, 33276, 300,2.378
ILS,Reduced,Best,Best,1,2,4,YFJS05.txt, -0.3, 33736, 300.001,5.313
ILS,Reduced,Best,Best,1,2,4,YFJS08.txt, -0.3, 28192, 300,0.207
ILS,Reduced,Best,Best,1,2,4,YFJS07.txt, -0.3, 33059, 300.003,23.856
ILS,Reduced,Best,Best,1,2,4,YFJS11.txt, -0.3, 40319, 300.001,12.503
ILS,Reduced,Best,Best,1,2,4,YFJS10.txt, -0.3, 31559, 300.004,52.933
ILS,Reduced,Best,Best,1,2,4,YFJS13.txt, -0.3, 30788, 300.002,239.685
ILS,Reduced,Best,Best,1,2,4,YFJS12.txt, -0.3, 38386, 300.004,91.012
ILS,Reduced,Best,Best,1,2,4,YFJS09.txt, -0.3, 20077, 300.007,18.525
ILS,Reduced,Best,Best,1,2,4,DAFJS02.txt, -0.1, 26432, 300,43.514
ILS,Reduced,Best,Best,1,2,4,DAFJS01.txt, -0.1, 23460, 300.001,0.55
ILS,Reduced,Best,Best,1,2,4,DAFJS04.txt, -0.1, 51927, 300,3.593
ILS,Reduced,Best,Best,1,2,4,DAFJS03.txt, -0.1, 50374, 300.01,14.794
ILS,Reduced,Best,Best,1,2,4,YFJS14.txt, -0.3, 79540, 300.087,66.428
ILS,Reduced,Best,Best,1,2,4,YFJS19.txt, -0.3, 61849, 300.145,178.203
ILS,Reduced,Best,Best,1,2,4,YFJS18.txt, -0.3, 74889, 300.152,289.119
ILS,Reduced,Best,Best,1,2,4,YFJS16.txt, -0.3, 79423, 300.169,86.494
ILS,Reduced,Best,Best,1,2,4,YFJS15.txt, -0.3, 78616, 300.175,270.472
ILS,Reduced,Best,Best,1,2,4,YFJS20.txt, -0.3, 64794, 300.902,208.006
ILS,Reduced,Best,Best,1,2,4,YFJS17.txt, -0.3, 67466, 301.046,273.782
ILS,Reduced,Best,Best,1,2,4,DAFJS05.txt, -0.1, 34660, 300.002,100.264
ILS,Reduced,Best,Best,1,2,4,DAFJS06.txt, -0.1, 35426, 300.004,135.64
ILS,Reduced,Best,Best,1,2,4,DAFJS09.txt, -0.1, 40850, 300.011,63.03
ILS,Reduced,Best,Best,1,2,4,DAFJS07.txt, -0.1, 46536, 300.015,99.693
ILS,Reduced,Best,Best,1,2,4,DAFJS13.txt, -0.1, 55218, 300.03,196.591
ILS,Reduced,Best,Best,1,2,4,DAFJS10.txt, -0.1, 44881, 300.035,285.691
ILS,Reduced,Best,Best,1,2,4,DAFJS15.txt, -0.1, 58682, 300.038,179.39
ILS,Reduced,Best,Best,1,2,4,DAFJS14.txt, -0.1, 62270, 300.052,216.803
ILS,Reduced,Best,Best,1,2,4,DAFJS08.txt, -0.1, 53337, 300.093,275.331
ILS,Reduced,Best,Best,1,2,4,DAFJS11.txt, -0.1, 56613, 300.097,188.951
ILS,Reduced,Best,Best,1,2,4,DAFJS12.txt, -0.1, 54914, 300.33,40.17
ILS,Reduced,Best,Best,1,2,4,DAFJS16.txt, -0.1, 60062, 300.014,201.745
ILS,Reduced,Best,Best,1,2,4,DAFJS18.txt, -0.1, 66925, 300.018,285.291
ILS,Reduced,Best,Best,1,2,4,DAFJS19.txt, -0.1, 46058, 300.046,48.294
ILS,Reduced,Best,Best,1,2,4,DAFJS17.txt, -0.1, 66197, 300.069,163.654
ILS,Reduced,Best,Best,1,2,4,DAFJS23.txt, -0.1, 43123, 300.092,261.917
ILS,Reduced,Best,Best,1,2,4,DAFJS21.txt, -0.1, 66772, 300.098,26.039
ILS,Reduced,Best,Best,1,2,4,DAFJS20.txt, -0.1, 59310, 300.125,36.298
ILS,Reduced,Best,Best,1,2,4,DAFJS25.txt, -0.1, 63553, 300.166,271.01
ILS,Reduced,Best,Best,1,2,4,DAFJS24.txt, -0.1, 49347, 300.204,130.642
ILS,Reduced,Best,Best,1,2,4,DAFJS26.txt, -0.1, 62864, 300.227,78.824
ILS,Reduced,Best,Best,1,2,4,DAFJS22.txt, -0.1, 58228, 300.425,163.116
ILS,Reduced,Best,Best,1,2,4,YFJS01.txt, -0.1, 68714, 300.001,0.28
ILS,Reduced,Best,Best,1,2,4,DAFJS28.txt, -0.1, 48611, 300.006,88.833
ILS,Reduced,Best,Best,1,2,4,YFJS03.txt, -0.1, 32538, 300,0.076
ILS,Reduced,Best,Best,1,2,4,YFJS02.txt, -0.1, 72465, 300.002,0.062
ILS,Reduced,Best,Best,1,2,4,YFJS04.txt, -0.1, 35883, 300.002,0.61
ILS,Reduced,Best,Best,1,2,4,YFJS07.txt, -0.1, 40887, 300,184.517
ILS,Reduced,Best,Best,1,2,4,YFJS06.txt, -0.1, 40453, 300.002,1.794
ILS,Reduced,Best,Best,1,2,4,YFJS05.txt, -0.1, 40186, 300.006,20.462
ILS,Reduced,Best,Best,1,2,4,DAFJS30.txt, -0.1, 49643, 300.111,116.708
ILS,Reduced,Best,Best,1,2,4,DAFJS27.txt, -0.1, 70096, 300.122,21.209
ILS,Reduced,Best,Best,1,2,4,DAFJS29.txt, -0.1, 58226, 300.14,274.384
ILS,Reduced,Best,Best,1,2,4,YFJS08.txt, -0.1, 32573, 300,1.339
ILS,Reduced,Best,Best,1,2,4,YFJS09.txt, -0.1, 22681, 300.002,3.177
ILS,Reduced,Best,Best,1,2,4,YFJS10.txt, -0.1, 37372, 300.003,290.263
ILS,Reduced,Best,Best,1,2,4,YFJS11.txt, -0.1, 47847, 300.005,43.129
ILS,Reduced,Best,Best,1,2,4,YFJS12.txt, -0.1, 46728, 300.007,8.422
ILS,Reduced,Best,Best,1,2,4,YFJS13.txt, -0.1, 36911, 300.011,49.856
ILS,Reduced,Best,Best,1,2,4,YFJS14.txt, -0.1, 110422, 300.014,103.69
ILS,Reduced,Best,Best,1,2,4,YFJS16.txt, -0.1, 104991, 300.161,107.877
ILS,Reduced,Best,Best,1,2,4,YFJS15.txt, -0.1, 106340, 300.319,37.115
ILS,Reduced,Best,Best,1,2,4,YFJS17.txt, -0.1, 95101, 300.589,300.588
ILS,Reduced,Best,Best,1,2,4,YFJS18.txt, -0.1, 103374, 303.087,174.015
ILS,Reduced,Best,Best,1,2,4,DAFJS01.txt, -0.2, 21683, 300,9.106
ILS,Reduced,Best,Best,1,2,4,DAFJS02.txt, -0.2, 24235, 300.001,50.512
ILS,Reduced,Best,Best,1,2,4,DAFJS06.txt, -0.2, 31125, 300.001,111.098
ILS,Reduced,Best,Best,1,2,4,DAFJS04.txt, -0.2, 44713, 300.004,6.119
ILS,Reduced,Best,Best,1,2,4,DAFJS09.txt, -0.2, 35554, 300,76.263
ILS,Reduced,Best,Best,1,2,4,DAFJS03.txt, -0.2, 44351, 300.007,30.192
ILS,Reduced,Best,Best,1,2,4,DAFJS05.txt, -0.2, 31368, 300.007,243.695
ILS,Reduced,Best,Best,1,2,4,DAFJS07.txt, -0.2, 40109, 300.008,3.767
ILS,Reduced,Best,Best,1,2,4,DAFJS08.txt, -0.2, 45718, 300.058,56.835
ILS,Reduced,Best,Best,1,2,4,YFJS20.txt, -0.1, 87543, 300.149,200.256
ILS,Reduced,Best,Best,1,2,4,YFJS19.txt, -0.1, 85691, 301.914,287.171
ILS,Reduced,Best,Best,1,2,4,DAFJS18.txt, -0.2, 55454, 300.002,86.673
ILS,Reduced,Best,Best,1,2,4,DAFJS15.txt, -0.2, 50270, 300.012,133.722
ILS,Reduced,Best,Best,1,2,4,DAFJS19.txt, -0.2, 39625, 300.011,272.325
ILS,Reduced,Best,Best,1,2,4,DAFJS14.txt, -0.2, 51725, 300.024,59.604
ILS,Reduced,Best,Best,1,2,4,DAFJS13.txt, -0.2, 45732, 300.027,245.686
ILS,Reduced,Best,Best,1,2,4,DAFJS17.txt, -0.2, 53554, 300.024,53.997
ILS,Reduced,Best,Best,1,2,4,DAFJS20.txt, -0.2, 49300, 300.034,9.53
ILS,Reduced,Best,Best,1,2,4,DAFJS10.txt, -0.2, 37490, 300.052,127.73
ILS,Reduced,Best,Best,1,2,4,DAFJS16.txt, -0.2, 51349, 300.063,285.854
ILS,Reduced,Best,Best,1,2,4,DAFJS11.txt, -0.2, 47456, 300.091,129.885
ILS,Reduced,Best,Best,1,2,4,DAFJS12.txt, -0.2, 45743, 300.245,20.983
ILS,Reduced,Best,Best,1,2,4,DAFJS22.txt, -0.2, 46841, 300.012,204.825
ILS,Reduced,Best,Best,1,2,4,YFJS01.txt, -0.2, 61606, 300.002,3.444
ILS,Reduced,Best,Best,1,2,4,DAFJS23.txt, -0.2, 37643, 300.034,269.105
ILS,Reduced,Best,Best,1,2,4,DAFJS26.txt, -0.2, 53250, 300.03,13.411
ILS,Reduced,Best,Best,1,2,4,DAFJS21.txt, -0.2, 54960, 300.037,46.022
ILS,Reduced,Best,Best,1,2,4,DAFJS28.txt, -0.2, 42599, 300.03,52.348
ILS,Reduced,Best,Best,1,2,4,DAFJS30.txt, -0.2, 42942, 300.097,75.743
ILS,Reduced,Best,Best,1,2,4,DAFJS24.txt, -0.2, 42397, 300.115,139.81
ILS,Reduced,Best,Best,1,2,4,DAFJS27.txt, -0.2, 57931, 300.15,276.658
ILS,Reduced,Best,Best,1,2,4,DAFJS25.txt, -0.2, 54368, 300.159,197.627
ILS,Reduced,Best,Best,1,2,4,DAFJS29.txt, -0.2, 50375, 300.173,279.618
ILS,Reduced,Best,Best,1,2,4,YFJS04.txt, -0.2, 32670, 300,1.383
ILS,Reduced,Best,Best,1,2,4,YFJS03.txt, -0.2, 30073, 300.002,0.026
ILS,Reduced,Best,Best,1,2,4,YFJS02.txt, -0.2, 64172, 300.002,0.077
ILS,Reduced,Best,Best,1,2,4,YFJS05.txt, -0.2, 37182, 300.001,1.207
ILS,Reduced,Best,Best,1,2,4,YFJS08.txt, -0.2, 30184, 300,1.378
ILS,Reduced,Best,Best,1,2,4,YFJS07.txt, -0.2, 36692, 300.001,230.509
ILS,Reduced,Best,Best,1,2,4,YFJS09.txt, -0.2, 21363, 300,20.731
ILS,Reduced,Best,Best,1,2,4,YFJS06.txt, -0.2, 36749, 300.004,12.877
ILS,Reduced,Best,Best,1,2,4,YFJS10.txt, -0.2, 34364, 300,21.432
ILS,Reduced,Best,Best,1,2,4,YFJS12.txt, -0.2, 42232, 300.001,232.362
ILS,Reduced,Best,Best,1,2,4,YFJS11.txt, -0.2, 43632, 300.009,198.921
ILS,Reduced,Best,Best,1,2,4,YFJS13.txt, -0.2, 33875, 300.006,242.25
ILS,Reduced,Best,Best,1,2,4,DAFJS01.txt, -0.3, 19716, 300,6.549
ILS,Reduced,Best,Best,1,2,4,DAFJS02.txt, -0.3, 22147, 300,15.346
ILS,Reduced,Best,Best,1,2,4,DAFJS03.txt, -0.3, 39005, 300.001,256.921
ILS,Reduced,Best,Best,1,2,4,YFJS14.txt, -0.2, 93166, 300.096,264.773
ILS,Reduced,Best,Best,1,2,4,YFJS15.txt, -0.2, 91425, 300.155,138.031
ILS,Reduced,Best,Best,1,2,4,YFJS16.txt, -0.2, 92416, 300.271,260.726
ILS,Reduced,Best,Best,1,2,4,YFJS19.txt, -0.2, 71455, 300.576,291.856
ILS,Reduced,Best,Best,1,2,4,YFJS18.txt, -0.2, 91713, 301.532,301.532
ILS,Reduced,Best,Best,1,2,4,YFJS17.txt, -0.2, 79702, 301.673,220.46
ILS,Reduced,Best,Best,1,2,4,YFJS20.txt, -0.2, 74725, 304.134,85.033
ILS,Reduced,Best,Best,1,2,4,DAFJS06.txt, -0.3, 26690, 300.003,125.01
ILS,Reduced,Best,Best,1,2,4,DAFJS05.txt, -0.3, 27420, 300.004,120.384
ILS,Reduced,Best,Best,1,2,4,DAFJS04.txt, -0.3, 39140, 300.005,297.861
ILS,Reduced,Best,Best,1,2,4,DAFJS13.txt, -0.3, 38187, 300,20.504
ILS,Reduced,Best,Best,1,2,4,DAFJS09.txt, -0.3, 30935, 300.005,47.303
ILS,Reduced,Best,Best,1,2,4,DAFJS10.txt, -0.3, 31575, 300.007,75.101
ILS,Reduced,Best,Best,1,2,4,DAFJS07.txt, -0.3, 35866, 300.032,266.756
ILS,Reduced,Best,Best,1,2,4,DAFJS14.txt, -0.3, 42905, 300.053,253.517
ILS,Reduced,Best,Best,1,2,4,DAFJS08.txt, -0.3, 39310, 300.063,276.949
ILS,Reduced,Best,Best,1,2,4,DAFJS11.txt, -0.3, 40514, 300.189,166.6
ILS,Reduced,Best,Best,1,2,4,DAFJS12.txt, -0.3, 39185, 300.378,64.999
ILS,Reduced,Best,Best,1,2,4,DAFJS18.txt, -0.3, 45442, 300.008,85.387
ILS,Reduced,Best,Best,1,2,4,DAFJS23.txt, -0.3, 33384, 300.01,186.052
ILS,Reduced,Best,Best,1,2,4,DAFJS19.txt, -0.3, 34376, 300.026,243.712
ILS,Reduced,Best,Best,1,2,4,DAFJS20.txt, -0.3, 41382, 300.031,48.709
ILS,Reduced,Best,Best,1,2,4,DAFJS22.txt, -0.3, 38088, 300.04,43.675
ILS,Reduced,Best,Best,1,2,4,DAFJS24.txt, -0.3, 36526, 300.06,7.402
ILS,Reduced,Best,Best,1,2,4,DAFJS25.txt, -0.3, 45280, 300.164,74.078
ILS,Reduced,Best,Best,1,2,4,DAFJS17.txt, -0.3, 43977, 300.178,143.355
ILS,Reduced,Best,Best,1,2,4,DAFJS21.txt, -0.3, 45514, 300.182,154.476
ILS,Reduced,Best,Best,1,2,4,DAFJS16.txt, -0.3, 43424, 300.229,42.963
ILS,Reduced,Best,Best,1,2,4,DAFJS15.txt, -0.3, 42334, 300.392,278.571
ILS,Reduced,Best,Best,1,2,4,YFJS01.txt, -0.3, 55128, 300,2.247
ILS,Reduced,Best,Best,1,2,4,YFJS02.txt, -0.3, 57187, 300.001,0.44
ILS,Reduced,Best,Best,1,2,4,YFJS03.txt, -0.3, 27686, 300,0.055
ILS,Reduced,Best,Best,1,2,4,YFJS04.txt, -0.3, 29692, 300,1.755
ILS,Reduced,Best,Best,1,2,4,YFJS05.txt, -0.3, 33736, 300,11.305
ILS,Reduced,Best,Best,1,2,4,YFJS06.txt, -0.3, 33276, 300,152.702
ILS,Reduced,Best,Best,1,2,4,DAFJS27.txt, -0.3, 48424, 300.029,258.538
ILS,Reduced,Best,Best,1,2,4,DAFJS28.txt, -0.3, 37216, 300.038,202.713
ILS,Reduced,Best,Best,1,2,4,DAFJS29.txt, -0.3, 43430, 300.053,104.714
ILS,Reduced,Best,Best,1,2,4,DAFJS30.txt, -0.3, 36738, 300.059,203.064
ILS,Reduced,Best,Best,1,2,4,DAFJS26.txt, -0.3, 45070, 300.437,261.247
ILS,Reduced,Best,Best,1,2,4,YFJS07.txt, -0.3, 33059, 300.002,49.751
ILS,Reduced,Best,Best,1,2,4,YFJS08.txt, -0.3, 28192, 300.002,0.052
ILS,Reduced,Best,Best,1,2,4,YFJS10.txt, -0.3, 31559, 300.001,30.826
ILS,Reduced,Best,Best,1,2,4,YFJS13.txt, -0.3, 30792, 300,23.881
ILS,Reduced,Best,Best,1,2,4,YFJS09.txt, -0.3, 20077, 300.009,16.535
ILS,Reduced,Best,Best,1,2,4,YFJS11.txt, -0.3, 40319, 300.008,3.047
ILS,Reduced,Best,Best,1,2,4,YFJS12.txt, -0.3, 38392, 300.008,225.126
ILS,Reduced,Best,Best,1,2,4,YFJS15.txt, -0.3, 79471, 300.075,243.132
ILS,Reduced,Best,Best,1,2,4,YFJS17.txt, -0.3, 68189, 300.078,269.919
ILS,Reduced,Best,Best,1,2,4,YFJS16.txt, -0.3, 78893, 300.228,172.105
ILS,Reduced,Best,Best,1,2,4,YFJS14.txt, -0.3, 79083, 300.422,218.165
ILS,Reduced,Best,Best,1,2,4,YFJS19.txt, -0.3, 61835, 300.696,232.168
ILS,Reduced,Best,Best,1,2,4,YFJS20.txt, -0.3, 65055, 300.857,154.558
ILS,Reduced,Best,Best,1,2,4,YFJS18.txt, -0.3, 78788, 301.791,229.877
