None,Reduced,First,Best,DAFJS02.txt,-0.1,28098,0.003,0.002
None,Reduced,First,Best,DAFJS01.txt,-0.1,26794,0.009,0.008
None,Reduced,First,Best,DAFJS04.txt,-0.1,52563,0.008,0.007
None,Reduced,First,Best,DAFJS05.txt,-0.1,41604,0.008,0.007
None,Reduced,First,Best,DAFJS06.txt,-0.1,50586,0.007,0.006
None,Reduced,First,Best,DAFJS03.txt,-0.1,51579,0.016,0.015
None,Reduced,First,Best,DAFJS09.txt,-0.1,44917,0.007,0.006
None,Reduced,First,Best,DAFJS08.txt,-0.1,60359,0.047,0.042
None,Reduced,First,Best,DAFJS07.txt,-0.1,54802,0.055,0.051
None,Reduced,First,Best,DAFJS10.txt,-0.1,51565,0.025,0.023
None,Reduced,First,Best,DAFJS18.txt,-0.1,74631,0.022,0.016
None,Reduced,First,Best,DAFJS13.txt,-0.1,57310,0.037,0.035
None,Reduced,First,Best,DAFJS19.txt,-0.1,63314,0.033,0.03
None,Reduced,First,Best,DAFJS17.txt,-0.1,70306,0.038,0.032
None,Reduced,First,Best,DAFJS14.txt,-0.1,65321,0.049,0.046
None,Reduced,First,Best,DAFJS11.txt,-0.1,63878,0.137,0.128
None,Reduced,First,Best,DAFJS16.txt,-0.1,70838,0.231,0.22
None,Reduced,First,Best,DAFJS12.txt,-0.1,59612,0.33,0.319
None,Reduced,First,Best,DAFJS15.txt,-0.1,63408,0.354,0.343
None,Reduced,First,Best,DAFJS23.txt,-0.1,48054,0.03,0.026
None,Reduced,First,Best,DAFJS21.txt,-0.1,76433,0.081,0.07
None,Reduced,First,Best,DAFJS24.txt,-0.1,55353,0.081,0.074
None,Reduced,First,Best,DAFJS27.txt,-0.1,79064,0.128,0.113
None,Reduced,First,Best,DAFJS29.txt,-0.1,66929,0.177,0.171
None,Reduced,First,Best,DAFJS28.txt,-0.1,54866,0.255,0.249
None,Reduced,First,Best,DAFJS25.txt,-0.1,76253,0.336,0.324
None,Reduced,First,Best,DAFJS20.txt,-0.1,63841,0.369,0.362
None,Reduced,First,Best,DAFJS26.txt,-0.1,75329,0.391,0.378
None,Reduced,First,Best,DAFJS22.txt,-0.1,60143,0.848,0.835
None,Reduced,First,Best,YFJS02.txt,-0.1,76813,0.001,0
None,Reduced,First,Best,YFJS03.txt,-0.1,35936,0.001,0
None,Reduced,First,Best,YFJS04.txt,-0.1,45533,0,0
None,Reduced,First,Best,YFJS05.txt,-0.1,45421,0.001,0
None,Reduced,First,Best,YFJS01.txt,-0.1,79737,0.004,0.004
None,Reduced,First,Best,YFJS06.txt,-0.1,47384,0.001,0.001
None,Reduced,First,Best,YFJS09.txt,-0.1,24350,0.001,0
None,Reduced,First,Best,YFJS08.txt,-0.1,41658,0.002,0.002
None,Reduced,First,Best,YFJS07.txt,-0.1,45722,0.003,0.003
None,Reduced,First,Best,DAFJS30.txt,-0.1,60016,0.036,0.028
None,Reduced,First,Best,YFJS10.txt,-0.1,42278,0,0
None,Reduced,First,Best,YFJS11.txt,-0.1,55416,0.002,0.001
None,Reduced,First,Best,YFJS13.txt,-0.1,45844,0.003,0.002
None,Reduced,First,Best,YFJS12.txt,-0.1,54852,0.016,0.016
None,Reduced,First,Best,YFJS14.txt,-0.1,124518,0.281,0.266
None,Reduced,First,Best,YFJS16.txt,-0.1,121141,0.363,0.348
None,Reduced,First,Best,YFJS15.txt,-0.1,127073,0.906,0.891
None,Reduced,First,Best,YFJS18.txt,-0.1,128529,1.602,1.556
None,Reduced,First,Best,YFJS17.txt,-0.1,102614,2.45,2.402
None,Reduced,First,Best,YFJS19.txt,-0.1,100855,2.84,2.792
None,Reduced,First,Best,DAFJS02.txt,-0.2,27860,0,0
None,Reduced,First,Best,DAFJS01.txt,-0.2,25970,0.002,0.001
None,Reduced,First,Best,DAFJS04.txt,-0.2,46577,0.001,0.001
None,Reduced,First,Best,DAFJS05.txt,-0.2,37797,0.01,0.009
None,Reduced,First,Best,DAFJS03.txt,-0.2,45458,0.02,0.019
None,Reduced,First,Best,DAFJS09.txt,-0.2,36735,0.016,0.015
None,Reduced,First,Best,DAFJS06.txt,-0.2,36252,0.024,0.023
None,Reduced,First,Best,DAFJS08.txt,-0.2,50928,0.034,0.03
None,Reduced,First,Best,DAFJS07.txt,-0.2,48959,0.035,0.031
None,Reduced,First,Best,YFJS20.txt,-0.1,92240,2.842,2.796
None,Reduced,First,Best,DAFJS10.txt,-0.2,45560,0.007,0.005
None,Reduced,First,Best,DAFJS19.txt,-0.2,57082,0.016,0.013
None,Reduced,First,Best,DAFJS13.txt,-0.2,48816,0.037,0.034
None,Reduced,First,Best,DAFJS14.txt,-0.2,55881,0.05,0.046
None,Reduced,First,Best,DAFJS18.txt,-0.2,58907,0.051,0.047
None,Reduced,First,Best,DAFJS17.txt,-0.2,57518,0.053,0.048
None,Reduced,First,Best,DAFJS15.txt,-0.2,53686,0.071,0.059
None,Reduced,First,Best,DAFJS12.txt,-0.2,52467,0.093,0.082
None,Reduced,First,Best,DAFJS11.txt,-0.2,54661,0.131,0.122
None,Reduced,First,Best,DAFJS16.txt,-0.2,58436,0.398,0.388
None,Reduced,First,Best,DAFJS21.txt,-0.2,62677,0.028,0.017
None,Reduced,First,Best,DAFJS24.txt,-0.2,47656,0.028,0.02
None,Reduced,First,Best,DAFJS23.txt,-0.2,44473,0.05,0.047
None,Reduced,First,Best,DAFJS28.txt,-0.2,47884,0.107,0.101
None,Reduced,First,Best,DAFJS29.txt,-0.2,57179,0.11,0.103
None,Reduced,First,Best,DAFJS22.txt,-0.2,54318,0.169,0.158
None,Reduced,First,Best,DAFJS20.txt,-0.2,57378,0.198,0.192
None,Reduced,First,Best,DAFJS27.txt,-0.2,62596,0.201,0.184
None,Reduced,First,Best,DAFJS25.txt,-0.2,61805,0.341,0.328
None,Reduced,First,Best,DAFJS26.txt,-0.2,65524,0.571,0.559
None,Reduced,First,Best,YFJS02.txt,-0.2,66853,0,0
None,Reduced,First,Best,YFJS03.txt,-0.2,33273,0,0
None,Reduced,First,Best,YFJS04.txt,-0.2,42553,0,0
None,Reduced,First,Best,YFJS05.txt,-0.2,40738,0,0
None,Reduced,First,Best,YFJS01.txt,-0.2,70624,0.005,0.005
None,Reduced,First,Best,YFJS08.txt,-0.2,41573,0.001,0.001
None,Reduced,First,Best,YFJS07.txt,-0.2,45971,0.002,0.001
None,Reduced,First,Best,YFJS09.txt,-0.2,22211,0.001,0
None,Reduced,First,Best,YFJS06.txt,-0.2,42207,0.004,0.004
None,Reduced,First,Best,DAFJS30.txt,-0.2,50961,0.119,0.112
None,Reduced,First,Best,YFJS10.txt,-0.2,38683,0,0
None,Reduced,First,Best,YFJS11.txt,-0.2,49160,0.002,0.001
None,Reduced,First,Best,YFJS12.txt,-0.2,53329,0.007,0.006
None,Reduced,First,Best,YFJS13.txt,-0.2,39720,0.007,0.006
None,Reduced,First,Best,YFJS16.txt,-0.2,99801,0.259,0.244
None,Reduced,First,Best,YFJS14.txt,-0.2,105770,0.333,0.318
None,Reduced,First,Best,YFJS15.txt,-0.2,108412,0.336,0.321
None,Reduced,First,Best,YFJS17.txt,-0.2,82211,1.367,1.319
None,Reduced,First,Best,YFJS19.txt,-0.2,85028,2.015,1.968
None,Reduced,First,Best,YFJS18.txt,-0.2,94689,3.832,3.786
None,Reduced,First,Best,DAFJS01.txt,-0.3,21439,0,0
None,Reduced,First,Best,DAFJS02.txt,-0.3,23808,0,0
None,Reduced,First,Best,DAFJS04.txt,-0.3,41697,0.001,0
None,Reduced,First,Best,DAFJS03.txt,-0.3,42867,0.009,0.008
None,Reduced,First,Best,DAFJS06.txt,-0.3,31122,0.011,0.01
None,Reduced,First,Best,DAFJS05.txt,-0.3,31254,0.014,0.014
None,Reduced,First,Best,DAFJS09.txt,-0.3,34025,0.017,0.015
None,Reduced,First,Best,DAFJS07.txt,-0.3,39662,0.054,0.049
None,Reduced,First,Best,DAFJS08.txt,-0.3,42777,0.07,0.066
None,Reduced,First,Best,YFJS20.txt,-0.2,80875,4.23,4.185
None,Reduced,First,Best,DAFJS13.txt,-0.3,41960,0.012,0.01
None,Reduced,First,Best,DAFJS10.txt,-0.3,34289,0.02,0.019
None,Reduced,First,Best,DAFJS18.txt,-0.3,48672,0.04,0.034
None,Reduced,First,Best,DAFJS19.txt,-0.3,41865,0.053,0.05
None,Reduced,First,Best,DAFJS14.txt,-0.3,44707,0.067,0.063
None,Reduced,First,Best,DAFJS17.txt,-0.3,47331,0.12,0.115
None,Reduced,First,Best,DAFJS12.txt,-0.3,43717,0.134,0.12
None,Reduced,First,Best,DAFJS15.txt,-0.3,47474,0.146,0.134
None,Reduced,First,Best,DAFJS11.txt,-0.3,44809,0.179,0.17
None,Reduced,First,Best,DAFJS16.txt,-0.3,53095,0.3,0.289
None,Reduced,First,Best,DAFJS23.txt,-0.3,38334,0.019,0.015
None,Reduced,First,Best,DAFJS24.txt,-0.3,42473,0.042,0.035
None,Reduced,First,Best,DAFJS20.txt,-0.3,48600,0.08,0.073
None,Reduced,First,Best,DAFJS29.txt,-0.3,49519,0.096,0.089
None,Reduced,First,Best,DAFJS21.txt,-0.3,49422,0.119,0.108
None,Reduced,First,Best,DAFJS28.txt,-0.3,40097,0.121,0.115
None,Reduced,First,Best,DAFJS26.txt,-0.3,55269,0.225,0.212
None,Reduced,First,Best,DAFJS25.txt,-0.3,49390,0.268,0.254
None,Reduced,First,Best,DAFJS27.txt,-0.3,55569,0.276,0.262
None,Reduced,First,Best,DAFJS22.txt,-0.3,41615,0.35,0.34
None,Reduced,First,Best,YFJS03.txt,-0.3,31407,0,0
None,Reduced,First,Best,YFJS01.txt,-0.3,67588,0.002,0.001
None,Reduced,First,Best,YFJS02.txt,-0.3,59001,0.001,0.001
None,Reduced,First,Best,YFJS04.txt,-0.3,38092,0,0
None,Reduced,First,Best,YFJS05.txt,-0.3,38324,0.001,0.001
None,Reduced,First,Best,YFJS06.txt,-0.3,45370,0,0
None,Reduced,First,Best,YFJS07.txt,-0.3,38453,0,0
None,Reduced,First,Best,YFJS09.txt,-0.3,20916,0.001,0.001
None,Reduced,First,Best,YFJS08.txt,-0.3,33432,0.002,0.002
None,Reduced,First,Best,DAFJS30.txt,-0.3,42592,0.019,0.012
None,Reduced,First,Best,YFJS10.txt,-0.3,36415,0.002,0.001
None,Reduced,First,Best,YFJS11.txt,-0.3,44455,0.001,0
None,Reduced,First,Best,YFJS12.txt,-0.3,44873,0.002,0.002
None,Reduced,First,Best,YFJS13.txt,-0.3,35524,0.007,0.006
None,Reduced,First,Best,YFJS16.txt,-0.3,87648,0.239,0.224
None,Reduced,First,Best,YFJS14.txt,-0.3,87368,0.336,0.32
None,Reduced,First,Best,YFJS15.txt,-0.3,86141,0.99,0.975
None,Reduced,First,Best,YFJS17.txt,-0.3,71075,1.1,1.053
None,Reduced,First,Best,YFJS18.txt,-0.3,82967,1.612,1.563
None,Reduced,First,Best,YFJS19.txt,-0.3,68955,2.075,2.029
None,Reduced,First,Best,YFJS20.txt,-0.3,68562,1.964,1.919
