TS,Reduced,Best,Best,0,9,DAFJS01.txt, -0.1, 24424, 300,0.047
TS,Reduced,Best,Best,0,9,DAFJS02.txt, -0.1, 26432, 300,0.315
TS,Reduced,Best,Best,0,9,DAFJS03.txt, -0.1, 50343, 300,7.197
TS,Reduced,Best,Best,0,9,DAFJS04.txt, -0.1, 52291, 300,0.106
TS,Reduced,Best,Best,0,9,DAFJS05.txt, -0.1, 35278, 300,1.964
TS,Reduced,Best,Best,0,9,DAFJS06.txt, -0.1, 35636, 300,15.038
TS,Reduced,Best,Best,0,9,DAFJS08.txt, -0.1, 53002, 300,261.88
TS,Reduced,Best,Best,0,9,DAFJS07.txt, -0.1, 44281, 300,158.672
TS,Reduced,Best,Best,0,9,DAFJS09.txt, -0.1, 41123, 300,4.34
TS,Reduced,Best,Best,0,9,DAFJS10.txt, -0.1, 45820, 300.001,10.281
TS,Reduced,Best,Best,0,9,DAFJS12.txt, -0.1, 51432, 300.001,238.428
TS,Reduced,Best,Best,0,9,DAFJS13.txt, -0.1, 53340, 300.001,233.35
TS,Reduced,Best,Best,0,9,DAFJS14.txt, -0.1, 59668, 300,196.325
TS,Reduced,Best,Best,0,9,DAFJS17.txt, -0.1, 64262, 300,283.763
TS,Reduced,Best,Best,0,9,DAFJS18.txt, -0.1, 64916, 300,134.399
TS,Reduced,Best,Best,0,9,DAFJS15.txt, -0.1, 55086, 300.004,253.366
TS,Reduced,Best,Best,0,9,DAFJS11.txt, -0.1, 54351, 300.009,260.243
TS,Reduced,Best,Best,0,9,DAFJS19.txt, -0.1, 44633, 300.001,121.092
TS,Reduced,Best,Best,0,9,DAFJS16.txt, -0.1, 55927, 300.004,242.72
TS,Reduced,Best,Best,0,9,DAFJS20.txt, -0.1, 56432, 300.002,155.968
TS,Reduced,Best,Best,0,9,DAFJS23.txt, -0.1, 41941, 300.001,57.867
TS,Reduced,Best,Best,0,9,DAFJS21.txt, -0.1, 64563, 300.004,264.937
TS,Reduced,Best,Best,0,9,DAFJS22.txt, -0.1, 55246, 300.007,269.802
TS,Reduced,Best,Best,0,9,DAFJS24.txt, -0.1, 47443, 300.004,139.28
TS,Reduced,Best,Best,0,9,DAFJS25.txt, -0.1, 60824, 300.004,205.947
TS,Reduced,Best,Best,0,9,DAFJS29.txt, -0.1, 55820, 300,10.144
TS,Reduced,Best,Best,0,9,DAFJS27.txt, -0.1, 66539, 300.002,245.306
TS,Reduced,Best,Best,0,9,DAFJS28.txt, -0.1, 47428, 300.002,164.05
TS,Reduced,Best,Best,0,9,DAFJS26.txt, -0.1, 58995, 300.004,185.677
TS,Reduced,Best,Best,0,9,YFJS01.txt, -0.1, 68714, 300,0.335
TS,Reduced,Best,Best,0,9,YFJS02.txt, -0.1, 72465, 300,0.023
TS,Reduced,Best,Best,0,9,YFJS03.txt, -0.1, 32538, 300,0.096
TS,Reduced,Best,Best,0,9,DAFJS30.txt, -0.1, 47140, 300.002,237.351
TS,Reduced,Best,Best,0,9,YFJS04.txt, -0.1, 35883, 300,1.252
TS,Reduced,Best,Best,0,9,YFJS05.txt, -0.1, 40186, 300,4.421
TS,Reduced,Best,Best,0,9,YFJS06.txt, -0.1, 40522, 300,13.181
TS,Reduced,Best,Best,0,9,YFJS07.txt, -0.1, 40887, 300,38.15
TS,Reduced,Best,Best,0,9,YFJS08.txt, -0.1, 32573, 300,0.909
TS,Reduced,Best,Best,0,9,YFJS09.txt, -0.1, 22681, 300,0.014
TS,Reduced,Best,Best,0,9,YFJS10.txt, -0.1, 39621, 300,0.034
TS,Reduced,Best,Best,0,9,YFJS11.txt, -0.1, 48195, 300,4.947
TS,Reduced,Best,Best,0,9,YFJS12.txt, -0.1, 46728, 300,149.42
TS,Reduced,Best,Best,0,9,YFJS13.txt, -0.1, 36926, 300.003,33.803
TS,Reduced,Best,Best,0,9,YFJS15.txt, -0.1, 105837, 300.004,259.216
TS,Reduced,Best,Best,0,9,YFJS16.txt, -0.1, 105905, 300.006,197.453
TS,Reduced,Best,Best,0,9,YFJS14.txt, -0.1, 110625, 300.009,9.332
TS,Reduced,Best,Best,0,9,YFJS17.txt, -0.1, 96737, 300.006,226.679
TS,Reduced,Best,Best,0,9,YFJS18.txt, -0.1, 103359, 300.013,239.973
TS,Reduced,Best,Best,0,9,YFJS19.txt, -0.1, 86500, 300.02,242.815
TS,Reduced,Best,Best,0,9,DAFJS01.txt, -0.2, 22286, 300,0.029
TS,Reduced,Best,Best,0,9,DAFJS02.txt, -0.2, 24875, 300,0.141
TS,Reduced,Best,Best,0,9,YFJS20.txt, -0.1, 85867, 300.001,282.071
TS,Reduced,Best,Best,0,9,DAFJS03.txt, -0.2, 44419, 300,12.797
TS,Reduced,Best,Best,0,9,DAFJS04.txt, -0.2, 44821, 300,1.411
TS,Reduced,Best,Best,0,9,DAFJS05.txt, -0.2, 32028, 300,0.916
TS,Reduced,Best,Best,0,9,DAFJS06.txt, -0.2, 31521, 300,5.171
TS,Reduced,Best,Best,0,9,DAFJS07.txt, -0.2, 38731, 300,37.492
TS,Reduced,Best,Best,0,9,DAFJS08.txt, -0.2, 45162, 300.001,133.36
TS,Reduced,Best,Best,0,9,DAFJS09.txt, -0.2, 35161, 300,5.156
TS,Reduced,Best,Best,0,9,DAFJS10.txt, -0.2, 36791, 300,293.023
TS,Reduced,Best,Best,0,9,DAFJS12.txt, -0.2, 44167, 300.001,232.318
TS,Reduced,Best,Best,0,9,DAFJS13.txt, -0.2, 44180, 300.001,128.298
TS,Reduced,Best,Best,0,9,DAFJS11.txt, -0.2, 45861, 300.003,300.003
TS,Reduced,Best,Best,0,9,DAFJS14.txt, -0.2, 49611, 300,171.05
TS,Reduced,Best,Best,0,9,DAFJS15.txt, -0.2, 47211, 300.003,221.779
TS,Reduced,Best,Best,0,9,DAFJS16.txt, -0.2, 48972, 300.002,297.389
TS,Reduced,Best,Best,0,9,DAFJS18.txt, -0.2, 52624, 300.001,164.379
TS,Reduced,Best,Best,0,9,DAFJS17.txt, -0.2, 51715, 300.002,55.574
TS,Reduced,Best,Best,0,9,DAFJS19.txt, -0.2, 38740, 300.001,130.005
TS,Reduced,Best,Best,0,9,DAFJS20.txt, -0.2, 48088, 300,230.785
TS,Reduced,Best,Best,0,9,DAFJS23.txt, -0.2, 36137, 300,166.723
TS,Reduced,Best,Best,0,9,DAFJS22.txt, -0.2, 46088, 300.001,288.605
TS,Reduced,Best,Best,0,9,DAFJS21.txt, -0.2, 52681, 300.003,264.758
TS,Reduced,Best,Best,0,9,DAFJS24.txt, -0.2, 40079, 300,216.518
TS,Reduced,Best,Best,0,9,DAFJS26.txt, -0.2, 50006, 300.001,140.866
TS,Reduced,Best,Best,0,9,DAFJS28.txt, -0.2, 40686, 300,26.31
TS,Reduced,Best,Best,0,9,DAFJS29.txt, -0.2, 48953, 300,155.283
TS,Reduced,Best,Best,0,9,DAFJS25.txt, -0.2, 52604, 300.004,264.377
TS,Reduced,Best,Best,0,9,DAFJS27.txt, -0.2, 55599, 300.004,293.44
TS,Reduced,Best,Best,0,9,DAFJS30.txt, -0.2, 40839, 300,246.8
TS,Reduced,Best,Best,0,9,YFJS01.txt, -0.2, 61606, 300,3.427
TS,Reduced,Best,Best,0,9,YFJS02.txt, -0.2, 64172, 300,1.65
TS,Reduced,Best,Best,0,9,YFJS03.txt, -0.2, 30073, 300,0.013
TS,Reduced,Best,Best,0,9,YFJS04.txt, -0.2, 32670, 300,1.525
TS,Reduced,Best,Best,0,9,YFJS05.txt, -0.2, 37182, 300,4.319
TS,Reduced,Best,Best,0,9,YFJS06.txt, -0.2, 36749, 300,137.026
TS,Reduced,Best,Best,0,9,YFJS07.txt, -0.2, 36611, 300,77.852
TS,Reduced,Best,Best,0,9,YFJS08.txt, -0.2, 30267, 300,1.929
TS,Reduced,Best,Best,0,9,YFJS09.txt, -0.2, 21363, 300,10.871
TS,Reduced,Best,Best,0,9,YFJS10.txt, -0.2, 35251, 300,0.144
TS,Reduced,Best,Best,0,9,YFJS11.txt, -0.2, 44094, 300,0.526
TS,Reduced,Best,Best,0,9,YFJS12.txt, -0.2, 42597, 300,221.304
TS,Reduced,Best,Best,0,9,YFJS13.txt, -0.2, 33875, 300,34.325
TS,Reduced,Best,Best,0,9,YFJS16.txt, -0.2, 91357, 300.003,103.882
TS,Reduced,Best,Best,0,9,YFJS15.txt, -0.2, 90801, 300.005,216.109
TS,Reduced,Best,Best,0,9,YFJS14.txt, -0.2, 93409, 300.009,43.69
TS,Reduced,Best,Best,0,9,YFJS19.txt, -0.2, 74284, 300.01,184.837
TS,Reduced,Best,Best,0,9,YFJS18.txt, -0.2, 92710, 300.015,70.331
TS,Reduced,Best,Best,0,9,YFJS17.txt, -0.2, 78982, 300.021,276.749
TS,Reduced,Best,Best,0,9,DAFJS01.txt, -0.3, 20137, 300,0.346
TS,Reduced,Best,Best,0,9,DAFJS02.txt, -0.3, 22191, 300,0.441
TS,Reduced,Best,Best,0,9,DAFJS03.txt, -0.3, 38928, 300,105.792
TS,Reduced,Best,Best,0,9,DAFJS04.txt, -0.3, 39347, 300,1.531
TS,Reduced,Best,Best,0,9,DAFJS05.txt, -0.3, 27401, 300,0.833
TS,Reduced,Best,Best,0,9,DAFJS06.txt, -0.3, 26535, 300,10.258
TS,Reduced,Best,Best,0,9,DAFJS07.txt, -0.3, 35735, 300,8.836
TS,Reduced,Best,Best,0,9,DAFJS09.txt, -0.3, 30353, 300,79.135
TS,Reduced,Best,Best,0,9,DAFJS08.txt, -0.3, 38629, 300.001,192.081
TS,Reduced,Best,Best,0,9,YFJS20.txt, -0.2, 71131, 300.018,268.239
TS,Reduced,Best,Best,0,9,DAFJS10.txt, -0.3, 30983, 300.001,182.179
TS,Reduced,Best,Best,0,9,DAFJS13.txt, -0.3, 37324, 300.001,59.408
TS,Reduced,Best,Best,0,9,DAFJS12.txt, -0.3, 37351, 300.002,174.326
TS,Reduced,Best,Best,0,9,DAFJS11.txt, -0.3, 39227, 300.003,253.688
TS,Reduced,Best,Best,0,9,DAFJS14.txt, -0.3, 41203, 300.002,164.66
TS,Reduced,Best,Best,0,9,DAFJS15.txt, -0.3, 40092, 300.002,252.922
TS,Reduced,Best,Best,0,9,DAFJS18.txt, -0.3, 43899, 300,105.904
TS,Reduced,Best,Best,0,9,DAFJS17.txt, -0.3, 42367, 300.002,156.852
TS,Reduced,Best,Best,0,9,DAFJS16.txt, -0.3, 41337, 300.003,298.159
TS,Reduced,Best,Best,0,9,DAFJS19.txt, -0.3, 33501, 300.001,43.817
TS,Reduced,Best,Best,0,9,DAFJS20.txt, -0.3, 40059, 300,214.871
TS,Reduced,Best,Best,0,9,DAFJS22.txt, -0.3, 37083, 300,120.035
TS,Reduced,Best,Best,0,9,DAFJS23.txt, -0.3, 31860, 300,39.671
TS,Reduced,Best,Best,0,9,DAFJS24.txt, -0.3, 35122, 300,299.577
TS,Reduced,Best,Best,0,9,DAFJS21.txt, -0.3, 44190, 300.005,297.584
TS,Reduced,Best,Best,0,9,DAFJS25.txt, -0.3, 43654, 300.001,198.691
TS,Reduced,Best,Best,0,9,DAFJS29.txt, -0.3, 42218, 300,267.02
TS,Reduced,Best,Best,0,9,DAFJS28.txt, -0.3, 35694, 300.001,31.019
TS,Reduced,Best,Best,0,9,DAFJS27.txt, -0.3, 46192, 300.003,284.196
TS,Reduced,Best,Best,0,9,DAFJS26.txt, -0.3, 43025, 300.005,189.916
TS,Reduced,Best,Best,0,9,YFJS01.txt, -0.3, 55693, 300,0.919
TS,Reduced,Best,Best,0,9,YFJS02.txt, -0.3, 57187, 300,1.601
TS,Reduced,Best,Best,0,9,DAFJS30.txt, -0.3, 35609, 300.001,250.849
TS,Reduced,Best,Best,0,9,YFJS03.txt, -0.3, 27686, 300,0.023
TS,Reduced,Best,Best,0,9,YFJS04.txt, -0.3, 29692, 300,0.197
TS,Reduced,Best,Best,0,9,YFJS05.txt, -0.3, 33736, 300,12.588
TS,Reduced,Best,Best,0,9,YFJS06.txt, -0.3, 33276, 300,32.038
TS,Reduced,Best,Best,0,9,YFJS07.txt, -0.3, 33092, 300,4.759
TS,Reduced,Best,Best,0,9,YFJS08.txt, -0.3, 28192, 300,0.092
TS,Reduced,Best,Best,0,9,YFJS09.txt, -0.3, 20077, 300,9.579
TS,Reduced,Best,Best,0,9,YFJS10.txt, -0.3, 31998, 300,0.767
TS,Reduced,Best,Best,0,9,YFJS11.txt, -0.3, 40350, 300,6.534
TS,Reduced,Best,Best,0,9,YFJS12.txt, -0.3, 38392, 300,268.628
TS,Reduced,Best,Best,0,9,YFJS13.txt, -0.3, 30714, 300,180.098
TS,Reduced,Best,Best,0,9,YFJS16.txt, -0.3, 78491, 300.003,112.322
TS,Reduced,Best,Best,0,9,YFJS15.txt, -0.3, 79092, 300.007,191.448
TS,Reduced,Best,Best,0,9,YFJS14.txt, -0.3, 78762, 300.01,142.023
TS,Reduced,Best,Best,0,9,YFJS19.txt, -0.3, 60919, 300.008,297.733
TS,Reduced,Best,Best,0,9,YFJS18.txt, -0.3, 76031, 300.011,298.197
TS,Reduced,Best,Best,0,9,YFJS17.txt, -0.3, 66802, 300.026,275.823
TS,Reduced,Best,Best,0,9,YFJS20.txt, -0.3, 60137, 300.015,237.53
