GRASP,Reduced,Best,Best,1,0.38,YFJS_4_4_7_5_0, -0.1, 35046, 100,0
GRASP,Reduced,Best,Best,1,0.38,YFJS_4_4_7_5_1, -0.1, 24359, 100,0
GRASP,Reduced,Best,Best,1,0.38,YFJS_4_4_7_5_2, -0.1, 47391, 100,0
GRASP,Reduced,Best,Best,1,0.38,YFJS_4_4_7_5_3, -0.1, 25394, 100,0
GRASP,Reduced,Best,Best,1,0.38,YFJS_4_4_7_5_4, -0.1, 23985, 100,0
GRASP,Reduced,Best,Best,1,0.38,YFJS_4_4_7_5_5, -0.1, 29469, 100,0.388
GRASP,Reduced,Best,Best,1,0.38,YFJS_4_4_7_5_6, -0.1, 45705, 100,0.004
GRASP,Reduced,Best,Best,1,0.38,YFJS_4_4_7_5_7, -0.1, 33829, 100,0.011
GRASP,Reduced,Best,Best,1,0.38,YFJS_4_4_7_5_8, -0.1, 37049, 100,0
GRASP,Reduced,Best,Best,1,0.38,YFJS_4_4_7_5_9, -0.1, 27310, 100,0
GRASP,Reduced,Best,Best,1,0.38,YFJS_5_4_7_5_0, -0.1, 41300, 100,0.005
GRASP,Reduced,Best,Best,1,0.38,YFJS_5_4_7_5_1, -0.1, 30145, 100.001,75.738
GRASP,Reduced,Best,Best,1,0.38,YFJS_5_4_7_5_2, -0.1, 30962, 100,0.004
GRASP,Reduced,Best,Best,1,0.38,YFJS_5_4_7_5_3, -0.1, 31398, 100,0.004
GRASP,Reduced,Best,Best,1,0.38,YFJS_5_4_7_5_4, -0.1, 45442, 100,0
GRASP,Reduced,Best,Best,1,0.38,YFJS_5_4_7_5_5, -0.1, 33791, 100,0.007
GRASP,Reduced,Best,Best,1,0.38,YFJS_5_4_7_5_6, -0.1, 42838, 100,0.003
GRASP,Reduced,Best,Best,1,0.38,YFJS_5_4_7_5_7, -0.1, 28247, 100,0.003
GRASP,Reduced,Best,Best,1,0.38,YFJS_5_4_7_5_8, -0.1, 33601, 100,0.005
GRASP,Reduced,Best,Best,1,0.38,YFJS_5_4_7_5_9, -0.1, 30837, 100,0.004
GRASP,Reduced,Best,Best,1,0.38,YFJS_6_4_7_5_0, -0.1, 37308, 100,0.013
GRASP,Reduced,Best,Best,1,0.38,YFJS_6_4_7_5_1, -0.1, 34282, 100,0.008
GRASP,Reduced,Best,Best,1,0.38,YFJS_6_4_7_5_2, -0.1, 42079, 100,0.038
GRASP,Reduced,Best,Best,1,0.38,YFJS_6_4_7_5_3, -0.1, 33355, 100,0.012
GRASP,Reduced,Best,Best,1,0.38,YFJS_6_4_7_5_4, -0.1, 37149, 100,0.006
GRASP,Reduced,Best,Best,1,0.38,YFJS_6_4_7_5_5, -0.1, 51466, 100,0.731
GRASP,Reduced,Best,Best,1,0.38,YFJS_6_4_7_5_6, -0.1, 36719, 100,0.001
GRASP,Reduced,Best,Best,1,0.38,YFJS_6_4_7_5_7, -0.1, 35003, 100,0.043
GRASP,Reduced,Best,Best,1,0.38,YFJS_6_4_7_5_8, -0.1, 39798, 100,0.168
GRASP,Reduced,Best,Best,1,0.38,YFJS_6_4_7_5_9, -0.1, 33974, 100,0.016
GRASP,Reduced,Best,Best,1,0.38,DA_2_5_1, -0.1, 22875, 100,19.36
GRASP,Reduced,Best,Best,1,0.38,DA_2_5_10, -0.1, 22708, 100,0.006
GRASP,Reduced,Best,Best,1,0.38,DA_2_5_11, -0.1, 18363, 100,0
GRASP,Reduced,Best,Best,1,0.38,DA_2_5_12, -0.1, 20498, 100,0
GRASP,Reduced,Best,Best,1,0.38,DA_2_5_13, -0.1, 20593, 100,0.95
GRASP,Reduced,Best,Best,1,0.38,DA_2_5_14, -0.1, 22867, 100,0.015
GRASP,Reduced,Best,Best,1,0.38,DA_2_5_15, -0.1, 25715, 100,0.01
GRASP,Reduced,Best,Best,1,0.38,DA_2_5_16, -0.1, 19878, 100,0
GRASP,Reduced,Best,Best,1,0.38,DA_2_5_17, -0.1, 24267, 100,0.643
GRASP,Reduced,Best,Best,1,0.38,DA_2_5_18, -0.1, 20336, 100,0
GRASP,Reduced,Best,Best,1,0.38,DA_2_5_19, -0.1, 29968, 100,0.338
GRASP,Reduced,Best,Best,1,0.38,DA_2_5_2, -0.1, 18670, 100,0.002
GRASP,Reduced,Best,Best,1,0.38,DA_2_5_20, -0.1, 16313, 100,0
GRASP,Reduced,Best,Best,1,0.38,DA_2_5_3, -0.1, 23140, 100,0.001
GRASP,Reduced,Best,Best,1,0.38,DA_2_5_4, -0.1, 21715, 100,0
GRASP,Reduced,Best,Best,1,0.38,DA_2_5_5, -0.1, 25426, 100,0
GRASP,Reduced,Best,Best,1,0.38,DA_2_5_6, -0.1, 20155, 100,0
GRASP,Reduced,Best,Best,1,0.38,DA_2_5_7, -0.1, 18135, 100,0
GRASP,Reduced,Best,Best,1,0.38,DA_2_5_8, -0.1, 20945, 100,0.001
GRASP,Reduced,Best,Best,1,0.38,DA_2_5_9, -0.1, 21838, 100,5.306
GRASP,Reduced,Best,Best,1,0.38,DAFJS_3_5_1, -0.1, 23445, 100,79.667
GRASP,Reduced,Best,Best,1,0.38,DAFJS_3_5_10, -0.1, 25923, 100,0.007
GRASP,Reduced,Best,Best,1,0.38,DAFJS_3_5_2, -0.1, 24998, 100,0.006
GRASP,Reduced,Best,Best,1,0.38,DAFJS_3_5_3, -0.1, 24579, 100,0.02
GRASP,Reduced,Best,Best,1,0.38,DAFJS_3_5_4, -0.1, 21143, 100,4.659
GRASP,Reduced,Best,Best,1,0.38,DAFJS_3_5_5, -0.1, 21120, 100,54.194
GRASP,Reduced,Best,Best,1,0.38,DAFJS_3_5_6, -0.1, 22106, 100,0.02
GRASP,Reduced,Best,Best,1,0.38,DAFJS_3_5_7, -0.1, 22708, 100,0.009
GRASP,Reduced,Best,Best,1,0.38,DAFJS_3_5_8, -0.1, 20278, 100,0.005
GRASP,Reduced,Best,Best,1,0.38,DAFJS_3_5_9, -0.1, 24462, 100.001,18.482
GRASP,Reduced,Best,Best,1,0.38,YFJS_4_4_7_5_0, -0.2, 33132, 100,0
GRASP,Reduced,Best,Best,1,0.38,YFJS_4_4_7_5_1, -0.2, 23100, 100,0
GRASP,Reduced,Best,Best,1,0.38,YFJS_4_4_7_5_2, -0.2, 42896, 100,0
GRASP,Reduced,Best,Best,1,0.38,YFJS_4_4_7_5_3, -0.2, 24485, 100,0
GRASP,Reduced,Best,Best,1,0.38,YFJS_4_4_7_5_4, -0.2, 23597, 100,0
GRASP,Reduced,Best,Best,1,0.38,YFJS_4_4_7_5_5, -0.2, 28655, 100,0
GRASP,Reduced,Best,Best,1,0.38,YFJS_4_4_7_5_6, -0.2, 42239, 100,0.002
GRASP,Reduced,Best,Best,1,0.38,YFJS_4_4_7_5_7, -0.2, 31471, 100,0.001
GRASP,Reduced,Best,Best,1,0.38,YFJS_4_4_7_5_8, -0.2, 35250, 100,0.968
GRASP,Reduced,Best,Best,1,0.38,YFJS_4_4_7_5_9, -0.2, 26145, 100,4.321
GRASP,Reduced,Best,Best,1,0.38,YFJS_5_4_7_5_0, -0.2, 38545, 100,3.092
GRASP,Reduced,Best,Best,1,0.38,YFJS_5_4_7_5_1, -0.2, 29280, 100,58.165
GRASP,Reduced,Best,Best,1,0.38,YFJS_5_4_7_5_2, -0.2, 28120, 100,0.003
GRASP,Reduced,Best,Best,1,0.38,YFJS_5_4_7_5_3, -0.2, 29682, 100,0
GRASP,Reduced,Best,Best,1,0.38,YFJS_5_4_7_5_4, -0.2, 41619, 100,0
GRASP,Reduced,Best,Best,1,0.38,YFJS_5_4_7_5_5, -0.2, 31280, 100,0.001
GRASP,Reduced,Best,Best,1,0.38,YFJS_5_4_7_5_6, -0.2, 40388, 100,0.002
GRASP,Reduced,Best,Best,1,0.38,YFJS_5_4_7_5_7, -0.2, 26297, 100,0.002
GRASP,Reduced,Best,Best,1,0.38,YFJS_5_4_7_5_8, -0.2, 30717, 100,0.002
GRASP,Reduced,Best,Best,1,0.38,YFJS_5_4_7_5_9, -0.2, 28832, 100,0.029
GRASP,Reduced,Best,Best,1,0.38,YFJS_6_4_7_5_0, -0.2, 34811, 100,0.072
GRASP,Reduced,Best,Best,1,0.38,YFJS_6_4_7_5_1, -0.2, 31702, 100,0.022
GRASP,Reduced,Best,Best,1,0.38,YFJS_6_4_7_5_2, -0.2, 38639, 100,53.298
GRASP,Reduced,Best,Best,1,0.38,YFJS_6_4_7_5_3, -0.2, 30821, 100,0.278
GRASP,Reduced,Best,Best,1,0.38,YFJS_6_4_7_5_4, -0.2, 34647, 100,0.01
GRASP,Reduced,Best,Best,1,0.38,YFJS_6_4_7_5_5, -0.2, 47519, 100,3.098
GRASP,Reduced,Best,Best,1,0.38,YFJS_6_4_7_5_6, -0.2, 34042, 100,0.001
GRASP,Reduced,Best,Best,1,0.38,YFJS_6_4_7_5_7, -0.2, 32080, 100,40.937
GRASP,Reduced,Best,Best,1,0.38,YFJS_6_4_7_5_8, -0.2, 36093, 100,0.157
GRASP,Reduced,Best,Best,1,0.38,YFJS_6_4_7_5_9, -0.2, 32253, 100,0.006
GRASP,Reduced,Best,Best,1,0.38,DA_2_5_1, -0.2, 21327, 100,0.011
GRASP,Reduced,Best,Best,1,0.38,DA_2_5_10, -0.2, 20635, 100,0.036
GRASP,Reduced,Best,Best,1,0.38,DA_2_5_11, -0.2, 17972, 100,0
GRASP,Reduced,Best,Best,1,0.38,DA_2_5_12, -0.2, 19602, 100,0
GRASP,Reduced,Best,Best,1,0.38,DA_2_5_13, -0.2, 18803, 100,0.116
GRASP,Reduced,Best,Best,1,0.38,DA_2_5_14, -0.2, 20568, 100,0.011
GRASP,Reduced,Best,Best,1,0.38,DA_2_5_15, -0.2, 24715, 100,0.011
GRASP,Reduced,Best,Best,1,0.38,DA_2_5_16, -0.2, 18857, 100,0
GRASP,Reduced,Best,Best,1,0.38,DA_2_5_17, -0.2, 22660, 100,5.803
GRASP,Reduced,Best,Best,1,0.38,DA_2_5_18, -0.2, 18823, 100,0
GRASP,Reduced,Best,Best,1,0.38,DA_2_5_19, -0.2, 27455, 100,0.136
GRASP,Reduced,Best,Best,1,0.38,DA_2_5_2, -0.2, 17874, 100,1.782
GRASP,Reduced,Best,Best,1,0.38,DA_2_5_20, -0.2, 15143, 100,0
GRASP,Reduced,Best,Best,1,0.38,DA_2_5_3, -0.2, 21817, 100,0.002
GRASP,Reduced,Best,Best,1,0.38,DA_2_5_4, -0.2, 20236, 100,0.001
GRASP,Reduced,Best,Best,1,0.38,DA_2_5_5, -0.2, 24114, 100,0.001
GRASP,Reduced,Best,Best,1,0.38,DA_2_5_6, -0.2, 19145, 100,0
GRASP,Reduced,Best,Best,1,0.38,DA_2_5_7, -0.2, 17270, 100,0
GRASP,Reduced,Best,Best,1,0.38,DA_2_5_8, -0.2, 19642, 100,0
GRASP,Reduced,Best,Best,1,0.38,DA_2_5_9, -0.2, 20086, 100,73.596
GRASP,Reduced,Best,Best,1,0.38,DAFJS_3_5_1, -0.2, 21433, 100,32.311
GRASP,Reduced,Best,Best,1,0.38,DAFJS_3_5_10, -0.2, 23852, 100,11.072
GRASP,Reduced,Best,Best,1,0.38,DAFJS_3_5_2, -0.2, 23228, 100.001,0.001
GRASP,Reduced,Best,Best,1,0.38,DAFJS_3_5_3, -0.2, 22521, 100,1.407
GRASP,Reduced,Best,Best,1,0.38,DAFJS_3_5_4, -0.2, 19809, 100,23.353
GRASP,Reduced,Best,Best,1,0.38,DAFJS_3_5_5, -0.2, 19724, 100,39.969
GRASP,Reduced,Best,Best,1,0.38,DAFJS_3_5_6, -0.2, 20245, 100,0.024
GRASP,Reduced,Best,Best,1,0.38,DAFJS_3_5_7, -0.2, 20635, 100,0.001
GRASP,Reduced,Best,Best,1,0.38,DAFJS_3_5_8, -0.2, 19201, 100,2.271
GRASP,Reduced,Best,Best,1,0.38,DAFJS_3_5_9, -0.2, 22069, 100,72.79
GRASP,Reduced,Best,Best,1,0.38,YFJS_4_4_7_5_0, -0.3, 31008, 100,0
GRASP,Reduced,Best,Best,1,0.38,YFJS_4_4_7_5_1, -0.3, 22010, 100,0.002
GRASP,Reduced,Best,Best,1,0.38,YFJS_4_4_7_5_2, -0.3, 38935, 100,0
GRASP,Reduced,Best,Best,1,0.38,YFJS_4_4_7_5_3, -0.3, 23774, 100,0
GRASP,Reduced,Best,Best,1,0.38,YFJS_4_4_7_5_4, -0.3, 22843, 100,0
GRASP,Reduced,Best,Best,1,0.38,YFJS_4_4_7_5_5, -0.3, 27366, 100,0
GRASP,Reduced,Best,Best,1,0.38,YFJS_4_4_7_5_6, -0.3, 38932, 100,0.16
GRASP,Reduced,Best,Best,1,0.38,YFJS_4_4_7_5_7, -0.3, 29464, 100,36.467
GRASP,Reduced,Best,Best,1,0.38,YFJS_4_4_7_5_8, -0.3, 33763, 100,0.001
GRASP,Reduced,Best,Best,1,0.38,YFJS_4_4_7_5_9, -0.3, 25072, 100,5.798
GRASP,Reduced,Best,Best,1,0.38,YFJS_5_4_7_5_0, -0.3, 36307, 100,0.724
GRASP,Reduced,Best,Best,1,0.38,YFJS_5_4_7_5_1, -0.3, 26571, 100,0.007
GRASP,Reduced,Best,Best,1,0.38,YFJS_5_4_7_5_2, -0.3, 25619, 100,0.004
GRASP,Reduced,Best,Best,1,0.38,YFJS_5_4_7_5_3, -0.3, 27428, 100,0.239
GRASP,Reduced,Best,Best,1,0.38,YFJS_5_4_7_5_4, -0.3, 38256, 100,0.004
GRASP,Reduced,Best,Best,1,0.38,YFJS_5_4_7_5_5, -0.3, 29442, 100,0.01
GRASP,Reduced,Best,Best,1,0.38,YFJS_5_4_7_5_6, -0.3, 37465, 100,0.006
GRASP,Reduced,Best,Best,1,0.38,YFJS_5_4_7_5_7, -0.3, 25067, 100,0.005
GRASP,Reduced,Best,Best,1,0.38,YFJS_5_4_7_5_8, -0.3, 29207, 100,0.058
GRASP,Reduced,Best,Best,1,0.38,YFJS_5_4_7_5_9, -0.3, 27091, 100,0.018
GRASP,Reduced,Best,Best,1,0.38,YFJS_6_4_7_5_0, -0.3, 32238, 100,0.06
GRASP,Reduced,Best,Best,1,0.38,YFJS_6_4_7_5_1, -0.3, 28985, 100.001,0.114
GRASP,Reduced,Best,Best,1,0.38,YFJS_6_4_7_5_2, -0.3, 36074, 100,23.013
GRASP,Reduced,Best,Best,1,0.38,YFJS_6_4_7_5_3, -0.3, 27422, 100,6.785
GRASP,Reduced,Best,Best,1,0.38,YFJS_6_4_7_5_4, -0.3, 32346, 100.001,0.01
GRASP,Reduced,Best,Best,1,0.38,YFJS_6_4_7_5_5, -0.3, 43452, 100,0.055
GRASP,Reduced,Best,Best,1,0.38,YFJS_6_4_7_5_6, -0.3, 31571, 100,0.004
GRASP,Reduced,Best,Best,1,0.38,YFJS_6_4_7_5_7, -0.3, 30814, 100,0.002
GRASP,Reduced,Best,Best,1,0.38,YFJS_6_4_7_5_8, -0.3, 32826, 100,0.043
GRASP,Reduced,Best,Best,1,0.38,YFJS_6_4_7_5_9, -0.3, 31093, 100,0.005
GRASP,Reduced,Best,Best,1,0.38,DA_2_5_1, -0.3, 19443, 100,16.05
GRASP,Reduced,Best,Best,1,0.38,DA_2_5_10, -0.3, 18916, 100,0.003
GRASP,Reduced,Best,Best,1,0.38,DA_2_5_11, -0.3, 17419, 100,0
GRASP,Reduced,Best,Best,1,0.38,DA_2_5_12, -0.3, 18800, 100,0
GRASP,Reduced,Best,Best,1,0.38,DA_2_5_13, -0.3, 17596, 100,1.943
GRASP,Reduced,Best,Best,1,0.38,DA_2_5_14, -0.3, 18692, 100,0.001
GRASP,Reduced,Best,Best,1,0.38,DA_2_5_15, -0.3, 24256, 100,0.124
GRASP,Reduced,Best,Best,1,0.38,DA_2_5_16, -0.3, 17900, 100,0
GRASP,Reduced,Best,Best,1,0.38,DA_2_5_17, -0.3, 20797, 100,0.036
GRASP,Reduced,Best,Best,1,0.38,DA_2_5_18, -0.3, 17395, 100,0.007
GRASP,Reduced,Best,Best,1,0.38,DA_2_5_19, -0.3, 25304, 100,0.122
GRASP,Reduced,Best,Best,1,0.38,DA_2_5_2, -0.3, 17105, 100,0.291
GRASP,Reduced,Best,Best,1,0.38,DA_2_5_20, -0.3, 14077, 100,0
GRASP,Reduced,Best,Best,1,0.38,DA_2_5_3, -0.3, 20620, 100,0.003
GRASP,Reduced,Best,Best,1,0.38,DA_2_5_4, -0.3, 18625, 100,0
GRASP,Reduced,Best,Best,1,0.38,DA_2_5_5, -0.3, 22734, 100,0
GRASP,Reduced,Best,Best,1,0.38,DA_2_5_6, -0.3, 18253, 100,0
GRASP,Reduced,Best,Best,1,0.38,DA_2_5_7, -0.3, 16495, 100,0
GRASP,Reduced,Best,Best,1,0.38,DA_2_5_8, -0.3, 18474, 100,0
GRASP,Reduced,Best,Best,1,0.38,DA_2_5_9, -0.3, 18521, 100,5.767
GRASP,Reduced,Best,Best,1,0.38,DAFJS_3_5_1, -0.3, 19448, 100,0.002
GRASP,Reduced,Best,Best,1,0.38,DAFJS_3_5_10, -0.3, 22322, 100,92.927
GRASP,Reduced,Best,Best,1,0.38,DAFJS_3_5_2, -0.3, 21372, 100,0.026
GRASP,Reduced,Best,Best,1,0.38,DAFJS_3_5_3, -0.3, 20389, 100,0.017
GRASP,Reduced,Best,Best,1,0.38,DAFJS_3_5_4, -0.3, 18400, 100,0.015
GRASP,Reduced,Best,Best,1,0.38,DAFJS_3_5_6, -0.3, 19464, 100,0.002
GRASP,Reduced,Best,Best,1,0.38,DAFJS_3_5_5, -0.3, 18396, 100,9.987
GRASP,Reduced,Best,Best,1,0.38,DAFJS_3_5_7, -0.3, 18762, 100,0.001
GRASP,Reduced,Best,Best,1,0.38,DAFJS_3_5_8, -0.3, 18253, 100,1.721
GRASP,Reduced,Best,Best,1,0.38,DAFJS_3_5_9, -0.3, 19594, 100,24.108
GRASP,Reduced,Best,Best,1,0.38,YFJS_4_4_7_5_0, -0.1, 35046, 100,0
GRASP,Reduced,Best,Best,1,0.38,YFJS_4_4_7_5_1, -0.1, 24359, 100,0
GRASP,Reduced,Best,Best,1,0.38,YFJS_4_4_7_5_2, -0.1, 47391, 100,0
GRASP,Reduced,Best,Best,1,0.38,YFJS_4_4_7_5_3, -0.1, 25394, 100,0
GRASP,Reduced,Best,Best,1,0.38,YFJS_4_4_7_5_4, -0.1, 23985, 100,0.002
GRASP,Reduced,Best,Best,1,0.38,YFJS_4_4_7_5_6, -0.1, 45705, 100,0.002
GRASP,Reduced,Best,Best,1,0.38,YFJS_4_4_7_5_5, -0.1, 29469, 100,0.722
GRASP,Reduced,Best,Best,1,0.38,YFJS_4_4_7_5_7, -0.1, 33829, 100,0.003
GRASP,Reduced,Best,Best,1,0.38,YFJS_4_4_7_5_8, -0.1, 37049, 100,0.001
GRASP,Reduced,Best,Best,1,0.38,YFJS_4_4_7_5_9, -0.1, 27310, 100,0.004
GRASP,Reduced,Best,Best,1,0.38,YFJS_5_4_7_5_0, -0.1, 41300, 100,0.006
GRASP,Reduced,Best,Best,1,0.38,YFJS_5_4_7_5_1, -0.1, 30581, 100,10.129
GRASP,Reduced,Best,Best,1,0.38,YFJS_5_4_7_5_2, -0.1, 30962, 100,0.003
GRASP,Reduced,Best,Best,1,0.38,YFJS_5_4_7_5_4, -0.1, 45442, 100,0.005
GRASP,Reduced,Best,Best,1,0.38,YFJS_5_4_7_5_3, -0.1, 31398, 100.001,0.002
GRASP,Reduced,Best,Best,1,0.38,YFJS_5_4_7_5_5, -0.1, 33791, 100,0.005
GRASP,Reduced,Best,Best,1,0.38,YFJS_5_4_7_5_6, -0.1, 42838, 100,0.003
GRASP,Reduced,Best,Best,1,0.38,YFJS_5_4_7_5_7, -0.1, 28247, 100,0.002
GRASP,Reduced,Best,Best,1,0.38,YFJS_5_4_7_5_8, -0.1, 33601, 100,0.001
GRASP,Reduced,Best,Best,1,0.38,YFJS_5_4_7_5_9, -0.1, 30837, 100,0.003
GRASP,Reduced,Best,Best,1,0.38,YFJS_6_4_7_5_0, -0.1, 37308, 100,0.019
GRASP,Reduced,Best,Best,1,0.38,YFJS_6_4_7_5_1, -0.1, 34282, 100,0.005
GRASP,Reduced,Best,Best,1,0.38,YFJS_6_4_7_5_2, -0.1, 42079, 100,0.098
GRASP,Reduced,Best,Best,1,0.38,YFJS_6_4_7_5_3, -0.1, 32736, 100,85.295
GRASP,Reduced,Best,Best,1,0.38,YFJS_6_4_7_5_4, -0.1, 37149, 100.001,0.026
GRASP,Reduced,Best,Best,1,0.38,YFJS_6_4_7_5_5, -0.1, 51466, 100,1.412
GRASP,Reduced,Best,Best,1,0.38,YFJS_6_4_7_5_6, -0.1, 36719, 100,0.002
GRASP,Reduced,Best,Best,1,0.38,YFJS_6_4_7_5_7, -0.1, 35003, 100,0.018
GRASP,Reduced,Best,Best,1,0.38,YFJS_6_4_7_5_8, -0.1, 39798, 100,0.094
GRASP,Reduced,Best,Best,1,0.38,YFJS_6_4_7_5_9, -0.1, 33974, 100,0.083
GRASP,Reduced,Best,Best,1,0.38,DA_2_5_1, -0.1, 22875, 100,1.397
GRASP,Reduced,Best,Best,1,0.38,DA_2_5_10, -0.1, 22708, 100,0
GRASP,Reduced,Best,Best,1,0.38,DA_2_5_11, -0.1, 18363, 100,0
GRASP,Reduced,Best,Best,1,0.38,DA_2_5_12, -0.1, 20498, 100,0
GRASP,Reduced,Best,Best,1,0.38,DA_2_5_13, -0.1, 20593, 100,1.365
GRASP,Reduced,Best,Best,1,0.38,DA_2_5_14, -0.1, 22867, 100,0.121
GRASP,Reduced,Best,Best,1,0.38,DA_2_5_15, -0.1, 25715, 100,0.116
GRASP,Reduced,Best,Best,1,0.38,DA_2_5_16, -0.1, 19878, 100,0
GRASP,Reduced,Best,Best,1,0.38,DA_2_5_17, -0.1, 24267, 100,0.408
GRASP,Reduced,Best,Best,1,0.38,DA_2_5_18, -0.1, 20336, 100,0
GRASP,Reduced,Best,Best,1,0.38,DA_2_5_19, -0.1, 29968, 100,2.843
GRASP,Reduced,Best,Best,1,0.38,DA_2_5_2, -0.1, 18670, 100,0
GRASP,Reduced,Best,Best,1,0.38,DA_2_5_20, -0.1, 16313, 100,0
GRASP,Reduced,Best,Best,1,0.38,DA_2_5_3, -0.1, 23140, 100,0
GRASP,Reduced,Best,Best,1,0.38,DA_2_5_4, -0.1, 21715, 100,0
GRASP,Reduced,Best,Best,1,0.38,DA_2_5_5, -0.1, 25426, 100,0
GRASP,Reduced,Best,Best,1,0.38,DA_2_5_6, -0.1, 20155, 100,0
GRASP,Reduced,Best,Best,1,0.38,DA_2_5_7, -0.1, 18135, 100,0
GRASP,Reduced,Best,Best,1,0.38,DA_2_5_8, -0.1, 20945, 100,0
GRASP,Reduced,Best,Best,1,0.38,DA_2_5_9, -0.1, 21838, 100,7.265
GRASP,Reduced,Best,Best,1,0.38,DAFJS_3_5_1, -0.1, 23456, 100,65.75
GRASP,Reduced,Best,Best,1,0.38,DAFJS_3_5_10, -0.1, 25923, 100,0.003
GRASP,Reduced,Best,Best,1,0.38,DAFJS_3_5_2, -0.1, 24998, 100,0.014
GRASP,Reduced,Best,Best,1,0.38,DAFJS_3_5_3, -0.1, 24579, 100,0.005
GRASP,Reduced,Best,Best,1,0.38,DAFJS_3_5_4, -0.1, 21143, 100,53.376
GRASP,Reduced,Best,Best,1,0.38,DAFJS_3_5_5, -0.1, 21120, 100,72.008
GRASP,Reduced,Best,Best,1,0.38,DAFJS_3_5_6, -0.1, 22106, 100,0.118
GRASP,Reduced,Best,Best,1,0.38,DAFJS_3_5_7, -0.1, 22708, 100,0.002
GRASP,Reduced,Best,Best,1,0.38,DAFJS_3_5_8, -0.1, 20278, 100,0.001
GRASP,Reduced,Best,Best,1,0.38,DAFJS_3_5_9, -0.1, 23558, 100,68.516
GRASP,Reduced,Best,Best,1,0.38,YFJS_4_4_7_5_0, -0.2, 33132, 100,0
GRASP,Reduced,Best,Best,1,0.38,YFJS_4_4_7_5_1, -0.2, 23100, 100,0.001
GRASP,Reduced,Best,Best,1,0.38,YFJS_4_4_7_5_2, -0.2, 42896, 100,0
GRASP,Reduced,Best,Best,1,0.38,YFJS_4_4_7_5_3, -0.2, 24485, 100,0
GRASP,Reduced,Best,Best,1,0.38,YFJS_4_4_7_5_4, -0.2, 23597, 100,0.002
GRASP,Reduced,Best,Best,1,0.38,YFJS_4_4_7_5_5, -0.2, 28655, 100.001,0.003
GRASP,Reduced,Best,Best,1,0.38,YFJS_4_4_7_5_6, -0.2, 42239, 100,0.043
GRASP,Reduced,Best,Best,1,0.38,YFJS_4_4_7_5_7, -0.2, 31471, 100,0.003
GRASP,Reduced,Best,Best,1,0.38,YFJS_4_4_7_5_8, -0.2, 35250, 100,6.039
GRASP,Reduced,Best,Best,1,0.38,YFJS_4_4_7_5_9, -0.2, 26145, 100,14.891
GRASP,Reduced,Best,Best,1,0.38,YFJS_5_4_7_5_0, -0.2, 38545, 100,8.092
GRASP,Reduced,Best,Best,1,0.38,YFJS_5_4_7_5_1, -0.2, 27895, 100,48.017
GRASP,Reduced,Best,Best,1,0.38,YFJS_5_4_7_5_2, -0.2, 28120, 100,0.001
GRASP,Reduced,Best,Best,1,0.38,YFJS_5_4_7_5_3, -0.2, 29682, 100,0.002
GRASP,Reduced,Best,Best,1,0.38,YFJS_5_4_7_5_4, -0.2, 41619, 100,0.002
GRASP,Reduced,Best,Best,1,0.38,YFJS_5_4_7_5_5, -0.2, 31280, 100.001,0
GRASP,Reduced,Best,Best,1,0.38,YFJS_5_4_7_5_6, -0.2, 40388, 100,0
GRASP,Reduced,Best,Best,1,0.38,YFJS_5_4_7_5_8, -0.2, 30717, 100,0.009
GRASP,Reduced,Best,Best,1,0.38,YFJS_5_4_7_5_7, -0.2, 26297, 100.001,0.002
GRASP,Reduced,Best,Best,1,0.38,YFJS_5_4_7_5_9, -0.2, 28832, 100,0.009
GRASP,Reduced,Best,Best,1,0.38,YFJS_6_4_7_5_0, -0.2, 34811, 100.001,0.082
GRASP,Reduced,Best,Best,1,0.38,YFJS_6_4_7_5_1, -0.2, 31702, 100,0.072
GRASP,Reduced,Best,Best,1,0.38,YFJS_6_4_7_5_2, -0.2, 39407, 100,16.353
GRASP,Reduced,Best,Best,1,0.38,YFJS_6_4_7_5_4, -0.2, 34647, 100,0.012
GRASP,Reduced,Best,Best,1,0.38,YFJS_6_4_7_5_5, -0.2, 47519, 100,1.976
GRASP,Reduced,Best,Best,1,0.38,YFJS_6_4_7_5_3, -0.2, 30821, 100,0.036
GRASP,Reduced,Best,Best,1,0.38,YFJS_6_4_7_5_6, -0.2, 34042, 100,0.007
GRASP,Reduced,Best,Best,1,0.38,YFJS_6_4_7_5_7, -0.2, 32852, 100,0.038
GRASP,Reduced,Best,Best,1,0.38,YFJS_6_4_7_5_8, -0.2, 36093, 100,0.14
GRASP,Reduced,Best,Best,1,0.38,YFJS_6_4_7_5_9, -0.2, 32253, 100,0.034
GRASP,Reduced,Best,Best,1,0.38,DA_2_5_1, -0.2, 21327, 100,0.052
GRASP,Reduced,Best,Best,1,0.38,DA_2_5_10, -0.2, 20635, 100,0.023
GRASP,Reduced,Best,Best,1,0.38,DA_2_5_11, -0.2, 17972, 100,0
GRASP,Reduced,Best,Best,1,0.38,DA_2_5_12, -0.2, 19602, 100,0
GRASP,Reduced,Best,Best,1,0.38,DA_2_5_13, -0.2, 18803, 100,2.855
GRASP,Reduced,Best,Best,1,0.38,DA_2_5_14, -0.2, 20568, 100,0.024
GRASP,Reduced,Best,Best,1,0.38,DA_2_5_15, -0.2, 24715, 100,0.03
GRASP,Reduced,Best,Best,1,0.38,DA_2_5_16, -0.2, 18857, 100,0
GRASP,Reduced,Best,Best,1,0.38,DA_2_5_17, -0.2, 22660, 100,0.146
GRASP,Reduced,Best,Best,1,0.38,DA_2_5_18, -0.2, 18823, 100,0
GRASP,Reduced,Best,Best,1,0.38,DA_2_5_19, -0.2, 27455, 100,4.07
GRASP,Reduced,Best,Best,1,0.38,DA_2_5_2, -0.2, 17874, 100,0.275
GRASP,Reduced,Best,Best,1,0.38,DA_2_5_20, -0.2, 15143, 100,0
GRASP,Reduced,Best,Best,1,0.38,DA_2_5_3, -0.2, 21817, 100,0.002
GRASP,Reduced,Best,Best,1,0.38,DA_2_5_4, -0.2, 20236, 100,0
GRASP,Reduced,Best,Best,1,0.38,DA_2_5_5, -0.2, 24114, 100,0.002
GRASP,Reduced,Best,Best,1,0.38,DA_2_5_6, -0.2, 19145, 100,0
GRASP,Reduced,Best,Best,1,0.38,DA_2_5_7, -0.2, 17270, 100,0
GRASP,Reduced,Best,Best,1,0.38,DA_2_5_8, -0.2, 19642, 100,0.001
GRASP,Reduced,Best,Best,1,0.38,DA_2_5_9, -0.2, 20086, 100,22.23
GRASP,Reduced,Best,Best,1,0.38,DAFJS_3_5_1, -0.2, 21433, 100,55.55
GRASP,Reduced,Best,Best,1,0.38,DAFJS_3_5_10, -0.2, 23852, 100,38.416
GRASP,Reduced,Best,Best,1,0.38,DAFJS_3_5_2, -0.2, 23228, 100,0.006
GRASP,Reduced,Best,Best,1,0.38,DAFJS_3_5_3, -0.2, 22521, 100,32.451
GRASP,Reduced,Best,Best,1,0.38,DAFJS_3_5_4, -0.2, 19809, 100,9.86
GRASP,Reduced,Best,Best,1,0.38,DAFJS_3_5_5, -0.2, 19773, 100,12.637
GRASP,Reduced,Best,Best,1,0.38,DAFJS_3_5_6, -0.2, 20245, 100,0.014
GRASP,Reduced,Best,Best,1,0.38,DAFJS_3_5_7, -0.2, 20635, 100,0
GRASP,Reduced,Best,Best,1,0.38,DAFJS_3_5_8, -0.2, 19201, 100,1.068
GRASP,Reduced,Best,Best,1,0.38,DAFJS_3_5_9, -0.2, 21698, 100,11.487
GRASP,Reduced,Best,Best,1,0.38,YFJS_4_4_7_5_0, -0.3, 31008, 100,0
GRASP,Reduced,Best,Best,1,0.38,YFJS_4_4_7_5_1, -0.3, 22010, 100,0
GRASP,Reduced,Best,Best,1,0.38,YFJS_4_4_7_5_2, -0.3, 38935, 100,0.001
GRASP,Reduced,Best,Best,1,0.38,YFJS_4_4_7_5_3, -0.3, 23774, 100,0
GRASP,Reduced,Best,Best,1,0.38,YFJS_4_4_7_5_4, -0.3, 22843, 100,0
GRASP,Reduced,Best,Best,1,0.38,YFJS_4_4_7_5_5, -0.3, 27366, 100,0
GRASP,Reduced,Best,Best,1,0.38,YFJS_4_4_7_5_6, -0.3, 38932, 100,0.124
GRASP,Reduced,Best,Best,1,0.38,YFJS_4_4_7_5_7, -0.3, 29464, 100,11.045
GRASP,Reduced,Best,Best,1,0.38,YFJS_4_4_7_5_8, -0.3, 33763, 100,0.001
GRASP,Reduced,Best,Best,1,0.38,YFJS_4_4_7_5_9, -0.3, 25072, 100,95.099
GRASP,Reduced,Best,Best,1,0.38,YFJS_5_4_7_5_0, -0.3, 36307, 100,0.411
GRASP,Reduced,Best,Best,1,0.38,YFJS_5_4_7_5_1, -0.3, 26571, 100,0.003
GRASP,Reduced,Best,Best,1,0.38,YFJS_5_4_7_5_2, -0.3, 25619, 100,0.002
GRASP,Reduced,Best,Best,1,0.38,YFJS_5_4_7_5_3, -0.3, 27428, 100,2.699
GRASP,Reduced,Best,Best,1,0.38,YFJS_5_4_7_5_4, -0.3, 38256, 100,0.001
GRASP,Reduced,Best,Best,1,0.38,YFJS_5_4_7_5_5, -0.3, 29442, 100,0.001
GRASP,Reduced,Best,Best,1,0.38,YFJS_5_4_7_5_6, -0.3, 37465, 100,0.001
GRASP,Reduced,Best,Best,1,0.38,YFJS_5_4_7_5_7, -0.3, 25067, 100,0.007
GRASP,Reduced,Best,Best,1,0.38,YFJS_5_4_7_5_8, -0.3, 29207, 100,0.116
GRASP,Reduced,Best,Best,1,0.38,YFJS_5_4_7_5_9, -0.3, 27091, 100,0.149
GRASP,Reduced,Best,Best,1,0.38,YFJS_6_4_7_5_0, -0.3, 32238, 100,0.026
GRASP,Reduced,Best,Best,1,0.38,YFJS_6_4_7_5_2, -0.3, 35779, 100,0.403
GRASP,Reduced,Best,Best,1,0.38,YFJS_6_4_7_5_1, -0.3, 28985, 100.001,0.022
GRASP,Reduced,Best,Best,1,0.38,YFJS_6_4_7_5_3, -0.3, 27395, 100,52.85
GRASP,Reduced,Best,Best,1,0.38,YFJS_6_4_7_5_4, -0.3, 32346, 100,0.192
GRASP,Reduced,Best,Best,1,0.38,YFJS_6_4_7_5_5, -0.3, 43452, 100,0.054
GRASP,Reduced,Best,Best,1,0.38,YFJS_6_4_7_5_6, -0.3, 31571, 100,0.017
GRASP,Reduced,Best,Best,1,0.38,YFJS_6_4_7_5_7, -0.3, 30428, 100,89.55
GRASP,Reduced,Best,Best,1,0.38,YFJS_6_4_7_5_8, -0.3, 32826, 100,0.534
GRASP,Reduced,Best,Best,1,0.38,YFJS_6_4_7_5_9, -0.3, 29848, 100,2.516
GRASP,Reduced,Best,Best,1,0.38,DA_2_5_1, -0.3, 19443, 100,4.318
GRASP,Reduced,Best,Best,1,0.38,DA_2_5_10, -0.3, 18916, 100,0.003
GRASP,Reduced,Best,Best,1,0.38,DA_2_5_11, -0.3, 17419, 100,0.001
GRASP,Reduced,Best,Best,1,0.38,DA_2_5_12, -0.3, 18800, 100,0
GRASP,Reduced,Best,Best,1,0.38,DA_2_5_13, -0.3, 17596, 100,1.325
GRASP,Reduced,Best,Best,1,0.38,DA_2_5_14, -0.3, 18692, 100,0.001
GRASP,Reduced,Best,Best,1,0.38,DA_2_5_15, -0.3, 24256, 100,0.045
GRASP,Reduced,Best,Best,1,0.38,DA_2_5_16, -0.3, 17900, 100,0
GRASP,Reduced,Best,Best,1,0.38,DA_2_5_17, -0.3, 20797, 100,0.002
GRASP,Reduced,Best,Best,1,0.38,DA_2_5_18, -0.3, 17395, 100,0.001
GRASP,Reduced,Best,Best,1,0.38,DA_2_5_19, -0.3, 25304, 100,2.725
GRASP,Reduced,Best,Best,1,0.38,DA_2_5_2, -0.3, 17105, 100,0.124
GRASP,Reduced,Best,Best,1,0.38,DA_2_5_20, -0.3, 14077, 100,0
GRASP,Reduced,Best,Best,1,0.38,DA_2_5_3, -0.3, 20620, 100,0
GRASP,Reduced,Best,Best,1,0.38,DA_2_5_4, -0.3, 18625, 100,0
GRASP,Reduced,Best,Best,1,0.38,DA_2_5_5, -0.3, 22734, 100,0
GRASP,Reduced,Best,Best,1,0.38,DA_2_5_6, -0.3, 18253, 100,0
GRASP,Reduced,Best,Best,1,0.38,DA_2_5_7, -0.3, 16495, 100,0
GRASP,Reduced,Best,Best,1,0.38,DA_2_5_8, -0.3, 18474, 100,0.001
GRASP,Reduced,Best,Best,1,0.38,DA_2_5_9, -0.3, 18521, 100,3.55
GRASP,Reduced,Best,Best,1,0.38,DAFJS_3_5_1, -0.3, 19448, 100,0.004
GRASP,Reduced,Best,Best,1,0.38,DAFJS_3_5_10, -0.3, 22322, 100,52.019
GRASP,Reduced,Best,Best,1,0.38,DAFJS_3_5_2, -0.3, 21372, 100,0.049
GRASP,Reduced,Best,Best,1,0.38,DAFJS_3_5_3, -0.3, 20389, 100,0.009
GRASP,Reduced,Best,Best,1,0.38,DAFJS_3_5_4, -0.3, 18400, 100,0.002
GRASP,Reduced,Best,Best,1,0.38,DAFJS_3_5_5, -0.3, 18486, 100,66.199
GRASP,Reduced,Best,Best,1,0.38,DAFJS_3_5_6, -0.3, 19464, 100,0.01
GRASP,Reduced,Best,Best,1,0.38,DAFJS_3_5_7, -0.3, 18762, 100,0.003
GRASP,Reduced,Best,Best,1,0.38,DAFJS_3_5_8, -0.3, 18253, 100,1.008
GRASP,Reduced,Best,Best,1,0.38,DAFJS_3_5_9, -0.3, 20270, 100,0
GRASP,Reduced,Best,Best,1,0.38,YFJS_4_4_7_5_0, -0.1, 35046, 100,0
GRASP,Reduced,Best,Best,1,0.38,YFJS_4_4_7_5_1, -0.1, 24359, 100,0
GRASP,Reduced,Best,Best,1,0.38,YFJS_4_4_7_5_2, -0.1, 47391, 100,0
GRASP,Reduced,Best,Best,1,0.38,YFJS_4_4_7_5_3, -0.1, 25394, 100,0
GRASP,Reduced,Best,Best,1,0.38,YFJS_4_4_7_5_4, -0.1, 23985, 100,0
GRASP,Reduced,Best,Best,1,0.38,YFJS_4_4_7_5_5, -0.1, 29469, 100,0.07
GRASP,Reduced,Best,Best,1,0.38,YFJS_4_4_7_5_6, -0.1, 45705, 100,0.016
GRASP,Reduced,Best,Best,1,0.38,YFJS_4_4_7_5_7, -0.1, 33829, 100,0.006
GRASP,Reduced,Best,Best,1,0.38,YFJS_4_4_7_5_8, -0.1, 37049, 100,0
GRASP,Reduced,Best,Best,1,0.38,YFJS_4_4_7_5_9, -0.1, 27310, 100,0.009
GRASP,Reduced,Best,Best,1,0.38,YFJS_5_4_7_5_0, -0.1, 41300, 100,0.002
GRASP,Reduced,Best,Best,1,0.38,YFJS_5_4_7_5_1, -0.1, 30145, 100,34.785
GRASP,Reduced,Best,Best,1,0.38,YFJS_5_4_7_5_2, -0.1, 30962, 100,0.007
GRASP,Reduced,Best,Best,1,0.38,YFJS_5_4_7_5_4, -0.1, 45442, 100,0
GRASP,Reduced,Best,Best,1,0.38,YFJS_5_4_7_5_3, -0.1, 31398, 100.002,0.002
GRASP,Reduced,Best,Best,1,0.38,YFJS_5_4_7_5_5, -0.1, 33791, 100,0.002
GRASP,Reduced,Best,Best,1,0.38,YFJS_5_4_7_5_6, -0.1, 42838, 100,0
GRASP,Reduced,Best,Best,1,0.38,YFJS_5_4_7_5_7, -0.1, 28247, 100,0.005
GRASP,Reduced,Best,Best,1,0.38,YFJS_5_4_7_5_8, -0.1, 33601, 100,0
GRASP,Reduced,Best,Best,1,0.38,YFJS_5_4_7_5_9, -0.1, 30837, 100,0.006
GRASP,Reduced,Best,Best,1,0.38,YFJS_6_4_7_5_0, -0.1, 37308, 100,0.069
GRASP,Reduced,Best,Best,1,0.38,YFJS_6_4_7_5_1, -0.1, 34282, 100,0.004
GRASP,Reduced,Best,Best,1,0.38,YFJS_6_4_7_5_2, -0.1, 42079, 100,0.031
GRASP,Reduced,Best,Best,1,0.38,YFJS_6_4_7_5_3, -0.1, 33355, 100,0.069
GRASP,Reduced,Best,Best,1,0.38,YFJS_6_4_7_5_4, -0.1, 37149, 100.001,0.014
GRASP,Reduced,Best,Best,1,0.38,YFJS_6_4_7_5_5, -0.1, 51466, 100,0.867
GRASP,Reduced,Best,Best,1,0.38,YFJS_6_4_7_5_6, -0.1, 36719, 100,0
GRASP,Reduced,Best,Best,1,0.38,YFJS_6_4_7_5_7, -0.1, 35003, 100,0.009
GRASP,Reduced,Best,Best,1,0.38,YFJS_6_4_7_5_8, -0.1, 39798, 100,0.006
GRASP,Reduced,Best,Best,1,0.38,YFJS_6_4_7_5_9, -0.1, 33974, 100,0.078
GRASP,Reduced,Best,Best,1,0.38,DA_2_5_1, -0.1, 22875, 100,6.895
GRASP,Reduced,Best,Best,1,0.38,DA_2_5_10, -0.1, 22708, 100,0.038
GRASP,Reduced,Best,Best,1,0.38,DA_2_5_11, -0.1, 18363, 100,0
GRASP,Reduced,Best,Best,1,0.38,DA_2_5_12, -0.1, 20498, 100,0
GRASP,Reduced,Best,Best,1,0.38,DA_2_5_13, -0.1, 20593, 100,0.534
GRASP,Reduced,Best,Best,1,0.38,DA_2_5_14, -0.1, 22867, 100,0.688
GRASP,Reduced,Best,Best,1,0.38,DA_2_5_15, -0.1, 25715, 100,0.095
GRASP,Reduced,Best,Best,1,0.38,DA_2_5_16, -0.1, 19878, 100,0
GRASP,Reduced,Best,Best,1,0.38,DA_2_5_17, -0.1, 24267, 100,2.144
GRASP,Reduced,Best,Best,1,0.38,DA_2_5_18, -0.1, 20336, 100,0
GRASP,Reduced,Best,Best,1,0.38,DA_2_5_19, -0.1, 29968, 100,0.513
GRASP,Reduced,Best,Best,1,0.38,DA_2_5_2, -0.1, 18670, 100,0
GRASP,Reduced,Best,Best,1,0.38,DA_2_5_20, -0.1, 16313, 100,0
GRASP,Reduced,Best,Best,1,0.38,DA_2_5_3, -0.1, 23140, 100,0
GRASP,Reduced,Best,Best,1,0.38,DA_2_5_4, -0.1, 21715, 100,0
GRASP,Reduced,Best,Best,1,0.38,DA_2_5_5, -0.1, 25426, 100,0
GRASP,Reduced,Best,Best,1,0.38,DA_2_5_6, -0.1, 20155, 100,0
GRASP,Reduced,Best,Best,1,0.38,DA_2_5_7, -0.1, 18135, 100,0
GRASP,Reduced,Best,Best,1,0.38,DA_2_5_8, -0.1, 20945, 100,0
GRASP,Reduced,Best,Best,1,0.38,DA_2_5_9, -0.1, 21838, 100,39.511
GRASP,Reduced,Best,Best,1,0.38,DAFJS_3_5_1, -0.1, 23344, 100,50.279
GRASP,Reduced,Best,Best,1,0.38,DAFJS_3_5_10, -0.1, 25923, 100,0.002
GRASP,Reduced,Best,Best,1,0.38,DAFJS_3_5_2, -0.1, 24998, 100,0.037
GRASP,Reduced,Best,Best,1,0.38,DAFJS_3_5_3, -0.1, 24579, 100,0.017
GRASP,Reduced,Best,Best,1,0.38,DAFJS_3_5_4, -0.1, 21143, 100,10.205
GRASP,Reduced,Best,Best,1,0.38,DAFJS_3_5_5, -0.1, 21220, 100,16.822
GRASP,Reduced,Best,Best,1,0.38,DAFJS_3_5_6, -0.1, 22106, 100,0.277
GRASP,Reduced,Best,Best,1,0.38,DAFJS_3_5_7, -0.1, 22708, 100,0
GRASP,Reduced,Best,Best,1,0.38,DAFJS_3_5_8, -0.1, 20278, 100,0.001
GRASP,Reduced,Best,Best,1,0.38,DAFJS_3_5_9, -0.1, 23558, 100,39.091
GRASP,Reduced,Best,Best,1,0.38,YFJS_4_4_7_5_0, -0.2, 33132, 100,0
GRASP,Reduced,Best,Best,1,0.38,YFJS_4_4_7_5_1, -0.2, 23100, 100,0
GRASP,Reduced,Best,Best,1,0.38,YFJS_4_4_7_5_2, -0.2, 42896, 100,0
GRASP,Reduced,Best,Best,1,0.38,YFJS_4_4_7_5_3, -0.2, 24485, 100,0
GRASP,Reduced,Best,Best,1,0.38,YFJS_4_4_7_5_4, -0.2, 23597, 100,0
GRASP,Reduced,Best,Best,1,0.38,YFJS_4_4_7_5_5, -0.2, 28655, 100,0.001
GRASP,Reduced,Best,Best,1,0.38,YFJS_4_4_7_5_6, -0.2, 42239, 100,0.001
GRASP,Reduced,Best,Best,1,0.38,YFJS_4_4_7_5_7, -0.2, 31471, 100,0
GRASP,Reduced,Best,Best,1,0.38,YFJS_4_4_7_5_8, -0.2, 35250, 100,7.342
GRASP,Reduced,Best,Best,1,0.38,YFJS_4_4_7_5_9, -0.2, 26145, 100,2.63
GRASP,Reduced,Best,Best,1,0.38,YFJS_5_4_7_5_0, -0.2, 38545, 100,0.495
GRASP,Reduced,Best,Best,1,0.38,YFJS_5_4_7_5_1, -0.2, 29353, 100,32.03
GRASP,Reduced,Best,Best,1,0.38,YFJS_5_4_7_5_2, -0.2, 28120, 100,0.001
GRASP,Reduced,Best,Best,1,0.38,YFJS_5_4_7_5_3, -0.2, 29682, 100,0
GRASP,Reduced,Best,Best,1,0.38,YFJS_5_4_7_5_4, -0.2, 41619, 100,0
GRASP,Reduced,Best,Best,1,0.38,YFJS_5_4_7_5_6, -0.2, 40388, 100,0
GRASP,Reduced,Best,Best,1,0.38,YFJS_5_4_7_5_5, -0.2, 31280, 100.001,0.002
GRASP,Reduced,Best,Best,1,0.38,YFJS_5_4_7_5_7, -0.2, 26297, 100,0.003
GRASP,Reduced,Best,Best,1,0.38,YFJS_5_4_7_5_8, -0.2, 30717, 100,0.004
GRASP,Reduced,Best,Best,1,0.38,YFJS_5_4_7_5_9, -0.2, 28832, 100,0.06
GRASP,Reduced,Best,Best,1,0.38,YFJS_6_4_7_5_0, -0.2, 34811, 100,0.032
GRASP,Reduced,Best,Best,1,0.38,YFJS_6_4_7_5_1, -0.2, 31702, 100,0.026
GRASP,Reduced,Best,Best,1,0.38,YFJS_6_4_7_5_2, -0.2, 38639, 100,27.169
GRASP,Reduced,Best,Best,1,0.38,YFJS_6_4_7_5_3, -0.2, 30200, 100,21.835
GRASP,Reduced,Best,Best,1,0.38,YFJS_6_4_7_5_4, -0.2, 34647, 100,0.031
GRASP,Reduced,Best,Best,1,0.38,YFJS_6_4_7_5_5, -0.2, 47519, 100,0.793
GRASP,Reduced,Best,Best,1,0.38,YFJS_6_4_7_5_6, -0.2, 34042, 100,0.009
GRASP,Reduced,Best,Best,1,0.38,YFJS_6_4_7_5_7, -0.2, 32806, 100,97.311
GRASP,Reduced,Best,Best,1,0.38,YFJS_6_4_7_5_8, -0.2, 36093, 100,0.074
GRASP,Reduced,Best,Best,1,0.38,YFJS_6_4_7_5_9, -0.2, 32253, 100,0.003
GRASP,Reduced,Best,Best,1,0.38,DA_2_5_1, -0.2, 21327, 100,0.032
GRASP,Reduced,Best,Best,1,0.38,DA_2_5_10, -0.2, 20635, 100,0.154
GRASP,Reduced,Best,Best,1,0.38,DA_2_5_11, -0.2, 17972, 100,0
GRASP,Reduced,Best,Best,1,0.38,DA_2_5_12, -0.2, 19602, 100,0
GRASP,Reduced,Best,Best,1,0.38,DA_2_5_13, -0.2, 18803, 100,0.573
GRASP,Reduced,Best,Best,1,0.38,DA_2_5_14, -0.2, 20568, 100,0.011
GRASP,Reduced,Best,Best,1,0.38,DA_2_5_15, -0.2, 24715, 100,0.156
GRASP,Reduced,Best,Best,1,0.38,DA_2_5_17, -0.2, 22660, 100,2.698
GRASP,Reduced,Best,Best,1,0.38,DA_2_5_16, -0.2, 18857, 100,0
GRASP,Reduced,Best,Best,1,0.38,DA_2_5_18, -0.2, 18823, 100,0
GRASP,Reduced,Best,Best,1,0.38,DA_2_5_19, -0.2, 27455, 100,0.665
GRASP,Reduced,Best,Best,1,0.38,DA_2_5_2, -0.2, 17874, 100,0.622
GRASP,Reduced,Best,Best,1,0.38,DA_2_5_20, -0.2, 15143, 100,0
GRASP,Reduced,Best,Best,1,0.38,DA_2_5_3, -0.2, 21817, 100,0
GRASP,Reduced,Best,Best,1,0.38,DA_2_5_4, -0.2, 20236, 100,0
GRASP,Reduced,Best,Best,1,0.38,DA_2_5_5, -0.2, 24114, 100,0
GRASP,Reduced,Best,Best,1,0.38,DA_2_5_6, -0.2, 19145, 100,0
GRASP,Reduced,Best,Best,1,0.38,DA_2_5_7, -0.2, 17270, 100,0
GRASP,Reduced,Best,Best,1,0.38,DA_2_5_8, -0.2, 19642, 100,0
GRASP,Reduced,Best,Best,1,0.38,DA_2_5_9, -0.2, 20086, 100,23.072
GRASP,Reduced,Best,Best,1,0.38,DAFJS_3_5_1, -0.2, 21831, 100,0
GRASP,Reduced,Best,Best,1,0.38,DAFJS_3_5_10, -0.2, 23852, 100,42.523
GRASP,Reduced,Best,Best,1,0.38,DAFJS_3_5_2, -0.2, 23228, 100,0.017
GRASP,Reduced,Best,Best,1,0.38,DAFJS_3_5_3, -0.2, 22521, 100,10.975
GRASP,Reduced,Best,Best,1,0.38,DAFJS_3_5_4, -0.2, 19809, 100,96.002
GRASP,Reduced,Best,Best,1,0.38,DAFJS_3_5_5, -0.2, 19724, 100,32.235
GRASP,Reduced,Best,Best,1,0.38,DAFJS_3_5_6, -0.2, 20245, 100.001,0.127
GRASP,Reduced,Best,Best,1,0.38,DAFJS_3_5_7, -0.2, 20635, 100,0.002
GRASP,Reduced,Best,Best,1,0.38,DAFJS_3_5_8, -0.2, 19201, 100,1.025
GRASP,Reduced,Best,Best,1,0.38,YFJS_4_4_7_5_0, -0.3, 31008, 100,0
GRASP,Reduced,Best,Best,1,0.38,DAFJS_3_5_9, -0.2, 22115, 100.001,67.285
GRASP,Reduced,Best,Best,1,0.38,YFJS_4_4_7_5_1, -0.3, 22010, 100,0
GRASP,Reduced,Best,Best,1,0.38,YFJS_4_4_7_5_2, -0.3, 38935, 100,0.001
GRASP,Reduced,Best,Best,1,0.38,YFJS_4_4_7_5_3, -0.3, 23774, 100,0
GRASP,Reduced,Best,Best,1,0.38,YFJS_4_4_7_5_4, -0.3, 22843, 100,0.002
GRASP,Reduced,Best,Best,1,0.38,YFJS_4_4_7_5_5, -0.3, 27366, 100,0
GRASP,Reduced,Best,Best,1,0.38,YFJS_4_4_7_5_6, -0.3, 38932, 100,0.152
GRASP,Reduced,Best,Best,1,0.38,YFJS_4_4_7_5_7, -0.3, 29464, 100,7.802
GRASP,Reduced,Best,Best,1,0.38,YFJS_4_4_7_5_8, -0.3, 33763, 100,0.002
GRASP,Reduced,Best,Best,1,0.38,YFJS_4_4_7_5_9, -0.3, 25072, 100,8.541
GRASP,Reduced,Best,Best,1,0.38,YFJS_5_4_7_5_0, -0.3, 36307, 100,1.424
GRASP,Reduced,Best,Best,1,0.38,YFJS_5_4_7_5_1, -0.3, 26571, 100.001,0.008
GRASP,Reduced,Best,Best,1,0.38,YFJS_5_4_7_5_2, -0.3, 25619, 100,0.005
GRASP,Reduced,Best,Best,1,0.38,YFJS_5_4_7_5_3, -0.3, 27428, 100,1.075
GRASP,Reduced,Best,Best,1,0.38,YFJS_5_4_7_5_4, -0.3, 38256, 100,0.004
GRASP,Reduced,Best,Best,1,0.38,YFJS_5_4_7_5_5, -0.3, 29442, 100.001,0.027
GRASP,Reduced,Best,Best,1,0.38,YFJS_5_4_7_5_6, -0.3, 37465, 100,0.001
GRASP,Reduced,Best,Best,1,0.38,YFJS_5_4_7_5_8, -0.3, 29207, 100,0.013
GRASP,Reduced,Best,Best,1,0.38,YFJS_5_4_7_5_7, -0.3, 25067, 100.001,0.004
GRASP,Reduced,Best,Best,1,0.38,YFJS_5_4_7_5_9, -0.3, 27091, 100,0.129
GRASP,Reduced,Best,Best,1,0.38,YFJS_6_4_7_5_0, -0.3, 32238, 100.002,0.063
GRASP,Reduced,Best,Best,1,0.38,YFJS_6_4_7_5_1, -0.3, 28985, 100,0.005
GRASP,Reduced,Best,Best,1,0.38,YFJS_6_4_7_5_2, -0.3, 35441, 100.001,21.008
GRASP,Reduced,Best,Best,1,0.38,YFJS_6_4_7_5_3, -0.3, 29880, 100,0.153
GRASP,Reduced,Best,Best,1,0.38,YFJS_6_4_7_5_4, -0.3, 32346, 100.001,0.657
GRASP,Reduced,Best,Best,1,0.38,YFJS_6_4_7_5_5, -0.3, 43452, 100.001,0.318
GRASP,Reduced,Best,Best,1,0.38,YFJS_6_4_7_5_6, -0.3, 31571, 100,0.027
GRASP,Reduced,Best,Best,1,0.38,YFJS_6_4_7_5_7, -0.3, 30814, 100,0.016
GRASP,Reduced,Best,Best,1,0.38,YFJS_6_4_7_5_8, -0.3, 32826, 100.001,0.037
GRASP,Reduced,Best,Best,1,0.38,YFJS_6_4_7_5_9, -0.3, 29922, 100,51.574
GRASP,Reduced,Best,Best,1,0.38,DA_2_5_1, -0.3, 19443, 100,10.613
GRASP,Reduced,Best,Best,1,0.38,DA_2_5_10, -0.3, 18916, 100,0.073
GRASP,Reduced,Best,Best,1,0.38,DA_2_5_11, -0.3, 17419, 100,0.002
GRASP,Reduced,Best,Best,1,0.38,DA_2_5_13, -0.3, 17596, 100,5.523
GRASP,Reduced,Best,Best,1,0.38,DA_2_5_12, -0.3, 18800, 100.001,0
GRASP,Reduced,Best,Best,1,0.38,DA_2_5_14, -0.3, 18692, 100,0.004
GRASP,Reduced,Best,Best,1,0.38,DA_2_5_15, -0.3, 24256, 100,0.055
GRASP,Reduced,Best,Best,1,0.38,DA_2_5_16, -0.3, 17900, 100,0
GRASP,Reduced,Best,Best,1,0.38,DA_2_5_17, -0.3, 20797, 100,0.076
GRASP,Reduced,Best,Best,1,0.38,DA_2_5_18, -0.3, 17395, 100,0
GRASP,Reduced,Best,Best,1,0.38,DA_2_5_2, -0.3, 17105, 100,0.068
GRASP,Reduced,Best,Best,1,0.38,DA_2_5_20, -0.3, 14077, 100,0
GRASP,Reduced,Best,Best,1,0.38,DA_2_5_19, -0.3, 25304, 100,0.131
GRASP,Reduced,Best,Best,1,0.38,DA_2_5_3, -0.3, 20620, 100,0.002
GRASP,Reduced,Best,Best,1,0.38,DA_2_5_4, -0.3, 18625, 100,0
GRASP,Reduced,Best,Best,1,0.38,DA_2_5_5, -0.3, 22734, 100,0
GRASP,Reduced,Best,Best,1,0.38,DA_2_5_6, -0.3, 18253, 100,0
GRASP,Reduced,Best,Best,1,0.38,DA_2_5_7, -0.3, 16495, 100,0
GRASP,Reduced,Best,Best,1,0.38,DA_2_5_8, -0.3, 18474, 100,0.004
GRASP,Reduced,Best,Best,1,0.38,DA_2_5_9, -0.3, 18521, 100,0.577
GRASP,Reduced,Best,Best,1,0.38,DAFJS_3_5_1, -0.3, 19430, 100,23.37
GRASP,Reduced,Best,Best,1,0.38,DAFJS_3_5_10, -0.3, 22322, 100,30.336
GRASP,Reduced,Best,Best,1,0.38,DAFJS_3_5_2, -0.3, 21372, 100,0.01
GRASP,Reduced,Best,Best,1,0.38,DAFJS_3_5_3, -0.3, 20389, 100,0.004
GRASP,Reduced,Best,Best,1,0.38,DAFJS_3_5_4, -0.3, 18400, 100,0.007
GRASP,Reduced,Best,Best,1,0.38,DAFJS_3_5_5, -0.3, 18396, 100,26.669
GRASP,Reduced,Best,Best,1,0.38,DAFJS_3_5_6, -0.3, 18501, 100,59.827
GRASP,Reduced,Best,Best,1,0.38,DAFJS_3_5_7, -0.3, 18762, 100,0.008
GRASP,Reduced,Best,Best,1,0.38,DAFJS_3_5_8, -0.3, 18253, 100,1.535
GRASP,Reduced,Best,Best,1,0.38,DAFJS_3_5_9, -0.3, 19504, 100,20.985
GRASP,Reduced,Best,Best,1,0.38,YFJS_4_4_7_5_0, -0.1, 35046, 100,0
GRASP,Reduced,Best,Best,1,0.38,YFJS_4_4_7_5_1, -0.1, 24359, 100,0
GRASP,Reduced,Best,Best,1,0.38,YFJS_4_4_7_5_2, -0.1, 47391, 100,0
GRASP,Reduced,Best,Best,1,0.38,YFJS_4_4_7_5_3, -0.1, 25394, 100,0
GRASP,Reduced,Best,Best,1,0.38,YFJS_4_4_7_5_4, -0.1, 23985, 100,0
GRASP,Reduced,Best,Best,1,0.38,YFJS_4_4_7_5_5, -0.1, 29469, 100,0.099
GRASP,Reduced,Best,Best,1,0.38,YFJS_4_4_7_5_6, -0.1, 45705, 100,0.003
GRASP,Reduced,Best,Best,1,0.38,YFJS_4_4_7_5_7, -0.1, 33829, 100,0.001
GRASP,Reduced,Best,Best,1,0.38,YFJS_4_4_7_5_8, -0.1, 37049, 100,0.002
GRASP,Reduced,Best,Best,1,0.38,YFJS_4_4_7_5_9, -0.1, 27310, 100,0.035
GRASP,Reduced,Best,Best,1,0.38,YFJS_5_4_7_5_0, -0.1, 41300, 100,0.007
GRASP,Reduced,Best,Best,1,0.38,YFJS_5_4_7_5_1, -0.1, 31332, 100,27.739
GRASP,Reduced,Best,Best,1,0.38,YFJS_5_4_7_5_2, -0.1, 30962, 100,0
GRASP,Reduced,Best,Best,1,0.38,YFJS_5_4_7_5_3, -0.1, 31398, 100,0.001
GRASP,Reduced,Best,Best,1,0.38,YFJS_5_4_7_5_4, -0.1, 45442, 100,0
GRASP,Reduced,Best,Best,1,0.38,YFJS_5_4_7_5_5, -0.1, 33791, 100,0.002
GRASP,Reduced,Best,Best,1,0.38,YFJS_5_4_7_5_6, -0.1, 42838, 100,0.001
GRASP,Reduced,Best,Best,1,0.38,YFJS_5_4_7_5_7, -0.1, 28247, 100,0.001
GRASP,Reduced,Best,Best,1,0.38,YFJS_5_4_7_5_8, -0.1, 33601, 100,0
GRASP,Reduced,Best,Best,1,0.38,YFJS_5_4_7_5_9, -0.1, 30837, 100,0.002
GRASP,Reduced,Best,Best,1,0.38,YFJS_6_4_7_5_0, -0.1, 37308, 100,0.056
GRASP,Reduced,Best,Best,1,0.38,YFJS_6_4_7_5_1, -0.1, 34282, 100.001,0.009
GRASP,Reduced,Best,Best,1,0.38,YFJS_6_4_7_5_2, -0.1, 42079, 100,0.066
GRASP,Reduced,Best,Best,1,0.38,YFJS_6_4_7_5_3, -0.1, 30965, 100,69.065
GRASP,Reduced,Best,Best,1,0.38,YFJS_6_4_7_5_4, -0.1, 36170, 100,76.58
GRASP,Reduced,Best,Best,1,0.38,YFJS_6_4_7_5_5, -0.1, 51466, 100,0.418
GRASP,Reduced,Best,Best,1,0.38,YFJS_6_4_7_5_6, -0.1, 36719, 100,0.002
GRASP,Reduced,Best,Best,1,0.38,YFJS_6_4_7_5_7, -0.1, 35003, 100,0.002
GRASP,Reduced,Best,Best,1,0.38,YFJS_6_4_7_5_8, -0.1, 39798, 100.001,0.049
GRASP,Reduced,Best,Best,1,0.38,YFJS_6_4_7_5_9, -0.1, 33974, 100,0.055
GRASP,Reduced,Best,Best,1,0.38,DA_2_5_1, -0.1, 22875, 100,5.333
GRASP,Reduced,Best,Best,1,0.38,DA_2_5_10, -0.1, 22708, 100,0.078
GRASP,Reduced,Best,Best,1,0.38,DA_2_5_11, -0.1, 18363, 100,0
GRASP,Reduced,Best,Best,1,0.38,DA_2_5_12, -0.1, 20498, 100,0
GRASP,Reduced,Best,Best,1,0.38,DA_2_5_13, -0.1, 20593, 100,4.03
GRASP,Reduced,Best,Best,1,0.38,DA_2_5_14, -0.1, 22867, 100,0.157
GRASP,Reduced,Best,Best,1,0.38,DA_2_5_15, -0.1, 25715, 100,0.244
GRASP,Reduced,Best,Best,1,0.38,DA_2_5_16, -0.1, 19878, 100,0
GRASP,Reduced,Best,Best,1,0.38,DA_2_5_17, -0.1, 24267, 100,2.094
GRASP,Reduced,Best,Best,1,0.38,DA_2_5_18, -0.1, 20336, 100,0
GRASP,Reduced,Best,Best,1,0.38,DA_2_5_19, -0.1, 29968, 100,0.8
GRASP,Reduced,Best,Best,1,0.38,DA_2_5_2, -0.1, 18670, 100,0
GRASP,Reduced,Best,Best,1,0.38,DA_2_5_20, -0.1, 16313, 100,0
GRASP,Reduced,Best,Best,1,0.38,DA_2_5_3, -0.1, 23140, 100,0
GRASP,Reduced,Best,Best,1,0.38,DA_2_5_4, -0.1, 21715, 100,0.001
GRASP,Reduced,Best,Best,1,0.38,DA_2_5_5, -0.1, 25426, 100,0
GRASP,Reduced,Best,Best,1,0.38,DA_2_5_6, -0.1, 20155, 100,0
GRASP,Reduced,Best,Best,1,0.38,DA_2_5_7, -0.1, 18135, 100,0
GRASP,Reduced,Best,Best,1,0.38,DA_2_5_8, -0.1, 20945, 100,0
GRASP,Reduced,Best,Best,1,0.38,DA_2_5_9, -0.1, 21838, 100,1.165
GRASP,Reduced,Best,Best,1,0.38,DAFJS_3_5_1, -0.1, 23456, 100,2.723
GRASP,Reduced,Best,Best,1,0.38,DAFJS_3_5_10, -0.1, 25923, 100,0.002
GRASP,Reduced,Best,Best,1,0.38,DAFJS_3_5_2, -0.1, 24998, 100,0.016
GRASP,Reduced,Best,Best,1,0.38,DAFJS_3_5_3, -0.1, 24579, 100,0.004
GRASP,Reduced,Best,Best,1,0.38,DAFJS_3_5_4, -0.1, 21143, 100,30.452
GRASP,Reduced,Best,Best,1,0.38,DAFJS_3_5_5, -0.1, 21120, 100,12.959
GRASP,Reduced,Best,Best,1,0.38,DAFJS_3_5_6, -0.1, 22106, 100,0.045
GRASP,Reduced,Best,Best,1,0.38,DAFJS_3_5_7, -0.1, 22708, 100,0.001
GRASP,Reduced,Best,Best,1,0.38,DAFJS_3_5_8, -0.1, 20278, 100,0.007
GRASP,Reduced,Best,Best,1,0.38,DAFJS_3_5_9, -0.1, 23558, 100,26.424
GRASP,Reduced,Best,Best,1,0.38,YFJS_4_4_7_5_0, -0.2, 33132, 100,0
GRASP,Reduced,Best,Best,1,0.38,YFJS_4_4_7_5_1, -0.2, 23100, 100,0
GRASP,Reduced,Best,Best,1,0.38,YFJS_4_4_7_5_2, -0.2, 42896, 100,0
GRASP,Reduced,Best,Best,1,0.38,YFJS_4_4_7_5_3, -0.2, 24485, 100,0
GRASP,Reduced,Best,Best,1,0.38,YFJS_4_4_7_5_4, -0.2, 23597, 100,0
GRASP,Reduced,Best,Best,1,0.38,YFJS_4_4_7_5_5, -0.2, 28655, 100,0.001
GRASP,Reduced,Best,Best,1,0.38,YFJS_4_4_7_5_6, -0.2, 42239, 100,0.003
GRASP,Reduced,Best,Best,1,0.38,YFJS_4_4_7_5_7, -0.2, 31471, 100,0
GRASP,Reduced,Best,Best,1,0.38,YFJS_4_4_7_5_8, -0.2, 35250, 100,1.415
GRASP,Reduced,Best,Best,1,0.38,YFJS_4_4_7_5_9, -0.2, 26145, 100,0.266
GRASP,Reduced,Best,Best,1,0.38,YFJS_5_4_7_5_0, -0.2, 38545, 100,5.226
GRASP,Reduced,Best,Best,1,0.38,YFJS_5_4_7_5_1, -0.2, 28594, 100,41.205
GRASP,Reduced,Best,Best,1,0.38,YFJS_5_4_7_5_2, -0.2, 28120, 100,0.001
GRASP,Reduced,Best,Best,1,0.38,YFJS_5_4_7_5_3, -0.2, 29682, 100,0.003
GRASP,Reduced,Best,Best,1,0.38,YFJS_5_4_7_5_4, -0.2, 41619, 100,0.002
GRASP,Reduced,Best,Best,1,0.38,YFJS_5_4_7_5_5, -0.2, 31280, 100,0.001
GRASP,Reduced,Best,Best,1,0.38,YFJS_5_4_7_5_6, -0.2, 40388, 100,0.001
GRASP,Reduced,Best,Best,1,0.38,YFJS_5_4_7_5_7, -0.2, 26297, 100,0.001
GRASP,Reduced,Best,Best,1,0.38,YFJS_5_4_7_5_8, -0.2, 30717, 100,0.009
GRASP,Reduced,Best,Best,1,0.38,YFJS_5_4_7_5_9, -0.2, 28832, 100,0.006
GRASP,Reduced,Best,Best,1,0.38,YFJS_6_4_7_5_0, -0.2, 34811, 100,0.044
GRASP,Reduced,Best,Best,1,0.38,YFJS_6_4_7_5_1, -0.2, 31702, 100,0.032
GRASP,Reduced,Best,Best,1,0.38,YFJS_6_4_7_5_2, -0.2, 39407, 100,3.814
GRASP,Reduced,Best,Best,1,0.38,YFJS_6_4_7_5_3, -0.2, 30463, 100,98.505
GRASP,Reduced,Best,Best,1,0.38,YFJS_6_4_7_5_4, -0.2, 34231, 100,26.592
GRASP,Reduced,Best,Best,1,0.38,YFJS_6_4_7_5_5, -0.2, 47519, 100,1.035
GRASP,Reduced,Best,Best,1,0.38,YFJS_6_4_7_5_6, -0.2, 34042, 100,0.113
GRASP,Reduced,Best,Best,1,0.38,YFJS_6_4_7_5_7, -0.2, 32080, 100,97.139
GRASP,Reduced,Best,Best,1,0.38,YFJS_6_4_7_5_8, -0.2, 36093, 100,0.089
GRASP,Reduced,Best,Best,1,0.38,YFJS_6_4_7_5_9, -0.2, 32253, 100,0.015
GRASP,Reduced,Best,Best,1,0.38,DA_2_5_1, -0.2, 21327, 100,0.028
GRASP,Reduced,Best,Best,1,0.38,DA_2_5_10, -0.2, 20635, 100,0.004
GRASP,Reduced,Best,Best,1,0.38,DA_2_5_11, -0.2, 17972, 100,0
GRASP,Reduced,Best,Best,1,0.38,DA_2_5_12, -0.2, 19602, 100,0
GRASP,Reduced,Best,Best,1,0.38,DA_2_5_13, -0.2, 18803, 100,2.923
GRASP,Reduced,Best,Best,1,0.38,DA_2_5_14, -0.2, 20568, 100,0.011
GRASP,Reduced,Best,Best,1,0.38,DA_2_5_15, -0.2, 24715, 100,0.077
GRASP,Reduced,Best,Best,1,0.38,DA_2_5_16, -0.2, 18857, 100,0
GRASP,Reduced,Best,Best,1,0.38,DA_2_5_17, -0.2, 22660, 100,11.779
GRASP,Reduced,Best,Best,1,0.38,DA_2_5_18, -0.2, 18823, 100,0
GRASP,Reduced,Best,Best,1,0.38,DA_2_5_19, -0.2, 27455, 100,2.909
GRASP,Reduced,Best,Best,1,0.38,DA_2_5_2, -0.2, 17874, 100,0.785
GRASP,Reduced,Best,Best,1,0.38,DA_2_5_20, -0.2, 15143, 100,0
GRASP,Reduced,Best,Best,1,0.38,DA_2_5_3, -0.2, 21817, 100,0
GRASP,Reduced,Best,Best,1,0.38,DA_2_5_4, -0.2, 20236, 100,0
GRASP,Reduced,Best,Best,1,0.38,DA_2_5_5, -0.2, 24114, 100,0
GRASP,Reduced,Best,Best,1,0.38,DA_2_5_6, -0.2, 19145, 100,0
GRASP,Reduced,Best,Best,1,0.38,DA_2_5_7, -0.2, 17270, 100,0
GRASP,Reduced,Best,Best,1,0.38,DA_2_5_8, -0.2, 19642, 100,0
GRASP,Reduced,Best,Best,1,0.38,DA_2_5_9, -0.2, 20086, 100,1.55
GRASP,Reduced,Best,Best,1,0.38,DAFJS_3_5_1, -0.2, 21741, 100,31.081
GRASP,Reduced,Best,Best,1,0.38,DAFJS_3_5_10, -0.2, 23852, 100,81.459
GRASP,Reduced,Best,Best,1,0.38,DAFJS_3_5_2, -0.2, 23228, 100,0.064
GRASP,Reduced,Best,Best,1,0.38,DAFJS_3_5_3, -0.2, 22548, 100,78.418
GRASP,Reduced,Best,Best,1,0.38,DAFJS_3_5_4, -0.2, 19809, 100,9.144
GRASP,Reduced,Best,Best,1,0.38,DAFJS_3_5_5, -0.2, 19724, 100,2.314
GRASP,Reduced,Best,Best,1,0.38,DAFJS_3_5_6, -0.2, 20245, 100,0.032
GRASP,Reduced,Best,Best,1,0.38,DAFJS_3_5_7, -0.2, 20635, 100,0.003
GRASP,Reduced,Best,Best,1,0.38,DAFJS_3_5_8, -0.2, 19201, 100,1.554
GRASP,Reduced,Best,Best,1,0.38,YFJS_4_4_7_5_0, -0.3, 31008, 100,0
GRASP,Reduced,Best,Best,1,0.38,DAFJS_3_5_9, -0.2, 21698, 100,80.676
GRASP,Reduced,Best,Best,1,0.38,YFJS_4_4_7_5_1, -0.3, 22010, 100,0.001
GRASP,Reduced,Best,Best,1,0.38,YFJS_4_4_7_5_2, -0.3, 38935, 100,0.002
GRASP,Reduced,Best,Best,1,0.38,YFJS_4_4_7_5_3, -0.3, 23774, 100,0
GRASP,Reduced,Best,Best,1,0.38,YFJS_4_4_7_5_4, -0.3, 22843, 100,0.001
GRASP,Reduced,Best,Best,1,0.38,YFJS_4_4_7_5_5, -0.3, 27366, 100,0
GRASP,Reduced,Best,Best,1,0.38,YFJS_4_4_7_5_6, -0.3, 38932, 100,0.447
GRASP,Reduced,Best,Best,1,0.38,YFJS_4_4_7_5_7, -0.3, 29464, 100,14.004
GRASP,Reduced,Best,Best,1,0.38,YFJS_4_4_7_5_8, -0.3, 33763, 100,0.002
GRASP,Reduced,Best,Best,1,0.38,YFJS_4_4_7_5_9, -0.3, 25072, 100,36.324
GRASP,Reduced,Best,Best,1,0.38,YFJS_5_4_7_5_0, -0.3, 36307, 100,4.629
GRASP,Reduced,Best,Best,1,0.38,YFJS_5_4_7_5_1, -0.3, 26571, 100.001,0.001
GRASP,Reduced,Best,Best,1,0.38,YFJS_5_4_7_5_2, -0.3, 25619, 100,0.002
GRASP,Reduced,Best,Best,1,0.38,YFJS_5_4_7_5_3, -0.3, 27428, 100,0.112
GRASP,Reduced,Best,Best,1,0.38,YFJS_5_4_7_5_4, -0.3, 38256, 100,0
GRASP,Reduced,Best,Best,1,0.38,YFJS_5_4_7_5_5, -0.3, 29442, 100,0.002
GRASP,Reduced,Best,Best,1,0.38,YFJS_5_4_7_5_6, -0.3, 37465, 100,0.002
GRASP,Reduced,Best,Best,1,0.38,YFJS_5_4_7_5_7, -0.3, 25067, 100,0.001
GRASP,Reduced,Best,Best,1,0.38,YFJS_5_4_7_5_8, -0.3, 29207, 100,0.078
GRASP,Reduced,Best,Best,1,0.38,YFJS_5_4_7_5_9, -0.3, 27091, 100,0.185
GRASP,Reduced,Best,Best,1,0.38,YFJS_6_4_7_5_0, -0.3, 32238, 100,0.117
GRASP,Reduced,Best,Best,1,0.38,YFJS_6_4_7_5_1, -0.3, 28985, 100,0.073
GRASP,Reduced,Best,Best,1,0.38,YFJS_6_4_7_5_2, -0.3, 35441, 100,4.523
GRASP,Reduced,Best,Best,1,0.38,YFJS_6_4_7_5_4, -0.3, 32346, 100,0.892
GRASP,Reduced,Best,Best,1,0.38,YFJS_6_4_7_5_3, -0.3, 28620, 100,80.093
GRASP,Reduced,Best,Best,1,0.38,YFJS_6_4_7_5_5, -0.3, 43452, 100,0.121
GRASP,Reduced,Best,Best,1,0.38,YFJS_6_4_7_5_6, -0.3, 31571, 100,0.015
GRASP,Reduced,Best,Best,1,0.38,YFJS_6_4_7_5_7, -0.3, 30428, 100,50.321
GRASP,Reduced,Best,Best,1,0.38,YFJS_6_4_7_5_8, -0.3, 32826, 100,0.181
GRASP,Reduced,Best,Best,1,0.38,YFJS_6_4_7_5_9, -0.3, 29848, 100,8.243
GRASP,Reduced,Best,Best,1,0.38,DA_2_5_1, -0.3, 19443, 100,57.749
GRASP,Reduced,Best,Best,1,0.38,DA_2_5_10, -0.3, 18916, 100,0.02
GRASP,Reduced,Best,Best,1,0.38,DA_2_5_11, -0.3, 17419, 100,0
GRASP,Reduced,Best,Best,1,0.38,DA_2_5_12, -0.3, 18800, 100,0
GRASP,Reduced,Best,Best,1,0.38,DA_2_5_13, -0.3, 17596, 100,2.647
GRASP,Reduced,Best,Best,1,0.38,DA_2_5_14, -0.3, 18692, 100,0
GRASP,Reduced,Best,Best,1,0.38,DA_2_5_15, -0.3, 24256, 100,0.182
GRASP,Reduced,Best,Best,1,0.38,DA_2_5_16, -0.3, 17900, 100,0
GRASP,Reduced,Best,Best,1,0.38,DA_2_5_17, -0.3, 20797, 100,0.051
GRASP,Reduced,Best,Best,1,0.38,DA_2_5_18, -0.3, 17395, 100,0.004
GRASP,Reduced,Best,Best,1,0.38,DA_2_5_19, -0.3, 25304, 100,2.259
GRASP,Reduced,Best,Best,1,0.38,DA_2_5_2, -0.3, 17105, 100,0.183
GRASP,Reduced,Best,Best,1,0.38,DA_2_5_20, -0.3, 14077, 100,0
GRASP,Reduced,Best,Best,1,0.38,DA_2_5_3, -0.3, 20620, 100,0
GRASP,Reduced,Best,Best,1,0.38,DA_2_5_4, -0.3, 18625, 100,0.001
GRASP,Reduced,Best,Best,1,0.38,DA_2_5_5, -0.3, 22734, 100,0
GRASP,Reduced,Best,Best,1,0.38,DA_2_5_6, -0.3, 18253, 100,0
GRASP,Reduced,Best,Best,1,0.38,DA_2_5_7, -0.3, 16495, 100,0
GRASP,Reduced,Best,Best,1,0.38,DA_2_5_8, -0.3, 18474, 100,0.001
GRASP,Reduced,Best,Best,1,0.38,DA_2_5_9, -0.3, 18521, 100,24.459
GRASP,Reduced,Best,Best,1,0.38,DAFJS_3_5_1, -0.3, 19430, 100,57.849
GRASP,Reduced,Best,Best,1,0.38,DAFJS_3_5_10, -0.3, 22322, 100,50.743
GRASP,Reduced,Best,Best,1,0.38,DAFJS_3_5_2, -0.3, 21372, 100,0.021
GRASP,Reduced,Best,Best,1,0.38,DAFJS_3_5_3, -0.3, 20389, 100,0
GRASP,Reduced,Best,Best,1,0.38,DAFJS_3_5_4, -0.3, 18400, 100,0
GRASP,Reduced,Best,Best,1,0.38,DAFJS_3_5_5, -0.3, 18396, 100,13.073
GRASP,Reduced,Best,Best,1,0.38,DAFJS_3_5_6, -0.3, 18501, 100,98.686
GRASP,Reduced,Best,Best,1,0.38,DAFJS_3_5_7, -0.3, 18762, 100,0.004
GRASP,Reduced,Best,Best,1,0.38,DAFJS_3_5_8, -0.3, 18253, 100,2.033
GRASP,Reduced,Best,Best,1,0.38,DAFJS_3_5_9, -0.3, 20270, 100,0.002
GRASP,Reduced,Best,Best,1,0.38,YFJS_4_4_7_5_0, -0.1, 35046, 100,0
GRASP,Reduced,Best,Best,1,0.38,YFJS_4_4_7_5_1, -0.1, 24359, 100,0.001
GRASP,Reduced,Best,Best,1,0.38,YFJS_4_4_7_5_2, -0.1, 47391, 100,0.001
GRASP,Reduced,Best,Best,1,0.38,YFJS_4_4_7_5_3, -0.1, 25394, 100,0
GRASP,Reduced,Best,Best,1,0.38,YFJS_4_4_7_5_4, -0.1, 23985, 100,0
GRASP,Reduced,Best,Best,1,0.38,YFJS_4_4_7_5_5, -0.1, 29469, 100,0.447
GRASP,Reduced,Best,Best,1,0.38,YFJS_4_4_7_5_6, -0.1, 45705, 100,0.003
GRASP,Reduced,Best,Best,1,0.38,YFJS_4_4_7_5_7, -0.1, 33829, 100,0
GRASP,Reduced,Best,Best,1,0.38,YFJS_4_4_7_5_8, -0.1, 37049, 100,0.003
GRASP,Reduced,Best,Best,1,0.38,YFJS_4_4_7_5_9, -0.1, 27310, 100,0.006
GRASP,Reduced,Best,Best,1,0.38,YFJS_5_4_7_5_0, -0.1, 41300, 100,0
GRASP,Reduced,Best,Best,1,0.38,YFJS_5_4_7_5_1, -0.1, 31276, 100,63.302
GRASP,Reduced,Best,Best,1,0.38,YFJS_5_4_7_5_2, -0.1, 30962, 100.001,0.002
GRASP,Reduced,Best,Best,1,0.38,YFJS_5_4_7_5_3, -0.1, 31398, 100,0.006
GRASP,Reduced,Best,Best,1,0.38,YFJS_5_4_7_5_4, -0.1, 45442, 100,0.005
GRASP,Reduced,Best,Best,1,0.38,YFJS_5_4_7_5_5, -0.1, 33791, 100,0.003
GRASP,Reduced,Best,Best,1,0.38,YFJS_5_4_7_5_8, -0.1, 33601, 100,0.016
GRASP,Reduced,Best,Best,1,0.38,YFJS_5_4_7_5_6, -0.1, 42838, 100,0.014
GRASP,Reduced,Best,Best,1,0.38,YFJS_5_4_7_5_7, -0.1, 28247, 100,0.047
GRASP,Reduced,Best,Best,1,0.38,YFJS_5_4_7_5_9, -0.1, 30837, 100,0.008
GRASP,Reduced,Best,Best,1,0.38,YFJS_6_4_7_5_0, -0.1, 37308, 100,0.008
GRASP,Reduced,Best,Best,1,0.38,YFJS_6_4_7_5_1, -0.1, 34282, 100,0.028
GRASP,Reduced,Best,Best,1,0.38,YFJS_6_4_7_5_2, -0.1, 42079, 100.001,0.114
GRASP,Reduced,Best,Best,1,0.38,YFJS_6_4_7_5_3, -0.1, 33355, 100,0.004
GRASP,Reduced,Best,Best,1,0.38,YFJS_6_4_7_5_4, -0.1, 37149, 100,0.003
GRASP,Reduced,Best,Best,1,0.38,YFJS_6_4_7_5_5, -0.1, 51466, 100,0.722
GRASP,Reduced,Best,Best,1,0.38,YFJS_6_4_7_5_6, -0.1, 36719, 100,0.001
GRASP,Reduced,Best,Best,1,0.38,YFJS_6_4_7_5_7, -0.1, 34509, 100,87.683
GRASP,Reduced,Best,Best,1,0.38,YFJS_6_4_7_5_8, -0.1, 39798, 100,0.056
GRASP,Reduced,Best,Best,1,0.38,YFJS_6_4_7_5_9, -0.1, 33974, 100,0.001
GRASP,Reduced,Best,Best,1,0.38,DA_2_5_1, -0.1, 22875, 100,7.482
GRASP,Reduced,Best,Best,1,0.38,DA_2_5_10, -0.1, 22708, 100,0.02
GRASP,Reduced,Best,Best,1,0.38,DA_2_5_11, -0.1, 18363, 100,0
GRASP,Reduced,Best,Best,1,0.38,DA_2_5_12, -0.1, 20498, 100,0
GRASP,Reduced,Best,Best,1,0.38,DA_2_5_13, -0.1, 20593, 100,3.153
GRASP,Reduced,Best,Best,1,0.38,DA_2_5_14, -0.1, 22867, 100,2.451
GRASP,Reduced,Best,Best,1,0.38,DA_2_5_15, -0.1, 25715, 100,0.282
GRASP,Reduced,Best,Best,1,0.38,DA_2_5_16, -0.1, 19878, 100,0
GRASP,Reduced,Best,Best,1,0.38,DA_2_5_17, -0.1, 24267, 100,1.235
GRASP,Reduced,Best,Best,1,0.38,DA_2_5_18, -0.1, 20336, 100,0
GRASP,Reduced,Best,Best,1,0.38,DA_2_5_19, -0.1, 29968, 100,1.052
GRASP,Reduced,Best,Best,1,0.38,DA_2_5_2, -0.1, 18670, 100,0.001
GRASP,Reduced,Best,Best,1,0.38,DA_2_5_20, -0.1, 16313, 100,0
GRASP,Reduced,Best,Best,1,0.38,DA_2_5_3, -0.1, 23140, 100,0
GRASP,Reduced,Best,Best,1,0.38,DA_2_5_4, -0.1, 21715, 100,0.001
GRASP,Reduced,Best,Best,1,0.38,DA_2_5_5, -0.1, 25426, 100,0
GRASP,Reduced,Best,Best,1,0.38,DA_2_5_6, -0.1, 20155, 100,0
GRASP,Reduced,Best,Best,1,0.38,DA_2_5_7, -0.1, 18135, 100,0
GRASP,Reduced,Best,Best,1,0.38,DA_2_5_8, -0.1, 20945, 100,0
GRASP,Reduced,Best,Best,1,0.38,DA_2_5_9, -0.1, 21838, 100,10.891
GRASP,Reduced,Best,Best,1,0.38,DAFJS_3_5_1, -0.1, 23358, 100,94.794
GRASP,Reduced,Best,Best,1,0.38,DAFJS_3_5_10, -0.1, 25923, 100,0.003
GRASP,Reduced,Best,Best,1,0.38,DAFJS_3_5_2, -0.1, 24998, 100,0.066
GRASP,Reduced,Best,Best,1,0.38,DAFJS_3_5_3, -0.1, 24579, 100,0.002
GRASP,Reduced,Best,Best,1,0.38,DAFJS_3_5_4, -0.1, 21143, 100,21.148
GRASP,Reduced,Best,Best,1,0.38,DAFJS_3_5_5, -0.1, 21120, 100,31.674
GRASP,Reduced,Best,Best,1,0.38,DAFJS_3_5_6, -0.1, 22106, 100,0.122
GRASP,Reduced,Best,Best,1,0.38,DAFJS_3_5_7, -0.1, 22708, 100,0.002
GRASP,Reduced,Best,Best,1,0.38,DAFJS_3_5_8, -0.1, 20278, 100,0.034
GRASP,Reduced,Best,Best,1,0.38,DAFJS_3_5_9, -0.1, 23558, 100,0.35
GRASP,Reduced,Best,Best,1,0.38,YFJS_4_4_7_5_0, -0.2, 33132, 100,0
GRASP,Reduced,Best,Best,1,0.38,YFJS_4_4_7_5_1, -0.2, 23100, 100,0
GRASP,Reduced,Best,Best,1,0.38,YFJS_4_4_7_5_2, -0.2, 42896, 100,0.001
GRASP,Reduced,Best,Best,1,0.38,YFJS_4_4_7_5_3, -0.2, 24485, 100,0
GRASP,Reduced,Best,Best,1,0.38,YFJS_4_4_7_5_4, -0.2, 23597, 100,0.001
GRASP,Reduced,Best,Best,1,0.38,YFJS_4_4_7_5_5, -0.2, 28655, 100,0.002
GRASP,Reduced,Best,Best,1,0.38,YFJS_4_4_7_5_6, -0.2, 42239, 100,0.01
GRASP,Reduced,Best,Best,1,0.38,YFJS_4_4_7_5_7, -0.2, 31471, 100,0
GRASP,Reduced,Best,Best,1,0.38,YFJS_4_4_7_5_8, -0.2, 35250, 100,9.131
GRASP,Reduced,Best,Best,1,0.38,YFJS_4_4_7_5_9, -0.2, 26145, 100,4.96
GRASP,Reduced,Best,Best,1,0.38,YFJS_5_4_7_5_0, -0.2, 38545, 100,1.657
GRASP,Reduced,Best,Best,1,0.38,YFJS_5_4_7_5_1, -0.2, 28594, 100,83.923
GRASP,Reduced,Best,Best,1,0.38,YFJS_5_4_7_5_2, -0.2, 28120, 100,0
GRASP,Reduced,Best,Best,1,0.38,YFJS_5_4_7_5_3, -0.2, 29682, 100,0.002
GRASP,Reduced,Best,Best,1,0.38,YFJS_5_4_7_5_4, -0.2, 41619, 100,0.001
GRASP,Reduced,Best,Best,1,0.38,YFJS_5_4_7_5_5, -0.2, 31280, 100,0.001
GRASP,Reduced,Best,Best,1,0.38,YFJS_5_4_7_5_6, -0.2, 40388, 100,0
GRASP,Reduced,Best,Best,1,0.38,YFJS_5_4_7_5_7, -0.2, 26297, 100,0.003
GRASP,Reduced,Best,Best,1,0.38,YFJS_5_4_7_5_8, -0.2, 30717, 100,0.005
GRASP,Reduced,Best,Best,1,0.38,YFJS_5_4_7_5_9, -0.2, 28832, 100,0.072
GRASP,Reduced,Best,Best,1,0.38,YFJS_6_4_7_5_0, -0.2, 34811, 100,0.096
GRASP,Reduced,Best,Best,1,0.38,YFJS_6_4_7_5_1, -0.2, 31702, 100,0.005
GRASP,Reduced,Best,Best,1,0.38,YFJS_6_4_7_5_2, -0.2, 38639, 100,21.176
GRASP,Reduced,Best,Best,1,0.38,YFJS_6_4_7_5_3, -0.2, 30523, 100,10.006
GRASP,Reduced,Best,Best,1,0.38,YFJS_6_4_7_5_4, -0.2, 34647, 100,0.014
GRASP,Reduced,Best,Best,1,0.38,YFJS_6_4_7_5_5, -0.2, 47519, 100,0.513
GRASP,Reduced,Best,Best,1,0.38,YFJS_6_4_7_5_6, -0.2, 34042, 100,0.037
GRASP,Reduced,Best,Best,1,0.38,YFJS_6_4_7_5_7, -0.2, 32852, 100,0.028
GRASP,Reduced,Best,Best,1,0.38,YFJS_6_4_7_5_8, -0.2, 36093, 100,0.194
GRASP,Reduced,Best,Best,1,0.38,YFJS_6_4_7_5_9, -0.2, 31888, 100,59.154
GRASP,Reduced,Best,Best,1,0.38,DA_2_5_1, -0.2, 21327, 100,0.004
GRASP,Reduced,Best,Best,1,0.38,DA_2_5_10, -0.2, 20635, 100,0.034
GRASP,Reduced,Best,Best,1,0.38,DA_2_5_11, -0.2, 17972, 100,0
GRASP,Reduced,Best,Best,1,0.38,DA_2_5_12, -0.2, 19602, 100,0
GRASP,Reduced,Best,Best,1,0.38,DA_2_5_13, -0.2, 18803, 100,11.361
GRASP,Reduced,Best,Best,1,0.38,DA_2_5_14, -0.2, 20568, 100,0.009
GRASP,Reduced,Best,Best,1,0.38,DA_2_5_15, -0.2, 24715, 100,0.232
GRASP,Reduced,Best,Best,1,0.38,DA_2_5_16, -0.2, 18857, 100,0
GRASP,Reduced,Best,Best,1,0.38,DA_2_5_17, -0.2, 22660, 100,2.404
GRASP,Reduced,Best,Best,1,0.38,DA_2_5_18, -0.2, 18823, 100,0
GRASP,Reduced,Best,Best,1,0.38,DA_2_5_19, -0.2, 27455, 100,2.493
GRASP,Reduced,Best,Best,1,0.38,DA_2_5_2, -0.2, 17874, 100,1.131
GRASP,Reduced,Best,Best,1,0.38,DA_2_5_20, -0.2, 15143, 100,0
GRASP,Reduced,Best,Best,1,0.38,DA_2_5_3, -0.2, 21817, 100,0.004
GRASP,Reduced,Best,Best,1,0.38,DA_2_5_4, -0.2, 20236, 100,0
GRASP,Reduced,Best,Best,1,0.38,DA_2_5_5, -0.2, 24114, 100,0.001
GRASP,Reduced,Best,Best,1,0.38,DA_2_5_6, -0.2, 19145, 100,0
GRASP,Reduced,Best,Best,1,0.38,DA_2_5_7, -0.2, 17270, 100,0
GRASP,Reduced,Best,Best,1,0.38,DA_2_5_8, -0.2, 19642, 100,0
GRASP,Reduced,Best,Best,1,0.38,DA_2_5_9, -0.2, 20086, 100,3.367
GRASP,Reduced,Best,Best,1,0.38,DAFJS_3_5_1, -0.2, 21683, 100,22.678
GRASP,Reduced,Best,Best,1,0.38,DAFJS_3_5_10, -0.2, 23852, 100,21.102
GRASP,Reduced,Best,Best,1,0.38,DAFJS_3_5_2, -0.2, 23228, 100,0.012
GRASP,Reduced,Best,Best,1,0.38,DAFJS_3_5_3, -0.2, 22521, 100,32.698
GRASP,Reduced,Best,Best,1,0.38,DAFJS_3_5_4, -0.2, 19809, 100,54.957
GRASP,Reduced,Best,Best,1,0.38,DAFJS_3_5_5, -0.2, 19773, 100,12.568
GRASP,Reduced,Best,Best,1,0.38,DAFJS_3_5_6, -0.2, 20245, 100,0.133
GRASP,Reduced,Best,Best,1,0.38,DAFJS_3_5_7, -0.2, 20635, 100,0.005
GRASP,Reduced,Best,Best,1,0.38,DAFJS_3_5_8, -0.2, 19201, 100,1.012
GRASP,Reduced,Best,Best,1,0.38,DAFJS_3_5_9, -0.2, 22475, 100,88.297
GRASP,Reduced,Best,Best,1,0.38,YFJS_4_4_7_5_0, -0.3, 31008, 100,0
GRASP,Reduced,Best,Best,1,0.38,YFJS_4_4_7_5_1, -0.3, 22010, 100,0.002
GRASP,Reduced,Best,Best,1,0.38,YFJS_4_4_7_5_2, -0.3, 38935, 100,0
GRASP,Reduced,Best,Best,1,0.38,YFJS_4_4_7_5_3, -0.3, 23774, 100,0
GRASP,Reduced,Best,Best,1,0.38,YFJS_4_4_7_5_4, -0.3, 22843, 100,0
GRASP,Reduced,Best,Best,1,0.38,YFJS_4_4_7_5_5, -0.3, 27366, 100.001,0
GRASP,Reduced,Best,Best,1,0.38,YFJS_4_4_7_5_6, -0.3, 38932, 100,0.341
GRASP,Reduced,Best,Best,1,0.38,YFJS_4_4_7_5_7, -0.3, 29464, 100,21.468
GRASP,Reduced,Best,Best,1,0.38,YFJS_4_4_7_5_8, -0.3, 33763, 100,0
GRASP,Reduced,Best,Best,1,0.38,YFJS_4_4_7_5_9, -0.3, 25072, 100,5.805
GRASP,Reduced,Best,Best,1,0.38,YFJS_5_4_7_5_0, -0.3, 36307, 100,5.572
GRASP,Reduced,Best,Best,1,0.38,YFJS_5_4_7_5_1, -0.3, 26571, 100,0.006
GRASP,Reduced,Best,Best,1,0.38,YFJS_5_4_7_5_2, -0.3, 25619, 100,0.005
GRASP,Reduced,Best,Best,1,0.38,YFJS_5_4_7_5_3, -0.3, 27428, 100,0.155
GRASP,Reduced,Best,Best,1,0.38,YFJS_5_4_7_5_4, -0.3, 38256, 100,0.013
GRASP,Reduced,Best,Best,1,0.38,YFJS_5_4_7_5_5, -0.3, 29442, 100,0.008
GRASP,Reduced,Best,Best,1,0.38,YFJS_5_4_7_5_6, -0.3, 37465, 100,0
GRASP,Reduced,Best,Best,1,0.38,YFJS_5_4_7_5_7, -0.3, 25067, 100,0.005
GRASP,Reduced,Best,Best,1,0.38,YFJS_5_4_7_5_8, -0.3, 29207, 100,0.033
GRASP,Reduced,Best,Best,1,0.38,YFJS_5_4_7_5_9, -0.3, 27091, 100,0.11
GRASP,Reduced,Best,Best,1,0.38,YFJS_6_4_7_5_0, -0.3, 32238, 100,0.023
GRASP,Reduced,Best,Best,1,0.38,YFJS_6_4_7_5_1, -0.3, 28985, 100,0.007
GRASP,Reduced,Best,Best,1,0.38,YFJS_6_4_7_5_2, -0.3, 35441, 100,20.544
GRASP,Reduced,Best,Best,1,0.38,YFJS_6_4_7_5_3, -0.3, 27483, 100,67.531
GRASP,Reduced,Best,Best,1,0.38,YFJS_6_4_7_5_4, -0.3, 32346, 100,0.133
GRASP,Reduced,Best,Best,1,0.38,YFJS_6_4_7_5_5, -0.3, 43452, 100,0.172
GRASP,Reduced,Best,Best,1,0.38,YFJS_6_4_7_5_6, -0.3, 31571, 100.001,0.001
GRASP,Reduced,Best,Best,1,0.38,YFJS_6_4_7_5_7, -0.3, 30428, 100,83.967
GRASP,Reduced,Best,Best,1,0.38,YFJS_6_4_7_5_8, -0.3, 32826, 100,0.749
GRASP,Reduced,Best,Best,1,0.38,YFJS_6_4_7_5_9, -0.3, 31093, 100,0.01
GRASP,Reduced,Best,Best,1,0.38,DA_2_5_1, -0.3, 19443, 100,31.506
GRASP,Reduced,Best,Best,1,0.38,DA_2_5_10, -0.3, 18916, 100,0.021
GRASP,Reduced,Best,Best,1,0.38,DA_2_5_11, -0.3, 17419, 100,0
GRASP,Reduced,Best,Best,1,0.38,DA_2_5_12, -0.3, 18800, 100,0
GRASP,Reduced,Best,Best,1,0.38,DA_2_5_13, -0.3, 17596, 100,3.616
GRASP,Reduced,Best,Best,1,0.38,DA_2_5_14, -0.3, 18692, 100,0
GRASP,Reduced,Best,Best,1,0.38,DA_2_5_15, -0.3, 24256, 100,0.142
GRASP,Reduced,Best,Best,1,0.38,DA_2_5_16, -0.3, 17900, 100,0
GRASP,Reduced,Best,Best,1,0.38,DA_2_5_17, -0.3, 20797, 100,0.085
GRASP,Reduced,Best,Best,1,0.38,DA_2_5_18, -0.3, 17395, 100,0
GRASP,Reduced,Best,Best,1,0.38,DA_2_5_19, -0.3, 25304, 100,0.081
GRASP,Reduced,Best,Best,1,0.38,DA_2_5_2, -0.3, 17105, 100,4.408
GRASP,Reduced,Best,Best,1,0.38,DA_2_5_20, -0.3, 14077, 100,0
GRASP,Reduced,Best,Best,1,0.38,DA_2_5_3, -0.3, 20620, 100,0.004
GRASP,Reduced,Best,Best,1,0.38,DA_2_5_4, -0.3, 18625, 100,0.001
GRASP,Reduced,Best,Best,1,0.38,DA_2_5_5, -0.3, 22734, 100,0.001
GRASP,Reduced,Best,Best,1,0.38,DA_2_5_6, -0.3, 18253, 100,0
GRASP,Reduced,Best,Best,1,0.38,DA_2_5_7, -0.3, 16495, 100,0
GRASP,Reduced,Best,Best,1,0.38,DA_2_5_8, -0.3, 18474, 100,0.001
GRASP,Reduced,Best,Best,1,0.38,DA_2_5_9, -0.3, 18521, 100,1.388
GRASP,Reduced,Best,Best,1,0.38,DAFJS_3_5_1, -0.3, 19448, 100,0.017
GRASP,Reduced,Best,Best,1,0.38,DAFJS_3_5_10, -0.3, 22607, 100,99.157
GRASP,Reduced,Best,Best,1,0.38,DAFJS_3_5_2, -0.3, 21372, 100,0.01
GRASP,Reduced,Best,Best,1,0.38,DAFJS_3_5_3, -0.3, 20389, 100,0.029
GRASP,Reduced,Best,Best,1,0.38,DAFJS_3_5_4, -0.3, 18400, 100,0
GRASP,Reduced,Best,Best,1,0.38,DAFJS_3_5_5, -0.3, 18396, 100,20.154
GRASP,Reduced,Best,Best,1,0.38,DAFJS_3_5_6, -0.3, 19464, 100,0.001
GRASP,Reduced,Best,Best,1,0.38,DAFJS_3_5_7, -0.3, 18762, 100,0.007
GRASP,Reduced,Best,Best,1,0.38,DAFJS_3_5_8, -0.3, 18253, 100,0.663
GRASP,Reduced,Best,Best,1,0.38,DAFJS_3_5_9, -0.3, 19504, 100,41.634
