ILS,Reduced,Best,Best,1,1,3,YFJS_4_4_7_5_0, -0.1, 35046, 100,0.002
ILS,Reduced,Best,Best,1,1,3,YFJS_4_4_7_5_1, -0.1, 24359, 100,0.007
ILS,Reduced,Best,Best,1,1,3,YFJS_4_4_7_5_2, -0.1, 47391, 100,0.006
ILS,Reduced,Best,Best,1,1,3,YFJS_4_4_7_5_3, -0.1, 25394, 100,0
ILS,Reduced,Best,Best,1,1,3,YFJS_4_4_7_5_4, -0.1, 23985, 100,0
ILS,Reduced,Best,Best,1,1,3,YFJS_4_4_7_5_5, -0.1, 29469, 100,0.01
ILS,Reduced,Best,Best,1,1,3,YFJS_4_4_7_5_6, -0.1, 45705, 100,0.067
ILS,Reduced,Best,Best,1,1,3,YFJS_4_4_7_5_7, -0.1, 33829, 100,0.011
ILS,Reduced,Best,Best,1,1,3,YFJS_4_4_7_5_8, -0.1, 37049, 100,0
ILS,Reduced,Best,Best,1,1,3,YFJS_4_4_7_5_9, -0.1, 27310, 100,0.002
ILS,Reduced,Best,Best,1,1,3,YFJS_5_4_7_5_0, -0.1, 41300, 100,0.007
ILS,Reduced,Best,Best,1,1,3,YFJS_5_4_7_5_1, -0.1, 30145, 100,0.019
ILS,Reduced,Best,Best,1,1,3,YFJS_5_4_7_5_2, -0.1, 30962, 100,0
ILS,Reduced,Best,Best,1,1,3,YFJS_5_4_7_5_3, -0.1, 31398, 100,0
ILS,Reduced,Best,Best,1,1,3,YFJS_5_4_7_5_4, -0.1, 45442, 100,0
ILS,Reduced,Best,Best,1,1,3,YFJS_5_4_7_5_5, -0.1, 33791, 100,0.048
ILS,Reduced,Best,Best,1,1,3,YFJS_5_4_7_5_6, -0.1, 42838, 100,0.011
ILS,Reduced,Best,Best,1,1,3,YFJS_5_4_7_5_7, -0.1, 28247, 100,0.025
ILS,Reduced,Best,Best,1,1,3,YFJS_5_4_7_5_8, -0.1, 33601, 100,0.101
ILS,Reduced,Best,Best,1,1,3,YFJS_5_4_7_5_9, -0.1, 30837, 100,0
ILS,Reduced,Best,Best,1,1,3,YFJS_6_4_7_5_0, -0.1, 37096, 100,0.206
ILS,Reduced,Best,Best,1,1,3,YFJS_6_4_7_5_1, -0.1, 34282, 100,0.044
ILS,Reduced,Best,Best,1,1,3,YFJS_6_4_7_5_2, -0.1, 42079, 100,0.043
ILS,Reduced,Best,Best,1,1,3,YFJS_6_4_7_5_3, -0.1, 30905, 100,0.204
ILS,Reduced,Best,Best,1,1,3,YFJS_6_4_7_5_4, -0.1, 36170, 100,0.069
ILS,Reduced,Best,Best,1,1,3,YFJS_6_4_7_5_5, -0.1, 51466, 100,0.045
ILS,Reduced,Best,Best,1,1,3,YFJS_6_4_7_5_6, -0.1, 36719, 100,0.001
ILS,Reduced,Best,Best,1,1,3,YFJS_6_4_7_5_7, -0.1, 34509, 100,0.054
ILS,Reduced,Best,Best,1,1,3,YFJS_6_4_7_5_8, -0.1, 39798, 100,0.116
ILS,Reduced,Best,Best,1,1,3,YFJS_6_4_7_5_9, -0.1, 33974, 100,0.09
ILS,Reduced,Best,Best,1,1,3,DA_2_5_1, -0.1, 22875, 100,0.057
ILS,Reduced,Best,Best,1,1,3,DA_2_5_10, -0.1, 22708, 100,0.003
ILS,Reduced,Best,Best,1,1,3,DA_2_5_11, -0.1, 18363, 100,0
ILS,Reduced,Best,Best,1,1,3,DA_2_5_12, -0.1, 20498, 100,0.001
ILS,Reduced,Best,Best,1,1,3,DA_2_5_13, -0.1, 20593, 100,0.002
ILS,Reduced,Best,Best,1,1,3,DA_2_5_14, -0.1, 22867, 100,0
ILS,Reduced,Best,Best,1,1,3,DA_2_5_15, -0.1, 25715, 100,0.01
ILS,Reduced,Best,Best,1,1,3,DA_2_5_16, -0.1, 19878, 100,0
ILS,Reduced,Best,Best,1,1,3,DA_2_5_17, -0.1, 24267, 100,0.064
ILS,Reduced,Best,Best,1,1,3,DA_2_5_18, -0.1, 20336, 100,0
ILS,Reduced,Best,Best,1,1,3,DA_2_5_19, -0.1, 29968, 100,0.004
ILS,Reduced,Best,Best,1,1,3,DA_2_5_2, -0.1, 18670, 100,0.001
ILS,Reduced,Best,Best,1,1,3,DA_2_5_20, -0.1, 16313, 100,0
ILS,Reduced,Best,Best,1,1,3,DA_2_5_3, -0.1, 23140, 100,0.004
ILS,Reduced,Best,Best,1,1,3,DA_2_5_4, -0.1, 21715, 100,0
ILS,Reduced,Best,Best,1,1,3,DA_2_5_5, -0.1, 25426, 100,0
ILS,Reduced,Best,Best,1,1,3,DA_2_5_6, -0.1, 20155, 100,0.001
ILS,Reduced,Best,Best,1,1,3,DA_2_5_7, -0.1, 18135, 100,0
ILS,Reduced,Best,Best,1,1,3,DA_2_5_8, -0.1, 20945, 100,0.002
ILS,Reduced,Best,Best,1,1,3,DA_2_5_9, -0.1, 21838, 100,0.011
ILS,Reduced,Best,Best,1,1,3,DAFJS_3_5_1, -0.1, 23344, 100,0.07
ILS,Reduced,Best,Best,1,1,3,DAFJS_3_5_10, -0.1, 25923, 100,0
ILS,Reduced,Best,Best,1,1,3,DAFJS_3_5_2, -0.1, 24038, 100,0.289
ILS,Reduced,Best,Best,1,1,3,DAFJS_3_5_3, -0.1, 24579, 100,0.017
ILS,Reduced,Best,Best,1,1,3,DAFJS_3_5_4, -0.1, 21143, 100,0.004
ILS,Reduced,Best,Best,1,1,3,DAFJS_3_5_5, -0.1, 21120, 100,0.123
ILS,Reduced,Best,Best,1,1,3,DAFJS_3_5_6, -0.1, 22050, 100,0.004
ILS,Reduced,Best,Best,1,1,3,DAFJS_3_5_7, -0.1, 22708, 100,0.021
ILS,Reduced,Best,Best,1,1,3,DAFJS_3_5_8, -0.1, 20278, 100,0.005
ILS,Reduced,Best,Best,1,1,3,DAFJS_3_5_9, -0.1, 23558, 100,0.032
ILS,Reduced,Best,Best,1,1,3,YFJS_4_4_7_5_0, -0.2, 33132, 100,0.001
ILS,Reduced,Best,Best,1,1,3,YFJS_4_4_7_5_1, -0.2, 23100, 100,0.003
ILS,Reduced,Best,Best,1,1,3,YFJS_4_4_7_5_2, -0.2, 42896, 100,0.007
ILS,Reduced,Best,Best,1,1,3,YFJS_4_4_7_5_3, -0.2, 24485, 100,0.001
ILS,Reduced,Best,Best,1,1,3,YFJS_4_4_7_5_4, -0.2, 23597, 100,0
ILS,Reduced,Best,Best,1,1,3,YFJS_4_4_7_5_5, -0.2, 28655, 100,0.011
ILS,Reduced,Best,Best,1,1,3,YFJS_4_4_7_5_6, -0.2, 42239, 100,0.005
ILS,Reduced,Best,Best,1,1,3,YFJS_4_4_7_5_7, -0.2, 31471, 100,0.004
ILS,Reduced,Best,Best,1,1,3,YFJS_4_4_7_5_8, -0.2, 35250, 100,0.003
ILS,Reduced,Best,Best,1,1,3,YFJS_4_4_7_5_9, -0.2, 26145, 100,0.001
ILS,Reduced,Best,Best,1,1,3,YFJS_5_4_7_5_0, -0.2, 38545, 100,0.018
ILS,Reduced,Best,Best,1,1,3,YFJS_5_4_7_5_1, -0.2, 27895, 100,0.027
ILS,Reduced,Best,Best,1,1,3,YFJS_5_4_7_5_2, -0.2, 28120, 100,0.001
ILS,Reduced,Best,Best,1,1,3,YFJS_5_4_7_5_3, -0.2, 29682, 100,0.001
ILS,Reduced,Best,Best,1,1,3,YFJS_5_4_7_5_4, -0.2, 41619, 100,0.003
ILS,Reduced,Best,Best,1,1,3,YFJS_5_4_7_5_5, -0.2, 31280, 100,0.012
ILS,Reduced,Best,Best,1,1,3,YFJS_5_4_7_5_6, -0.2, 40388, 100,0.074
ILS,Reduced,Best,Best,1,1,3,YFJS_5_4_7_5_7, -0.2, 26297, 100,0.007
ILS,Reduced,Best,Best,1,1,3,YFJS_5_4_7_5_8, -0.2, 30717, 100,0.051
ILS,Reduced,Best,Best,1,1,3,YFJS_5_4_7_5_9, -0.2, 28832, 100,0.028
ILS,Reduced,Best,Best,1,1,3,YFJS_6_4_7_5_0, -0.2, 34811, 100,0.019
ILS,Reduced,Best,Best,1,1,3,YFJS_6_4_7_5_1, -0.2, 31702, 100,0.02
ILS,Reduced,Best,Best,1,1,3,YFJS_6_4_7_5_2, -0.2, 38639, 100,0.239
ILS,Reduced,Best,Best,1,1,3,YFJS_6_4_7_5_3, -0.2, 28884, 100,0.031
ILS,Reduced,Best,Best,1,1,3,YFJS_6_4_7_5_4, -0.2, 34231, 100,0.009
ILS,Reduced,Best,Best,1,1,3,YFJS_6_4_7_5_5, -0.2, 47519, 100,0.022
ILS,Reduced,Best,Best,1,1,3,YFJS_6_4_7_5_6, -0.2, 34042, 100,0.024
ILS,Reduced,Best,Best,1,1,3,YFJS_6_4_7_5_7, -0.2, 32080, 100,0.075
ILS,Reduced,Best,Best,1,1,3,YFJS_6_4_7_5_8, -0.2, 36093, 100,0.661
ILS,Reduced,Best,Best,1,1,3,YFJS_6_4_7_5_9, -0.2, 31888, 100,0.043
ILS,Reduced,Best,Best,1,1,3,DA_2_5_1, -0.2, 21327, 100,0.021
ILS,Reduced,Best,Best,1,1,3,DA_2_5_10, -0.2, 20635, 100,0.004
ILS,Reduced,Best,Best,1,1,3,DA_2_5_11, -0.2, 17972, 100,0
ILS,Reduced,Best,Best,1,1,3,DA_2_5_12, -0.2, 19602, 100,0
ILS,Reduced,Best,Best,1,1,3,DA_2_5_13, -0.2, 18803, 100,0.009
ILS,Reduced,Best,Best,1,1,3,DA_2_5_14, -0.2, 20568, 100,0.001
ILS,Reduced,Best,Best,1,1,3,DA_2_5_15, -0.2, 24715, 100,0.003
ILS,Reduced,Best,Best,1,1,3,DA_2_5_16, -0.2, 18857, 100,0
ILS,Reduced,Best,Best,1,1,3,DA_2_5_17, -0.2, 22660, 100,0.024
ILS,Reduced,Best,Best,1,1,3,DA_2_5_18, -0.2, 18823, 100,0.003
ILS,Reduced,Best,Best,1,1,3,DA_2_5_19, -0.2, 27455, 100,0.006
ILS,Reduced,Best,Best,1,1,3,DA_2_5_2, -0.2, 17874, 100,0.001
ILS,Reduced,Best,Best,1,1,3,DA_2_5_20, -0.2, 15143, 100,0
ILS,Reduced,Best,Best,1,1,3,DA_2_5_3, -0.2, 21817, 100,0
ILS,Reduced,Best,Best,1,1,3,DA_2_5_4, -0.2, 20236, 100,0.008
ILS,Reduced,Best,Best,1,1,3,DA_2_5_5, -0.2, 24114, 100,0.001
ILS,Reduced,Best,Best,1,1,3,DA_2_5_6, -0.2, 19145, 100,0
ILS,Reduced,Best,Best,1,1,3,DA_2_5_7, -0.2, 17270, 100,0.001
ILS,Reduced,Best,Best,1,1,3,DA_2_5_8, -0.2, 19642, 100,0.005
ILS,Reduced,Best,Best,1,1,3,DA_2_5_9, -0.2, 20086, 100,0.003
ILS,Reduced,Best,Best,1,1,3,DAFJS_3_5_1, -0.2, 21352, 100,0.671
ILS,Reduced,Best,Best,1,1,3,DAFJS_3_5_10, -0.2, 23852, 100,0.001
ILS,Reduced,Best,Best,1,1,3,DAFJS_3_5_2, -0.2, 22390, 100,0.06
ILS,Reduced,Best,Best,1,1,3,DAFJS_3_5_3, -0.2, 22521, 100,0.012
ILS,Reduced,Best,Best,1,1,3,DAFJS_3_5_4, -0.2, 19809, 100,0.006
ILS,Reduced,Best,Best,1,1,3,DAFJS_3_5_5, -0.2, 19724, 100,0.043
ILS,Reduced,Best,Best,1,1,3,DAFJS_3_5_6, -0.2, 20245, 100,0.007
ILS,Reduced,Best,Best,1,1,3,DAFJS_3_5_7, -0.2, 20635, 100,0.004
ILS,Reduced,Best,Best,1,1,3,DAFJS_3_5_8, -0.2, 19201, 100,0.003
ILS,Reduced,Best,Best,1,1,3,DAFJS_3_5_9, -0.2, 21552, 100,0.07
ILS,Reduced,Best,Best,1,1,3,YFJS_4_4_7_5_0, -0.3, 31008, 100,0.001
ILS,Reduced,Best,Best,1,1,3,YFJS_4_4_7_5_1, -0.3, 22010, 100,0.007
ILS,Reduced,Best,Best,1,1,3,YFJS_4_4_7_5_2, -0.3, 38935, 100,0.002
ILS,Reduced,Best,Best,1,1,3,YFJS_4_4_7_5_3, -0.3, 23774, 100,0.001
ILS,Reduced,Best,Best,1,1,3,YFJS_4_4_7_5_4, -0.3, 22843, 100,0
ILS,Reduced,Best,Best,1,1,3,YFJS_4_4_7_5_5, -0.3, 27366, 100,0
ILS,Reduced,Best,Best,1,1,3,YFJS_4_4_7_5_6, -0.3, 38932, 100,0.086
ILS,Reduced,Best,Best,1,1,3,YFJS_4_4_7_5_7, -0.3, 29464, 100,0
ILS,Reduced,Best,Best,1,1,3,YFJS_4_4_7_5_8, -0.3, 33763, 100,0.006
ILS,Reduced,Best,Best,1,1,3,YFJS_4_4_7_5_9, -0.3, 25072, 100,0.02
ILS,Reduced,Best,Best,1,1,3,YFJS_5_4_7_5_0, -0.3, 36307, 100,0.059
ILS,Reduced,Best,Best,1,1,3,YFJS_5_4_7_5_1, -0.3, 26219, 100,0.117
ILS,Reduced,Best,Best,1,1,3,YFJS_5_4_7_5_2, -0.3, 25619, 100,0
ILS,Reduced,Best,Best,1,1,3,YFJS_5_4_7_5_3, -0.3, 27428, 100,0.021
ILS,Reduced,Best,Best,1,1,3,YFJS_5_4_7_5_4, -0.3, 38256, 100,0.041
ILS,Reduced,Best,Best,1,1,3,YFJS_5_4_7_5_5, -0.3, 29442, 100,0.018
ILS,Reduced,Best,Best,1,1,3,YFJS_5_4_7_5_6, -0.3, 37465, 100,0.017
ILS,Reduced,Best,Best,1,1,3,YFJS_5_4_7_5_7, -0.3, 25067, 100,0.006
ILS,Reduced,Best,Best,1,1,3,YFJS_5_4_7_5_8, -0.3, 29207, 100,0.014
ILS,Reduced,Best,Best,1,1,3,YFJS_5_4_7_5_9, -0.3, 27091, 100,0.064
ILS,Reduced,Best,Best,1,1,3,YFJS_6_4_7_5_0, -0.3, 32166, 100,0.241
ILS,Reduced,Best,Best,1,1,3,YFJS_6_4_7_5_1, -0.3, 28985, 100,0.023
ILS,Reduced,Best,Best,1,1,3,YFJS_6_4_7_5_2, -0.3, 35441, 100,0.387
ILS,Reduced,Best,Best,1,1,3,YFJS_6_4_7_5_3, -0.3, 27023, 100,0.063
ILS,Reduced,Best,Best,1,1,3,YFJS_6_4_7_5_4, -0.3, 32346, 100,0.126
ILS,Reduced,Best,Best,1,1,3,YFJS_6_4_7_5_5, -0.3, 43452, 100,0.023
ILS,Reduced,Best,Best,1,1,3,YFJS_6_4_7_5_6, -0.3, 31571, 100,0.005
ILS,Reduced,Best,Best,1,1,3,YFJS_6_4_7_5_7, -0.3, 30428, 100,0
ILS,Reduced,Best,Best,1,1,3,YFJS_6_4_7_5_8, -0.3, 32826, 100,0.298
ILS,Reduced,Best,Best,1,1,3,YFJS_6_4_7_5_9, -0.3, 29848, 100,0.031
ILS,Reduced,Best,Best,1,1,3,DA_2_5_1, -0.3, 19443, 100,0.151
ILS,Reduced,Best,Best,1,1,3,DA_2_5_10, -0.3, 18916, 100,0.007
ILS,Reduced,Best,Best,1,1,3,DA_2_5_11, -0.3, 17419, 100,0
ILS,Reduced,Best,Best,1,1,3,DA_2_5_12, -0.3, 18800, 100,0.001
ILS,Reduced,Best,Best,1,1,3,DA_2_5_13, -0.3, 17596, 100,0.05
ILS,Reduced,Best,Best,1,1,3,DA_2_5_14, -0.3, 18692, 100,0.038
ILS,Reduced,Best,Best,1,1,3,DA_2_5_15, -0.3, 24256, 100,0.019
ILS,Reduced,Best,Best,1,1,3,DA_2_5_16, -0.3, 17900, 100,0
ILS,Reduced,Best,Best,1,1,3,DA_2_5_17, -0.3, 20797, 100,0.007
ILS,Reduced,Best,Best,1,1,3,DA_2_5_18, -0.3, 17395, 100,0.006
ILS,Reduced,Best,Best,1,1,3,DA_2_5_19, -0.3, 25304, 100,0.003
ILS,Reduced,Best,Best,1,1,3,DA_2_5_2, -0.3, 17105, 100,0.008
ILS,Reduced,Best,Best,1,1,3,DA_2_5_20, -0.3, 14077, 100,0
ILS,Reduced,Best,Best,1,1,3,DA_2_5_3, -0.3, 20620, 100,0
ILS,Reduced,Best,Best,1,1,3,DA_2_5_4, -0.3, 18625, 100,0.002
ILS,Reduced,Best,Best,1,1,3,DA_2_5_5, -0.3, 22734, 100,0.002
ILS,Reduced,Best,Best,1,1,3,DA_2_5_6, -0.3, 18253, 100,0
ILS,Reduced,Best,Best,1,1,3,DA_2_5_7, -0.3, 16495, 100,0.008
ILS,Reduced,Best,Best,1,1,3,DA_2_5_8, -0.3, 18474, 100,0.004
ILS,Reduced,Best,Best,1,1,3,DA_2_5_9, -0.3, 18521, 100,0.055
ILS,Reduced,Best,Best,1,1,3,DAFJS_3_5_1, -0.3, 19430, 100,0.007
ILS,Reduced,Best,Best,1,1,3,DAFJS_3_5_10, -0.3, 22322, 100,0.468
ILS,Reduced,Best,Best,1,1,3,DAFJS_3_5_2, -0.3, 20932, 100,0.028
ILS,Reduced,Best,Best,1,1,3,DAFJS_3_5_3, -0.3, 20389, 100,0.11
ILS,Reduced,Best,Best,1,1,3,DAFJS_3_5_4, -0.3, 18400, 100,0.008
ILS,Reduced,Best,Best,1,1,3,DAFJS_3_5_5, -0.3, 18396, 100,0.013
ILS,Reduced,Best,Best,1,1,3,DAFJS_3_5_6, -0.3, 18501, 100,0.04
ILS,Reduced,Best,Best,1,1,3,DAFJS_3_5_7, -0.3, 18762, 100,0.098
ILS,Reduced,Best,Best,1,1,3,DAFJS_3_5_8, -0.3, 18253, 100,0.001
ILS,Reduced,Best,Best,1,1,3,DAFJS_3_5_9, -0.3, 19504, 100,1.039
ILS,Reduced,Best,Best,1,1,3,YFJS_4_4_7_5_0, -0.1, 35046, 100,0
ILS,Reduced,Best,Best,1,1,3,YFJS_4_4_7_5_1, -0.1, 24359, 100,0.009
ILS,Reduced,Best,Best,1,1,3,YFJS_4_4_7_5_2, -0.1, 47391, 100,0.023
ILS,Reduced,Best,Best,1,1,3,YFJS_4_4_7_5_3, -0.1, 25394, 100,0
ILS,Reduced,Best,Best,1,1,3,YFJS_4_4_7_5_5, -0.1, 29469, 100,0.024
ILS,Reduced,Best,Best,1,1,3,YFJS_4_4_7_5_4, -0.1, 23985, 100,0.001
ILS,Reduced,Best,Best,1,1,3,YFJS_4_4_7_5_6, -0.1, 45705, 100,0.053
ILS,Reduced,Best,Best,1,1,3,YFJS_4_4_7_5_7, -0.1, 33829, 100,0.071
ILS,Reduced,Best,Best,1,1,3,YFJS_4_4_7_5_8, -0.1, 37049, 100,0
ILS,Reduced,Best,Best,1,1,3,YFJS_4_4_7_5_9, -0.1, 27310, 100,0.001
ILS,Reduced,Best,Best,1,1,3,YFJS_5_4_7_5_0, -0.1, 41300, 100,0.001
ILS,Reduced,Best,Best,1,1,3,YFJS_5_4_7_5_1, -0.1, 30145, 100,0.026
ILS,Reduced,Best,Best,1,1,3,YFJS_5_4_7_5_2, -0.1, 30962, 100,0.005
ILS,Reduced,Best,Best,1,1,3,YFJS_5_4_7_5_3, -0.1, 31398, 100,0.027
ILS,Reduced,Best,Best,1,1,3,YFJS_5_4_7_5_4, -0.1, 45442, 100,0
ILS,Reduced,Best,Best,1,1,3,YFJS_5_4_7_5_5, -0.1, 33791, 100,0.021
ILS,Reduced,Best,Best,1,1,3,YFJS_5_4_7_5_6, -0.1, 42838, 100,0.017
ILS,Reduced,Best,Best,1,1,3,YFJS_5_4_7_5_7, -0.1, 28247, 100,0.004
ILS,Reduced,Best,Best,1,1,3,YFJS_5_4_7_5_8, -0.1, 33601, 100,0.015
ILS,Reduced,Best,Best,1,1,3,YFJS_5_4_7_5_9, -0.1, 30837, 100,0
ILS,Reduced,Best,Best,1,1,3,YFJS_6_4_7_5_0, -0.1, 37096, 100,0.6
ILS,Reduced,Best,Best,1,1,3,YFJS_6_4_7_5_1, -0.1, 34282, 100,0.037
ILS,Reduced,Best,Best,1,1,3,YFJS_6_4_7_5_2, -0.1, 42079, 100,0.025
ILS,Reduced,Best,Best,1,1,3,YFJS_6_4_7_5_3, -0.1, 30905, 100,0.052
ILS,Reduced,Best,Best,1,1,3,YFJS_6_4_7_5_4, -0.1, 36170, 100,0.054
ILS,Reduced,Best,Best,1,1,3,YFJS_6_4_7_5_5, -0.1, 51466, 100,0.005
ILS,Reduced,Best,Best,1,1,3,YFJS_6_4_7_5_6, -0.1, 36719, 100,0.011
ILS,Reduced,Best,Best,1,1,3,YFJS_6_4_7_5_7, -0.1, 34509, 100,0.018
ILS,Reduced,Best,Best,1,1,3,YFJS_6_4_7_5_8, -0.1, 39798, 100,0.23
ILS,Reduced,Best,Best,1,1,3,YFJS_6_4_7_5_9, -0.1, 33974, 100,0.028
ILS,Reduced,Best,Best,1,1,3,DA_2_5_1, -0.1, 22875, 100,0.046
ILS,Reduced,Best,Best,1,1,3,DA_2_5_10, -0.1, 22708, 100,0.004
ILS,Reduced,Best,Best,1,1,3,DA_2_5_11, -0.1, 18363, 100,0
ILS,Reduced,Best,Best,1,1,3,DA_2_5_12, -0.1, 20498, 100,0.002
ILS,Reduced,Best,Best,1,1,3,DA_2_5_13, -0.1, 20593, 100,0.001
ILS,Reduced,Best,Best,1,1,3,DA_2_5_14, -0.1, 22867, 100,0.003
ILS,Reduced,Best,Best,1,1,3,DA_2_5_15, -0.1, 25715, 100,0.001
ILS,Reduced,Best,Best,1,1,3,DA_2_5_16, -0.1, 19878, 100,0
ILS,Reduced,Best,Best,1,1,3,DA_2_5_17, -0.1, 24267, 100,0.165
ILS,Reduced,Best,Best,1,1,3,DA_2_5_18, -0.1, 20336, 100,0.001
ILS,Reduced,Best,Best,1,1,3,DA_2_5_19, -0.1, 29968, 100,0.04
ILS,Reduced,Best,Best,1,1,3,DA_2_5_2, -0.1, 18670, 100,0.001
ILS,Reduced,Best,Best,1,1,3,DA_2_5_20, -0.1, 16313, 100,0
ILS,Reduced,Best,Best,1,1,3,DA_2_5_3, -0.1, 23140, 100,0
ILS,Reduced,Best,Best,1,1,3,DA_2_5_4, -0.1, 21715, 100,0
ILS,Reduced,Best,Best,1,1,3,DA_2_5_6, -0.1, 20155, 100,0.001
ILS,Reduced,Best,Best,1,1,3,DA_2_5_5, -0.1, 25426, 100,0
ILS,Reduced,Best,Best,1,1,3,DA_2_5_7, -0.1, 18135, 100,0.003
ILS,Reduced,Best,Best,1,1,3,DA_2_5_8, -0.1, 20945, 100,0
ILS,Reduced,Best,Best,1,1,3,DA_2_5_9, -0.1, 21838, 100,0.005
ILS,Reduced,Best,Best,1,1,3,DAFJS_3_5_1, -0.1, 23344, 100,0.009
ILS,Reduced,Best,Best,1,1,3,DAFJS_3_5_10, -0.1, 25923, 100,0
ILS,Reduced,Best,Best,1,1,3,DAFJS_3_5_2, -0.1, 24038, 100,1.54
ILS,Reduced,Best,Best,1,1,3,DAFJS_3_5_3, -0.1, 24579, 100,0.007
ILS,Reduced,Best,Best,1,1,3,DAFJS_3_5_4, -0.1, 21143, 100,0.001
ILS,Reduced,Best,Best,1,1,3,DAFJS_3_5_5, -0.1, 21120, 100,0.208
ILS,Reduced,Best,Best,1,1,3,DAFJS_3_5_6, -0.1, 22050, 100,0.095
ILS,Reduced,Best,Best,1,1,3,DAFJS_3_5_7, -0.1, 22708, 100,0.018
ILS,Reduced,Best,Best,1,1,3,DAFJS_3_5_8, -0.1, 20278, 100,0.006
ILS,Reduced,Best,Best,1,1,3,DAFJS_3_5_9, -0.1, 23558, 100,0.009
ILS,Reduced,Best,Best,1,1,3,YFJS_4_4_7_5_0, -0.2, 33132, 100,0.007
ILS,Reduced,Best,Best,1,1,3,YFJS_4_4_7_5_1, -0.2, 23100, 100,0.011
ILS,Reduced,Best,Best,1,1,3,YFJS_4_4_7_5_2, -0.2, 42896, 100,0.042
ILS,Reduced,Best,Best,1,1,3,YFJS_4_4_7_5_3, -0.2, 24485, 100,0
ILS,Reduced,Best,Best,1,1,3,YFJS_4_4_7_5_4, -0.2, 23597, 100,0
ILS,Reduced,Best,Best,1,1,3,YFJS_4_4_7_5_5, -0.2, 28655, 100,0.003
ILS,Reduced,Best,Best,1,1,3,YFJS_4_4_7_5_6, -0.2, 42239, 100,0.019
ILS,Reduced,Best,Best,1,1,3,YFJS_4_4_7_5_7, -0.2, 31471, 100,0.048
ILS,Reduced,Best,Best,1,1,3,YFJS_4_4_7_5_8, -0.2, 35250, 100,0.01
ILS,Reduced,Best,Best,1,1,3,YFJS_4_4_7_5_9, -0.2, 26145, 100,0.005
ILS,Reduced,Best,Best,1,1,3,YFJS_5_4_7_5_0, -0.2, 38545, 100,0.005
ILS,Reduced,Best,Best,1,1,3,YFJS_5_4_7_5_1, -0.2, 27895, 100,0.144
ILS,Reduced,Best,Best,1,1,3,YFJS_5_4_7_5_2, -0.2, 28120, 100,0
ILS,Reduced,Best,Best,1,1,3,YFJS_5_4_7_5_3, -0.2, 29682, 100,0
ILS,Reduced,Best,Best,1,1,3,YFJS_5_4_7_5_4, -0.2, 41619, 100,0.004
ILS,Reduced,Best,Best,1,1,3,YFJS_5_4_7_5_5, -0.2, 31280, 100,0.034
ILS,Reduced,Best,Best,1,1,3,YFJS_5_4_7_5_6, -0.2, 40388, 100,0.035
ILS,Reduced,Best,Best,1,1,3,YFJS_5_4_7_5_7, -0.2, 26297, 100,0.027
ILS,Reduced,Best,Best,1,1,3,YFJS_5_4_7_5_8, -0.2, 30717, 100,0.006
ILS,Reduced,Best,Best,1,1,3,YFJS_5_4_7_5_9, -0.2, 28832, 100,0.027
ILS,Reduced,Best,Best,1,1,3,YFJS_6_4_7_5_0, -0.2, 34811, 100,0.074
ILS,Reduced,Best,Best,1,1,3,YFJS_6_4_7_5_1, -0.2, 31702, 100,0.077
ILS,Reduced,Best,Best,1,1,3,YFJS_6_4_7_5_2, -0.2, 38639, 100,0.04
ILS,Reduced,Best,Best,1,1,3,YFJS_6_4_7_5_3, -0.2, 28884, 100,0.168
ILS,Reduced,Best,Best,1,1,3,YFJS_6_4_7_5_4, -0.2, 34231, 100,0.098
ILS,Reduced,Best,Best,1,1,3,YFJS_6_4_7_5_5, -0.2, 47519, 100,0.005
ILS,Reduced,Best,Best,1,1,3,YFJS_6_4_7_5_6, -0.2, 34042, 100,0.087
ILS,Reduced,Best,Best,1,1,3,YFJS_6_4_7_5_7, -0.2, 32080, 100,0.026
ILS,Reduced,Best,Best,1,1,3,YFJS_6_4_7_5_8, -0.2, 36093, 100,0.207
ILS,Reduced,Best,Best,1,1,3,YFJS_6_4_7_5_9, -0.2, 31888, 100,1.06
ILS,Reduced,Best,Best,1,1,3,DA_2_5_1, -0.2, 21327, 100,0.043
ILS,Reduced,Best,Best,1,1,3,DA_2_5_10, -0.2, 20635, 100,0.017
ILS,Reduced,Best,Best,1,1,3,DA_2_5_11, -0.2, 17972, 100,0
ILS,Reduced,Best,Best,1,1,3,DA_2_5_12, -0.2, 19602, 100,0
ILS,Reduced,Best,Best,1,1,3,DA_2_5_13, -0.2, 18803, 100,0.016
ILS,Reduced,Best,Best,1,1,3,DA_2_5_14, -0.2, 20568, 100,0.081
ILS,Reduced,Best,Best,1,1,3,DA_2_5_15, -0.2, 24715, 100,0.005
ILS,Reduced,Best,Best,1,1,3,DA_2_5_16, -0.2, 18857, 100,0
ILS,Reduced,Best,Best,1,1,3,DA_2_5_17, -0.2, 22660, 100,0.068
ILS,Reduced,Best,Best,1,1,3,DA_2_5_18, -0.2, 18823, 100,0.003
ILS,Reduced,Best,Best,1,1,3,DA_2_5_19, -0.2, 27455, 100,0.003
ILS,Reduced,Best,Best,1,1,3,DA_2_5_2, -0.2, 17874, 100,0.005
ILS,Reduced,Best,Best,1,1,3,DA_2_5_20, -0.2, 15143, 100,0
ILS,Reduced,Best,Best,1,1,3,DA_2_5_3, -0.2, 21817, 100,0
ILS,Reduced,Best,Best,1,1,3,DA_2_5_4, -0.2, 20236, 100,0.005
ILS,Reduced,Best,Best,1,1,3,DA_2_5_5, -0.2, 24114, 100,0.008
ILS,Reduced,Best,Best,1,1,3,DA_2_5_6, -0.2, 19145, 100,0
ILS,Reduced,Best,Best,1,1,3,DA_2_5_7, -0.2, 17270, 100,0
ILS,Reduced,Best,Best,1,1,3,DA_2_5_8, -0.2, 19642, 100,0
ILS,Reduced,Best,Best,1,1,3,DA_2_5_9, -0.2, 20086, 100,0.006
ILS,Reduced,Best,Best,1,1,3,DAFJS_3_5_1, -0.2, 21352, 100,0.522
ILS,Reduced,Best,Best,1,1,3,DAFJS_3_5_10, -0.2, 23852, 100,0.043
ILS,Reduced,Best,Best,1,1,3,DAFJS_3_5_2, -0.2, 22390, 100,0.116
ILS,Reduced,Best,Best,1,1,3,DAFJS_3_5_3, -0.2, 22521, 100,0.059
ILS,Reduced,Best,Best,1,1,3,DAFJS_3_5_4, -0.2, 19809, 100,0.019
ILS,Reduced,Best,Best,1,1,3,DAFJS_3_5_5, -0.2, 19724, 100,0.06
ILS,Reduced,Best,Best,1,1,3,DAFJS_3_5_6, -0.2, 20245, 100,0.01
ILS,Reduced,Best,Best,1,1,3,DAFJS_3_5_7, -0.2, 20635, 100,0.075
ILS,Reduced,Best,Best,1,1,3,DAFJS_3_5_8, -0.2, 19201, 100,0.004
ILS,Reduced,Best,Best,1,1,3,DAFJS_3_5_9, -0.2, 21552, 100,0.114
ILS,Reduced,Best,Best,1,1,3,YFJS_4_4_7_5_0, -0.3, 31008, 100,0.004
ILS,Reduced,Best,Best,1,1,3,YFJS_4_4_7_5_1, -0.3, 22010, 100,0.009
ILS,Reduced,Best,Best,1,1,3,YFJS_4_4_7_5_2, -0.3, 38935, 100,0.002
ILS,Reduced,Best,Best,1,1,3,YFJS_4_4_7_5_3, -0.3, 23774, 100,0
ILS,Reduced,Best,Best,1,1,3,YFJS_4_4_7_5_4, -0.3, 22843, 100,0
ILS,Reduced,Best,Best,1,1,3,YFJS_4_4_7_5_5, -0.3, 27366, 100,0
ILS,Reduced,Best,Best,1,1,3,YFJS_4_4_7_5_6, -0.3, 38932, 100,0.129
ILS,Reduced,Best,Best,1,1,3,YFJS_4_4_7_5_7, -0.3, 29464, 100,0.103
ILS,Reduced,Best,Best,1,1,3,YFJS_4_4_7_5_8, -0.3, 33763, 100,0.006
ILS,Reduced,Best,Best,1,1,3,YFJS_4_4_7_5_9, -0.3, 25072, 100,0.296
ILS,Reduced,Best,Best,1,1,3,YFJS_5_4_7_5_0, -0.3, 36307, 100,0.034
ILS,Reduced,Best,Best,1,1,3,YFJS_5_4_7_5_1, -0.3, 26219, 100,0.007
ILS,Reduced,Best,Best,1,1,3,YFJS_5_4_7_5_2, -0.3, 25619, 100,0.005
ILS,Reduced,Best,Best,1,1,3,YFJS_5_4_7_5_3, -0.3, 27428, 100,0.033
ILS,Reduced,Best,Best,1,1,3,YFJS_5_4_7_5_4, -0.3, 38256, 100,0.032
ILS,Reduced,Best,Best,1,1,3,YFJS_5_4_7_5_5, -0.3, 29442, 100,0.001
ILS,Reduced,Best,Best,1,1,3,YFJS_5_4_7_5_6, -0.3, 37465, 100,0.026
ILS,Reduced,Best,Best,1,1,3,YFJS_5_4_7_5_7, -0.3, 25067, 100,0.001
ILS,Reduced,Best,Best,1,1,3,YFJS_5_4_7_5_8, -0.3, 29207, 100,0.007
ILS,Reduced,Best,Best,1,1,3,YFJS_5_4_7_5_9, -0.3, 27091, 100,0.012
ILS,Reduced,Best,Best,1,1,3,YFJS_6_4_7_5_0, -0.3, 32166, 100,0.174
ILS,Reduced,Best,Best,1,1,3,YFJS_6_4_7_5_1, -0.3, 28985, 100,0.054
ILS,Reduced,Best,Best,1,1,3,YFJS_6_4_7_5_2, -0.3, 35441, 100,0.179
ILS,Reduced,Best,Best,1,1,3,YFJS_6_4_7_5_3, -0.3, 27023, 100,0.025
ILS,Reduced,Best,Best,1,1,3,YFJS_6_4_7_5_4, -0.3, 32346, 100,0.033
ILS,Reduced,Best,Best,1,1,3,YFJS_6_4_7_5_5, -0.3, 43452, 100,0.138
ILS,Reduced,Best,Best,1,1,3,YFJS_6_4_7_5_6, -0.3, 31571, 100,0.006
ILS,Reduced,Best,Best,1,1,3,YFJS_6_4_7_5_7, -0.3, 30428, 100,0.011
ILS,Reduced,Best,Best,1,1,3,YFJS_6_4_7_5_8, -0.3, 32826, 100,0.117
ILS,Reduced,Best,Best,1,1,3,YFJS_6_4_7_5_9, -0.3, 29848, 100,0.214
ILS,Reduced,Best,Best,1,1,3,DA_2_5_1, -0.3, 19443, 100,0.016
ILS,Reduced,Best,Best,1,1,3,DA_2_5_10, -0.3, 18916, 100,0.007
ILS,Reduced,Best,Best,1,1,3,DA_2_5_11, -0.3, 17419, 100,0.002
ILS,Reduced,Best,Best,1,1,3,DA_2_5_12, -0.3, 18800, 100,0.001
ILS,Reduced,Best,Best,1,1,3,DA_2_5_13, -0.3, 17596, 100,0.016
ILS,Reduced,Best,Best,1,1,3,DA_2_5_14, -0.3, 18692, 100,0.028
ILS,Reduced,Best,Best,1,1,3,DA_2_5_15, -0.3, 24256, 100,0.001
ILS,Reduced,Best,Best,1,1,3,DA_2_5_16, -0.3, 17900, 100,0
ILS,Reduced,Best,Best,1,1,3,DA_2_5_17, -0.3, 20797, 100,0.09
ILS,Reduced,Best,Best,1,1,3,DA_2_5_18, -0.3, 17395, 100,0
ILS,Reduced,Best,Best,1,1,3,DA_2_5_19, -0.3, 25304, 100,0.008
ILS,Reduced,Best,Best,1,1,3,DA_2_5_2, -0.3, 17105, 100,0.004
ILS,Reduced,Best,Best,1,1,3,DA_2_5_20, -0.3, 14077, 100,0
ILS,Reduced,Best,Best,1,1,3,DA_2_5_4, -0.3, 18625, 100,0
ILS,Reduced,Best,Best,1,1,3,DA_2_5_3, -0.3, 20620, 100,0.001
ILS,Reduced,Best,Best,1,1,3,DA_2_5_5, -0.3, 22734, 100,0.001
ILS,Reduced,Best,Best,1,1,3,DA_2_5_6, -0.3, 18253, 100,0
ILS,Reduced,Best,Best,1,1,3,DA_2_5_7, -0.3, 16495, 100,0.001
ILS,Reduced,Best,Best,1,1,3,DA_2_5_8, -0.3, 18474, 100,0.001
ILS,Reduced,Best,Best,1,1,3,DA_2_5_9, -0.3, 18521, 100,0.011
ILS,Reduced,Best,Best,1,1,3,DAFJS_3_5_1, -0.3, 19430, 100,0.461
ILS,Reduced,Best,Best,1,1,3,DAFJS_3_5_10, -0.3, 22322, 100,0.045
ILS,Reduced,Best,Best,1,1,3,DAFJS_3_5_2, -0.3, 20932, 100,0.042
ILS,Reduced,Best,Best,1,1,3,DAFJS_3_5_3, -0.3, 20389, 100,0.01
ILS,Reduced,Best,Best,1,1,3,DAFJS_3_5_4, -0.3, 18400, 100,0.001
ILS,Reduced,Best,Best,1,1,3,DAFJS_3_5_5, -0.3, 18396, 100,0.043
ILS,Reduced,Best,Best,1,1,3,DAFJS_3_5_6, -0.3, 18501, 100,0.04
ILS,Reduced,Best,Best,1,1,3,DAFJS_3_5_7, -0.3, 18762, 100,0.106
ILS,Reduced,Best,Best,1,1,3,DAFJS_3_5_8, -0.3, 18253, 100,0
ILS,Reduced,Best,Best,1,1,3,DAFJS_3_5_9, -0.3, 19504, 100,0.183
ILS,Reduced,Best,Best,1,1,3,YFJS_4_4_7_5_0, -0.1, 35046, 100,0.003
ILS,Reduced,Best,Best,1,1,3,YFJS_4_4_7_5_1, -0.1, 24359, 100,0.002
ILS,Reduced,Best,Best,1,1,3,YFJS_4_4_7_5_2, -0.1, 47391, 100,0.001
ILS,Reduced,Best,Best,1,1,3,YFJS_4_4_7_5_3, -0.1, 25394, 100,0
ILS,Reduced,Best,Best,1,1,3,YFJS_4_4_7_5_4, -0.1, 23985, 100,0
ILS,Reduced,Best,Best,1,1,3,YFJS_4_4_7_5_5, -0.1, 29469, 100,0.011
ILS,Reduced,Best,Best,1,1,3,YFJS_4_4_7_5_6, -0.1, 45705, 100,0.057
ILS,Reduced,Best,Best,1,1,3,YFJS_4_4_7_5_7, -0.1, 33829, 100,0.01
ILS,Reduced,Best,Best,1,1,3,YFJS_4_4_7_5_8, -0.1, 37049, 100,0
ILS,Reduced,Best,Best,1,1,3,YFJS_4_4_7_5_9, -0.1, 27310, 100,0.005
ILS,Reduced,Best,Best,1,1,3,YFJS_5_4_7_5_0, -0.1, 41300, 100,0.011
ILS,Reduced,Best,Best,1,1,3,YFJS_5_4_7_5_1, -0.1, 30145, 100,0.062
ILS,Reduced,Best,Best,1,1,3,YFJS_5_4_7_5_2, -0.1, 30962, 100,0.002
ILS,Reduced,Best,Best,1,1,3,YFJS_5_4_7_5_3, -0.1, 31398, 100,0.001
ILS,Reduced,Best,Best,1,1,3,YFJS_5_4_7_5_4, -0.1, 45442, 100,0
ILS,Reduced,Best,Best,1,1,3,YFJS_5_4_7_5_5, -0.1, 33791, 100,0.019
ILS,Reduced,Best,Best,1,1,3,YFJS_5_4_7_5_6, -0.1, 42838, 100,0.012
ILS,Reduced,Best,Best,1,1,3,YFJS_5_4_7_5_7, -0.1, 28247, 100,0.001
ILS,Reduced,Best,Best,1,1,3,YFJS_5_4_7_5_8, -0.1, 33601, 100,0.016
ILS,Reduced,Best,Best,1,1,3,YFJS_5_4_7_5_9, -0.1, 30837, 100,0
ILS,Reduced,Best,Best,1,1,3,YFJS_6_4_7_5_0, -0.1, 37096, 100,0.093
ILS,Reduced,Best,Best,1,1,3,YFJS_6_4_7_5_1, -0.1, 34282, 100,0.03
ILS,Reduced,Best,Best,1,1,3,YFJS_6_4_7_5_2, -0.1, 42079, 100,0.012
ILS,Reduced,Best,Best,1,1,3,YFJS_6_4_7_5_3, -0.1, 30905, 100,0.073
ILS,Reduced,Best,Best,1,1,3,YFJS_6_4_7_5_4, -0.1, 36170, 100,0.232
ILS,Reduced,Best,Best,1,1,3,YFJS_6_4_7_5_5, -0.1, 51466, 100,0.026
ILS,Reduced,Best,Best,1,1,3,YFJS_6_4_7_5_6, -0.1, 36719, 100,0.003
ILS,Reduced,Best,Best,1,1,3,YFJS_6_4_7_5_7, -0.1, 34509, 100,0.074
ILS,Reduced,Best,Best,1,1,3,YFJS_6_4_7_5_9, -0.1, 33974, 100,0.031
ILS,Reduced,Best,Best,1,1,3,YFJS_6_4_7_5_8, -0.1, 39798, 100.002,0.033
ILS,Reduced,Best,Best,1,1,3,DA_2_5_1, -0.1, 22875, 100,0.041
ILS,Reduced,Best,Best,1,1,3,DA_2_5_10, -0.1, 22708, 100,0.009
ILS,Reduced,Best,Best,1,1,3,DA_2_5_11, -0.1, 18363, 100,0
ILS,Reduced,Best,Best,1,1,3,DA_2_5_12, -0.1, 20498, 100,0.003
ILS,Reduced,Best,Best,1,1,3,DA_2_5_13, -0.1, 20593, 100,0
ILS,Reduced,Best,Best,1,1,3,DA_2_5_14, -0.1, 22867, 100,0.006
ILS,Reduced,Best,Best,1,1,3,DA_2_5_15, -0.1, 25715, 100,0.005
ILS,Reduced,Best,Best,1,1,3,DA_2_5_16, -0.1, 19878, 100,0
ILS,Reduced,Best,Best,1,1,3,DA_2_5_17, -0.1, 24267, 100,0.174
ILS,Reduced,Best,Best,1,1,3,DA_2_5_18, -0.1, 20336, 100,0.004
ILS,Reduced,Best,Best,1,1,3,DA_2_5_19, -0.1, 29968, 100,0.01
ILS,Reduced,Best,Best,1,1,3,DA_2_5_2, -0.1, 18670, 100,0.007
ILS,Reduced,Best,Best,1,1,3,DA_2_5_20, -0.1, 16313, 100,0
ILS,Reduced,Best,Best,1,1,3,DA_2_5_3, -0.1, 23140, 100,0.003
ILS,Reduced,Best,Best,1,1,3,DA_2_5_4, -0.1, 21715, 100,0
ILS,Reduced,Best,Best,1,1,3,DA_2_5_5, -0.1, 25426, 100,0
ILS,Reduced,Best,Best,1,1,3,DA_2_5_6, -0.1, 20155, 100,0
ILS,Reduced,Best,Best,1,1,3,DA_2_5_7, -0.1, 18135, 100,0
ILS,Reduced,Best,Best,1,1,3,DA_2_5_8, -0.1, 20945, 100,0
ILS,Reduced,Best,Best,1,1,3,DA_2_5_9, -0.1, 21838, 100,0
ILS,Reduced,Best,Best,1,1,3,DAFJS_3_5_1, -0.1, 23344, 100,0.314
ILS,Reduced,Best,Best,1,1,3,DAFJS_3_5_10, -0.1, 25923, 100,0
ILS,Reduced,Best,Best,1,1,3,DAFJS_3_5_2, -0.1, 24038, 100,0.927
ILS,Reduced,Best,Best,1,1,3,DAFJS_3_5_3, -0.1, 24579, 100,0.011
ILS,Reduced,Best,Best,1,1,3,DAFJS_3_5_4, -0.1, 21143, 100,0.001
ILS,Reduced,Best,Best,1,1,3,DAFJS_3_5_5, -0.1, 21120, 100,0.049
ILS,Reduced,Best,Best,1,1,3,DAFJS_3_5_6, -0.1, 22050, 100,0.705
ILS,Reduced,Best,Best,1,1,3,DAFJS_3_5_7, -0.1, 22708, 100,0.043
ILS,Reduced,Best,Best,1,1,3,DAFJS_3_5_8, -0.1, 20278, 100,0
ILS,Reduced,Best,Best,1,1,3,DAFJS_3_5_9, -0.1, 23558, 100,0.007
ILS,Reduced,Best,Best,1,1,3,YFJS_4_4_7_5_0, -0.2, 33132, 100,0
ILS,Reduced,Best,Best,1,1,3,YFJS_4_4_7_5_1, -0.2, 23100, 100,0.001
ILS,Reduced,Best,Best,1,1,3,YFJS_4_4_7_5_2, -0.2, 42896, 100,0.005
ILS,Reduced,Best,Best,1,1,3,YFJS_4_4_7_5_3, -0.2, 24485, 100,0
ILS,Reduced,Best,Best,1,1,3,YFJS_4_4_7_5_4, -0.2, 23597, 100,0
ILS,Reduced,Best,Best,1,1,3,YFJS_4_4_7_5_5, -0.2, 28655, 100,0.011
ILS,Reduced,Best,Best,1,1,3,YFJS_4_4_7_5_6, -0.2, 42239, 100,0.101
ILS,Reduced,Best,Best,1,1,3,YFJS_4_4_7_5_7, -0.2, 31471, 100,0.178
ILS,Reduced,Best,Best,1,1,3,YFJS_4_4_7_5_8, -0.2, 35250, 100,0.003
ILS,Reduced,Best,Best,1,1,3,YFJS_4_4_7_5_9, -0.2, 26145, 100,0.006
ILS,Reduced,Best,Best,1,1,3,YFJS_5_4_7_5_0, -0.2, 38545, 100,0.024
ILS,Reduced,Best,Best,1,1,3,YFJS_5_4_7_5_1, -0.2, 27895, 100,0.154
ILS,Reduced,Best,Best,1,1,3,YFJS_5_4_7_5_2, -0.2, 28120, 100,0.001
ILS,Reduced,Best,Best,1,1,3,YFJS_5_4_7_5_3, -0.2, 29682, 100,0.007
ILS,Reduced,Best,Best,1,1,3,YFJS_5_4_7_5_4, -0.2, 41619, 100,0.001
ILS,Reduced,Best,Best,1,1,3,YFJS_5_4_7_5_5, -0.2, 31280, 100,0.021
ILS,Reduced,Best,Best,1,1,3,YFJS_5_4_7_5_6, -0.2, 40388, 100,0.048
ILS,Reduced,Best,Best,1,1,3,YFJS_5_4_7_5_7, -0.2, 26297, 100,0.007
ILS,Reduced,Best,Best,1,1,3,YFJS_5_4_7_5_8, -0.2, 30717, 100,0.142
ILS,Reduced,Best,Best,1,1,3,YFJS_5_4_7_5_9, -0.2, 28832, 100,0.003
ILS,Reduced,Best,Best,1,1,3,YFJS_6_4_7_5_0, -0.2, 34811, 100,0.005
ILS,Reduced,Best,Best,1,1,3,YFJS_6_4_7_5_1, -0.2, 31702, 100,0.052
ILS,Reduced,Best,Best,1,1,3,YFJS_6_4_7_5_2, -0.2, 38639, 100,0.197
ILS,Reduced,Best,Best,1,1,3,YFJS_6_4_7_5_3, -0.2, 28884, 100,0.013
ILS,Reduced,Best,Best,1,1,3,YFJS_6_4_7_5_4, -0.2, 34231, 100,0.065
ILS,Reduced,Best,Best,1,1,3,YFJS_6_4_7_5_5, -0.2, 47519, 100,0.007
ILS,Reduced,Best,Best,1,1,3,YFJS_6_4_7_5_6, -0.2, 34042, 100,0.108
ILS,Reduced,Best,Best,1,1,3,YFJS_6_4_7_5_7, -0.2, 32080, 100,0.034
ILS,Reduced,Best,Best,1,1,3,YFJS_6_4_7_5_8, -0.2, 36093, 100,0.117
ILS,Reduced,Best,Best,1,1,3,YFJS_6_4_7_5_9, -0.2, 31888, 100,0.583
ILS,Reduced,Best,Best,1,1,3,DA_2_5_1, -0.2, 21327, 100,0.014
ILS,Reduced,Best,Best,1,1,3,DA_2_5_10, -0.2, 20635, 100,0.004
ILS,Reduced,Best,Best,1,1,3,DA_2_5_11, -0.2, 17972, 100,0
ILS,Reduced,Best,Best,1,1,3,DA_2_5_12, -0.2, 19602, 100,0.001
ILS,Reduced,Best,Best,1,1,3,DA_2_5_13, -0.2, 18803, 100,0.006
ILS,Reduced,Best,Best,1,1,3,DA_2_5_14, -0.2, 20568, 100,0.095
ILS,Reduced,Best,Best,1,1,3,DA_2_5_16, -0.2, 18857, 100,0
ILS,Reduced,Best,Best,1,1,3,DA_2_5_15, -0.2, 24715, 100,0.027
ILS,Reduced,Best,Best,1,1,3,DA_2_5_17, -0.2, 22660, 100,0.07
ILS,Reduced,Best,Best,1,1,3,DA_2_5_18, -0.2, 18823, 100,0
ILS,Reduced,Best,Best,1,1,3,DA_2_5_19, -0.2, 27455, 100,0.013
ILS,Reduced,Best,Best,1,1,3,DA_2_5_2, -0.2, 17874, 100,0.039
ILS,Reduced,Best,Best,1,1,3,DA_2_5_20, -0.2, 15143, 100,0
ILS,Reduced,Best,Best,1,1,3,DA_2_5_3, -0.2, 21817, 100,0
ILS,Reduced,Best,Best,1,1,3,DA_2_5_4, -0.2, 20236, 100,0.003
ILS,Reduced,Best,Best,1,1,3,DA_2_5_5, -0.2, 24114, 100,0
ILS,Reduced,Best,Best,1,1,3,DA_2_5_6, -0.2, 19145, 100,0
ILS,Reduced,Best,Best,1,1,3,DA_2_5_7, -0.2, 17270, 100,0.001
ILS,Reduced,Best,Best,1,1,3,DA_2_5_8, -0.2, 19642, 100,0.001
ILS,Reduced,Best,Best,1,1,3,DA_2_5_9, -0.2, 20086, 100,0.022
ILS,Reduced,Best,Best,1,1,3,DAFJS_3_5_1, -0.2, 21352, 100,0.922
ILS,Reduced,Best,Best,1,1,3,DAFJS_3_5_10, -0.2, 23852, 100,0.07
ILS,Reduced,Best,Best,1,1,3,DAFJS_3_5_2, -0.2, 22390, 100,1.636
ILS,Reduced,Best,Best,1,1,3,DAFJS_3_5_3, -0.2, 22521, 100,0.064
ILS,Reduced,Best,Best,1,1,3,DAFJS_3_5_4, -0.2, 19809, 100,0.07
ILS,Reduced,Best,Best,1,1,3,DAFJS_3_5_5, -0.2, 19724, 100,0.239
ILS,Reduced,Best,Best,1,1,3,DAFJS_3_5_6, -0.2, 20245, 100,0.024
ILS,Reduced,Best,Best,1,1,3,DAFJS_3_5_7, -0.2, 20635, 100,0.045
ILS,Reduced,Best,Best,1,1,3,DAFJS_3_5_8, -0.2, 19201, 100,0.002
ILS,Reduced,Best,Best,1,1,3,DAFJS_3_5_9, -0.2, 21552, 100,0.344
ILS,Reduced,Best,Best,1,1,3,YFJS_4_4_7_5_0, -0.3, 31008, 100,0.002
ILS,Reduced,Best,Best,1,1,3,YFJS_4_4_7_5_1, -0.3, 22010, 100,0.022
ILS,Reduced,Best,Best,1,1,3,YFJS_4_4_7_5_2, -0.3, 38935, 100,0.006
ILS,Reduced,Best,Best,1,1,3,YFJS_4_4_7_5_3, -0.3, 23774, 100,0
ILS,Reduced,Best,Best,1,1,3,YFJS_4_4_7_5_4, -0.3, 22843, 100,0.002
ILS,Reduced,Best,Best,1,1,3,YFJS_4_4_7_5_5, -0.3, 27366, 100,0
ILS,Reduced,Best,Best,1,1,3,YFJS_4_4_7_5_6, -0.3, 38932, 100,0.011
ILS,Reduced,Best,Best,1,1,3,YFJS_4_4_7_5_7, -0.3, 29464, 100,0.035
ILS,Reduced,Best,Best,1,1,3,YFJS_4_4_7_5_8, -0.3, 33763, 100,0.015
ILS,Reduced,Best,Best,1,1,3,YFJS_4_4_7_5_9, -0.3, 25072, 100,0.105
ILS,Reduced,Best,Best,1,1,3,YFJS_5_4_7_5_0, -0.3, 36307, 100,0.124
ILS,Reduced,Best,Best,1,1,3,YFJS_5_4_7_5_1, -0.3, 26219, 100,0.059
ILS,Reduced,Best,Best,1,1,3,YFJS_5_4_7_5_2, -0.3, 25619, 100,0.007
ILS,Reduced,Best,Best,1,1,3,YFJS_5_4_7_5_3, -0.3, 27428, 100,0.031
ILS,Reduced,Best,Best,1,1,3,YFJS_5_4_7_5_4, -0.3, 38256, 100,0.002
ILS,Reduced,Best,Best,1,1,3,YFJS_5_4_7_5_5, -0.3, 29442, 100,0.003
ILS,Reduced,Best,Best,1,1,3,YFJS_5_4_7_5_6, -0.3, 37465, 100,0.037
ILS,Reduced,Best,Best,1,1,3,YFJS_5_4_7_5_7, -0.3, 25067, 100,0.006
ILS,Reduced,Best,Best,1,1,3,YFJS_5_4_7_5_8, -0.3, 29207, 100,0.026
ILS,Reduced,Best,Best,1,1,3,YFJS_5_4_7_5_9, -0.3, 27091, 100,0.022
ILS,Reduced,Best,Best,1,1,3,YFJS_6_4_7_5_0, -0.3, 32166, 100,0.06
ILS,Reduced,Best,Best,1,1,3,YFJS_6_4_7_5_1, -0.3, 28985, 100,0.031
ILS,Reduced,Best,Best,1,1,3,YFJS_6_4_7_5_2, -0.3, 35441, 100,0.25
ILS,Reduced,Best,Best,1,1,3,YFJS_6_4_7_5_3, -0.3, 27023, 100,0.058
ILS,Reduced,Best,Best,1,1,3,YFJS_6_4_7_5_4, -0.3, 32346, 100,0.06
ILS,Reduced,Best,Best,1,1,3,YFJS_6_4_7_5_5, -0.3, 43452, 100,0.003
ILS,Reduced,Best,Best,1,1,3,YFJS_6_4_7_5_6, -0.3, 31571, 100,0.009
ILS,Reduced,Best,Best,1,1,3,YFJS_6_4_7_5_7, -0.3, 30428, 100,0.007
ILS,Reduced,Best,Best,1,1,3,YFJS_6_4_7_5_8, -0.3, 32826, 100,0.03
ILS,Reduced,Best,Best,1,1,3,YFJS_6_4_7_5_9, -0.3, 29848, 100,0.141
ILS,Reduced,Best,Best,1,1,3,DA_2_5_1, -0.3, 19443, 100,0.023
ILS,Reduced,Best,Best,1,1,3,DA_2_5_10, -0.3, 18916, 100,0.053
ILS,Reduced,Best,Best,1,1,3,DA_2_5_11, -0.3, 17419, 100,0.008
ILS,Reduced,Best,Best,1,1,3,DA_2_5_12, -0.3, 18800, 100,0
ILS,Reduced,Best,Best,1,1,3,DA_2_5_13, -0.3, 17596, 100,0.077
ILS,Reduced,Best,Best,1,1,3,DA_2_5_14, -0.3, 18692, 100,0.18
ILS,Reduced,Best,Best,1,1,3,DA_2_5_15, -0.3, 24256, 100,0.007
ILS,Reduced,Best,Best,1,1,3,DA_2_5_16, -0.3, 17900, 100,0
ILS,Reduced,Best,Best,1,1,3,DA_2_5_17, -0.3, 20797, 100,0.044
ILS,Reduced,Best,Best,1,1,3,DA_2_5_19, -0.3, 25304, 100,0.013
ILS,Reduced,Best,Best,1,1,3,DA_2_5_2, -0.3, 17105, 100,0.011
ILS,Reduced,Best,Best,1,1,3,DA_2_5_18, -0.3, 17395, 100,0
ILS,Reduced,Best,Best,1,1,3,DA_2_5_20, -0.3, 14077, 100,0
ILS,Reduced,Best,Best,1,1,3,DA_2_5_3, -0.3, 20620, 100,0.002
ILS,Reduced,Best,Best,1,1,3,DA_2_5_4, -0.3, 18625, 100,0.002
ILS,Reduced,Best,Best,1,1,3,DA_2_5_5, -0.3, 22734, 100,0.016
ILS,Reduced,Best,Best,1,1,3,DA_2_5_6, -0.3, 18253, 100,0
ILS,Reduced,Best,Best,1,1,3,DA_2_5_7, -0.3, 16495, 100,0.008
ILS,Reduced,Best,Best,1,1,3,DA_2_5_8, -0.3, 18474, 100,0
ILS,Reduced,Best,Best,1,1,3,DA_2_5_9, -0.3, 18521, 100,0.013
ILS,Reduced,Best,Best,1,1,3,DAFJS_3_5_1, -0.3, 19430, 100,1.498
ILS,Reduced,Best,Best,1,1,3,DAFJS_3_5_10, -0.3, 22322, 100,0.307
ILS,Reduced,Best,Best,1,1,3,DAFJS_3_5_2, -0.3, 20932, 100,0.566
ILS,Reduced,Best,Best,1,1,3,DAFJS_3_5_3, -0.3, 20389, 100,0.007
ILS,Reduced,Best,Best,1,1,3,DAFJS_3_5_4, -0.3, 18400, 100,0.002
ILS,Reduced,Best,Best,1,1,3,DAFJS_3_5_5, -0.3, 18396, 100,0.007
ILS,Reduced,Best,Best,1,1,3,DAFJS_3_5_6, -0.3, 18501, 100,0.015
ILS,Reduced,Best,Best,1,1,3,DAFJS_3_5_7, -0.3, 18762, 100,0.008
ILS,Reduced,Best,Best,1,1,3,DAFJS_3_5_8, -0.3, 18253, 100,0
ILS,Reduced,Best,Best,1,1,3,DAFJS_3_5_9, -0.3, 19504, 100,0.194
ILS,Reduced,Best,Best,1,1,3,YFJS_4_4_7_5_0, -0.1, 35046, 100,0.001
ILS,Reduced,Best,Best,1,1,3,YFJS_4_4_7_5_1, -0.1, 24359, 100,0.012
ILS,Reduced,Best,Best,1,1,3,YFJS_4_4_7_5_2, -0.1, 47391, 100,0.005
ILS,Reduced,Best,Best,1,1,3,YFJS_4_4_7_5_3, -0.1, 25394, 100,0
ILS,Reduced,Best,Best,1,1,3,YFJS_4_4_7_5_4, -0.1, 23985, 100,0
ILS,Reduced,Best,Best,1,1,3,YFJS_4_4_7_5_5, -0.1, 29469, 100,0.013
ILS,Reduced,Best,Best,1,1,3,YFJS_4_4_7_5_6, -0.1, 45705, 100,0.021
ILS,Reduced,Best,Best,1,1,3,YFJS_4_4_7_5_7, -0.1, 33829, 100,0.002
ILS,Reduced,Best,Best,1,1,3,YFJS_4_4_7_5_8, -0.1, 37049, 100,0
ILS,Reduced,Best,Best,1,1,3,YFJS_4_4_7_5_9, -0.1, 27310, 100,0.006
ILS,Reduced,Best,Best,1,1,3,YFJS_5_4_7_5_0, -0.1, 41300, 100,0.021
ILS,Reduced,Best,Best,1,1,3,YFJS_5_4_7_5_1, -0.1, 30145, 100,0.011
ILS,Reduced,Best,Best,1,1,3,YFJS_5_4_7_5_2, -0.1, 30962, 100,0.001
ILS,Reduced,Best,Best,1,1,3,YFJS_5_4_7_5_3, -0.1, 31398, 100,0.002
ILS,Reduced,Best,Best,1,1,3,YFJS_5_4_7_5_4, -0.1, 45442, 100,0
ILS,Reduced,Best,Best,1,1,3,YFJS_5_4_7_5_5, -0.1, 33791, 100,0
ILS,Reduced,Best,Best,1,1,3,YFJS_5_4_7_5_6, -0.1, 42838, 100,0.003
ILS,Reduced,Best,Best,1,1,3,YFJS_5_4_7_5_7, -0.1, 28247, 100,0.003
ILS,Reduced,Best,Best,1,1,3,YFJS_5_4_7_5_8, -0.1, 33601, 100,0.031
ILS,Reduced,Best,Best,1,1,3,YFJS_5_4_7_5_9, -0.1, 30837, 100,0
ILS,Reduced,Best,Best,1,1,3,YFJS_6_4_7_5_0, -0.1, 37096, 100,0.387
ILS,Reduced,Best,Best,1,1,3,YFJS_6_4_7_5_1, -0.1, 34282, 100,0.016
ILS,Reduced,Best,Best,1,1,3,YFJS_6_4_7_5_2, -0.1, 42079, 100,0.019
ILS,Reduced,Best,Best,1,1,3,YFJS_6_4_7_5_3, -0.1, 30905, 100,0.048
ILS,Reduced,Best,Best,1,1,3,YFJS_6_4_7_5_4, -0.1, 36170, 100,0.266
ILS,Reduced,Best,Best,1,1,3,YFJS_6_4_7_5_5, -0.1, 51466, 100,0.017
ILS,Reduced,Best,Best,1,1,3,YFJS_6_4_7_5_6, -0.1, 36719, 100,0.001
ILS,Reduced,Best,Best,1,1,3,YFJS_6_4_7_5_7, -0.1, 34509, 100,0.001
ILS,Reduced,Best,Best,1,1,3,YFJS_6_4_7_5_8, -0.1, 39798, 100,0.267
ILS,Reduced,Best,Best,1,1,3,YFJS_6_4_7_5_9, -0.1, 33974, 100,0.075
ILS,Reduced,Best,Best,1,1,3,DA_2_5_1, -0.1, 22875, 100,0.072
ILS,Reduced,Best,Best,1,1,3,DA_2_5_10, -0.1, 22708, 100,0.008
ILS,Reduced,Best,Best,1,1,3,DA_2_5_11, -0.1, 18363, 100,0
ILS,Reduced,Best,Best,1,1,3,DA_2_5_12, -0.1, 20498, 100,0
ILS,Reduced,Best,Best,1,1,3,DA_2_5_13, -0.1, 20593, 100,0.001
ILS,Reduced,Best,Best,1,1,3,DA_2_5_14, -0.1, 22867, 100,0
ILS,Reduced,Best,Best,1,1,3,DA_2_5_15, -0.1, 25715, 100,0.005
ILS,Reduced,Best,Best,1,1,3,DA_2_5_16, -0.1, 19878, 100,0
ILS,Reduced,Best,Best,1,1,3,DA_2_5_17, -0.1, 24267, 100,0.302
ILS,Reduced,Best,Best,1,1,3,DA_2_5_18, -0.1, 20336, 100,0.001
ILS,Reduced,Best,Best,1,1,3,DA_2_5_19, -0.1, 29968, 100,0.019
ILS,Reduced,Best,Best,1,1,3,DA_2_5_2, -0.1, 18670, 100,0.008
ILS,Reduced,Best,Best,1,1,3,DA_2_5_20, -0.1, 16313, 100,0
ILS,Reduced,Best,Best,1,1,3,DA_2_5_3, -0.1, 23140, 100,0
ILS,Reduced,Best,Best,1,1,3,DA_2_5_4, -0.1, 21715, 100,0.006
ILS,Reduced,Best,Best,1,1,3,DA_2_5_5, -0.1, 25426, 100,0.002
ILS,Reduced,Best,Best,1,1,3,DA_2_5_6, -0.1, 20155, 100,0
ILS,Reduced,Best,Best,1,1,3,DA_2_5_7, -0.1, 18135, 100,0.002
ILS,Reduced,Best,Best,1,1,3,DA_2_5_8, -0.1, 20945, 100,0.002
ILS,Reduced,Best,Best,1,1,3,DA_2_5_9, -0.1, 21838, 100,0.015
ILS,Reduced,Best,Best,1,1,3,DAFJS_3_5_1, -0.1, 23344, 100,0.256
ILS,Reduced,Best,Best,1,1,3,DAFJS_3_5_10, -0.1, 25923, 100,0
ILS,Reduced,Best,Best,1,1,3,DAFJS_3_5_2, -0.1, 24038, 100,1.03
ILS,Reduced,Best,Best,1,1,3,DAFJS_3_5_3, -0.1, 24579, 100,0.008
ILS,Reduced,Best,Best,1,1,3,DAFJS_3_5_4, -0.1, 21143, 100,0.007
ILS,Reduced,Best,Best,1,1,3,DAFJS_3_5_5, -0.1, 21120, 100,0.03
ILS,Reduced,Best,Best,1,1,3,DAFJS_3_5_6, -0.1, 22050, 100,0.147
ILS,Reduced,Best,Best,1,1,3,DAFJS_3_5_7, -0.1, 22708, 100,0.003
ILS,Reduced,Best,Best,1,1,3,DAFJS_3_5_8, -0.1, 20278, 100,0.003
ILS,Reduced,Best,Best,1,1,3,DAFJS_3_5_9, -0.1, 23558, 100,0.003
ILS,Reduced,Best,Best,1,1,3,YFJS_4_4_7_5_0, -0.2, 33132, 100,0.003
ILS,Reduced,Best,Best,1,1,3,YFJS_4_4_7_5_1, -0.2, 23100, 100,0.02
ILS,Reduced,Best,Best,1,1,3,YFJS_4_4_7_5_2, -0.2, 42896, 100,0.003
ILS,Reduced,Best,Best,1,1,3,YFJS_4_4_7_5_3, -0.2, 24485, 100,0
ILS,Reduced,Best,Best,1,1,3,YFJS_4_4_7_5_4, -0.2, 23597, 100,0.002
ILS,Reduced,Best,Best,1,1,3,YFJS_4_4_7_5_5, -0.2, 28655, 100,0.013
ILS,Reduced,Best,Best,1,1,3,YFJS_4_4_7_5_6, -0.2, 42239, 100,0.045
ILS,Reduced,Best,Best,1,1,3,YFJS_4_4_7_5_7, -0.2, 31471, 100,0.001
ILS,Reduced,Best,Best,1,1,3,YFJS_4_4_7_5_8, -0.2, 35250, 100,0.012
ILS,Reduced,Best,Best,1,1,3,YFJS_4_4_7_5_9, -0.2, 26145, 100,0.002
ILS,Reduced,Best,Best,1,1,3,YFJS_5_4_7_5_0, -0.2, 38545, 100,0.038
ILS,Reduced,Best,Best,1,1,3,YFJS_5_4_7_5_1, -0.2, 27895, 100,0.073
ILS,Reduced,Best,Best,1,1,3,YFJS_5_4_7_5_2, -0.2, 28120, 100,0.003
ILS,Reduced,Best,Best,1,1,3,YFJS_5_4_7_5_3, -0.2, 29682, 100,0.002
ILS,Reduced,Best,Best,1,1,3,YFJS_5_4_7_5_4, -0.2, 41619, 100,0.007
ILS,Reduced,Best,Best,1,1,3,YFJS_5_4_7_5_5, -0.2, 31280, 100,0.014
ILS,Reduced,Best,Best,1,1,3,YFJS_5_4_7_5_6, -0.2, 40388, 100,0.006
ILS,Reduced,Best,Best,1,1,3,YFJS_5_4_7_5_7, -0.2, 26297, 100,0
ILS,Reduced,Best,Best,1,1,3,YFJS_5_4_7_5_8, -0.2, 30717, 100,0.074
ILS,Reduced,Best,Best,1,1,3,YFJS_5_4_7_5_9, -0.2, 28832, 100,0.001
ILS,Reduced,Best,Best,1,1,3,YFJS_6_4_7_5_0, -0.2, 34811, 100,0.135
ILS,Reduced,Best,Best,1,1,3,YFJS_6_4_7_5_1, -0.2, 31702, 100,0.015
ILS,Reduced,Best,Best,1,1,3,YFJS_6_4_7_5_2, -0.2, 38639, 100,0.226
ILS,Reduced,Best,Best,1,1,3,YFJS_6_4_7_5_3, -0.2, 28884, 100,0.034
ILS,Reduced,Best,Best,1,1,3,YFJS_6_4_7_5_4, -0.2, 34231, 100,0.021
ILS,Reduced,Best,Best,1,1,3,YFJS_6_4_7_5_5, -0.2, 47519, 100,0.007
ILS,Reduced,Best,Best,1,1,3,YFJS_6_4_7_5_6, -0.2, 34042, 100,0.127
ILS,Reduced,Best,Best,1,1,3,YFJS_6_4_7_5_8, -0.2, 36093, 100,0.421
ILS,Reduced,Best,Best,1,1,3,YFJS_6_4_7_5_9, -0.2, 31888, 100,0.268
ILS,Reduced,Best,Best,1,1,3,YFJS_6_4_7_5_7, -0.2, 32080, 100,0.017
ILS,Reduced,Best,Best,1,1,3,DA_2_5_1, -0.2, 21327, 100,0.047
ILS,Reduced,Best,Best,1,1,3,DA_2_5_10, -0.2, 20635, 100,0.005
ILS,Reduced,Best,Best,1,1,3,DA_2_5_11, -0.2, 17972, 100,0
ILS,Reduced,Best,Best,1,1,3,DA_2_5_12, -0.2, 19602, 100,0.001
ILS,Reduced,Best,Best,1,1,3,DA_2_5_13, -0.2, 18803, 100,0.004
ILS,Reduced,Best,Best,1,1,3,DA_2_5_14, -0.2, 20568, 100,0.009
ILS,Reduced,Best,Best,1,1,3,DA_2_5_15, -0.2, 24715, 100,0.003
ILS,Reduced,Best,Best,1,1,3,DA_2_5_16, -0.2, 18857, 100,0
ILS,Reduced,Best,Best,1,1,3,DA_2_5_17, -0.2, 22660, 100,0.049
ILS,Reduced,Best,Best,1,1,3,DA_2_5_18, -0.2, 18823, 100,0.001
ILS,Reduced,Best,Best,1,1,3,DA_2_5_19, -0.2, 27455, 100,0.004
ILS,Reduced,Best,Best,1,1,3,DA_2_5_2, -0.2, 17874, 100,0.009
ILS,Reduced,Best,Best,1,1,3,DA_2_5_20, -0.2, 15143, 100,0
ILS,Reduced,Best,Best,1,1,3,DA_2_5_3, -0.2, 21817, 100,0
ILS,Reduced,Best,Best,1,1,3,DA_2_5_4, -0.2, 20236, 100,0.001
ILS,Reduced,Best,Best,1,1,3,DA_2_5_5, -0.2, 24114, 100,0.001
ILS,Reduced,Best,Best,1,1,3,DA_2_5_6, -0.2, 19145, 100,0
ILS,Reduced,Best,Best,1,1,3,DA_2_5_7, -0.2, 17270, 100,0.001
ILS,Reduced,Best,Best,1,1,3,DA_2_5_8, -0.2, 19642, 100,0.002
ILS,Reduced,Best,Best,1,1,3,DA_2_5_9, -0.2, 20086, 100,0.001
ILS,Reduced,Best,Best,1,1,3,DAFJS_3_5_1, -0.2, 21352, 100,0.137
ILS,Reduced,Best,Best,1,1,3,DAFJS_3_5_10, -0.2, 23852, 100,0
ILS,Reduced,Best,Best,1,1,3,DAFJS_3_5_2, -0.2, 22390, 100,1.175
ILS,Reduced,Best,Best,1,1,3,DAFJS_3_5_3, -0.2, 22521, 100,0.062
ILS,Reduced,Best,Best,1,1,3,DAFJS_3_5_4, -0.2, 19809, 100,0.039
ILS,Reduced,Best,Best,1,1,3,DAFJS_3_5_5, -0.2, 19724, 100,0.652
ILS,Reduced,Best,Best,1,1,3,DAFJS_3_5_6, -0.2, 20245, 100,0.035
ILS,Reduced,Best,Best,1,1,3,DAFJS_3_5_7, -0.2, 20635, 100,0.012
ILS,Reduced,Best,Best,1,1,3,DAFJS_3_5_8, -0.2, 19201, 100,0.005
ILS,Reduced,Best,Best,1,1,3,DAFJS_3_5_9, -0.2, 21552, 100,0.467
ILS,Reduced,Best,Best,1,1,3,YFJS_4_4_7_5_0, -0.3, 31008, 100,0.002
ILS,Reduced,Best,Best,1,1,3,YFJS_4_4_7_5_1, -0.3, 22010, 100,0.042
ILS,Reduced,Best,Best,1,1,3,YFJS_4_4_7_5_2, -0.3, 38935, 100,0.003
ILS,Reduced,Best,Best,1,1,3,YFJS_4_4_7_5_4, -0.3, 22843, 100,0
ILS,Reduced,Best,Best,1,1,3,YFJS_4_4_7_5_3, -0.3, 23774, 100,0.001
ILS,Reduced,Best,Best,1,1,3,YFJS_4_4_7_5_5, -0.3, 27366, 100,0
ILS,Reduced,Best,Best,1,1,3,YFJS_4_4_7_5_6, -0.3, 38932, 100,0.067
ILS,Reduced,Best,Best,1,1,3,YFJS_4_4_7_5_7, -0.3, 29464, 100,0.012
ILS,Reduced,Best,Best,1,1,3,YFJS_4_4_7_5_8, -0.3, 33763, 100,0.006
ILS,Reduced,Best,Best,1,1,3,YFJS_4_4_7_5_9, -0.3, 25072, 100,0.048
ILS,Reduced,Best,Best,1,1,3,YFJS_5_4_7_5_0, -0.3, 36307, 100,0.005
ILS,Reduced,Best,Best,1,1,3,YFJS_5_4_7_5_1, -0.3, 26219, 100,0.128
ILS,Reduced,Best,Best,1,1,3,YFJS_5_4_7_5_2, -0.3, 25619, 100,0.001
ILS,Reduced,Best,Best,1,1,3,YFJS_5_4_7_5_3, -0.3, 27428, 100,0.069
ILS,Reduced,Best,Best,1,1,3,YFJS_5_4_7_5_4, -0.3, 38256, 100,0.005
ILS,Reduced,Best,Best,1,1,3,YFJS_5_4_7_5_5, -0.3, 29442, 100,0.007
ILS,Reduced,Best,Best,1,1,3,YFJS_5_4_7_5_6, -0.3, 37465, 100,0.007
ILS,Reduced,Best,Best,1,1,3,YFJS_5_4_7_5_7, -0.3, 25067, 100,0.003
ILS,Reduced,Best,Best,1,1,3,YFJS_5_4_7_5_8, -0.3, 29207, 100,0.011
ILS,Reduced,Best,Best,1,1,3,YFJS_5_4_7_5_9, -0.3, 27091, 100,0.052
ILS,Reduced,Best,Best,1,1,3,YFJS_6_4_7_5_0, -0.3, 32166, 100,0.209
ILS,Reduced,Best,Best,1,1,3,YFJS_6_4_7_5_1, -0.3, 28985, 100,0.103
ILS,Reduced,Best,Best,1,1,3,YFJS_6_4_7_5_2, -0.3, 35441, 100,0.047
ILS,Reduced,Best,Best,1,1,3,YFJS_6_4_7_5_3, -0.3, 27023, 100,0.016
ILS,Reduced,Best,Best,1,1,3,YFJS_6_4_7_5_4, -0.3, 32346, 100,0.074
ILS,Reduced,Best,Best,1,1,3,YFJS_6_4_7_5_5, -0.3, 43452, 100,0.086
ILS,Reduced,Best,Best,1,1,3,YFJS_6_4_7_5_6, -0.3, 31571, 100,0.013
ILS,Reduced,Best,Best,1,1,3,YFJS_6_4_7_5_7, -0.3, 30428, 100,0.001
ILS,Reduced,Best,Best,1,1,3,YFJS_6_4_7_5_8, -0.3, 32826, 100,0.06
ILS,Reduced,Best,Best,1,1,3,YFJS_6_4_7_5_9, -0.3, 29848, 100,0.18
ILS,Reduced,Best,Best,1,1,3,DA_2_5_1, -0.3, 19443, 100,0.092
ILS,Reduced,Best,Best,1,1,3,DA_2_5_10, -0.3, 18916, 100,0.003
ILS,Reduced,Best,Best,1,1,3,DA_2_5_11, -0.3, 17419, 100,0.001
ILS,Reduced,Best,Best,1,1,3,DA_2_5_12, -0.3, 18800, 100,0
ILS,Reduced,Best,Best,1,1,3,DA_2_5_13, -0.3, 17596, 100,0.203
ILS,Reduced,Best,Best,1,1,3,DA_2_5_14, -0.3, 18692, 100,0.006
ILS,Reduced,Best,Best,1,1,3,DA_2_5_15, -0.3, 24256, 100,0.011
ILS,Reduced,Best,Best,1,1,3,DA_2_5_16, -0.3, 17900, 100,0
ILS,Reduced,Best,Best,1,1,3,DA_2_5_17, -0.3, 20797, 100,0.017
ILS,Reduced,Best,Best,1,1,3,DA_2_5_18, -0.3, 17395, 100,0
ILS,Reduced,Best,Best,1,1,3,DA_2_5_19, -0.3, 25304, 100,0.003
ILS,Reduced,Best,Best,1,1,3,DA_2_5_2, -0.3, 17105, 100,0.003
ILS,Reduced,Best,Best,1,1,3,DA_2_5_20, -0.3, 14077, 100,0
ILS,Reduced,Best,Best,1,1,3,DA_2_5_3, -0.3, 20620, 100,0.003
ILS,Reduced,Best,Best,1,1,3,DA_2_5_4, -0.3, 18625, 100,0
ILS,Reduced,Best,Best,1,1,3,DA_2_5_5, -0.3, 22734, 100,0.017
ILS,Reduced,Best,Best,1,1,3,DA_2_5_6, -0.3, 18253, 100,0
ILS,Reduced,Best,Best,1,1,3,DA_2_5_7, -0.3, 16495, 100,0.001
ILS,Reduced,Best,Best,1,1,3,DA_2_5_8, -0.3, 18474, 100,0.001
ILS,Reduced,Best,Best,1,1,3,DA_2_5_9, -0.3, 18521, 100,0.054
ILS,Reduced,Best,Best,1,1,3,DAFJS_3_5_1, -0.3, 19430, 100,0.403
ILS,Reduced,Best,Best,1,1,3,DAFJS_3_5_10, -0.3, 22322, 100,0.141
ILS,Reduced,Best,Best,1,1,3,DAFJS_3_5_2, -0.3, 20932, 100,1.267
ILS,Reduced,Best,Best,1,1,3,DAFJS_3_5_3, -0.3, 20389, 100,0.069
ILS,Reduced,Best,Best,1,1,3,DAFJS_3_5_4, -0.3, 18400, 100,0.002
ILS,Reduced,Best,Best,1,1,3,DAFJS_3_5_5, -0.3, 18396, 100,0.041
ILS,Reduced,Best,Best,1,1,3,DAFJS_3_5_6, -0.3, 18501, 100,0.015
ILS,Reduced,Best,Best,1,1,3,DAFJS_3_5_7, -0.3, 18762, 100,0.041
ILS,Reduced,Best,Best,1,1,3,DAFJS_3_5_8, -0.3, 18253, 100,0
ILS,Reduced,Best,Best,1,1,3,DAFJS_3_5_9, -0.3, 19504, 100,0.781
ILS,Reduced,Best,Best,1,1,3,YFJS_4_4_7_5_0, -0.1, 35046, 100,0.001
ILS,Reduced,Best,Best,1,1,3,YFJS_4_4_7_5_1, -0.1, 24359, 100,0.004
ILS,Reduced,Best,Best,1,1,3,YFJS_4_4_7_5_2, -0.1, 47391, 100,0.028
ILS,Reduced,Best,Best,1,1,3,YFJS_4_4_7_5_3, -0.1, 25394, 100,0
ILS,Reduced,Best,Best,1,1,3,YFJS_4_4_7_5_4, -0.1, 23985, 100,0
ILS,Reduced,Best,Best,1,1,3,YFJS_4_4_7_5_5, -0.1, 29469, 100,0.006
ILS,Reduced,Best,Best,1,1,3,YFJS_4_4_7_5_6, -0.1, 45705, 100,0.048
ILS,Reduced,Best,Best,1,1,3,YFJS_4_4_7_5_7, -0.1, 33829, 100,0.035
ILS,Reduced,Best,Best,1,1,3,YFJS_4_4_7_5_8, -0.1, 37049, 100,0
ILS,Reduced,Best,Best,1,1,3,YFJS_4_4_7_5_9, -0.1, 27310, 100,0.006
ILS,Reduced,Best,Best,1,1,3,YFJS_5_4_7_5_0, -0.1, 41300, 100,0.004
ILS,Reduced,Best,Best,1,1,3,YFJS_5_4_7_5_1, -0.1, 30145, 100,0.195
ILS,Reduced,Best,Best,1,1,3,YFJS_5_4_7_5_2, -0.1, 30962, 100,0.016
ILS,Reduced,Best,Best,1,1,3,YFJS_5_4_7_5_3, -0.1, 31398, 100,0.001
ILS,Reduced,Best,Best,1,1,3,YFJS_5_4_7_5_4, -0.1, 45442, 100,0.001
ILS,Reduced,Best,Best,1,1,3,YFJS_5_4_7_5_5, -0.1, 33791, 100,0.001
ILS,Reduced,Best,Best,1,1,3,YFJS_5_4_7_5_7, -0.1, 28247, 100,0.021
ILS,Reduced,Best,Best,1,1,3,YFJS_5_4_7_5_8, -0.1, 33601, 100,0.075
ILS,Reduced,Best,Best,1,1,3,YFJS_5_4_7_5_6, -0.1, 42838, 100,0.049
ILS,Reduced,Best,Best,1,1,3,YFJS_5_4_7_5_9, -0.1, 30837, 100,0
ILS,Reduced,Best,Best,1,1,3,YFJS_6_4_7_5_0, -0.1, 37096, 100,0.392
ILS,Reduced,Best,Best,1,1,3,YFJS_6_4_7_5_1, -0.1, 34282, 100,0.005
ILS,Reduced,Best,Best,1,1,3,YFJS_6_4_7_5_2, -0.1, 42079, 100,0.011
ILS,Reduced,Best,Best,1,1,3,YFJS_6_4_7_5_3, -0.1, 30905, 100,0.003
ILS,Reduced,Best,Best,1,1,3,YFJS_6_4_7_5_4, -0.1, 36170, 100,0.047
ILS,Reduced,Best,Best,1,1,3,YFJS_6_4_7_5_5, -0.1, 51466, 100,0.008
ILS,Reduced,Best,Best,1,1,3,YFJS_6_4_7_5_6, -0.1, 36719, 100,0.013
ILS,Reduced,Best,Best,1,1,3,YFJS_6_4_7_5_7, -0.1, 34509, 100,0.006
ILS,Reduced,Best,Best,1,1,3,YFJS_6_4_7_5_8, -0.1, 39798, 100,0.047
ILS,Reduced,Best,Best,1,1,3,YFJS_6_4_7_5_9, -0.1, 33974, 100,0.055
ILS,Reduced,Best,Best,1,1,3,DA_2_5_1, -0.1, 22875, 100,0.013
ILS,Reduced,Best,Best,1,1,3,DA_2_5_10, -0.1, 22708, 100,0
ILS,Reduced,Best,Best,1,1,3,DA_2_5_11, -0.1, 18363, 100,0
ILS,Reduced,Best,Best,1,1,3,DA_2_5_12, -0.1, 20498, 100,0.001
ILS,Reduced,Best,Best,1,1,3,DA_2_5_13, -0.1, 20593, 100,0.008
ILS,Reduced,Best,Best,1,1,3,DA_2_5_14, -0.1, 22867, 100,0.009
ILS,Reduced,Best,Best,1,1,3,DA_2_5_15, -0.1, 25715, 100,0.008
ILS,Reduced,Best,Best,1,1,3,DA_2_5_16, -0.1, 19878, 100,0
ILS,Reduced,Best,Best,1,1,3,DA_2_5_17, -0.1, 24267, 100,0.085
ILS,Reduced,Best,Best,1,1,3,DA_2_5_18, -0.1, 20336, 100,0.001
ILS,Reduced,Best,Best,1,1,3,DA_2_5_19, -0.1, 29968, 100,0.038
ILS,Reduced,Best,Best,1,1,3,DA_2_5_2, -0.1, 18670, 100,0.011
ILS,Reduced,Best,Best,1,1,3,DA_2_5_20, -0.1, 16313, 100,0
ILS,Reduced,Best,Best,1,1,3,DA_2_5_3, -0.1, 23140, 100,0.011
ILS,Reduced,Best,Best,1,1,3,DA_2_5_4, -0.1, 21715, 100,0
ILS,Reduced,Best,Best,1,1,3,DA_2_5_5, -0.1, 25426, 100,0.002
ILS,Reduced,Best,Best,1,1,3,DA_2_5_6, -0.1, 20155, 100,0
ILS,Reduced,Best,Best,1,1,3,DA_2_5_7, -0.1, 18135, 100,0.002
ILS,Reduced,Best,Best,1,1,3,DA_2_5_8, -0.1, 20945, 100,0.002
ILS,Reduced,Best,Best,1,1,3,DAFJS_3_5_1, -0.1, 23344, 100,0.046
ILS,Reduced,Best,Best,1,1,3,DA_2_5_9, -0.1, 21838, 100.001,0.038
ILS,Reduced,Best,Best,1,1,3,DAFJS_3_5_10, -0.1, 25923, 100,0
ILS,Reduced,Best,Best,1,1,3,DAFJS_3_5_2, -0.1, 24038, 100,0.442
ILS,Reduced,Best,Best,1,1,3,DAFJS_3_5_3, -0.1, 24579, 100,0.023
ILS,Reduced,Best,Best,1,1,3,DAFJS_3_5_4, -0.1, 21143, 100,0.005
ILS,Reduced,Best,Best,1,1,3,DAFJS_3_5_5, -0.1, 21120, 100,0.125
ILS,Reduced,Best,Best,1,1,3,DAFJS_3_5_6, -0.1, 22050, 100,0.044
ILS,Reduced,Best,Best,1,1,3,DAFJS_3_5_7, -0.1, 22708, 100,0.027
ILS,Reduced,Best,Best,1,1,3,DAFJS_3_5_8, -0.1, 20278, 100,0.016
ILS,Reduced,Best,Best,1,1,3,DAFJS_3_5_9, -0.1, 23558, 100,0.121
ILS,Reduced,Best,Best,1,1,3,YFJS_4_4_7_5_0, -0.2, 33132, 100,0.002
ILS,Reduced,Best,Best,1,1,3,YFJS_4_4_7_5_1, -0.2, 23100, 100,0.003
ILS,Reduced,Best,Best,1,1,3,YFJS_4_4_7_5_2, -0.2, 42896, 100,0.009
ILS,Reduced,Best,Best,1,1,3,YFJS_4_4_7_5_3, -0.2, 24485, 100,0
ILS,Reduced,Best,Best,1,1,3,YFJS_4_4_7_5_4, -0.2, 23597, 100,0
ILS,Reduced,Best,Best,1,1,3,YFJS_4_4_7_5_5, -0.2, 28655, 100,0.002
ILS,Reduced,Best,Best,1,1,3,YFJS_4_4_7_5_6, -0.2, 42239, 100,0.099
ILS,Reduced,Best,Best,1,1,3,YFJS_4_4_7_5_7, -0.2, 31471, 100,0.509
ILS,Reduced,Best,Best,1,1,3,YFJS_4_4_7_5_8, -0.2, 35250, 100,0.012
ILS,Reduced,Best,Best,1,1,3,YFJS_4_4_7_5_9, -0.2, 26145, 100,0.005
ILS,Reduced,Best,Best,1,1,3,YFJS_5_4_7_5_0, -0.2, 38545, 100,0.038
ILS,Reduced,Best,Best,1,1,3,YFJS_5_4_7_5_1, -0.2, 27895, 100,0.038
ILS,Reduced,Best,Best,1,1,3,YFJS_5_4_7_5_2, -0.2, 28120, 100,0.006
ILS,Reduced,Best,Best,1,1,3,YFJS_5_4_7_5_3, -0.2, 29682, 100,0
ILS,Reduced,Best,Best,1,1,3,YFJS_5_4_7_5_4, -0.2, 41619, 100,0.006
ILS,Reduced,Best,Best,1,1,3,YFJS_5_4_7_5_5, -0.2, 31280, 100,0.002
ILS,Reduced,Best,Best,1,1,3,YFJS_5_4_7_5_6, -0.2, 40388, 100,0.006
ILS,Reduced,Best,Best,1,1,3,YFJS_5_4_7_5_7, -0.2, 26297, 100,0.006
ILS,Reduced,Best,Best,1,1,3,YFJS_5_4_7_5_8, -0.2, 30717, 100,0.05
ILS,Reduced,Best,Best,1,1,3,YFJS_5_4_7_5_9, -0.2, 28832, 100,0.045
ILS,Reduced,Best,Best,1,1,3,YFJS_6_4_7_5_0, -0.2, 34811, 100,0.229
ILS,Reduced,Best,Best,1,1,3,YFJS_6_4_7_5_1, -0.2, 31702, 100,0.006
ILS,Reduced,Best,Best,1,1,3,YFJS_6_4_7_5_2, -0.2, 38639, 100,0.007
ILS,Reduced,Best,Best,1,1,3,YFJS_6_4_7_5_3, -0.2, 28884, 100,0.025
ILS,Reduced,Best,Best,1,1,3,YFJS_6_4_7_5_4, -0.2, 34231, 100,0.018
ILS,Reduced,Best,Best,1,1,3,YFJS_6_4_7_5_5, -0.2, 47519, 100,0.007
ILS,Reduced,Best,Best,1,1,3,YFJS_6_4_7_5_6, -0.2, 34042, 100,0.103
ILS,Reduced,Best,Best,1,1,3,YFJS_6_4_7_5_7, -0.2, 32080, 100,0.051
ILS,Reduced,Best,Best,1,1,3,YFJS_6_4_7_5_8, -0.2, 36093, 100,0.168
ILS,Reduced,Best,Best,1,1,3,YFJS_6_4_7_5_9, -0.2, 31888, 100,0.153
ILS,Reduced,Best,Best,1,1,3,DA_2_5_1, -0.2, 21327, 100,0.005
ILS,Reduced,Best,Best,1,1,3,DA_2_5_10, -0.2, 20635, 100,0.002
ILS,Reduced,Best,Best,1,1,3,DA_2_5_11, -0.2, 17972, 100,0
ILS,Reduced,Best,Best,1,1,3,DA_2_5_12, -0.2, 19602, 100,0.001
ILS,Reduced,Best,Best,1,1,3,DA_2_5_13, -0.2, 18803, 100,0.002
ILS,Reduced,Best,Best,1,1,3,DA_2_5_15, -0.2, 24715, 100,0
ILS,Reduced,Best,Best,1,1,3,DA_2_5_16, -0.2, 18857, 100,0
ILS,Reduced,Best,Best,1,1,3,DA_2_5_17, -0.2, 22660, 100,0.054
ILS,Reduced,Best,Best,1,1,3,DA_2_5_14, -0.2, 20568, 100,0.035
ILS,Reduced,Best,Best,1,1,3,DA_2_5_18, -0.2, 18823, 100,0
ILS,Reduced,Best,Best,1,1,3,DA_2_5_19, -0.2, 27455, 100,0.001
ILS,Reduced,Best,Best,1,1,3,DA_2_5_20, -0.2, 15143, 100,0
ILS,Reduced,Best,Best,1,1,3,DA_2_5_2, -0.2, 17874, 100,0.006
ILS,Reduced,Best,Best,1,1,3,DA_2_5_3, -0.2, 21817, 100,0.003
ILS,Reduced,Best,Best,1,1,3,DA_2_5_4, -0.2, 20236, 100,0.004
ILS,Reduced,Best,Best,1,1,3,DA_2_5_5, -0.2, 24114, 100,0
ILS,Reduced,Best,Best,1,1,3,DA_2_5_6, -0.2, 19145, 100,0
ILS,Reduced,Best,Best,1,1,3,DA_2_5_7, -0.2, 17270, 100,0.001
ILS,Reduced,Best,Best,1,1,3,DA_2_5_8, -0.2, 19642, 100,0
ILS,Reduced,Best,Best,1,1,3,DA_2_5_9, -0.2, 20086, 100,0.031
ILS,Reduced,Best,Best,1,1,3,DAFJS_3_5_1, -0.2, 21352, 100,2.371
ILS,Reduced,Best,Best,1,1,3,DAFJS_3_5_10, -0.2, 23852, 100,0
ILS,Reduced,Best,Best,1,1,3,DAFJS_3_5_3, -0.2, 22521, 100,0.135
ILS,Reduced,Best,Best,1,1,3,DAFJS_3_5_2, -0.2, 22390, 100,1.125
ILS,Reduced,Best,Best,1,1,3,DAFJS_3_5_4, -0.2, 19809, 100,0.023
ILS,Reduced,Best,Best,1,1,3,DAFJS_3_5_5, -0.2, 19724, 100,0.176
ILS,Reduced,Best,Best,1,1,3,DAFJS_3_5_6, -0.2, 20245, 100,0.079
ILS,Reduced,Best,Best,1,1,3,DAFJS_3_5_7, -0.2, 20635, 100,0.072
ILS,Reduced,Best,Best,1,1,3,DAFJS_3_5_8, -0.2, 19201, 100,0.002
ILS,Reduced,Best,Best,1,1,3,DAFJS_3_5_9, -0.2, 21552, 100,0.079
ILS,Reduced,Best,Best,1,1,3,YFJS_4_4_7_5_0, -0.3, 31008, 100,0.001
ILS,Reduced,Best,Best,1,1,3,YFJS_4_4_7_5_1, -0.3, 22010, 100,0.001
ILS,Reduced,Best,Best,1,1,3,YFJS_4_4_7_5_2, -0.3, 38935, 100,0.002
ILS,Reduced,Best,Best,1,1,3,YFJS_4_4_7_5_3, -0.3, 23774, 100,0
ILS,Reduced,Best,Best,1,1,3,YFJS_4_4_7_5_4, -0.3, 22843, 100,0.002
ILS,Reduced,Best,Best,1,1,3,YFJS_4_4_7_5_5, -0.3, 27366, 100,0
ILS,Reduced,Best,Best,1,1,3,YFJS_4_4_7_5_6, -0.3, 38932, 100,0.008
ILS,Reduced,Best,Best,1,1,3,YFJS_4_4_7_5_7, -0.3, 29464, 100,0.064
ILS,Reduced,Best,Best,1,1,3,YFJS_4_4_7_5_8, -0.3, 33763, 100,0.003
ILS,Reduced,Best,Best,1,1,3,YFJS_4_4_7_5_9, -0.3, 25072, 100,0.047
ILS,Reduced,Best,Best,1,1,3,YFJS_5_4_7_5_0, -0.3, 36307, 100,0.034
ILS,Reduced,Best,Best,1,1,3,YFJS_5_4_7_5_1, -0.3, 26219, 100,0.003
ILS,Reduced,Best,Best,1,1,3,YFJS_5_4_7_5_2, -0.3, 25619, 100,0.017
ILS,Reduced,Best,Best,1,1,3,YFJS_5_4_7_5_3, -0.3, 27428, 100,0.049
ILS,Reduced,Best,Best,1,1,3,YFJS_5_4_7_5_4, -0.3, 38256, 100,0.059
ILS,Reduced,Best,Best,1,1,3,YFJS_5_4_7_5_5, -0.3, 29442, 100,0.011
ILS,Reduced,Best,Best,1,1,3,YFJS_5_4_7_5_6, -0.3, 37465, 100,0.022
ILS,Reduced,Best,Best,1,1,3,YFJS_5_4_7_5_7, -0.3, 25067, 100,0.003
ILS,Reduced,Best,Best,1,1,3,YFJS_5_4_7_5_8, -0.3, 29207, 100,0.031
ILS,Reduced,Best,Best,1,1,3,YFJS_5_4_7_5_9, -0.3, 27091, 100,0.005
ILS,Reduced,Best,Best,1,1,3,YFJS_6_4_7_5_0, -0.3, 32166, 100,0.12
ILS,Reduced,Best,Best,1,1,3,YFJS_6_4_7_5_1, -0.3, 28985, 100,0.104
ILS,Reduced,Best,Best,1,1,3,YFJS_6_4_7_5_2, -0.3, 35441, 100,0.033
ILS,Reduced,Best,Best,1,1,3,YFJS_6_4_7_5_3, -0.3, 27023, 100,0.004
ILS,Reduced,Best,Best,1,1,3,YFJS_6_4_7_5_4, -0.3, 32346, 100,0.049
ILS,Reduced,Best,Best,1,1,3,YFJS_6_4_7_5_5, -0.3, 43452, 100,0.001
ILS,Reduced,Best,Best,1,1,3,YFJS_6_4_7_5_6, -0.3, 31571, 100,0.01
ILS,Reduced,Best,Best,1,1,3,YFJS_6_4_7_5_7, -0.3, 30428, 100,0.048
ILS,Reduced,Best,Best,1,1,3,YFJS_6_4_7_5_8, -0.3, 32826, 100,1.311
ILS,Reduced,Best,Best,1,1,3,YFJS_6_4_7_5_9, -0.3, 29848, 100,0.033
ILS,Reduced,Best,Best,1,1,3,DA_2_5_1, -0.3, 19443, 100,0.016
ILS,Reduced,Best,Best,1,1,3,DA_2_5_10, -0.3, 18916, 100,0.006
ILS,Reduced,Best,Best,1,1,3,DA_2_5_11, -0.3, 17419, 100,0.002
ILS,Reduced,Best,Best,1,1,3,DA_2_5_12, -0.3, 18800, 100,0.002
ILS,Reduced,Best,Best,1,1,3,DA_2_5_13, -0.3, 17596, 100,0.003
ILS,Reduced,Best,Best,1,1,3,DA_2_5_14, -0.3, 18692, 100,0.002
ILS,Reduced,Best,Best,1,1,3,DA_2_5_15, -0.3, 24256, 100,0
ILS,Reduced,Best,Best,1,1,3,DA_2_5_16, -0.3, 17900, 100,0
ILS,Reduced,Best,Best,1,1,3,DA_2_5_17, -0.3, 20797, 100,0.084
ILS,Reduced,Best,Best,1,1,3,DA_2_5_18, -0.3, 17395, 100,0.001
ILS,Reduced,Best,Best,1,1,3,DA_2_5_19, -0.3, 25304, 100,0.006
ILS,Reduced,Best,Best,1,1,3,DA_2_5_2, -0.3, 17105, 100,0.008
ILS,Reduced,Best,Best,1,1,3,DA_2_5_20, -0.3, 14077, 100,0.001
ILS,Reduced,Best,Best,1,1,3,DA_2_5_3, -0.3, 20620, 100,0
ILS,Reduced,Best,Best,1,1,3,DA_2_5_4, -0.3, 18625, 100,0
ILS,Reduced,Best,Best,1,1,3,DA_2_5_5, -0.3, 22734, 100,0.005
ILS,Reduced,Best,Best,1,1,3,DA_2_5_6, -0.3, 18253, 100,0
ILS,Reduced,Best,Best,1,1,3,DA_2_5_7, -0.3, 16495, 100,0
ILS,Reduced,Best,Best,1,1,3,DA_2_5_8, -0.3, 18474, 100,0.001
ILS,Reduced,Best,Best,1,1,3,DA_2_5_9, -0.3, 18521, 100,0.041
ILS,Reduced,Best,Best,1,1,3,DAFJS_3_5_1, -0.3, 19430, 100,0.246
ILS,Reduced,Best,Best,1,1,3,DAFJS_3_5_10, -0.3, 22322, 100,0.159
ILS,Reduced,Best,Best,1,1,3,DAFJS_3_5_2, -0.3, 20932, 100,1.253
ILS,Reduced,Best,Best,1,1,3,DAFJS_3_5_3, -0.3, 20389, 100,0.009
ILS,Reduced,Best,Best,1,1,3,DAFJS_3_5_4, -0.3, 18400, 100,0.001
ILS,Reduced,Best,Best,1,1,3,DAFJS_3_5_5, -0.3, 18396, 100,0.002
ILS,Reduced,Best,Best,1,1,3,DAFJS_3_5_6, -0.3, 18501, 100,0.069
ILS,Reduced,Best,Best,1,1,3,DAFJS_3_5_7, -0.3, 18762, 100,0.027
ILS,Reduced,Best,Best,1,1,3,DAFJS_3_5_8, -0.3, 18253, 100,0.003
ILS,Reduced,Best,Best,1,1,3,DAFJS_3_5_9, -0.3, 19504, 100,0.091
