None,Reduced,First,Best,YFJS_4_4_7_5_0,-0.1,35243,0,0,1,33
None,Reduced,Best,Best,YFJS_4_4_7_5_0,-0.1,35243,0,0,1,33
None,Reduced,First,Best,YFJS_4_4_7_5_1,-0.1,28688,0,0,1,10
None,Reduced,Best,Best,YFJS_4_4_7_5_1,-0.1,28688,0,0,1,10
None,Reduced,Best,Best,YFJS_4_4_7_5_2,-0.1,53381,0,0,2,42
None,Reduced,First,Best,YFJS_4_4_7_5_2,-0.1,48141,0,0,3,45
None,Reduced,First,Best,YFJS_4_4_7_5_3,-0.1,25394,0,0,1,31
None,Reduced,Best,Best,YFJS_4_4_7_5_3,-0.1,25394,0,0,1,31
None,Reduced,First,Best,YFJS_4_4_7_5_4,-0.1,26371,0,0,2,35
None,Reduced,Best,Best,YFJS_4_4_7_5_4,-0.1,26371,0,0,2,55
None,Reduced,Best,Best,YFJS_4_4_7_5_5,-0.1,30952,0,0,1,29
None,Reduced,First,Best,YFJS_4_4_7_5_5,-0.1,30952,0,0,1,29
None,Reduced,First,Best,YFJS_4_4_7_5_6,-0.1,46782,0,0,2,38
None,Reduced,Best,Best,YFJS_4_4_7_5_6,-0.1,46782,0,0,2,66
None,Reduced,First,Best,YFJS_4_4_7_5_7,-0.1,33954,0,0,2,23
None,Reduced,Best,Best,YFJS_4_4_7_5_7,-0.1,33954,0,0,2,51
None,Reduced,First,Best,YFJS_4_4_7_5_8,-0.1,37049,0,0,2,30
None,Reduced,Best,Best,YFJS_4_4_7_5_8,-0.1,37049,0,0,2,54
None,Reduced,First,Best,YFJS_4_4_7_5_9,-0.1,29416,0,0,6,87
None,Reduced,Best,Best,YFJS_4_4_7_5_9,-0.1,29416,0,0,5,145
None,Reduced,First,Best,YFJS_5_4_7_5_0,-0.1,51212,0,0,1,44
None,Reduced,Best,Best,YFJS_5_4_7_5_0,-0.1,51212,0,0,1,44
None,Reduced,First,Best,YFJS_5_4_7_5_1,-0.1,36343,0,0,4,85
None,Reduced,Best,Best,YFJS_5_4_7_5_1,-0.1,36343,0,0,4,138
None,Reduced,First,Best,YFJS_5_4_7_5_2,-0.1,32915,0,0,7,136
None,Reduced,Best,Best,YFJS_5_4_7_5_2,-0.1,32915,0,0,5,235
None,Reduced,First,Best,YFJS_5_4_7_5_3,-0.1,31826,0,0,7,72
None,Reduced,Best,Best,YFJS_5_4_7_5_3,-0.1,31826,0,0,6,196
None,Reduced,First,Best,YFJS_5_4_7_5_4,-0.1,45901,0,0,4,48
None,Reduced,Best,Best,YFJS_5_4_7_5_4,-0.1,45597,0,0,3,84
None,Reduced,First,Best,YFJS_5_4_7_5_5,-0.1,33965,0,0,3,87
None,Reduced,Best,Best,YFJS_5_4_7_5_5,-0.1,33965,0,0,3,157
None,Reduced,Best,Best,YFJS_5_4_7_5_6,-0.1,44181,0,0,5,121
None,Reduced,First,Best,YFJS_5_4_7_5_6,-0.1,44181,0,0,5,54
None,Reduced,First,Best,YFJS_5_4_7_5_7,-0.1,34133,0,0,4,86
None,Reduced,Best,Best,YFJS_5_4_7_5_7,-0.1,34133,0,0,3,105
None,Reduced,First,Best,YFJS_5_4_7_5_8,-0.1,39165,0,0,4,31
None,Reduced,Best,Best,YFJS_5_4_7_5_8,-0.1,39165,0,0,3,108
None,Reduced,First,Best,YFJS_5_4_7_5_9,-0.1,36071,0,0,9,75
None,Reduced,Best,Best,YFJS_5_4_7_5_9,-0.1,30837,0,0,6,232
None,Reduced,First,Best,YFJS_6_4_7_5_0,-0.1,40994,0,0,7,185
None,Reduced,Best,Best,YFJS_6_4_7_5_0,-0.1,40523,0,0,6,368
None,Reduced,First,Best,YFJS_6_4_7_5_1,-0.1,35319,0,0,7,122
None,Reduced,Best,Best,YFJS_6_4_7_5_1,-0.1,35019,0,0,4,165
None,Reduced,First,Best,YFJS_6_4_7_5_2,-0.1,45713,0,0,9,225
None,Reduced,Best,Best,YFJS_6_4_7_5_2,-0.1,45725,0,0,4,233
None,Reduced,First,Best,YFJS_6_4_7_5_3,-0.1,40291,0,0,6,163
None,Reduced,Best,Best,YFJS_6_4_7_5_3,-0.1,40291,0,0,5,252
None,Reduced,First,Best,YFJS_6_4_7_5_4,-0.1,43592,0,0,3,116
None,Reduced,Best,Best,YFJS_6_4_7_5_4,-0.1,43592,0,0,3,180
None,Reduced,First,Best,YFJS_6_4_7_5_5,-0.1,54739,0,0,2,53
None,Reduced,Best,Best,YFJS_6_4_7_5_5,-0.1,54739,0,0,2,106
None,Reduced,First,Best,YFJS_6_4_7_5_6,-0.1,36899,0,0,6,164
None,Reduced,Best,Best,YFJS_6_4_7_5_6,-0.1,36765,0,0,4,263
None,Reduced,First,Best,YFJS_6_4_7_5_7,-0.1,41951,0,0,2,55
None,Reduced,Best,Best,YFJS_6_4_7_5_7,-0.1,41951,0,0,2,110
None,Reduced,First,Best,YFJS_6_4_7_5_8,-0.1,44930,0,0,9,107
None,Reduced,Best,Best,YFJS_6_4_7_5_8,-0.1,44930,0,0,5,226
None,Reduced,First,Best,YFJS_6_4_7_5_9,-0.1,44038,0,0,3,50
None,Reduced,Best,Best,YFJS_6_4_7_5_9,-0.1,44038,0,0,3,78
None,Reduced,First,Best,DA_2_5_1,-0.1,23264,0,0,1,26
None,Reduced,Best,Best,DA_2_5_1,-0.1,23264,0,0,1,26
None,Reduced,Best,Best,DA_2_5_10,-0.1,23242,0,0,1,21
None,Reduced,First,Best,DA_2_5_10,-0.1,23242,0,0,1,21
None,Reduced,Best,Best,DA_2_5_11,-0.1,18363,0,0,1,8
None,Reduced,First,Best,DA_2_5_11,-0.1,18363,0,0,1,8
None,Reduced,First,Best,DA_2_5_12,-0.1,21690,0,0,1,19
None,Reduced,Best,Best,DA_2_5_12,-0.1,21690,0,0,1,19
None,Reduced,Best,Best,DA_2_5_13,-0.1,22598,0,0,1,24
None,Reduced,First,Best,DA_2_5_13,-0.1,22598,0,0,1,24
None,Reduced,Best,Best,DA_2_5_14,-0.1,23370,0,0,1,44
None,Reduced,First,Best,DA_2_5_14,-0.1,23370,0,0,1,44
None,Reduced,First,Best,DA_2_5_15,-0.1,28644,0,0,1,32
None,Reduced,Best,Best,DA_2_5_15,-0.1,28644,0,0,1,32
None,Reduced,First,Best,DA_2_5_16,-0.1,19878,0,0,1,12
None,Reduced,Best,Best,DA_2_5_16,-0.1,19878,0,0,1,12
None,Reduced,First,Best,DA_2_5_17,-0.1,25425,0,0,1,46
None,Reduced,Best,Best,DA_2_5_17,-0.1,25425,0,0,1,46
None,Reduced,First,Best,DA_2_5_18,-0.1,21563,0,0,1,23
None,Reduced,Best,Best,DA_2_5_18,-0.1,21563,0,0,1,23
None,Reduced,First,Best,DA_2_5_19,-0.1,33689,0,0,2,44
None,Reduced,Best,Best,DA_2_5_19,-0.1,33689,0,0,2,63
None,Reduced,Best,Best,DA_2_5_2,-0.1,20342,0,0,1,26
None,Reduced,First,Best,DA_2_5_2,-0.1,20342,0,0,1,26
None,Reduced,Best,Best,DA_2_5_20,-0.1,17091,0,0,2,36
None,Reduced,First,Best,DA_2_5_20,-0.1,17091,0,0,2,23
None,Reduced,First,Best,DA_2_5_3,-0.1,23248,0,0,4,106
None,Reduced,Best,Best,DA_2_5_3,-0.1,23248,0,0,4,141
None,Reduced,First,Best,DA_2_5_4,-0.1,22472,0,0,1,24
None,Reduced,Best,Best,DA_2_5_4,-0.1,22472,0,0,1,24
None,Reduced,First,Best,DA_2_5_5,-0.1,25691,0,0,1,33
None,Reduced,Best,Best,DA_2_5_5,-0.1,25691,0,0,1,33
None,Reduced,Best,Best,DA_2_5_6,-0.1,21070,0,0,1,24
None,Reduced,First,Best,DA_2_5_6,-0.1,21070,0,0,1,24
None,Reduced,First,Best,DA_2_5_7,-0.1,18512,0,0,3,27
None,Reduced,Best,Best,DA_2_5_7,-0.1,18445,0,0,2,49
None,Reduced,First,Best,DA_2_5_8,-0.1,21293,0,0,1,22
None,Reduced,Best,Best,DA_2_5_8,-0.1,21293,0,0,1,22
None,Reduced,First,Best,DA_2_5_9,-0.1,23443,0,0,2,40
None,Reduced,Best,Best,DA_2_5_9,-0.1,23443,0,0,2,49
None,Reduced,First,Best,DAFJS_3_5_1,-0.1,24404,0,0,3,56
None,Reduced,First,Best,DAFJS_3_5_10,-0.1,25923,0,0,4,116
None,Reduced,Best,Best,DAFJS_3_5_1,-0.1,24404,0,0,3,152
None,Reduced,Best,Best,DAFJS_3_5_10,-0.1,25923,0,0,3,95
None,Reduced,First,Best,DAFJS_3_5_2,-0.1,25839,0,0,2,92
None,Reduced,First,Best,DAFJS_3_5_3,-0.1,26932,0,0,1,43
None,Reduced,Best,Best,DAFJS_3_5_2,-0.1,25839,0,0,2,124
None,Reduced,Best,Best,DAFJS_3_5_3,-0.1,26932,0,0,1,43
None,Reduced,First,Best,DAFJS_3_5_4,-0.1,23370,0,0,1,36
None,Reduced,Best,Best,DAFJS_3_5_4,-0.1,23370,0,0,1,36
None,Reduced,Best,Best,DAFJS_3_5_5,-0.1,22306,0,0,3,131
None,Reduced,First,Best,DAFJS_3_5_5,-0.1,22306,0,0,6,158
None,Reduced,First,Best,DAFJS_3_5_6,-0.1,27086,0,0,3,100
None,Reduced,Best,Best,DAFJS_3_5_6,-0.1,27086,0,0,3,163
None,Reduced,First,Best,DAFJS_3_5_7,-0.1,23841,0,0,10,187
None,Reduced,Best,Best,DAFJS_3_5_7,-0.1,23841,0,0,6,235
None,Reduced,First,Best,DAFJS_3_5_8,-0.1,21151,0,0,1,23
None,Reduced,Best,Best,DAFJS_3_5_8,-0.1,21151,0,0,1,23
None,Reduced,First,Best,DAFJS_3_5_9,-0.1,26428,0,0,2,101
None,Reduced,Best,Best,DAFJS_3_5_9,-0.1,26428,0,0,2,113
None,Reduced,First,Best,YFJS_4_4_7_5_0,-0.2,34443,0,0,1,26
None,Reduced,Best,Best,YFJS_4_4_7_5_0,-0.2,34443,0,0,1,26
None,Reduced,First,Best,YFJS_4_4_7_5_1,-0.2,27557,0,0,1,10
None,Reduced,Best,Best,YFJS_4_4_7_5_1,-0.2,27557,0,0,1,10
None,Reduced,First,Best,YFJS_4_4_7_5_2,-0.2,44195,0,0,3,45
None,Reduced,Best,Best,YFJS_4_4_7_5_2,-0.2,49111,0,0,2,42
None,Reduced,First,Best,YFJS_4_4_7_5_3,-0.2,24669,0,0,1,31
None,Reduced,Best,Best,YFJS_4_4_7_5_3,-0.2,24669,0,0,1,31
None,Reduced,First,Best,YFJS_4_4_7_5_4,-0.2,25635,0,0,3,42
None,Reduced,Best,Best,YFJS_4_4_7_5_4,-0.2,25635,0,0,3,68
None,Reduced,First,Best,YFJS_4_4_7_5_5,-0.2,29080,0,0,1,29
None,Reduced,Best,Best,YFJS_4_4_7_5_5,-0.2,29080,0,0,1,29
None,Reduced,First,Best,YFJS_4_4_7_5_6,-0.2,43886,0,0,3,49
None,Reduced,Best,Best,YFJS_4_4_7_5_6,-0.2,44137,0,0,2,63
None,Reduced,First,Best,YFJS_4_4_7_5_7,-0.2,31992,0,0,2,23
None,Reduced,Best,Best,YFJS_4_4_7_5_7,-0.2,31992,0,0,2,51
None,Reduced,First,Best,YFJS_4_4_7_5_8,-0.2,36098,0,0,2,18
None,Reduced,Best,Best,YFJS_4_4_7_5_8,-0.2,36098,0,0,2,38
None,Reduced,First,Best,YFJS_4_4_7_5_9,-0.2,30290,0,0,3,75
None,Reduced,Best,Best,YFJS_4_4_7_5_9,-0.2,27604,0,0,4,164
None,Reduced,First,Best,YFJS_5_4_7_5_0,-0.2,47079,0,0,1,44
None,Reduced,Best,Best,YFJS_5_4_7_5_0,-0.2,47079,0,0,1,44
None,Reduced,First,Best,YFJS_5_4_7_5_1,-0.2,33404,0,0,5,107
None,Reduced,Best,Best,YFJS_5_4_7_5_1,-0.2,33404,0,0,5,204
None,Reduced,First,Best,YFJS_5_4_7_5_2,-0.2,30219,0,0,5,63
None,Reduced,Best,Best,YFJS_5_4_7_5_2,-0.2,30219,0,0,4,166
None,Reduced,First,Best,YFJS_5_4_7_5_3,-0.2,31284,0,0,4,55
None,Reduced,Best,Best,YFJS_5_4_7_5_3,-0.2,31284,0,0,4,117
None,Reduced,First,Best,YFJS_5_4_7_5_4,-0.2,42828,0,0,4,44
None,Reduced,Best,Best,YFJS_5_4_7_5_4,-0.2,42306,0,0,3,75
None,Reduced,Best,Best,YFJS_5_4_7_5_5,-0.2,32481,0,0,3,117
None,Reduced,First,Best,YFJS_5_4_7_5_5,-0.2,32481,0,0,3,59
None,Reduced,First,Best,YFJS_5_4_7_5_6,-0.2,41316,0,0,5,54
None,Reduced,Best,Best,YFJS_5_4_7_5_6,-0.2,41316,0,0,5,121
None,Reduced,Best,Best,YFJS_5_4_7_5_7,-0.2,29883,0,0,2,56
None,Reduced,First,Best,YFJS_5_4_7_5_7,-0.2,29883,0,0,3,64
None,Reduced,First,Best,YFJS_5_4_7_5_8,-0.2,33965,0,0,6,82
None,Reduced,Best,Best,YFJS_5_4_7_5_8,-0.2,33965,0,0,6,207
None,Reduced,First,Best,YFJS_5_4_7_5_9,-0.2,35100,0,0,4,64
None,Reduced,Best,Best,YFJS_5_4_7_5_9,-0.2,31304,0,0,6,288
None,Reduced,First,Best,YFJS_6_4_7_5_0,-0.2,37414,0,0,5,112
None,Reduced,Best,Best,YFJS_6_4_7_5_0,-0.2,35570,0,0,9,510
None,Reduced,First,Best,YFJS_6_4_7_5_1,-0.2,32485,0,0,1,27
None,Reduced,Best,Best,YFJS_6_4_7_5_1,-0.2,32485,0,0,1,27
None,Reduced,First,Best,YFJS_6_4_7_5_2,-0.2,42016,0,0,3,44
None,Reduced,Best,Best,YFJS_6_4_7_5_2,-0.2,42446,0,0,2,92
None,Reduced,First,Best,YFJS_6_4_7_5_3,-0.2,38144,0,0,2,30
None,Reduced,Best,Best,YFJS_6_4_7_5_3,-0.2,38144,0,0,2,82
None,Reduced,First,Best,YFJS_6_4_7_5_4,-0.2,40933,0,0,1,66
None,Reduced,Best,Best,YFJS_6_4_7_5_4,-0.2,40933,0,0,1,66
None,Reduced,Best,Best,YFJS_6_4_7_5_5,-0.2,49412,0,0,1,48
None,Reduced,First,Best,YFJS_6_4_7_5_5,-0.2,49412,0,0,1,48
None,Reduced,First,Best,YFJS_6_4_7_5_6,-0.2,34359,0,0,7,181
None,Reduced,Best,Best,YFJS_6_4_7_5_6,-0.2,34125,0,0,4,257
None,Reduced,First,Best,YFJS_6_4_7_5_7,-0.2,38640,0,0,2,55
None,Reduced,Best,Best,YFJS_6_4_7_5_7,-0.2,38640,0,0,2,110
None,Reduced,First,Best,YFJS_6_4_7_5_8,-0.2,38993,0,0,3,79
None,Reduced,Best,Best,YFJS_6_4_7_5_8,-0.2,38993,0,0,3,175
None,Reduced,First,Best,YFJS_6_4_7_5_9,-0.2,41290,0,0,3,50
None,Reduced,Best,Best,YFJS_6_4_7_5_9,-0.2,41290,0,0,3,78
None,Reduced,First,Best,DA_2_5_1,-0.2,22099,0,0,3,29
None,Reduced,Best,Best,DA_2_5_1,-0.2,21588,0,0,3,105
None,Reduced,First,Best,DA_2_5_10,-0.2,22161,0,0,1,21
None,Reduced,Best,Best,DA_2_5_10,-0.2,22161,0,0,1,21
None,Reduced,First,Best,DA_2_5_11,-0.2,17972,0,0,1,11
None,Reduced,Best,Best,DA_2_5_11,-0.2,17972,0,0,1,11
None,Reduced,First,Best,DA_2_5_12,-0.2,20757,0,0,2,28
None,Reduced,Best,Best,DA_2_5_12,-0.2,20691,0,0,2,47
None,Reduced,Best,Best,DA_2_5_13,-0.2,20826,0,0,1,24
None,Reduced,First,Best,DA_2_5_13,-0.2,20826,0,0,1,24
None,Reduced,First,Best,DA_2_5_14,-0.2,20783,0,0,2,66
None,Reduced,Best,Best,DA_2_5_14,-0.2,20783,0,0,2,79
None,Reduced,First,Best,DA_2_5_15,-0.2,25088,0,0,1,24
None,Reduced,Best,Best,DA_2_5_15,-0.2,25088,0,0,1,24
None,Reduced,First,Best,DA_2_5_16,-0.2,18857,0,0,1,12
None,Reduced,Best,Best,DA_2_5_16,-0.2,18857,0,0,1,12
None,Reduced,First,Best,DA_2_5_17,-0.2,23830,0,0,1,46
None,Reduced,Best,Best,DA_2_5_17,-0.2,23830,0,0,1,46
None,Reduced,Best,Best,DA_2_5_18,-0.2,21021,0,0,1,23
None,Reduced,First,Best,DA_2_5_18,-0.2,21021,0,0,1,23
None,Reduced,First,Best,DA_2_5_19,-0.2,30941,0,0,2,40
None,Reduced,Best,Best,DA_2_5_19,-0.2,30941,0,0,2,59
None,Reduced,Best,Best,DA_2_5_2,-0.2,19624,0,0,1,21
None,Reduced,First,Best,DA_2_5_2,-0.2,19624,0,0,1,21
None,Reduced,First,Best,DA_2_5_20,-0.2,16616,0,0,2,23
None,Reduced,Best,Best,DA_2_5_20,-0.2,16616,0,0,2,36
None,Reduced,First,Best,DA_2_5_3,-0.2,21990,0,0,5,142
None,Reduced,Best,Best,DA_2_5_3,-0.2,21990,0,0,5,179
None,Reduced,First,Best,DA_2_5_4,-0.2,20653,0,0,4,38
None,Reduced,Best,Best,DA_2_5_4,-0.2,20620,0,0,3,86
None,Reduced,First,Best,DA_2_5_5,-0.2,24593,0,0,1,33
None,Reduced,Best,Best,DA_2_5_5,-0.2,24593,0,0,1,33
None,Reduced,First,Best,DA_2_5_6,-0.2,20183,0,0,2,26
None,Reduced,Best,Best,DA_2_5_6,-0.2,20183,0,0,2,48
None,Reduced,First,Best,DA_2_5_7,-0.2,18829,0,0,1,25
None,Reduced,Best,Best,DA_2_5_7,-0.2,18829,0,0,1,25
None,Reduced,First,Best,DA_2_5_8,-0.2,20107,0,0,1,20
None,Reduced,Best,Best,DA_2_5_8,-0.2,20107,0,0,1,20
None,Reduced,First,Best,DA_2_5_9,-0.2,21286,0,0,1,23
None,Reduced,Best,Best,DA_2_5_9,-0.2,21286,0,0,1,23
None,Reduced,First,Best,DAFJS_3_5_1,-0.2,22215,0,0,2,71
None,Reduced,Best,Best,DAFJS_3_5_1,-0.2,22215,0,0,2,111
None,Reduced,First,Best,DAFJS_3_5_10,-0.2,24273,0,0,4,131
None,Reduced,Best,Best,DAFJS_3_5_10,-0.2,24273,0,0,3,110
None,Reduced,First,Best,DAFJS_3_5_2,-0.2,24253,0,0,2,67
None,Reduced,Best,Best,DAFJS_3_5_2,-0.2,24253,0,0,2,99
None,Reduced,First,Best,DAFJS_3_5_3,-0.2,24500,0,0,1,42
None,Reduced,Best,Best,DAFJS_3_5_3,-0.2,24500,0,0,1,42
None,Reduced,First,Best,DAFJS_3_5_4,-0.2,22613,0,0,1,36
None,Reduced,Best,Best,DAFJS_3_5_4,-0.2,22613,0,0,1,36
None,Reduced,Best,Best,DAFJS_3_5_5,-0.2,20273,0,0,4,193
None,Reduced,First,Best,DAFJS_3_5_5,-0.2,20724,0,0,5,153
None,Reduced,First,Best,DAFJS_3_5_6,-0.2,23865,0,0,6,132
None,Reduced,Best,Best,DAFJS_3_5_6,-0.2,23145,0,0,5,270
None,Reduced,First,Best,DAFJS_3_5_7,-0.2,22745,0,0,7,117
None,Reduced,Best,Best,DAFJS_3_5_7,-0.2,21927,0,0,7,255
None,Reduced,First,Best,DAFJS_3_5_8,-0.2,19789,0,0,1,38
None,Reduced,Best,Best,DAFJS_3_5_8,-0.2,19789,0,0,1,38
None,Reduced,First,Best,DAFJS_3_5_9,-0.2,23736,0,0,2,101
None,Reduced,Best,Best,DAFJS_3_5_9,-0.2,23736,0,0,2,113
None,Reduced,Best,Best,YFJS_4_4_7_5_0,-0.3,33697,0,0,1,26
None,Reduced,First,Best,YFJS_4_4_7_5_0,-0.3,33697,0,0,1,26
None,Reduced,Best,Best,YFJS_4_4_7_5_1,-0.3,25969,0,0,1,10
None,Reduced,First,Best,YFJS_4_4_7_5_1,-0.3,25969,0,0,1,10
None,Reduced,Best,Best,YFJS_4_4_7_5_2,-0.3,42787,0,0,3,121
None,Reduced,First,Best,YFJS_4_4_7_5_2,-0.3,39880,0,0,8,102
None,Reduced,First,Best,YFJS_4_4_7_5_3,-0.3,24017,0,0,1,31
None,Reduced,Best,Best,YFJS_4_4_7_5_3,-0.3,24017,0,0,1,31
None,Reduced,Best,Best,YFJS_4_4_7_5_4,-0.3,24743,0,0,1,20
None,Reduced,First,Best,YFJS_4_4_7_5_4,-0.3,24743,0,0,1,20
None,Reduced,First,Best,YFJS_4_4_7_5_5,-0.3,27366,0,0,1,29
None,Reduced,Best,Best,YFJS_4_4_7_5_5,-0.3,27366,0,0,1,29
None,Reduced,First,Best,YFJS_4_4_7_5_6,-0.3,41487,0,0,3,47
None,Reduced,Best,Best,YFJS_4_4_7_5_6,-0.3,41737,0,0,2,63
None,Reduced,Best,Best,YFJS_4_4_7_5_7,-0.3,30276,0,0,2,48
None,Reduced,First,Best,YFJS_4_4_7_5_7,-0.3,30276,0,0,2,23
None,Reduced,First,Best,YFJS_4_4_7_5_8,-0.3,34357,0,0,1,20
None,Reduced,Best,Best,YFJS_4_4_7_5_8,-0.3,34357,0,0,1,20
None,Reduced,First,Best,YFJS_4_4_7_5_9,-0.3,27547,0,0,2,79
None,Reduced,Best,Best,YFJS_4_4_7_5_9,-0.3,27547,0,0,2,92
None,Reduced,First,Best,YFJS_5_4_7_5_0,-0.3,43254,0,0,1,43
None,Reduced,Best,Best,YFJS_5_4_7_5_0,-0.3,43254,0,0,1,43
None,Reduced,First,Best,YFJS_5_4_7_5_1,-0.3,29989,0,0,5,109
None,Reduced,Best,Best,YFJS_5_4_7_5_1,-0.3,29989,0,0,5,219
None,Reduced,First,Best,YFJS_5_4_7_5_2,-0.3,25881,0,0,3,73
None,Reduced,Best,Best,YFJS_5_4_7_5_2,-0.3,25881,0,0,3,120
None,Reduced,First,Best,YFJS_5_4_7_5_3,-0.3,28131,0,0,6,70
None,Reduced,Best,Best,YFJS_5_4_7_5_3,-0.3,28131,0,0,6,177
None,Reduced,First,Best,YFJS_5_4_7_5_4,-0.3,39862,0,0,4,40
None,Reduced,Best,Best,YFJS_5_4_7_5_4,-0.3,39187,0,0,3,71
None,Reduced,First,Best,YFJS_5_4_7_5_5,-0.3,30483,0,0,2,60
None,Reduced,Best,Best,YFJS_5_4_7_5_5,-0.3,30483,0,0,2,68
None,Reduced,Best,Best,YFJS_5_4_7_5_6,-0.3,38739,0,0,5,121
None,Reduced,First,Best,YFJS_5_4_7_5_6,-0.3,38739,0,0,5,52
None,Reduced,First,Best,YFJS_5_4_7_5_7,-0.3,27944,0,0,3,62
None,Reduced,Best,Best,YFJS_5_4_7_5_7,-0.3,27944,0,0,2,54
None,Reduced,First,Best,YFJS_5_4_7_5_8,-0.3,31743,0,0,6,98
None,Reduced,Best,Best,YFJS_5_4_7_5_8,-0.3,31743,0,0,6,209
None,Reduced,First,Best,YFJS_5_4_7_5_9,-0.3,32603,0,0,4,64
None,Reduced,Best,Best,YFJS_5_4_7_5_9,-0.3,29599,0,0,4,184
None,Reduced,First,Best,YFJS_6_4_7_5_0,-0.3,33355,0,0,5,146
None,Reduced,Best,Best,YFJS_6_4_7_5_0,-0.3,33355,0,0,5,288
None,Reduced,First,Best,YFJS_6_4_7_5_1,-0.3,30212,0,0,1,27
None,Reduced,Best,Best,YFJS_6_4_7_5_1,-0.3,30212,0,0,1,27
None,Reduced,First,Best,YFJS_6_4_7_5_2,-0.3,38777,0,0,4,79
None,Reduced,Best,Best,YFJS_6_4_7_5_2,-0.3,38777,0,0,4,180
None,Reduced,First,Best,YFJS_6_4_7_5_3,-0.3,30173,0,0,11,260
None,Reduced,Best,Best,YFJS_6_4_7_5_3,-0.3,30173,0,0,7,269
None,Reduced,First,Best,YFJS_6_4_7_5_4,-0.3,34388,0,0,6,55
None,Reduced,Best,Best,YFJS_6_4_7_5_4,-0.3,34388,0,0,3,137
None,Reduced,Best,Best,YFJS_6_4_7_5_5,-0.3,44633,0,0,3,141
None,Reduced,First,Best,YFJS_6_4_7_5_5,-0.3,44766,0,0,8,85
None,Reduced,First,Best,YFJS_6_4_7_5_6,-0.3,32539,0,0,3,61
None,Reduced,Best,Best,YFJS_6_4_7_5_6,-0.3,31749,0,0,4,249
None,Reduced,First,Best,YFJS_6_4_7_5_7,-0.3,35729,0,0,2,46
None,Reduced,Best,Best,YFJS_6_4_7_5_7,-0.3,35729,0,0,2,103
None,Reduced,First,Best,YFJS_6_4_7_5_8,-0.3,35726,0,0,3,79
None,Reduced,Best,Best,YFJS_6_4_7_5_8,-0.3,34330,0,0,4,233
None,Reduced,First,Best,YFJS_6_4_7_5_9,-0.3,32238,0,0,6,143
None,Reduced,Best,Best,YFJS_6_4_7_5_9,-0.3,31093,0,0,7,317
None,Reduced,First,Best,DA_2_5_1,-0.3,20007,0,0,4,110
None,Reduced,Best,Best,DA_2_5_1,-0.3,20007,0,0,4,144
None,Reduced,Best,Best,DA_2_5_10,-0.3,21136,0,0,2,37
None,Reduced,First,Best,DA_2_5_10,-0.3,21136,0,0,2,37
None,Reduced,First,Best,DA_2_5_11,-0.3,17619,0,0,2,15
None,Reduced,Best,Best,DA_2_5_11,-0.3,17619,0,0,2,22
None,Reduced,First,Best,DA_2_5_12,-0.3,19867,0,0,2,28
None,Reduced,Best,Best,DA_2_5_12,-0.3,19867,0,0,2,50
None,Reduced,Best,Best,DA_2_5_13,-0.3,19253,0,0,1,24
None,Reduced,First,Best,DA_2_5_13,-0.3,19253,0,0,1,24
None,Reduced,First,Best,DA_2_5_14,-0.3,18712,0,0,3,38
None,Reduced,Best,Best,DA_2_5_14,-0.3,19605,0,0,2,71
None,Reduced,First,Best,DA_2_5_15,-0.3,24636,0,0,2,49
None,Reduced,Best,Best,DA_2_5_15,-0.3,24636,0,0,2,64
None,Reduced,First,Best,DA_2_5_16,-0.3,17900,0,0,2,15
None,Reduced,Best,Best,DA_2_5_16,-0.3,17900,0,0,2,25
None,Reduced,First,Best,DA_2_5_17,-0.3,22398,0,0,1,46
None,Reduced,Best,Best,DA_2_5_17,-0.3,22398,0,0,1,46
None,Reduced,First,Best,DA_2_5_18,-0.3,19723,0,0,2,28
None,Reduced,Best,Best,DA_2_5_18,-0.3,19723,0,0,2,44
None,Reduced,Best,Best,DA_2_5_19,-0.3,28510,0,0,2,59
None,Reduced,First,Best,DA_2_5_19,-0.3,28510,0,0,2,40
None,Reduced,First,Best,DA_2_5_2,-0.3,19094,0,0,1,21
None,Reduced,Best,Best,DA_2_5_2,-0.3,19094,0,0,1,21
None,Reduced,First,Best,DA_2_5_20,-0.3,15278,0,0,2,20
None,Reduced,Best,Best,DA_2_5_20,-0.3,15278,0,0,2,43
None,Reduced,First,Best,DA_2_5_3,-0.3,20711,0,0,5,136
None,Reduced,Best,Best,DA_2_5_3,-0.3,20711,0,0,5,173
None,Reduced,First,Best,DA_2_5_4,-0.3,18628,0,0,3,48
None,Reduced,Best,Best,DA_2_5_4,-0.3,18628,0,0,3,83
None,Reduced,First,Best,DA_2_5_5,-0.3,22939,0,0,3,56
None,Reduced,Best,Best,DA_2_5_5,-0.3,22939,0,0,3,93
None,Reduced,First,Best,DA_2_5_6,-0.3,19139,0,0,2,26
None,Reduced,Best,Best,DA_2_5_6,-0.3,19139,0,0,2,48
None,Reduced,First,Best,DA_2_5_7,-0.3,17784,0,0,1,25
None,Reduced,Best,Best,DA_2_5_7,-0.3,17784,0,0,1,25
None,Reduced,First,Best,DA_2_5_8,-0.3,19030,0,0,1,20
None,Reduced,Best,Best,DA_2_5_8,-0.3,19030,0,0,1,20
None,Reduced,Best,Best,DA_2_5_9,-0.3,19587,0,0,1,20
None,Reduced,First,Best,DA_2_5_9,-0.3,19587,0,0,1,20
None,Reduced,First,Best,DAFJS_3_5_1,-0.3,21182,0,0,3,74
None,Reduced,Best,Best,DAFJS_3_5_1,-0.3,21182,0,0,3,153
None,Reduced,First,Best,DAFJS_3_5_10,-0.3,22767,0,0,3,109
None,Reduced,Best,Best,DAFJS_3_5_10,-0.3,22767,0,0,3,132
None,Reduced,First,Best,DAFJS_3_5_2,-0.3,21772,0,0,5,140
None,Reduced,Best,Best,DAFJS_3_5_2,-0.3,21772,0,0,5,267
None,Reduced,First,Best,DAFJS_3_5_3,-0.3,22524,0,0,1,42
None,Reduced,Best,Best,DAFJS_3_5_3,-0.3,22524,0,0,1,42
None,Reduced,First,Best,DAFJS_3_5_4,-0.3,19900,0,0,3,62
None,Reduced,Best,Best,DAFJS_3_5_4,-0.3,18472,0,0,6,241
None,Reduced,First,Best,DAFJS_3_5_5,-0.3,19333,0,0,5,153
None,Reduced,Best,Best,DAFJS_3_5_5,-0.3,18921,0,0,4,174
None,Reduced,Best,Best,DAFJS_3_5_6,-0.3,22513,0,0,3,152
None,Reduced,First,Best,DAFJS_3_5_6,-0.3,22513,0,0,3,86
None,Reduced,Best,Best,DAFJS_3_5_7,-0.3,20020,0,0,2,55
None,Reduced,First,Best,DAFJS_3_5_7,-0.3,20020,0,0,2,30
None,Reduced,First,Best,DAFJS_3_5_8,-0.3,18560,0,0,1,38
None,Reduced,Best,Best,DAFJS_3_5_8,-0.3,18560,0,0,1,38
None,Reduced,First,Best,DAFJS_3_5_9,-0.3,21356,0,0,2,97
None,Reduced,Best,Best,DAFJS_3_5_9,-0.3,21356,0,0,2,120
