GRASP,Reduced,Best,Best,1,0.5,YFJS_4_4_7_5_0, -0.1, 35046, 300,0
GRASP,Reduced,Best,Best,1,0.5,YFJS_4_4_7_5_1, -0.1, 24359, 300,0.001
GRASP,Reduced,Best,Best,1,0.5,YFJS_4_4_7_5_2, -0.1, 47391, 300,0.383
GRASP,Reduced,Best,Best,1,0.5,YFJS_4_4_7_5_3, -0.1, 25394, 300,0
GRASP,Reduced,Best,Best,1,0.5,YFJS_4_4_7_5_4, -0.1, 23985, 300,0
GRASP,Reduced,Best,Best,1,0.5,YFJS_4_4_7_5_5, -0.1, 29469, 300,0.164
GRASP,Reduced,Best,Best,1,0.5,YFJS_4_4_7_5_6, -0.1, 45705, 300,14.285
GRASP,Reduced,Best,Best,1,0.5,YFJS_4_4_7_5_7, -0.1, 33829, 300,1.068
GRASP,Reduced,Best,Best,1,0.5,YFJS_4_4_7_5_8, -0.1, 37049, 300,0.001
GRASP,Reduced,Best,Best,1,0.5,YFJS_4_4_7_5_9, -0.1, 27310, 300,0.002
GRASP,Reduced,Best,Best,1,0.5,YFJS_5_4_7_5_0, -0.1, 41300, 300,0.066
GRASP,Reduced,Best,Best,1,0.5,YFJS_5_4_7_5_1, -0.1, 30634, 300,222.202
GRASP,Reduced,Best,Best,1,0.5,YFJS_5_4_7_5_2, -0.1, 30962, 300,0.001
GRASP,Reduced,Best,Best,1,0.5,YFJS_5_4_7_5_3, -0.1, 31398, 300,0.001
GRASP,Reduced,Best,Best,1,0.5,YFJS_5_4_7_5_4, -0.1, 45442, 300,0.005
GRASP,Reduced,Best,Best,1,0.5,YFJS_5_4_7_5_5, -0.1, 33791, 300,5.878
GRASP,Reduced,Best,Best,1,0.5,YFJS_5_4_7_5_6, -0.1, 42838, 300,12.834
GRASP,Reduced,Best,Best,1,0.5,YFJS_5_4_7_5_7, -0.1, 28247, 300,0
GRASP,Reduced,Best,Best,1,0.5,YFJS_5_4_7_5_8, -0.1, 33601, 300,0.007
GRASP,Reduced,Best,Best,1,0.5,YFJS_5_4_7_5_9, -0.1, 30837, 300,0.005
GRASP,Reduced,Best,Best,1,0.5,YFJS_6_4_7_5_0, -0.1, 37275, 300,196.262
GRASP,Reduced,Best,Best,1,0.5,YFJS_6_4_7_5_1, -0.1, 34282, 300,0.277
GRASP,Reduced,Best,Best,1,0.5,YFJS_6_4_7_5_2, -0.1, 42079, 300,61.855
GRASP,Reduced,Best,Best,1,0.5,YFJS_6_4_7_5_3, -0.1, 32566, 300,110.507
GRASP,Reduced,Best,Best,1,0.5,YFJS_6_4_7_5_4, -0.1, 36170, 300,2.665
GRASP,Reduced,Best,Best,1,0.5,YFJS_6_4_7_5_5, -0.1, 51466, 300,0.926
GRASP,Reduced,Best,Best,1,0.5,YFJS_6_4_7_5_6, -0.1, 36719, 300,0.024
GRASP,Reduced,Best,Best,1,0.5,YFJS_6_4_7_5_7, -0.1, 34509, 300,51.086
GRASP,Reduced,Best,Best,1,0.5,YFJS_6_4_7_5_8, -0.1, 39798, 300,0.058
GRASP,Reduced,Best,Best,1,0.5,YFJS_6_4_7_5_9, -0.1, 33974, 300,0.021
GRASP,Reduced,Best,Best,1,0.5,DA_2_5_1, -0.1, 22875, 300,29.403
GRASP,Reduced,Best,Best,1,0.5,DA_2_5_10, -0.1, 22708, 300,0.023
GRASP,Reduced,Best,Best,1,0.5,DA_2_5_11, -0.1, 18363, 300,0
GRASP,Reduced,Best,Best,1,0.5,DA_2_5_12, -0.1, 20498, 300,0
GRASP,Reduced,Best,Best,1,0.5,DA_2_5_13, -0.1, 20593, 300,1.582
GRASP,Reduced,Best,Best,1,0.5,DA_2_5_14, -0.1, 22867, 300,2.293
GRASP,Reduced,Best,Best,1,0.5,DA_2_5_15, -0.1, 25715, 300,0.09
GRASP,Reduced,Best,Best,1,0.5,DA_2_5_16, -0.1, 19878, 300,0
GRASP,Reduced,Best,Best,1,0.5,DA_2_5_17, -0.1, 24267, 300,37.823
GRASP,Reduced,Best,Best,1,0.5,DA_2_5_18, -0.1, 20336, 300,0.006
GRASP,Reduced,Best,Best,1,0.5,DA_2_5_19, -0.1, 29968, 300,6.271
GRASP,Reduced,Best,Best,1,0.5,DA_2_5_2, -0.1, 18670, 300,2.345
GRASP,Reduced,Best,Best,1,0.5,DA_2_5_20, -0.1, 16313, 300,0
GRASP,Reduced,Best,Best,1,0.5,DA_2_5_4, -0.1, 21715, 300,0.096
GRASP,Reduced,Best,Best,1,0.5,DA_2_5_3, -0.1, 23140, 300,0.226
GRASP,Reduced,Best,Best,1,0.5,DA_2_5_5, -0.1, 25426, 300,0
GRASP,Reduced,Best,Best,1,0.5,DA_2_5_6, -0.1, 20155, 300,0
GRASP,Reduced,Best,Best,1,0.5,DA_2_5_7, -0.1, 18135, 300,0
GRASP,Reduced,Best,Best,1,0.5,DA_2_5_8, -0.1, 20945, 300,0
GRASP,Reduced,Best,Best,1,0.5,DA_2_5_9, -0.1, 21838, 300,4.453
GRASP,Reduced,Best,Best,1,0.5,DAFJS_3_5_1, -0.1, 23344, 300,240.578
GRASP,Reduced,Best,Best,1,0.5,DAFJS_3_5_10, -0.1, 25923, 300,0.01
GRASP,Reduced,Best,Best,1,0.5,DAFJS_3_5_2, -0.1, 24998, 300,0.028
GRASP,Reduced,Best,Best,1,0.5,DAFJS_3_5_3, -0.1, 24579, 300,0.016
GRASP,Reduced,Best,Best,1,0.5,DAFJS_3_5_4, -0.1, 21143, 300,4.978
GRASP,Reduced,Best,Best,1,0.5,DAFJS_3_5_5, -0.1, 21162, 300,71.78
GRASP,Reduced,Best,Best,1,0.5,DAFJS_3_5_6, -0.1, 22050, 300,0.627
GRASP,Reduced,Best,Best,1,0.5,DAFJS_3_5_7, -0.1, 22708, 300,0.006
GRASP,Reduced,Best,Best,1,0.5,DAFJS_3_5_8, -0.1, 20278, 300,0.002
GRASP,Reduced,Best,Best,1,0.5,DAFJS_3_5_9, -0.1, 23558, 300.001,45.192
GRASP,Reduced,Best,Best,1,0.5,YFJS_4_4_7_5_0, -0.2, 33132, 300,1.064
GRASP,Reduced,Best,Best,1,0.5,YFJS_4_4_7_5_1, -0.2, 23100, 300,0.014
GRASP,Reduced,Best,Best,1,0.5,YFJS_4_4_7_5_2, -0.2, 42896, 300,0.088
GRASP,Reduced,Best,Best,1,0.5,YFJS_4_4_7_5_3, -0.2, 24485, 300,0.003
GRASP,Reduced,Best,Best,1,0.5,YFJS_4_4_7_5_4, -0.2, 23597, 300,0
GRASP,Reduced,Best,Best,1,0.5,YFJS_4_4_7_5_5, -0.2, 28655, 300,0.001
GRASP,Reduced,Best,Best,1,0.5,YFJS_4_4_7_5_6, -0.2, 42239, 300,1.975
GRASP,Reduced,Best,Best,1,0.5,YFJS_4_4_7_5_7, -0.2, 31471, 300,4.419
GRASP,Reduced,Best,Best,1,0.5,YFJS_4_4_7_5_8, -0.2, 35250, 300,2.812
GRASP,Reduced,Best,Best,1,0.5,YFJS_4_4_7_5_9, -0.2, 26145, 300,0.009
GRASP,Reduced,Best,Best,1,0.5,YFJS_5_4_7_5_0, -0.2, 38545, 300,4.665
GRASP,Reduced,Best,Best,1,0.5,YFJS_5_4_7_5_3, -0.2, 29682, 300,0.001
GRASP,Reduced,Best,Best,1,0.5,YFJS_5_4_7_5_1, -0.2, 27895, 300,19.956
GRASP,Reduced,Best,Best,1,0.5,YFJS_5_4_7_5_4, -0.2, 41619, 300,0.02
GRASP,Reduced,Best,Best,1,0.5,YFJS_5_4_7_5_5, -0.2, 31280, 300,0.001
GRASP,Reduced,Best,Best,1,0.5,YFJS_5_4_7_5_2, -0.2, 28120, 300,0.015
GRASP,Reduced,Best,Best,1,0.5,YFJS_5_4_7_5_6, -0.2, 40388, 300,1.896
GRASP,Reduced,Best,Best,1,0.5,YFJS_5_4_7_5_7, -0.2, 26297, 300,0.005
GRASP,Reduced,Best,Best,1,0.5,YFJS_5_4_7_5_8, -0.2, 30717, 300,0.001
GRASP,Reduced,Best,Best,1,0.5,YFJS_5_4_7_5_9, -0.2, 28832, 300,0.035
GRASP,Reduced,Best,Best,1,0.5,YFJS_6_4_7_5_0, -0.2, 34811, 300,0.041
GRASP,Reduced,Best,Best,1,0.5,YFJS_6_4_7_5_1, -0.2, 31747, 300,0.139
GRASP,Reduced,Best,Best,1,0.5,YFJS_6_4_7_5_2, -0.2, 38639, 300,118.234
GRASP,Reduced,Best,Best,1,0.5,YFJS_6_4_7_5_3, -0.2, 28884, 300,43.195
GRASP,Reduced,Best,Best,1,0.5,YFJS_6_4_7_5_4, -0.2, 34231, 300,118.01
GRASP,Reduced,Best,Best,1,0.5,YFJS_6_4_7_5_5, -0.2, 47519, 300,3.963
GRASP,Reduced,Best,Best,1,0.5,YFJS_6_4_7_5_6, -0.2, 34042, 300,4.168
GRASP,Reduced,Best,Best,1,0.5,YFJS_6_4_7_5_8, -0.2, 36093, 300,0.139
GRASP,Reduced,Best,Best,1,0.5,YFJS_6_4_7_5_7, -0.2, 32080, 300,135.571
GRASP,Reduced,Best,Best,1,0.5,YFJS_6_4_7_5_9, -0.2, 32042, 300,209.173
GRASP,Reduced,Best,Best,1,0.5,DA_2_5_1, -0.2, 21327, 300,68.665
GRASP,Reduced,Best,Best,1,0.5,DA_2_5_10, -0.2, 20635, 300,0.02
GRASP,Reduced,Best,Best,1,0.5,DA_2_5_11, -0.2, 17972, 300,0
GRASP,Reduced,Best,Best,1,0.5,DA_2_5_12, -0.2, 19602, 300,0
GRASP,Reduced,Best,Best,1,0.5,DA_2_5_13, -0.2, 18803, 300,3.27
GRASP,Reduced,Best,Best,1,0.5,DA_2_5_14, -0.2, 20568, 300,0.006
GRASP,Reduced,Best,Best,1,0.5,DA_2_5_15, -0.2, 24715, 300,0.521
GRASP,Reduced,Best,Best,1,0.5,DA_2_5_16, -0.2, 18857, 300,0
GRASP,Reduced,Best,Best,1,0.5,DA_2_5_17, -0.2, 22660, 300,5.656
GRASP,Reduced,Best,Best,1,0.5,DA_2_5_18, -0.2, 18823, 300,0.002
GRASP,Reduced,Best,Best,1,0.5,DA_2_5_19, -0.2, 27455, 300,5.878
GRASP,Reduced,Best,Best,1,0.5,DA_2_5_2, -0.2, 17874, 300,1.286
GRASP,Reduced,Best,Best,1,0.5,DA_2_5_20, -0.2, 15143, 300,0
GRASP,Reduced,Best,Best,1,0.5,DA_2_5_3, -0.2, 21817, 300,2.925
GRASP,Reduced,Best,Best,1,0.5,DA_2_5_4, -0.2, 20236, 300,0.002
GRASP,Reduced,Best,Best,1,0.5,DA_2_5_5, -0.2, 24114, 300,0.005
GRASP,Reduced,Best,Best,1,0.5,DA_2_5_6, -0.2, 19145, 300,0
GRASP,Reduced,Best,Best,1,0.5,DA_2_5_7, -0.2, 17270, 300,0.003
GRASP,Reduced,Best,Best,1,0.5,DA_2_5_8, -0.2, 19642, 300,0.001
GRASP,Reduced,Best,Best,1,0.5,DA_2_5_9, -0.2, 20086, 300,0.523
GRASP,Reduced,Best,Best,1,0.5,DAFJS_3_5_1, -0.2, 21433, 300,184.817
GRASP,Reduced,Best,Best,1,0.5,DAFJS_3_5_10, -0.2, 23852, 300,74.198
GRASP,Reduced,Best,Best,1,0.5,DAFJS_3_5_2, -0.2, 23020, 300,4.88
GRASP,Reduced,Best,Best,1,0.5,DAFJS_3_5_3, -0.2, 22521, 300,12.013
GRASP,Reduced,Best,Best,1,0.5,DAFJS_3_5_4, -0.2, 19809, 300,0.008
GRASP,Reduced,Best,Best,1,0.5,DAFJS_3_5_5, -0.2, 19773, 300,31.286
GRASP,Reduced,Best,Best,1,0.5,DAFJS_3_5_6, -0.2, 20559, 300,19.259
GRASP,Reduced,Best,Best,1,0.5,DAFJS_3_5_7, -0.2, 20635, 300,0
GRASP,Reduced,Best,Best,1,0.5,DAFJS_3_5_8, -0.2, 19201, 300,2.922
GRASP,Reduced,Best,Best,1,0.5,DAFJS_3_5_9, -0.2, 21958, 300,198.305
GRASP,Reduced,Best,Best,1,0.5,YFJS_4_4_7_5_0, -0.3, 31008, 300,6.059
GRASP,Reduced,Best,Best,1,0.5,YFJS_4_4_7_5_1, -0.3, 22010, 300,0.001
GRASP,Reduced,Best,Best,1,0.5,YFJS_4_4_7_5_2, -0.3, 38935, 300,0.003
GRASP,Reduced,Best,Best,1,0.5,YFJS_4_4_7_5_3, -0.3, 23774, 300,0.007
GRASP,Reduced,Best,Best,1,0.5,YFJS_4_4_7_5_4, -0.3, 22843, 300,0
GRASP,Reduced,Best,Best,1,0.5,YFJS_4_4_7_5_5, -0.3, 27366, 300,0
GRASP,Reduced,Best,Best,1,0.5,YFJS_4_4_7_5_6, -0.3, 38932, 300,36.075
GRASP,Reduced,Best,Best,1,0.5,YFJS_4_4_7_5_7, -0.3, 29464, 300,4.873
GRASP,Reduced,Best,Best,1,0.5,YFJS_4_4_7_5_8, -0.3, 33763, 300,5.766
GRASP,Reduced,Best,Best,1,0.5,YFJS_4_4_7_5_9, -0.3, 25072, 300,26.549
GRASP,Reduced,Best,Best,1,0.5,YFJS_5_4_7_5_0, -0.3, 36307, 300,9.153
GRASP,Reduced,Best,Best,1,0.5,YFJS_5_4_7_5_1, -0.3, 27007, 300,139.081
GRASP,Reduced,Best,Best,1,0.5,YFJS_5_4_7_5_2, -0.3, 25619, 300,0.019
GRASP,Reduced,Best,Best,1,0.5,YFJS_5_4_7_5_3, -0.3, 27428, 300,0.154
GRASP,Reduced,Best,Best,1,0.5,YFJS_5_4_7_5_4, -0.3, 38256, 300,9.84
GRASP,Reduced,Best,Best,1,0.5,YFJS_5_4_7_5_5, -0.3, 29442, 300,0
GRASP,Reduced,Best,Best,1,0.5,YFJS_5_4_7_5_6, -0.3, 37465, 300,0.011
GRASP,Reduced,Best,Best,1,0.5,YFJS_5_4_7_5_7, -0.3, 25067, 300,11.038
GRASP,Reduced,Best,Best,1,0.5,YFJS_5_4_7_5_8, -0.3, 29207, 300,13.254
GRASP,Reduced,Best,Best,1,0.5,YFJS_5_4_7_5_9, -0.3, 27091, 300,7.136
GRASP,Reduced,Best,Best,1,0.5,YFJS_6_4_7_5_0, -0.3, 32409, 300,0.025
GRASP,Reduced,Best,Best,1,0.5,YFJS_6_4_7_5_1, -0.3, 28985, 300,0.065
GRASP,Reduced,Best,Best,1,0.5,YFJS_6_4_7_5_2, -0.3, 35441, 300,8.004
GRASP,Reduced,Best,Best,1,0.5,YFJS_6_4_7_5_3, -0.3, 27127, 300,8.933
GRASP,Reduced,Best,Best,1,0.5,YFJS_6_4_7_5_5, -0.3, 43452, 300,144.88
GRASP,Reduced,Best,Best,1,0.5,YFJS_6_4_7_5_6, -0.3, 31571, 300,0.063
GRASP,Reduced,Best,Best,1,0.5,YFJS_6_4_7_5_7, -0.3, 30428, 300,194.063
GRASP,Reduced,Best,Best,1,0.5,YFJS_6_4_7_5_4, -0.3, 32346, 300.004,58.192
GRASP,Reduced,Best,Best,1,0.5,YFJS_6_4_7_5_8, -0.3, 32826, 300,21.334
GRASP,Reduced,Best,Best,1,0.5,YFJS_6_4_7_5_9, -0.3, 29922, 300,101.422
GRASP,Reduced,Best,Best,1,0.5,DA_2_5_1, -0.3, 19443, 300,12.512
GRASP,Reduced,Best,Best,1,0.5,DA_2_5_10, -0.3, 18916, 300,0.009
GRASP,Reduced,Best,Best,1,0.5,DA_2_5_11, -0.3, 17419, 300,0.004
GRASP,Reduced,Best,Best,1,0.5,DA_2_5_12, -0.3, 18800, 300,0
GRASP,Reduced,Best,Best,1,0.5,DA_2_5_13, -0.3, 17596, 300,72.86
GRASP,Reduced,Best,Best,1,0.5,DA_2_5_14, -0.3, 18692, 300,0.323
GRASP,Reduced,Best,Best,1,0.5,DA_2_5_15, -0.3, 24256, 300,0.146
GRASP,Reduced,Best,Best,1,0.5,DA_2_5_16, -0.3, 17900, 300,0
GRASP,Reduced,Best,Best,1,0.5,DA_2_5_17, -0.3, 20797, 300,0.006
GRASP,Reduced,Best,Best,1,0.5,DA_2_5_18, -0.3, 17395, 300,0.024
GRASP,Reduced,Best,Best,1,0.5,DA_2_5_19, -0.3, 25304, 300,0.014
GRASP,Reduced,Best,Best,1,0.5,DA_2_5_2, -0.3, 17105, 300,0.632
GRASP,Reduced,Best,Best,1,0.5,DA_2_5_20, -0.3, 14077, 300,0
GRASP,Reduced,Best,Best,1,0.5,DA_2_5_3, -0.3, 20620, 300,0.472
GRASP,Reduced,Best,Best,1,0.5,DA_2_5_4, -0.3, 18625, 300,0.072
GRASP,Reduced,Best,Best,1,0.5,DA_2_5_5, -0.3, 22734, 300,0.73
GRASP,Reduced,Best,Best,1,0.5,DA_2_5_6, -0.3, 18253, 300,0
GRASP,Reduced,Best,Best,1,0.5,DA_2_5_7, -0.3, 16495, 300,0.002
GRASP,Reduced,Best,Best,1,0.5,DA_2_5_8, -0.3, 18474, 300,0.002
GRASP,Reduced,Best,Best,1,0.5,DA_2_5_9, -0.3, 18521, 300,2.093
GRASP,Reduced,Best,Best,1,0.5,DAFJS_3_5_1, -0.3, 19867, 300,123.659
GRASP,Reduced,Best,Best,1,0.5,DAFJS_3_5_10, -0.3, 22396, 300,4.733
GRASP,Reduced,Best,Best,1,0.5,DAFJS_3_5_2, -0.3, 21372, 300,0.032
GRASP,Reduced,Best,Best,1,0.5,DAFJS_3_5_3, -0.3, 20389, 300,0.018
GRASP,Reduced,Best,Best,1,0.5,DAFJS_3_5_4, -0.3, 18472, 300,0
GRASP,Reduced,Best,Best,1,0.5,DAFJS_3_5_5, -0.3, 18396, 300,7.281
GRASP,Reduced,Best,Best,1,0.5,DAFJS_3_5_6, -0.3, 18501, 300,107.817
GRASP,Reduced,Best,Best,1,0.5,DAFJS_3_5_7, -0.3, 18762, 300,1.616
GRASP,Reduced,Best,Best,1,0.5,DAFJS_3_5_8, -0.3, 18253, 300,0.49
GRASP,Reduced,Best,Best,1,0.5,DAFJS_3_5_9, -0.3, 20328, 300,278.421
GRASP,Reduced,Best,Best,1,0.5,YFJS_4_4_7_5_0, -0.1, 35046, 300,0
GRASP,Reduced,Best,Best,1,0.5,YFJS_4_4_7_5_1, -0.1, 24359, 300,0
GRASP,Reduced,Best,Best,1,0.5,YFJS_4_4_7_5_2, -0.1, 47391, 300,0.244
GRASP,Reduced,Best,Best,1,0.5,YFJS_4_4_7_5_3, -0.1, 25394, 300,0
GRASP,Reduced,Best,Best,1,0.5,YFJS_4_4_7_5_4, -0.1, 23985, 300,0
GRASP,Reduced,Best,Best,1,0.5,YFJS_4_4_7_5_5, -0.1, 29469, 300,0.21
GRASP,Reduced,Best,Best,1,0.5,YFJS_4_4_7_5_6, -0.1, 45705, 300,5.486
GRASP,Reduced,Best,Best,1,0.5,YFJS_4_4_7_5_7, -0.1, 33829, 300,0.365
GRASP,Reduced,Best,Best,1,0.5,YFJS_4_4_7_5_8, -0.1, 37049, 300,0
GRASP,Reduced,Best,Best,1,0.5,YFJS_4_4_7_5_9, -0.1, 27310, 300,0
GRASP,Reduced,Best,Best,1,0.5,YFJS_5_4_7_5_0, -0.1, 41300, 300,0.09
GRASP,Reduced,Best,Best,1,0.5,YFJS_5_4_7_5_1, -0.1, 30145, 300,52.875
GRASP,Reduced,Best,Best,1,0.5,YFJS_5_4_7_5_2, -0.1, 30962, 300,0.03
GRASP,Reduced,Best,Best,1,0.5,YFJS_5_4_7_5_3, -0.1, 31398, 300,0.003
GRASP,Reduced,Best,Best,1,0.5,YFJS_5_4_7_5_4, -0.1, 45442, 300,0.002
GRASP,Reduced,Best,Best,1,0.5,YFJS_5_4_7_5_5, -0.1, 33791, 300,5.387
GRASP,Reduced,Best,Best,1,0.5,YFJS_5_4_7_5_6, -0.1, 42838, 300,131.441
GRASP,Reduced,Best,Best,1,0.5,YFJS_5_4_7_5_7, -0.1, 28247, 300,0
GRASP,Reduced,Best,Best,1,0.5,YFJS_5_4_7_5_8, -0.1, 33601, 300,0
GRASP,Reduced,Best,Best,1,0.5,YFJS_5_4_7_5_9, -0.1, 30837, 300,0.001
GRASP,Reduced,Best,Best,1,0.5,YFJS_6_4_7_5_0, -0.1, 37308, 300,0.027
GRASP,Reduced,Best,Best,1,0.5,YFJS_6_4_7_5_1, -0.1, 34282, 300,0.033
GRASP,Reduced,Best,Best,1,0.5,YFJS_6_4_7_5_2, -0.1, 42079, 300,95.983
GRASP,Reduced,Best,Best,1,0.5,YFJS_6_4_7_5_3, -0.1, 30905, 300,3.156
GRASP,Reduced,Best,Best,1,0.5,YFJS_6_4_7_5_4, -0.1, 36170, 300,6.233
GRASP,Reduced,Best,Best,1,0.5,YFJS_6_4_7_5_5, -0.1, 51466, 300,9.604
GRASP,Reduced,Best,Best,1,0.5,YFJS_6_4_7_5_6, -0.1, 36719, 300,0.006
GRASP,Reduced,Best,Best,1,0.5,YFJS_6_4_7_5_7, -0.1, 34509, 300,4.814
GRASP,Reduced,Best,Best,1,0.5,YFJS_6_4_7_5_8, -0.1, 39798, 300,0.078
GRASP,Reduced,Best,Best,1,0.5,YFJS_6_4_7_5_9, -0.1, 33974, 300,0.154
GRASP,Reduced,Best,Best,1,0.5,DA_2_5_1, -0.1, 22875, 300,76.41
GRASP,Reduced,Best,Best,1,0.5,DA_2_5_10, -0.1, 22708, 300,0.079
GRASP,Reduced,Best,Best,1,0.5,DA_2_5_11, -0.1, 18363, 300,0
GRASP,Reduced,Best,Best,1,0.5,DA_2_5_12, -0.1, 20498, 300,0
GRASP,Reduced,Best,Best,1,0.5,DA_2_5_13, -0.1, 20593, 300,0.733
GRASP,Reduced,Best,Best,1,0.5,DA_2_5_14, -0.1, 22867, 300,0.234
GRASP,Reduced,Best,Best,1,0.5,DA_2_5_15, -0.1, 25715, 300,0.323
GRASP,Reduced,Best,Best,1,0.5,DA_2_5_16, -0.1, 19878, 300,0
GRASP,Reduced,Best,Best,1,0.5,DA_2_5_17, -0.1, 24267, 300,0.018
GRASP,Reduced,Best,Best,1,0.5,DA_2_5_18, -0.1, 20336, 300,0.001
GRASP,Reduced,Best,Best,1,0.5,DA_2_5_19, -0.1, 29968, 300,1.974
GRASP,Reduced,Best,Best,1,0.5,DA_2_5_2, -0.1, 18670, 300,1.758
GRASP,Reduced,Best,Best,1,0.5,DA_2_5_20, -0.1, 16313, 300,0
GRASP,Reduced,Best,Best,1,0.5,DA_2_5_3, -0.1, 23140, 300,6.591
GRASP,Reduced,Best,Best,1,0.5,DA_2_5_4, -0.1, 21715, 300,0.163
GRASP,Reduced,Best,Best,1,0.5,DA_2_5_5, -0.1, 25426, 300,0.001
GRASP,Reduced,Best,Best,1,0.5,DA_2_5_6, -0.1, 20155, 300,0
GRASP,Reduced,Best,Best,1,0.5,DA_2_5_7, -0.1, 18135, 300,0
GRASP,Reduced,Best,Best,1,0.5,DA_2_5_8, -0.1, 20945, 300,0
GRASP,Reduced,Best,Best,1,0.5,DA_2_5_9, -0.1, 21838, 300,12.305
GRASP,Reduced,Best,Best,1,0.5,DAFJS_3_5_1, -0.1, 23344, 300,48.387
GRASP,Reduced,Best,Best,1,0.5,DAFJS_3_5_10, -0.1, 25923, 300,0.018
GRASP,Reduced,Best,Best,1,0.5,DAFJS_3_5_2, -0.1, 24956, 300,146.784
GRASP,Reduced,Best,Best,1,0.5,DAFJS_3_5_3, -0.1, 24579, 300,0
GRASP,Reduced,Best,Best,1,0.5,DAFJS_3_5_4, -0.1, 21143, 300,113.105
GRASP,Reduced,Best,Best,1,0.5,DAFJS_3_5_5, -0.1, 21120, 300,87.401
GRASP,Reduced,Best,Best,1,0.5,DAFJS_3_5_6, -0.1, 22050, 300,0.246
GRASP,Reduced,Best,Best,1,0.5,DAFJS_3_5_7, -0.1, 22708, 300,0.003
GRASP,Reduced,Best,Best,1,0.5,DAFJS_3_5_8, -0.1, 20278, 300,0.002
GRASP,Reduced,Best,Best,1,0.5,DAFJS_3_5_9, -0.1, 23558, 300,215.566
GRASP,Reduced,Best,Best,1,0.5,YFJS_4_4_7_5_0, -0.2, 33132, 300,4.785
GRASP,Reduced,Best,Best,1,0.5,YFJS_4_4_7_5_1, -0.2, 23100, 300,0.004
GRASP,Reduced,Best,Best,1,0.5,YFJS_4_4_7_5_2, -0.2, 42896, 300,0.171
GRASP,Reduced,Best,Best,1,0.5,YFJS_4_4_7_5_3, -0.2, 24485, 300,0.006
GRASP,Reduced,Best,Best,1,0.5,YFJS_4_4_7_5_4, -0.2, 23597, 300,0
GRASP,Reduced,Best,Best,1,0.5,YFJS_4_4_7_5_5, -0.2, 28655, 300,0.001
GRASP,Reduced,Best,Best,1,0.5,YFJS_4_4_7_5_6, -0.2, 42239, 300,6.033
GRASP,Reduced,Best,Best,1,0.5,YFJS_4_4_7_5_7, -0.2, 31471, 300,37.576
GRASP,Reduced,Best,Best,1,0.5,YFJS_4_4_7_5_8, -0.2, 35250, 300,4.522
GRASP,Reduced,Best,Best,1,0.5,YFJS_4_4_7_5_9, -0.2, 26145, 300,0
GRASP,Reduced,Best,Best,1,0.5,YFJS_5_4_7_5_0, -0.2, 38545, 300,39.016
GRASP,Reduced,Best,Best,1,0.5,YFJS_5_4_7_5_1, -0.2, 28281, 300,0.008
GRASP,Reduced,Best,Best,1,0.5,YFJS_5_4_7_5_2, -0.2, 28120, 300,0.005
GRASP,Reduced,Best,Best,1,0.5,YFJS_5_4_7_5_3, -0.2, 29682, 300,0.001
GRASP,Reduced,Best,Best,1,0.5,YFJS_5_4_7_5_4, -0.2, 41619, 300,0.078
GRASP,Reduced,Best,Best,1,0.5,YFJS_5_4_7_5_5, -0.2, 31280, 300,0.01
GRASP,Reduced,Best,Best,1,0.5,YFJS_5_4_7_5_6, -0.2, 40388, 300,4.996
GRASP,Reduced,Best,Best,1,0.5,YFJS_5_4_7_5_7, -0.2, 26297, 300,0.003
GRASP,Reduced,Best,Best,1,0.5,YFJS_5_4_7_5_8, -0.2, 30717, 300,0.007
GRASP,Reduced,Best,Best,1,0.5,YFJS_5_4_7_5_9, -0.2, 28832, 300,0.016
GRASP,Reduced,Best,Best,1,0.5,YFJS_6_4_7_5_0, -0.2, 34811, 300,0.025
GRASP,Reduced,Best,Best,1,0.5,YFJS_6_4_7_5_1, -0.2, 31747, 300,0.368
GRASP,Reduced,Best,Best,1,0.5,YFJS_6_4_7_5_2, -0.2, 38639, 300,2.355
GRASP,Reduced,Best,Best,1,0.5,YFJS_6_4_7_5_3, -0.2, 28884, 300,171.291
GRASP,Reduced,Best,Best,1,0.5,YFJS_6_4_7_5_4, -0.2, 34231, 300,100.498
GRASP,Reduced,Best,Best,1,0.5,YFJS_6_4_7_5_5, -0.2, 47519, 300,0.513
GRASP,Reduced,Best,Best,1,0.5,YFJS_6_4_7_5_6, -0.2, 34042, 300,6.326
GRASP,Reduced,Best,Best,1,0.5,YFJS_6_4_7_5_7, -0.2, 32313, 300,25.614
GRASP,Reduced,Best,Best,1,0.5,YFJS_6_4_7_5_8, -0.2, 36093, 300,0.154
GRASP,Reduced,Best,Best,1,0.5,YFJS_6_4_7_5_9, -0.2, 31888, 300,118.283
GRASP,Reduced,Best,Best,1,0.5,DA_2_5_1, -0.2, 21327, 300,57.211
GRASP,Reduced,Best,Best,1,0.5,DA_2_5_10, -0.2, 20635, 300,0.018
GRASP,Reduced,Best,Best,1,0.5,DA_2_5_11, -0.2, 17972, 300,0
GRASP,Reduced,Best,Best,1,0.5,DA_2_5_12, -0.2, 19602, 300,0
GRASP,Reduced,Best,Best,1,0.5,DA_2_5_13, -0.2, 18803, 300,1.543
GRASP,Reduced,Best,Best,1,0.5,DA_2_5_14, -0.2, 20568, 300,0
GRASP,Reduced,Best,Best,1,0.5,DA_2_5_15, -0.2, 24715, 300,0.561
GRASP,Reduced,Best,Best,1,0.5,DA_2_5_16, -0.2, 18857, 300,0
GRASP,Reduced,Best,Best,1,0.5,DA_2_5_17, -0.2, 22660, 300,9.002
GRASP,Reduced,Best,Best,1,0.5,DA_2_5_18, -0.2, 18823, 300,0
GRASP,Reduced,Best,Best,1,0.5,DA_2_5_19, -0.2, 27455, 300,0.942
GRASP,Reduced,Best,Best,1,0.5,DA_2_5_2, -0.2, 17874, 300,0
GRASP,Reduced,Best,Best,1,0.5,DA_2_5_20, -0.2, 15143, 300,0
GRASP,Reduced,Best,Best,1,0.5,DA_2_5_3, -0.2, 21817, 300,10.405
GRASP,Reduced,Best,Best,1,0.5,DA_2_5_4, -0.2, 20236, 300,0
GRASP,Reduced,Best,Best,1,0.5,DA_2_5_6, -0.2, 19145, 300,0
GRASP,Reduced,Best,Best,1,0.5,DA_2_5_5, -0.2, 24114, 300,0.001
GRASP,Reduced,Best,Best,1,0.5,DA_2_5_7, -0.2, 17270, 300,0.001
GRASP,Reduced,Best,Best,1,0.5,DA_2_5_8, -0.2, 19642, 300,0
GRASP,Reduced,Best,Best,1,0.5,DA_2_5_9, -0.2, 20086, 300,2.605
GRASP,Reduced,Best,Best,1,0.5,DAFJS_3_5_1, -0.2, 21683, 300,10.458
GRASP,Reduced,Best,Best,1,0.5,DAFJS_3_5_10, -0.2, 23852, 300,103.741
GRASP,Reduced,Best,Best,1,0.5,DAFJS_3_5_2, -0.2, 23300, 300,0.044
GRASP,Reduced,Best,Best,1,0.5,DAFJS_3_5_3, -0.2, 22521, 300,57.831
GRASP,Reduced,Best,Best,1,0.5,DAFJS_3_5_4, -0.2, 19809, 300,0.001
GRASP,Reduced,Best,Best,1,0.5,DAFJS_3_5_5, -0.2, 19773, 300,2.997
GRASP,Reduced,Best,Best,1,0.5,DAFJS_3_5_6, -0.2, 20245, 300,250.302
GRASP,Reduced,Best,Best,1,0.5,DAFJS_3_5_7, -0.2, 20635, 300,0
GRASP,Reduced,Best,Best,1,0.5,DAFJS_3_5_8, -0.2, 19201, 300,1.476
GRASP,Reduced,Best,Best,1,0.5,DAFJS_3_5_9, -0.2, 21552, 300,120.57
GRASP,Reduced,Best,Best,1,0.5,YFJS_4_4_7_5_0, -0.3, 31008, 300,4.459
GRASP,Reduced,Best,Best,1,0.5,YFJS_4_4_7_5_1, -0.3, 22010, 300,0.001
GRASP,Reduced,Best,Best,1,0.5,YFJS_4_4_7_5_3, -0.3, 23774, 300,0.001
GRASP,Reduced,Best,Best,1,0.5,YFJS_4_4_7_5_2, -0.3, 38935, 300,0.001
GRASP,Reduced,Best,Best,1,0.5,YFJS_4_4_7_5_4, -0.3, 22843, 300,0.001
GRASP,Reduced,Best,Best,1,0.5,YFJS_4_4_7_5_5, -0.3, 27366, 300,0
GRASP,Reduced,Best,Best,1,0.5,YFJS_4_4_7_5_6, -0.3, 38932, 300,23.103
GRASP,Reduced,Best,Best,1,0.5,YFJS_4_4_7_5_7, -0.3, 29464, 300,6.966
GRASP,Reduced,Best,Best,1,0.5,YFJS_4_4_7_5_8, -0.3, 33763, 300,11.924
GRASP,Reduced,Best,Best,1,0.5,YFJS_4_4_7_5_9, -0.3, 25072, 300,8.839
GRASP,Reduced,Best,Best,1,0.5,YFJS_5_4_7_5_0, -0.3, 36307, 300,65.914
GRASP,Reduced,Best,Best,1,0.5,YFJS_5_4_7_5_1, -0.3, 27621, 300,89.122
GRASP,Reduced,Best,Best,1,0.5,YFJS_5_4_7_5_2, -0.3, 25619, 300,0.037
GRASP,Reduced,Best,Best,1,0.5,YFJS_5_4_7_5_3, -0.3, 27428, 300,0.539
GRASP,Reduced,Best,Best,1,0.5,YFJS_5_4_7_5_5, -0.3, 29442, 300,0.001
GRASP,Reduced,Best,Best,1,0.5,YFJS_5_4_7_5_4, -0.3, 38256, 300,1.625
GRASP,Reduced,Best,Best,1,0.5,YFJS_5_4_7_5_6, -0.3, 37465, 300,0.615
GRASP,Reduced,Best,Best,1,0.5,YFJS_5_4_7_5_7, -0.3, 25067, 300,11.731
GRASP,Reduced,Best,Best,1,0.5,YFJS_5_4_7_5_8, -0.3, 29207, 300,0.55
GRASP,Reduced,Best,Best,1,0.5,YFJS_5_4_7_5_9, -0.3, 27091, 300,12.211
GRASP,Reduced,Best,Best,1,0.5,YFJS_6_4_7_5_0, -0.3, 32409, 300,0.021
GRASP,Reduced,Best,Best,1,0.5,YFJS_6_4_7_5_1, -0.3, 28985, 300,0.337
GRASP,Reduced,Best,Best,1,0.5,YFJS_6_4_7_5_2, -0.3, 35441, 300,166.001
GRASP,Reduced,Best,Best,1,0.5,YFJS_6_4_7_5_3, -0.3, 27023, 300,173.715
GRASP,Reduced,Best,Best,1,0.5,YFJS_6_4_7_5_4, -0.3, 32465, 300,1.431
GRASP,Reduced,Best,Best,1,0.5,YFJS_6_4_7_5_5, -0.3, 43452, 300,58.941
GRASP,Reduced,Best,Best,1,0.5,YFJS_6_4_7_5_6, -0.3, 31571, 300,0.95
GRASP,Reduced,Best,Best,1,0.5,YFJS_6_4_7_5_7, -0.3, 30783, 300,221.047
GRASP,Reduced,Best,Best,1,0.5,YFJS_6_4_7_5_8, -0.3, 32826, 300,61.19
GRASP,Reduced,Best,Best,1,0.5,DA_2_5_1, -0.3, 19443, 300,13.272
GRASP,Reduced,Best,Best,1,0.5,YFJS_6_4_7_5_9, -0.3, 31093, 300,0.001
GRASP,Reduced,Best,Best,1,0.5,DA_2_5_10, -0.3, 18916, 300,0.011
GRASP,Reduced,Best,Best,1,0.5,DA_2_5_11, -0.3, 17419, 300,0.001
GRASP,Reduced,Best,Best,1,0.5,DA_2_5_12, -0.3, 18800, 300,0
GRASP,Reduced,Best,Best,1,0.5,DA_2_5_13, -0.3, 17596, 300,2.902
GRASP,Reduced,Best,Best,1,0.5,DA_2_5_14, -0.3, 18692, 300,4.142
GRASP,Reduced,Best,Best,1,0.5,DA_2_5_15, -0.3, 24256, 300,0.092
GRASP,Reduced,Best,Best,1,0.5,DA_2_5_16, -0.3, 17900, 300,0
GRASP,Reduced,Best,Best,1,0.5,DA_2_5_17, -0.3, 20797, 300,0.073
GRASP,Reduced,Best,Best,1,0.5,DA_2_5_18, -0.3, 17395, 300,0.073
GRASP,Reduced,Best,Best,1,0.5,DA_2_5_19, -0.3, 25304, 300,3.096
GRASP,Reduced,Best,Best,1,0.5,DA_2_5_2, -0.3, 17105, 300,3.88
GRASP,Reduced,Best,Best,1,0.5,DA_2_5_20, -0.3, 14077, 300,0
GRASP,Reduced,Best,Best,1,0.5,DA_2_5_3, -0.3, 20620, 300,4.735
GRASP,Reduced,Best,Best,1,0.5,DA_2_5_4, -0.3, 18625, 300,0.248
GRASP,Reduced,Best,Best,1,0.5,DA_2_5_5, -0.3, 22734, 300,9.701
GRASP,Reduced,Best,Best,1,0.5,DA_2_5_6, -0.3, 18253, 300,0
GRASP,Reduced,Best,Best,1,0.5,DA_2_5_7, -0.3, 16495, 300,0
GRASP,Reduced,Best,Best,1,0.5,DA_2_5_8, -0.3, 18474, 300,0.002
GRASP,Reduced,Best,Best,1,0.5,DA_2_5_9, -0.3, 18521, 300,5.259
GRASP,Reduced,Best,Best,1,0.5,DAFJS_3_5_1, -0.3, 19726, 300,102.101
GRASP,Reduced,Best,Best,1,0.5,DAFJS_3_5_10, -0.3, 22396, 300,79.745
GRASP,Reduced,Best,Best,1,0.5,DAFJS_3_5_2, -0.3, 21372, 300,0.139
GRASP,Reduced,Best,Best,1,0.5,DAFJS_3_5_3, -0.3, 20389, 300,0.004
GRASP,Reduced,Best,Best,1,0.5,DAFJS_3_5_4, -0.3, 18472, 300,0
GRASP,Reduced,Best,Best,1,0.5,DAFJS_3_5_5, -0.3, 18396, 300,76.16
GRASP,Reduced,Best,Best,1,0.5,DAFJS_3_5_6, -0.3, 18501, 300,148.926
GRASP,Reduced,Best,Best,1,0.5,DAFJS_3_5_7, -0.3, 18762, 300,1.198
GRASP,Reduced,Best,Best,1,0.5,DAFJS_3_5_8, -0.3, 18253, 300,1.795
GRASP,Reduced,Best,Best,1,0.5,DAFJS_3_5_9, -0.3, 20146, 300,138.673
GRASP,Reduced,Best,Best,1,0.5,YFJS_4_4_7_5_0, -0.1, 35046, 300,0
GRASP,Reduced,Best,Best,1,0.5,YFJS_4_4_7_5_1, -0.1, 24359, 300,0.003
GRASP,Reduced,Best,Best,1,0.5,YFJS_4_4_7_5_2, -0.1, 47391, 300,0.04
GRASP,Reduced,Best,Best,1,0.5,YFJS_4_4_7_5_3, -0.1, 25394, 300,0
GRASP,Reduced,Best,Best,1,0.5,YFJS_4_4_7_5_4, -0.1, 23985, 300,0
GRASP,Reduced,Best,Best,1,0.5,YFJS_4_4_7_5_5, -0.1, 29469, 300,1.307
GRASP,Reduced,Best,Best,1,0.5,YFJS_4_4_7_5_6, -0.1, 45705, 300,17.794
GRASP,Reduced,Best,Best,1,0.5,YFJS_4_4_7_5_7, -0.1, 33829, 300,1.88
GRASP,Reduced,Best,Best,1,0.5,YFJS_4_4_7_5_8, -0.1, 37049, 300,0.001
GRASP,Reduced,Best,Best,1,0.5,YFJS_4_4_7_5_9, -0.1, 27310, 300,0.002
GRASP,Reduced,Best,Best,1,0.5,YFJS_5_4_7_5_0, -0.1, 41300, 300,0.048
GRASP,Reduced,Best,Best,1,0.5,YFJS_5_4_7_5_1, -0.1, 31276, 300,118.946
GRASP,Reduced,Best,Best,1,0.5,YFJS_5_4_7_5_2, -0.1, 30962, 300,0.005
GRASP,Reduced,Best,Best,1,0.5,YFJS_5_4_7_5_3, -0.1, 31398, 300,0.004
GRASP,Reduced,Best,Best,1,0.5,YFJS_5_4_7_5_4, -0.1, 45442, 300,0.001
GRASP,Reduced,Best,Best,1,0.5,YFJS_5_4_7_5_5, -0.1, 33791, 300,1.497
GRASP,Reduced,Best,Best,1,0.5,YFJS_5_4_7_5_6, -0.1, 42838, 300,29.803
GRASP,Reduced,Best,Best,1,0.5,YFJS_5_4_7_5_7, -0.1, 28247, 300,0.001
GRASP,Reduced,Best,Best,1,0.5,YFJS_5_4_7_5_8, -0.1, 33601, 300,0
GRASP,Reduced,Best,Best,1,0.5,YFJS_5_4_7_5_9, -0.1, 30837, 300,0.003
GRASP,Reduced,Best,Best,1,0.5,YFJS_6_4_7_5_0, -0.1, 37308, 300,0.006
GRASP,Reduced,Best,Best,1,0.5,YFJS_6_4_7_5_1, -0.1, 34282, 300,0.041
GRASP,Reduced,Best,Best,1,0.5,YFJS_6_4_7_5_2, -0.1, 42079, 300,0.132
GRASP,Reduced,Best,Best,1,0.5,YFJS_6_4_7_5_3, -0.1, 30905, 300,68.603
GRASP,Reduced,Best,Best,1,0.5,YFJS_6_4_7_5_4, -0.1, 36170, 300,0.065
GRASP,Reduced,Best,Best,1,0.5,YFJS_6_4_7_5_5, -0.1, 51466, 300,1.728
GRASP,Reduced,Best,Best,1,0.5,YFJS_6_4_7_5_6, -0.1, 36719, 300,0.002
GRASP,Reduced,Best,Best,1,0.5,YFJS_6_4_7_5_7, -0.1, 34509, 300,19.33
GRASP,Reduced,Best,Best,1,0.5,YFJS_6_4_7_5_8, -0.1, 39798, 300,0.003
GRASP,Reduced,Best,Best,1,0.5,YFJS_6_4_7_5_9, -0.1, 33974, 300,0.016
GRASP,Reduced,Best,Best,1,0.5,DA_2_5_1, -0.1, 22875, 300,116.849
GRASP,Reduced,Best,Best,1,0.5,DA_2_5_10, -0.1, 22708, 300,0.038
GRASP,Reduced,Best,Best,1,0.5,DA_2_5_11, -0.1, 18363, 300,0
GRASP,Reduced,Best,Best,1,0.5,DA_2_5_12, -0.1, 20498, 300,0
GRASP,Reduced,Best,Best,1,0.5,DA_2_5_13, -0.1, 20593, 300,0.873
GRASP,Reduced,Best,Best,1,0.5,DA_2_5_14, -0.1, 22867, 300,0.574
GRASP,Reduced,Best,Best,1,0.5,DA_2_5_15, -0.1, 25715, 300,0.032
GRASP,Reduced,Best,Best,1,0.5,DA_2_5_16, -0.1, 19878, 300,0
GRASP,Reduced,Best,Best,1,0.5,DA_2_5_17, -0.1, 24267, 300,2.664
GRASP,Reduced,Best,Best,1,0.5,DA_2_5_18, -0.1, 20336, 300,0.001
GRASP,Reduced,Best,Best,1,0.5,DA_2_5_19, -0.1, 29968, 300,8.064
GRASP,Reduced,Best,Best,1,0.5,DA_2_5_2, -0.1, 18670, 300,17.643
GRASP,Reduced,Best,Best,1,0.5,DA_2_5_20, -0.1, 16313, 300,0
GRASP,Reduced,Best,Best,1,0.5,DA_2_5_3, -0.1, 23140, 300,0.355
GRASP,Reduced,Best,Best,1,0.5,DA_2_5_4, -0.1, 21715, 300,0.037
GRASP,Reduced,Best,Best,1,0.5,DA_2_5_5, -0.1, 25426, 300,0
GRASP,Reduced,Best,Best,1,0.5,DA_2_5_6, -0.1, 20155, 300,0
GRASP,Reduced,Best,Best,1,0.5,DA_2_5_7, -0.1, 18135, 300,0
GRASP,Reduced,Best,Best,1,0.5,DA_2_5_8, -0.1, 20945, 300,0
GRASP,Reduced,Best,Best,1,0.5,DA_2_5_9, -0.1, 21838, 300,9.617
GRASP,Reduced,Best,Best,1,0.5,DAFJS_3_5_1, -0.1, 23389, 300,272.524
GRASP,Reduced,Best,Best,1,0.5,DAFJS_3_5_10, -0.1, 25923, 300,0.003
GRASP,Reduced,Best,Best,1,0.5,DAFJS_3_5_2, -0.1, 24998, 300,0.104
GRASP,Reduced,Best,Best,1,0.5,DAFJS_3_5_3, -0.1, 24579, 300,0.002
GRASP,Reduced,Best,Best,1,0.5,DAFJS_3_5_4, -0.1, 21143, 300,15.067
GRASP,Reduced,Best,Best,1,0.5,DAFJS_3_5_5, -0.1, 21120, 300,26.827
GRASP,Reduced,Best,Best,1,0.5,DAFJS_3_5_6, -0.1, 22050, 300,0.018
GRASP,Reduced,Best,Best,1,0.5,DAFJS_3_5_7, -0.1, 22708, 300,0.001
GRASP,Reduced,Best,Best,1,0.5,DAFJS_3_5_8, -0.1, 20278, 300,0.002
GRASP,Reduced,Best,Best,1,0.5,DAFJS_3_5_9, -0.1, 23558, 300,120.216
GRASP,Reduced,Best,Best,1,0.5,YFJS_4_4_7_5_0, -0.2, 33132, 300,3.712
GRASP,Reduced,Best,Best,1,0.5,YFJS_4_4_7_5_1, -0.2, 23100, 300,0.001
GRASP,Reduced,Best,Best,1,0.5,YFJS_4_4_7_5_2, -0.2, 42896, 300,0.104
GRASP,Reduced,Best,Best,1,0.5,YFJS_4_4_7_5_3, -0.2, 24485, 300,0.023
GRASP,Reduced,Best,Best,1,0.5,YFJS_4_4_7_5_4, -0.2, 23597, 300,0
GRASP,Reduced,Best,Best,1,0.5,YFJS_4_4_7_5_5, -0.2, 28655, 300,0
GRASP,Reduced,Best,Best,1,0.5,YFJS_4_4_7_5_6, -0.2, 42239, 300,12.473
GRASP,Reduced,Best,Best,1,0.5,YFJS_4_4_7_5_7, -0.2, 31471, 300,13.935
GRASP,Reduced,Best,Best,1,0.5,YFJS_4_4_7_5_8, -0.2, 35250, 300,0.807
GRASP,Reduced,Best,Best,1,0.5,YFJS_4_4_7_5_9, -0.2, 26145, 300,0.001
GRASP,Reduced,Best,Best,1,0.5,YFJS_5_4_7_5_0, -0.2, 38545, 300,10.319
GRASP,Reduced,Best,Best,1,0.5,YFJS_5_4_7_5_1, -0.2, 28281, 300,0.054
GRASP,Reduced,Best,Best,1,0.5,YFJS_5_4_7_5_2, -0.2, 28120, 300,0.002
GRASP,Reduced,Best,Best,1,0.5,YFJS_5_4_7_5_3, -0.2, 29682, 300,0
GRASP,Reduced,Best,Best,1,0.5,YFJS_5_4_7_5_4, -0.2, 41619, 300,0.078
GRASP,Reduced,Best,Best,1,0.5,YFJS_5_4_7_5_5, -0.2, 31280, 300,0.003
GRASP,Reduced,Best,Best,1,0.5,YFJS_5_4_7_5_6, -0.2, 40388, 300,20.775
GRASP,Reduced,Best,Best,1,0.5,YFJS_5_4_7_5_7, -0.2, 26297, 300,0.005
GRASP,Reduced,Best,Best,1,0.5,YFJS_5_4_7_5_8, -0.2, 30717, 300,0.001
GRASP,Reduced,Best,Best,1,0.5,YFJS_5_4_7_5_9, -0.2, 28832, 300,0.087
GRASP,Reduced,Best,Best,1,0.5,YFJS_6_4_7_5_0, -0.2, 34811, 300,0.038
GRASP,Reduced,Best,Best,1,0.5,YFJS_6_4_7_5_1, -0.2, 31702, 300,241.011
GRASP,Reduced,Best,Best,1,0.5,YFJS_6_4_7_5_2, -0.2, 38639, 300,64.38
GRASP,Reduced,Best,Best,1,0.5,YFJS_6_4_7_5_3, -0.2, 29000, 300,33.017
GRASP,Reduced,Best,Best,1,0.5,YFJS_6_4_7_5_4, -0.2, 34823, 300,12.446
GRASP,Reduced,Best,Best,1,0.5,YFJS_6_4_7_5_5, -0.2, 47519, 300,7.934
GRASP,Reduced,Best,Best,1,0.5,YFJS_6_4_7_5_6, -0.2, 34042, 300,13.663
GRASP,Reduced,Best,Best,1,0.5,YFJS_6_4_7_5_7, -0.2, 32803, 300,233.371
GRASP,Reduced,Best,Best,1,0.5,YFJS_6_4_7_5_8, -0.2, 36093, 300,0.073
GRASP,Reduced,Best,Best,1,0.5,YFJS_6_4_7_5_9, -0.2, 32042, 300,42.054
GRASP,Reduced,Best,Best,1,0.5,DA_2_5_1, -0.2, 21327, 300,2.116
GRASP,Reduced,Best,Best,1,0.5,DA_2_5_10, -0.2, 20635, 300,0.03
GRASP,Reduced,Best,Best,1,0.5,DA_2_5_11, -0.2, 17972, 300,0
GRASP,Reduced,Best,Best,1,0.5,DA_2_5_12, -0.2, 19602, 300,0
GRASP,Reduced,Best,Best,1,0.5,DA_2_5_13, -0.2, 18803, 300,0.623
GRASP,Reduced,Best,Best,1,0.5,DA_2_5_14, -0.2, 20568, 300,0
GRASP,Reduced,Best,Best,1,0.5,DA_2_5_15, -0.2, 24715, 300,0.097
GRASP,Reduced,Best,Best,1,0.5,DA_2_5_16, -0.2, 18857, 300,0
GRASP,Reduced,Best,Best,1,0.5,DA_2_5_17, -0.2, 22660, 300,1.953
GRASP,Reduced,Best,Best,1,0.5,DA_2_5_18, -0.2, 18823, 300,0
GRASP,Reduced,Best,Best,1,0.5,DA_2_5_19, -0.2, 27455, 300,0.658
GRASP,Reduced,Best,Best,1,0.5,DA_2_5_2, -0.2, 17874, 300,1.758
GRASP,Reduced,Best,Best,1,0.5,DA_2_5_20, -0.2, 15143, 300,0
GRASP,Reduced,Best,Best,1,0.5,DA_2_5_3, -0.2, 21817, 300,10.455
GRASP,Reduced,Best,Best,1,0.5,DA_2_5_4, -0.2, 20236, 300,0.001
GRASP,Reduced,Best,Best,1,0.5,DA_2_5_5, -0.2, 24114, 300,0.003
GRASP,Reduced,Best,Best,1,0.5,DA_2_5_6, -0.2, 19145, 300,0
GRASP,Reduced,Best,Best,1,0.5,DA_2_5_7, -0.2, 17270, 300,0
GRASP,Reduced,Best,Best,1,0.5,DA_2_5_8, -0.2, 19642, 300,0
GRASP,Reduced,Best,Best,1,0.5,DA_2_5_9, -0.2, 20086, 300,4.532
GRASP,Reduced,Best,Best,1,0.5,DAFJS_3_5_1, -0.2, 21352, 300,181.711
GRASP,Reduced,Best,Best,1,0.5,DAFJS_3_5_10, -0.2, 23852, 300,8.849
GRASP,Reduced,Best,Best,1,0.5,DAFJS_3_5_2, -0.2, 23300, 300,0.001
GRASP,Reduced,Best,Best,1,0.5,DAFJS_3_5_3, -0.2, 22521, 300,8.692
GRASP,Reduced,Best,Best,1,0.5,DAFJS_3_5_4, -0.2, 19809, 300,0.001
GRASP,Reduced,Best,Best,1,0.5,DAFJS_3_5_5, -0.2, 19773, 300,25.02
GRASP,Reduced,Best,Best,1,0.5,DAFJS_3_5_6, -0.2, 20245, 300,137.724
GRASP,Reduced,Best,Best,1,0.5,DAFJS_3_5_7, -0.2, 20635, 300,0
GRASP,Reduced,Best,Best,1,0.5,DAFJS_3_5_8, -0.2, 19201, 300,2.005
GRASP,Reduced,Best,Best,1,0.5,DAFJS_3_5_9, -0.2, 21958, 300,197.151
GRASP,Reduced,Best,Best,1,0.5,YFJS_4_4_7_5_0, -0.3, 31008, 300,3.924
GRASP,Reduced,Best,Best,1,0.5,YFJS_4_4_7_5_1, -0.3, 22010, 300,0.004
GRASP,Reduced,Best,Best,1,0.5,YFJS_4_4_7_5_2, -0.3, 38935, 300,0.003
GRASP,Reduced,Best,Best,1,0.5,YFJS_4_4_7_5_3, -0.3, 23774, 300,0
GRASP,Reduced,Best,Best,1,0.5,YFJS_4_4_7_5_4, -0.3, 22843, 300,0
GRASP,Reduced,Best,Best,1,0.5,YFJS_4_4_7_5_5, -0.3, 27366, 300,0
GRASP,Reduced,Best,Best,1,0.5,YFJS_4_4_7_5_6, -0.3, 38932, 300,31.282
GRASP,Reduced,Best,Best,1,0.5,YFJS_4_4_7_5_7, -0.3, 29464, 300,3.444
GRASP,Reduced,Best,Best,1,0.5,YFJS_4_4_7_5_8, -0.3, 33763, 300,4.589
GRASP,Reduced,Best,Best,1,0.5,YFJS_4_4_7_5_9, -0.3, 25072, 300,104.733
GRASP,Reduced,Best,Best,1,0.5,YFJS_5_4_7_5_0, -0.3, 36307, 300,72.077
GRASP,Reduced,Best,Best,1,0.5,YFJS_5_4_7_5_1, -0.3, 26571, 300,67.047
GRASP,Reduced,Best,Best,1,0.5,YFJS_5_4_7_5_2, -0.3, 25619, 300,0.067
GRASP,Reduced,Best,Best,1,0.5,YFJS_5_4_7_5_3, -0.3, 27428, 300,0.342
GRASP,Reduced,Best,Best,1,0.5,YFJS_5_4_7_5_4, -0.3, 38256, 300,0.041
GRASP,Reduced,Best,Best,1,0.5,YFJS_5_4_7_5_5, -0.3, 29442, 300,0.001
GRASP,Reduced,Best,Best,1,0.5,YFJS_5_4_7_5_6, -0.3, 37465, 300,0.426
GRASP,Reduced,Best,Best,1,0.5,YFJS_5_4_7_5_7, -0.3, 25067, 300,1.2
GRASP,Reduced,Best,Best,1,0.5,YFJS_5_4_7_5_8, -0.3, 29207, 300,5.449
GRASP,Reduced,Best,Best,1,0.5,YFJS_5_4_7_5_9, -0.3, 27091, 300,1.359
GRASP,Reduced,Best,Best,1,0.5,YFJS_6_4_7_5_0, -0.3, 32409, 300,0.013
GRASP,Reduced,Best,Best,1,0.5,YFJS_6_4_7_5_2, -0.3, 35441, 300,96.476
GRASP,Reduced,Best,Best,1,0.5,YFJS_6_4_7_5_3, -0.3, 27023, 300,51.048
GRASP,Reduced,Best,Best,1,0.5,YFJS_6_4_7_5_4, -0.3, 32465, 300,0.348
GRASP,Reduced,Best,Best,1,0.5,YFJS_6_4_7_5_1, -0.3, 28985, 300,0.222
GRASP,Reduced,Best,Best,1,0.5,YFJS_6_4_7_5_5, -0.3, 43452, 300,46.336
GRASP,Reduced,Best,Best,1,0.5,YFJS_6_4_7_5_6, -0.3, 31571, 300,1.562
GRASP,Reduced,Best,Best,1,0.5,YFJS_6_4_7_5_7, -0.3, 30428, 300,51.693
GRASP,Reduced,Best,Best,1,0.5,YFJS_6_4_7_5_8, -0.3, 32826, 300,89.794
GRASP,Reduced,Best,Best,1,0.5,YFJS_6_4_7_5_9, -0.3, 29848, 300,272.612
GRASP,Reduced,Best,Best,1,0.5,DA_2_5_1, -0.3, 19443, 300,121.554
GRASP,Reduced,Best,Best,1,0.5,DA_2_5_10, -0.3, 18916, 300,0.023
GRASP,Reduced,Best,Best,1,0.5,DA_2_5_11, -0.3, 17419, 300,0.001
GRASP,Reduced,Best,Best,1,0.5,DA_2_5_12, -0.3, 18800, 300,0
GRASP,Reduced,Best,Best,1,0.5,DA_2_5_13, -0.3, 17596, 300,47.531
GRASP,Reduced,Best,Best,1,0.5,DA_2_5_14, -0.3, 18692, 300,7.934
GRASP,Reduced,Best,Best,1,0.5,DA_2_5_15, -0.3, 24256, 300,0.022
GRASP,Reduced,Best,Best,1,0.5,DA_2_5_16, -0.3, 17900, 300,0
GRASP,Reduced,Best,Best,1,0.5,DA_2_5_17, -0.3, 20797, 300,0.001
GRASP,Reduced,Best,Best,1,0.5,DA_2_5_18, -0.3, 17395, 300,0.045
GRASP,Reduced,Best,Best,1,0.5,DA_2_5_19, -0.3, 25304, 300,3.95
GRASP,Reduced,Best,Best,1,0.5,DA_2_5_2, -0.3, 17105, 300,1.416
GRASP,Reduced,Best,Best,1,0.5,DA_2_5_20, -0.3, 14077, 300,0
GRASP,Reduced,Best,Best,1,0.5,DA_2_5_3, -0.3, 20620, 300,3.383
GRASP,Reduced,Best,Best,1,0.5,DA_2_5_4, -0.3, 18625, 300,0.215
GRASP,Reduced,Best,Best,1,0.5,DA_2_5_5, -0.3, 22734, 300,16.876
GRASP,Reduced,Best,Best,1,0.5,DA_2_5_6, -0.3, 18253, 300,0
GRASP,Reduced,Best,Best,1,0.5,DA_2_5_7, -0.3, 16495, 300,0
GRASP,Reduced,Best,Best,1,0.5,DA_2_5_8, -0.3, 18474, 300,0
GRASP,Reduced,Best,Best,1,0.5,DA_2_5_9, -0.3, 18521, 300,7.458
GRASP,Reduced,Best,Best,1,0.5,DAFJS_3_5_1, -0.3, 19726, 300,117.364
GRASP,Reduced,Best,Best,1,0.5,DAFJS_3_5_10, -0.3, 22396, 300,21.439
GRASP,Reduced,Best,Best,1,0.5,DAFJS_3_5_2, -0.3, 21372, 300,0
GRASP,Reduced,Best,Best,1,0.5,DAFJS_3_5_3, -0.3, 20389, 300,0.029
GRASP,Reduced,Best,Best,1,0.5,DAFJS_3_5_4, -0.3, 18472, 300,0.001
GRASP,Reduced,Best,Best,1,0.5,DAFJS_3_5_5, -0.3, 18396, 300,2.941
GRASP,Reduced,Best,Best,1,0.5,DAFJS_3_5_6, -0.3, 18749, 300,97.602
GRASP,Reduced,Best,Best,1,0.5,DAFJS_3_5_7, -0.3, 18762, 300,3.028
GRASP,Reduced,Best,Best,1,0.5,DAFJS_3_5_8, -0.3, 18253, 300,1.893
GRASP,Reduced,Best,Best,1,0.5,DAFJS_3_5_9, -0.3, 20139, 300,157.789
GRASP,Reduced,Best,Best,1,0.5,YFJS_4_4_7_5_0, -0.1, 35046, 300,0
GRASP,Reduced,Best,Best,1,0.5,YFJS_4_4_7_5_1, -0.1, 24359, 300,0
GRASP,Reduced,Best,Best,1,0.5,YFJS_4_4_7_5_2, -0.1, 47391, 300,0.005
GRASP,Reduced,Best,Best,1,0.5,YFJS_4_4_7_5_3, -0.1, 25394, 300,0
GRASP,Reduced,Best,Best,1,0.5,YFJS_4_4_7_5_4, -0.1, 23985, 300,0.001
GRASP,Reduced,Best,Best,1,0.5,YFJS_4_4_7_5_5, -0.1, 29469, 300,0.033
GRASP,Reduced,Best,Best,1,0.5,YFJS_4_4_7_5_6, -0.1, 45705, 300,13.962
GRASP,Reduced,Best,Best,1,0.5,YFJS_4_4_7_5_7, -0.1, 33829, 300,3.302
GRASP,Reduced,Best,Best,1,0.5,YFJS_4_4_7_5_8, -0.1, 37049, 300,0.001
GRASP,Reduced,Best,Best,1,0.5,YFJS_4_4_7_5_9, -0.1, 27310, 300,0.001
GRASP,Reduced,Best,Best,1,0.5,YFJS_5_4_7_5_0, -0.1, 41300, 300,0.145
GRASP,Reduced,Best,Best,1,0.5,YFJS_5_4_7_5_1, -0.1, 30145, 300,15.938
GRASP,Reduced,Best,Best,1,0.5,YFJS_5_4_7_5_2, -0.1, 30962, 300,0.014
GRASP,Reduced,Best,Best,1,0.5,YFJS_5_4_7_5_3, -0.1, 31398, 300,0.001
GRASP,Reduced,Best,Best,1,0.5,YFJS_5_4_7_5_4, -0.1, 45442, 300,0.008
GRASP,Reduced,Best,Best,1,0.5,YFJS_5_4_7_5_5, -0.1, 33791, 300,8.707
GRASP,Reduced,Best,Best,1,0.5,YFJS_5_4_7_5_6, -0.1, 42838, 300,9.84
GRASP,Reduced,Best,Best,1,0.5,YFJS_5_4_7_5_7, -0.1, 28247, 300,0.001
GRASP,Reduced,Best,Best,1,0.5,YFJS_5_4_7_5_8, -0.1, 33601, 300,0.002
GRASP,Reduced,Best,Best,1,0.5,YFJS_5_4_7_5_9, -0.1, 30837, 300,0.001
GRASP,Reduced,Best,Best,1,0.5,YFJS_6_4_7_5_0, -0.1, 37308, 300,0.133
GRASP,Reduced,Best,Best,1,0.5,YFJS_6_4_7_5_1, -0.1, 34282, 300,0.025
GRASP,Reduced,Best,Best,1,0.5,YFJS_6_4_7_5_2, -0.1, 42079, 300,139.795
GRASP,Reduced,Best,Best,1,0.5,YFJS_6_4_7_5_3, -0.1, 30965, 300,107.724
GRASP,Reduced,Best,Best,1,0.5,YFJS_6_4_7_5_4, -0.1, 36170, 300,2.148
GRASP,Reduced,Best,Best,1,0.5,YFJS_6_4_7_5_5, -0.1, 51466, 300,0.312
GRASP,Reduced,Best,Best,1,0.5,YFJS_6_4_7_5_6, -0.1, 36719, 300,0.005
GRASP,Reduced,Best,Best,1,0.5,YFJS_6_4_7_5_7, -0.1, 34509, 300,240.124
GRASP,Reduced,Best,Best,1,0.5,YFJS_6_4_7_5_8, -0.1, 39798, 300,0.045
GRASP,Reduced,Best,Best,1,0.5,YFJS_6_4_7_5_9, -0.1, 33974, 300,0.03
GRASP,Reduced,Best,Best,1,0.5,DA_2_5_1, -0.1, 22875, 300,10.457
GRASP,Reduced,Best,Best,1,0.5,DA_2_5_10, -0.1, 22708, 300,0.078
GRASP,Reduced,Best,Best,1,0.5,DA_2_5_11, -0.1, 18363, 300,0
GRASP,Reduced,Best,Best,1,0.5,DA_2_5_12, -0.1, 20498, 300,0
GRASP,Reduced,Best,Best,1,0.5,DA_2_5_13, -0.1, 20593, 300,0.553
GRASP,Reduced,Best,Best,1,0.5,DA_2_5_14, -0.1, 22867, 300,1.493
GRASP,Reduced,Best,Best,1,0.5,DA_2_5_15, -0.1, 25715, 300,0.108
GRASP,Reduced,Best,Best,1,0.5,DA_2_5_16, -0.1, 19878, 300,0
GRASP,Reduced,Best,Best,1,0.5,DA_2_5_17, -0.1, 24267, 300,5.828
GRASP,Reduced,Best,Best,1,0.5,DA_2_5_18, -0.1, 20336, 300,0
GRASP,Reduced,Best,Best,1,0.5,DA_2_5_19, -0.1, 29968, 300,6.903
GRASP,Reduced,Best,Best,1,0.5,DA_2_5_2, -0.1, 18670, 300,0.561
GRASP,Reduced,Best,Best,1,0.5,DA_2_5_20, -0.1, 16313, 300,0
GRASP,Reduced,Best,Best,1,0.5,DA_2_5_3, -0.1, 23140, 300,3.147
GRASP,Reduced,Best,Best,1,0.5,DA_2_5_4, -0.1, 21715, 300,0.059
GRASP,Reduced,Best,Best,1,0.5,DA_2_5_5, -0.1, 25426, 300,0
GRASP,Reduced,Best,Best,1,0.5,DA_2_5_6, -0.1, 20155, 300,0
GRASP,Reduced,Best,Best,1,0.5,DA_2_5_7, -0.1, 18135, 300,0.003
GRASP,Reduced,Best,Best,1,0.5,DA_2_5_9, -0.1, 21838, 300,3.344
GRASP,Reduced,Best,Best,1,0.5,DAFJS_3_5_1, -0.1, 23344, 300,157.856
GRASP,Reduced,Best,Best,1,0.5,DA_2_5_8, -0.1, 20945, 300.001,0.001
GRASP,Reduced,Best,Best,1,0.5,DAFJS_3_5_10, -0.1, 25923, 300,0.005
GRASP,Reduced,Best,Best,1,0.5,DAFJS_3_5_2, -0.1, 24998, 300,0.002
GRASP,Reduced,Best,Best,1,0.5,DAFJS_3_5_3, -0.1, 24579, 300,0.052
GRASP,Reduced,Best,Best,1,0.5,DAFJS_3_5_4, -0.1, 21143, 300,31.379
GRASP,Reduced,Best,Best,1,0.5,DAFJS_3_5_5, -0.1, 21120, 300,39.211
GRASP,Reduced,Best,Best,1,0.5,DAFJS_3_5_6, -0.1, 22050, 300,0.081
GRASP,Reduced,Best,Best,1,0.5,DAFJS_3_5_7, -0.1, 22708, 300,0.005
GRASP,Reduced,Best,Best,1,0.5,DAFJS_3_5_8, -0.1, 20278, 300,0.001
GRASP,Reduced,Best,Best,1,0.5,DAFJS_3_5_9, -0.1, 23558, 300,189.114
GRASP,Reduced,Best,Best,1,0.5,YFJS_4_4_7_5_0, -0.2, 33132, 300,8.742
GRASP,Reduced,Best,Best,1,0.5,YFJS_4_4_7_5_1, -0.2, 23100, 300,0.012
GRASP,Reduced,Best,Best,1,0.5,YFJS_4_4_7_5_2, -0.2, 42896, 300,0.016
GRASP,Reduced,Best,Best,1,0.5,YFJS_4_4_7_5_3, -0.2, 24485, 300,0.001
GRASP,Reduced,Best,Best,1,0.5,YFJS_4_4_7_5_4, -0.2, 23597, 300,0
GRASP,Reduced,Best,Best,1,0.5,YFJS_4_4_7_5_5, -0.2, 28655, 300,0
GRASP,Reduced,Best,Best,1,0.5,YFJS_4_4_7_5_6, -0.2, 42239, 300,13.692
GRASP,Reduced,Best,Best,1,0.5,YFJS_4_4_7_5_7, -0.2, 31471, 300,18.46
GRASP,Reduced,Best,Best,1,0.5,YFJS_4_4_7_5_8, -0.2, 35250, 300,0.498
GRASP,Reduced,Best,Best,1,0.5,YFJS_4_4_7_5_9, -0.2, 26145, 300,0.001
GRASP,Reduced,Best,Best,1,0.5,YFJS_5_4_7_5_0, -0.2, 38545, 300,56.887
GRASP,Reduced,Best,Best,1,0.5,YFJS_5_4_7_5_1, -0.2, 28281, 300,0.06
GRASP,Reduced,Best,Best,1,0.5,YFJS_5_4_7_5_2, -0.2, 28120, 300,0.009
GRASP,Reduced,Best,Best,1,0.5,YFJS_5_4_7_5_3, -0.2, 29682, 300,0
GRASP,Reduced,Best,Best,1,0.5,YFJS_5_4_7_5_4, -0.2, 41619, 300,0.047
GRASP,Reduced,Best,Best,1,0.5,YFJS_5_4_7_5_5, -0.2, 31280, 300,0.009
GRASP,Reduced,Best,Best,1,0.5,YFJS_5_4_7_5_6, -0.2, 40388, 300,4.105
GRASP,Reduced,Best,Best,1,0.5,YFJS_5_4_7_5_7, -0.2, 26297, 300,0.001
GRASP,Reduced,Best,Best,1,0.5,YFJS_5_4_7_5_8, -0.2, 30717, 300,0
GRASP,Reduced,Best,Best,1,0.5,YFJS_5_4_7_5_9, -0.2, 28832, 300,0.047
GRASP,Reduced,Best,Best,1,0.5,YFJS_6_4_7_5_0, -0.2, 34811, 300,0.034
GRASP,Reduced,Best,Best,1,0.5,YFJS_6_4_7_5_1, -0.2, 31747, 300,0.187
GRASP,Reduced,Best,Best,1,0.5,YFJS_6_4_7_5_2, -0.2, 38639, 300,40.23
GRASP,Reduced,Best,Best,1,0.5,YFJS_6_4_7_5_3, -0.2, 28884, 300,190.315
GRASP,Reduced,Best,Best,1,0.5,YFJS_6_4_7_5_4, -0.2, 34231, 300,274.876
GRASP,Reduced,Best,Best,1,0.5,YFJS_6_4_7_5_5, -0.2, 47519, 300,0.96
GRASP,Reduced,Best,Best,1,0.5,YFJS_6_4_7_5_6, -0.2, 34042, 300,3.107
GRASP,Reduced,Best,Best,1,0.5,YFJS_6_4_7_5_7, -0.2, 32080, 300,228.203
GRASP,Reduced,Best,Best,1,0.5,YFJS_6_4_7_5_8, -0.2, 36093, 300,0.396
GRASP,Reduced,Best,Best,1,0.5,YFJS_6_4_7_5_9, -0.2, 31888, 300,137.771
GRASP,Reduced,Best,Best,1,0.5,DA_2_5_1, -0.2, 21327, 300,39.616
GRASP,Reduced,Best,Best,1,0.5,DA_2_5_10, -0.2, 20635, 300,0.02
GRASP,Reduced,Best,Best,1,0.5,DA_2_5_11, -0.2, 17972, 300,0
GRASP,Reduced,Best,Best,1,0.5,DA_2_5_12, -0.2, 19602, 300,0
GRASP,Reduced,Best,Best,1,0.5,DA_2_5_13, -0.2, 18803, 300,1.419
GRASP,Reduced,Best,Best,1,0.5,DA_2_5_14, -0.2, 20568, 300,0
GRASP,Reduced,Best,Best,1,0.5,DA_2_5_15, -0.2, 24715, 300,0.189
GRASP,Reduced,Best,Best,1,0.5,DA_2_5_16, -0.2, 18857, 300,0
GRASP,Reduced,Best,Best,1,0.5,DA_2_5_17, -0.2, 22660, 300,2.84
GRASP,Reduced,Best,Best,1,0.5,DA_2_5_18, -0.2, 18823, 300,0.001
GRASP,Reduced,Best,Best,1,0.5,DA_2_5_19, -0.2, 27455, 300,3.509
GRASP,Reduced,Best,Best,1,0.5,DA_2_5_2, -0.2, 17874, 300,0.406
GRASP,Reduced,Best,Best,1,0.5,DA_2_5_20, -0.2, 15143, 300,0
GRASP,Reduced,Best,Best,1,0.5,DA_2_5_3, -0.2, 21817, 300,1.967
GRASP,Reduced,Best,Best,1,0.5,DA_2_5_4, -0.2, 20236, 300,0
GRASP,Reduced,Best,Best,1,0.5,DA_2_5_5, -0.2, 24114, 300,0.004
GRASP,Reduced,Best,Best,1,0.5,DA_2_5_6, -0.2, 19145, 300,0
GRASP,Reduced,Best,Best,1,0.5,DA_2_5_7, -0.2, 17270, 300,0.002
GRASP,Reduced,Best,Best,1,0.5,DA_2_5_8, -0.2, 19642, 300,0
GRASP,Reduced,Best,Best,1,0.5,DA_2_5_9, -0.2, 20086, 300,14.754
GRASP,Reduced,Best,Best,1,0.5,DAFJS_3_5_1, -0.2, 21352, 300,261.813
GRASP,Reduced,Best,Best,1,0.5,DAFJS_3_5_10, -0.2, 23852, 300,161.762
GRASP,Reduced,Best,Best,1,0.5,DAFJS_3_5_2, -0.2, 23300, 300,0.01
GRASP,Reduced,Best,Best,1,0.5,DAFJS_3_5_3, -0.2, 22521, 300,103.777
GRASP,Reduced,Best,Best,1,0.5,DAFJS_3_5_4, -0.2, 19809, 300,0.002
GRASP,Reduced,Best,Best,1,0.5,DAFJS_3_5_5, -0.2, 19724, 300,189.95
GRASP,Reduced,Best,Best,1,0.5,DAFJS_3_5_6, -0.2, 20646, 300,0.086
GRASP,Reduced,Best,Best,1,0.5,DAFJS_3_5_7, -0.2, 20635, 300,0
GRASP,Reduced,Best,Best,1,0.5,DAFJS_3_5_8, -0.2, 19201, 300,0.065
GRASP,Reduced,Best,Best,1,0.5,DAFJS_3_5_9, -0.2, 21698, 300,6.39
GRASP,Reduced,Best,Best,1,0.5,YFJS_4_4_7_5_0, -0.3, 31008, 300,25.082
GRASP,Reduced,Best,Best,1,0.5,YFJS_4_4_7_5_1, -0.3, 22010, 300,0.001
GRASP,Reduced,Best,Best,1,0.5,YFJS_4_4_7_5_2, -0.3, 38935, 300,0
GRASP,Reduced,Best,Best,1,0.5,YFJS_4_4_7_5_3, -0.3, 23774, 300,0.001
GRASP,Reduced,Best,Best,1,0.5,YFJS_4_4_7_5_4, -0.3, 22843, 300,0.002
GRASP,Reduced,Best,Best,1,0.5,YFJS_4_4_7_5_5, -0.3, 27366, 300,0
GRASP,Reduced,Best,Best,1,0.5,YFJS_4_4_7_5_6, -0.3, 38932, 300,11.519
GRASP,Reduced,Best,Best,1,0.5,YFJS_4_4_7_5_7, -0.3, 29464, 300,19.97
GRASP,Reduced,Best,Best,1,0.5,YFJS_4_4_7_5_8, -0.3, 33763, 300,0.955
GRASP,Reduced,Best,Best,1,0.5,YFJS_4_4_7_5_9, -0.3, 25072, 300,14.89
GRASP,Reduced,Best,Best,1,0.5,YFJS_5_4_7_5_0, -0.3, 36307, 300,13.618
GRASP,Reduced,Best,Best,1,0.5,YFJS_5_4_7_5_1, -0.3, 27346, 300,146.737
GRASP,Reduced,Best,Best,1,0.5,YFJS_5_4_7_5_2, -0.3, 25619, 300,0.022
GRASP,Reduced,Best,Best,1,0.5,YFJS_5_4_7_5_3, -0.3, 27428, 300,1.31
GRASP,Reduced,Best,Best,1,0.5,YFJS_5_4_7_5_4, -0.3, 38256, 300,6.088
GRASP,Reduced,Best,Best,1,0.5,YFJS_5_4_7_5_5, -0.3, 29442, 300,0.005
GRASP,Reduced,Best,Best,1,0.5,YFJS_5_4_7_5_6, -0.3, 37465, 300,0.106
GRASP,Reduced,Best,Best,1,0.5,YFJS_5_4_7_5_7, -0.3, 25067, 300,8.211
GRASP,Reduced,Best,Best,1,0.5,YFJS_5_4_7_5_8, -0.3, 29207, 300,4.492
GRASP,Reduced,Best,Best,1,0.5,YFJS_5_4_7_5_9, -0.3, 27091, 300,15.248
GRASP,Reduced,Best,Best,1,0.5,YFJS_6_4_7_5_0, -0.3, 32409, 300,0.047
GRASP,Reduced,Best,Best,1,0.5,YFJS_6_4_7_5_1, -0.3, 28985, 300,0.056
GRASP,Reduced,Best,Best,1,0.5,YFJS_6_4_7_5_2, -0.3, 35588, 300,219.766
GRASP,Reduced,Best,Best,1,0.5,YFJS_6_4_7_5_3, -0.3, 27023, 300,50.456
GRASP,Reduced,Best,Best,1,0.5,YFJS_6_4_7_5_4, -0.3, 32465, 300,0.28
GRASP,Reduced,Best,Best,1,0.5,YFJS_6_4_7_5_5, -0.3, 43452, 300,45.375
GRASP,Reduced,Best,Best,1,0.5,YFJS_6_4_7_5_6, -0.3, 31571, 300,6.935
GRASP,Reduced,Best,Best,1,0.5,YFJS_6_4_7_5_7, -0.3, 30428, 300,79.52
GRASP,Reduced,Best,Best,1,0.5,YFJS_6_4_7_5_8, -0.3, 32826, 300,55.412
GRASP,Reduced,Best,Best,1,0.5,YFJS_6_4_7_5_9, -0.3, 30427, 300,42.327
GRASP,Reduced,Best,Best,1,0.5,DA_2_5_1, -0.3, 19443, 300,40.615
GRASP,Reduced,Best,Best,1,0.5,DA_2_5_10, -0.3, 18916, 300,0.178
GRASP,Reduced,Best,Best,1,0.5,DA_2_5_11, -0.3, 17419, 300,0.002
GRASP,Reduced,Best,Best,1,0.5,DA_2_5_12, -0.3, 18800, 300,0
GRASP,Reduced,Best,Best,1,0.5,DA_2_5_13, -0.3, 17596, 300,56.516
GRASP,Reduced,Best,Best,1,0.5,DA_2_5_14, -0.3, 18692, 300,1.312
GRASP,Reduced,Best,Best,1,0.5,DA_2_5_15, -0.3, 24256, 300,0.212
GRASP,Reduced,Best,Best,1,0.5,DA_2_5_16, -0.3, 17900, 300,0
GRASP,Reduced,Best,Best,1,0.5,DA_2_5_17, -0.3, 20797, 300,0.006
GRASP,Reduced,Best,Best,1,0.5,DA_2_5_18, -0.3, 17395, 300,0.042
GRASP,Reduced,Best,Best,1,0.5,DA_2_5_19, -0.3, 25304, 300,1.888
GRASP,Reduced,Best,Best,1,0.5,DA_2_5_2, -0.3, 17105, 300,1.905
GRASP,Reduced,Best,Best,1,0.5,DA_2_5_20, -0.3, 14077, 300,0
GRASP,Reduced,Best,Best,1,0.5,DA_2_5_3, -0.3, 20620, 300,3.578
GRASP,Reduced,Best,Best,1,0.5,DA_2_5_4, -0.3, 18625, 300,0.007
GRASP,Reduced,Best,Best,1,0.5,DA_2_5_5, -0.3, 22734, 300,23.686
GRASP,Reduced,Best,Best,1,0.5,DA_2_5_6, -0.3, 18253, 300,0
GRASP,Reduced,Best,Best,1,0.5,DA_2_5_7, -0.3, 16495, 300,0.002
GRASP,Reduced,Best,Best,1,0.5,DA_2_5_8, -0.3, 18474, 300,0
GRASP,Reduced,Best,Best,1,0.5,DA_2_5_9, -0.3, 18521, 300,28.642
GRASP,Reduced,Best,Best,1,0.5,DAFJS_3_5_1, -0.3, 19672, 300,171.912
GRASP,Reduced,Best,Best,1,0.5,DAFJS_3_5_10, -0.3, 22396, 300,65.739
GRASP,Reduced,Best,Best,1,0.5,DAFJS_3_5_2, -0.3, 21372, 300,0.029
GRASP,Reduced,Best,Best,1,0.5,DAFJS_3_5_3, -0.3, 20389, 300,0.003
GRASP,Reduced,Best,Best,1,0.5,DAFJS_3_5_4, -0.3, 18472, 300,0
GRASP,Reduced,Best,Best,1,0.5,DAFJS_3_5_5, -0.3, 18396, 300,5.87
GRASP,Reduced,Best,Best,1,0.5,DAFJS_3_5_6, -0.3, 18734, 300,214.722
GRASP,Reduced,Best,Best,1,0.5,DAFJS_3_5_7, -0.3, 18762, 300,2.469
GRASP,Reduced,Best,Best,1,0.5,DAFJS_3_5_8, -0.3, 18253, 300,1.059
GRASP,Reduced,Best,Best,1,0.5,DAFJS_3_5_9, -0.3, 20693, 300,0.002
GRASP,Reduced,Best,Best,1,0.5,YFJS_4_4_7_5_0, -0.1, 35046, 300,0
GRASP,Reduced,Best,Best,1,0.5,YFJS_4_4_7_5_1, -0.1, 24359, 300,0.001
GRASP,Reduced,Best,Best,1,0.5,YFJS_4_4_7_5_2, -0.1, 47391, 300,0.053
GRASP,Reduced,Best,Best,1,0.5,YFJS_4_4_7_5_3, -0.1, 25394, 300,0
GRASP,Reduced,Best,Best,1,0.5,YFJS_4_4_7_5_4, -0.1, 23985, 300,0
GRASP,Reduced,Best,Best,1,0.5,YFJS_4_4_7_5_5, -0.1, 29469, 300,0.002
GRASP,Reduced,Best,Best,1,0.5,YFJS_4_4_7_5_6, -0.1, 45705, 300,9.209
GRASP,Reduced,Best,Best,1,0.5,YFJS_4_4_7_5_7, -0.1, 33829, 300,0.038
GRASP,Reduced,Best,Best,1,0.5,YFJS_4_4_7_5_8, -0.1, 37049, 300,0
GRASP,Reduced,Best,Best,1,0.5,YFJS_4_4_7_5_9, -0.1, 27310, 300,0
GRASP,Reduced,Best,Best,1,0.5,YFJS_5_4_7_5_0, -0.1, 41300, 300,0.035
GRASP,Reduced,Best,Best,1,0.5,YFJS_5_4_7_5_1, -0.1, 31276, 300,6.416
GRASP,Reduced,Best,Best,1,0.5,YFJS_5_4_7_5_2, -0.1, 30962, 300,0.011
GRASP,Reduced,Best,Best,1,0.5,YFJS_5_4_7_5_3, -0.1, 31398, 300,0.006
GRASP,Reduced,Best,Best,1,0.5,YFJS_5_4_7_5_4, -0.1, 45442, 300,0.015
GRASP,Reduced,Best,Best,1,0.5,YFJS_5_4_7_5_5, -0.1, 33791, 300,56.843
GRASP,Reduced,Best,Best,1,0.5,YFJS_5_4_7_5_6, -0.1, 42838, 300,14.105
GRASP,Reduced,Best,Best,1,0.5,YFJS_5_4_7_5_7, -0.1, 28247, 300,0
GRASP,Reduced,Best,Best,1,0.5,YFJS_5_4_7_5_8, -0.1, 33601, 300,0.007
GRASP,Reduced,Best,Best,1,0.5,YFJS_5_4_7_5_9, -0.1, 30837, 300,0
GRASP,Reduced,Best,Best,1,0.5,YFJS_6_4_7_5_0, -0.1, 37275, 300,198.657
GRASP,Reduced,Best,Best,1,0.5,YFJS_6_4_7_5_1, -0.1, 34282, 300,0.02
GRASP,Reduced,Best,Best,1,0.5,YFJS_6_4_7_5_2, -0.1, 42079, 300,6.551
GRASP,Reduced,Best,Best,1,0.5,YFJS_6_4_7_5_3, -0.1, 30905, 300,72.193
GRASP,Reduced,Best,Best,1,0.5,YFJS_6_4_7_5_4, -0.1, 36170, 300,0.082
GRASP,Reduced,Best,Best,1,0.5,YFJS_6_4_7_5_5, -0.1, 51466, 300,3.468
GRASP,Reduced,Best,Best,1,0.5,YFJS_6_4_7_5_6, -0.1, 36719, 300,0.006
GRASP,Reduced,Best,Best,1,0.5,YFJS_6_4_7_5_7, -0.1, 34509, 300,101.156
GRASP,Reduced,Best,Best,1,0.5,YFJS_6_4_7_5_8, -0.1, 39798, 300,0.048
GRASP,Reduced,Best,Best,1,0.5,YFJS_6_4_7_5_9, -0.1, 33974, 300,0.035
GRASP,Reduced,Best,Best,1,0.5,DA_2_5_1, -0.1, 22875, 300,159.433
GRASP,Reduced,Best,Best,1,0.5,DA_2_5_10, -0.1, 22708, 300,0.049
GRASP,Reduced,Best,Best,1,0.5,DA_2_5_12, -0.1, 20498, 300,0
GRASP,Reduced,Best,Best,1,0.5,DA_2_5_11, -0.1, 18363, 300,0
GRASP,Reduced,Best,Best,1,0.5,DA_2_5_13, -0.1, 20593, 300,0.21
GRASP,Reduced,Best,Best,1,0.5,DA_2_5_14, -0.1, 22867, 300,0.207
GRASP,Reduced,Best,Best,1,0.5,DA_2_5_15, -0.1, 25715, 300,0.188
GRASP,Reduced,Best,Best,1,0.5,DA_2_5_16, -0.1, 19878, 300,0
GRASP,Reduced,Best,Best,1,0.5,DA_2_5_17, -0.1, 24267, 300,7.876
GRASP,Reduced,Best,Best,1,0.5,DA_2_5_18, -0.1, 20336, 300,0
GRASP,Reduced,Best,Best,1,0.5,DA_2_5_19, -0.1, 29968, 300,10.136
GRASP,Reduced,Best,Best,1,0.5,DA_2_5_2, -0.1, 18670, 300,2.298
GRASP,Reduced,Best,Best,1,0.5,DA_2_5_20, -0.1, 16313, 300,0
GRASP,Reduced,Best,Best,1,0.5,DA_2_5_3, -0.1, 23140, 300,7.043
GRASP,Reduced,Best,Best,1,0.5,DA_2_5_4, -0.1, 21715, 300,0.21
GRASP,Reduced,Best,Best,1,0.5,DA_2_5_5, -0.1, 25426, 300,0.003
GRASP,Reduced,Best,Best,1,0.5,DA_2_5_6, -0.1, 20155, 300,0
GRASP,Reduced,Best,Best,1,0.5,DA_2_5_7, -0.1, 18135, 300,0
GRASP,Reduced,Best,Best,1,0.5,DA_2_5_8, -0.1, 20945, 300,0
GRASP,Reduced,Best,Best,1,0.5,DA_2_5_9, -0.1, 21838, 300,2.467
GRASP,Reduced,Best,Best,1,0.5,DAFJS_3_5_1, -0.1, 23344, 300,231.802
GRASP,Reduced,Best,Best,1,0.5,DAFJS_3_5_10, -0.1, 25923, 300,0
GRASP,Reduced,Best,Best,1,0.5,DAFJS_3_5_2, -0.1, 24998, 300,0.013
GRASP,Reduced,Best,Best,1,0.5,DAFJS_3_5_3, -0.1, 24579, 300,0.007
GRASP,Reduced,Best,Best,1,0.5,DAFJS_3_5_4, -0.1, 21143, 300,46.331
GRASP,Reduced,Best,Best,1,0.5,DAFJS_3_5_5, -0.1, 21120, 300,35.77
GRASP,Reduced,Best,Best,1,0.5,DAFJS_3_5_6, -0.1, 22050, 300,0.148
GRASP,Reduced,Best,Best,1,0.5,DAFJS_3_5_7, -0.1, 22708, 300,0.001
GRASP,Reduced,Best,Best,1,0.5,DAFJS_3_5_8, -0.1, 20278, 300,0
GRASP,Reduced,Best,Best,1,0.5,DAFJS_3_5_9, -0.1, 23558, 300,38.315
GRASP,Reduced,Best,Best,1,0.5,YFJS_4_4_7_5_0, -0.2, 33132, 300,16.479
GRASP,Reduced,Best,Best,1,0.5,YFJS_4_4_7_5_1, -0.2, 23100, 300,0
GRASP,Reduced,Best,Best,1,0.5,YFJS_4_4_7_5_2, -0.2, 42896, 300,0.003
GRASP,Reduced,Best,Best,1,0.5,YFJS_4_4_7_5_3, -0.2, 24485, 300,0.002
GRASP,Reduced,Best,Best,1,0.5,YFJS_4_4_7_5_4, -0.2, 23597, 300,0
GRASP,Reduced,Best,Best,1,0.5,YFJS_4_4_7_5_5, -0.2, 28655, 300,0.001
GRASP,Reduced,Best,Best,1,0.5,YFJS_4_4_7_5_6, -0.2, 42239, 300,2.652
GRASP,Reduced,Best,Best,1,0.5,YFJS_4_4_7_5_7, -0.2, 31471, 300,57.446
GRASP,Reduced,Best,Best,1,0.5,YFJS_4_4_7_5_8, -0.2, 35250, 300,1.629
GRASP,Reduced,Best,Best,1,0.5,YFJS_4_4_7_5_9, -0.2, 26145, 300,0
GRASP,Reduced,Best,Best,1,0.5,YFJS_5_4_7_5_0, -0.2, 38545, 300,55.241
GRASP,Reduced,Best,Best,1,0.5,YFJS_5_4_7_5_1, -0.2, 27895, 300,23.72
GRASP,Reduced,Best,Best,1,0.5,YFJS_5_4_7_5_2, -0.2, 28120, 300,0.006
GRASP,Reduced,Best,Best,1,0.5,YFJS_5_4_7_5_3, -0.2, 29682, 300,0
GRASP,Reduced,Best,Best,1,0.5,YFJS_5_4_7_5_4, -0.2, 41619, 300,1.289
GRASP,Reduced,Best,Best,1,0.5,YFJS_5_4_7_5_5, -0.2, 31280, 300,0.003
GRASP,Reduced,Best,Best,1,0.5,YFJS_5_4_7_5_6, -0.2, 40388, 300,8.871
GRASP,Reduced,Best,Best,1,0.5,YFJS_5_4_7_5_7, -0.2, 26297, 300,0.003
GRASP,Reduced,Best,Best,1,0.5,YFJS_5_4_7_5_9, -0.2, 28832, 300,0.053
GRASP,Reduced,Best,Best,1,0.5,YFJS_5_4_7_5_8, -0.2, 30717, 300,0.005
GRASP,Reduced,Best,Best,1,0.5,YFJS_6_4_7_5_0, -0.2, 34811, 300,0.047
GRASP,Reduced,Best,Best,1,0.5,YFJS_6_4_7_5_1, -0.2, 31702, 300,125.751
GRASP,Reduced,Best,Best,1,0.5,YFJS_6_4_7_5_2, -0.2, 38639, 300,13.592
GRASP,Reduced,Best,Best,1,0.5,YFJS_6_4_7_5_4, -0.2, 34983, 300,0.001
GRASP,Reduced,Best,Best,1,0.5,YFJS_6_4_7_5_3, -0.2, 29000, 300,198.602
GRASP,Reduced,Best,Best,1,0.5,YFJS_6_4_7_5_5, -0.2, 47519, 300,4.37
GRASP,Reduced,Best,Best,1,0.5,YFJS_6_4_7_5_6, -0.2, 34042, 300,5.969
GRASP,Reduced,Best,Best,1,0.5,YFJS_6_4_7_5_7, -0.2, 32803, 300,220.785
GRASP,Reduced,Best,Best,1,0.5,YFJS_6_4_7_5_8, -0.2, 36093, 300,0.254
GRASP,Reduced,Best,Best,1,0.5,YFJS_6_4_7_5_9, -0.2, 32099, 300,1.232
GRASP,Reduced,Best,Best,1,0.5,DA_2_5_1, -0.2, 21327, 300,212.463
GRASP,Reduced,Best,Best,1,0.5,DA_2_5_10, -0.2, 20635, 300,0.022
GRASP,Reduced,Best,Best,1,0.5,DA_2_5_11, -0.2, 17972, 300,0
GRASP,Reduced,Best,Best,1,0.5,DA_2_5_12, -0.2, 19602, 300,0
GRASP,Reduced,Best,Best,1,0.5,DA_2_5_13, -0.2, 18803, 300,5.019
GRASP,Reduced,Best,Best,1,0.5,DA_2_5_14, -0.2, 20568, 300,0.003
GRASP,Reduced,Best,Best,1,0.5,DA_2_5_15, -0.2, 24715, 300,0.205
GRASP,Reduced,Best,Best,1,0.5,DA_2_5_16, -0.2, 18857, 300,0
GRASP,Reduced,Best,Best,1,0.5,DA_2_5_17, -0.2, 22660, 300,0.677
GRASP,Reduced,Best,Best,1,0.5,DA_2_5_18, -0.2, 18823, 300,0
GRASP,Reduced,Best,Best,1,0.5,DA_2_5_19, -0.2, 27455, 300,3.35
GRASP,Reduced,Best,Best,1,0.5,DA_2_5_2, -0.2, 17874, 300,1.021
GRASP,Reduced,Best,Best,1,0.5,DA_2_5_20, -0.2, 15143, 300,0
GRASP,Reduced,Best,Best,1,0.5,DA_2_5_3, -0.2, 21817, 300,8.662
GRASP,Reduced,Best,Best,1,0.5,DA_2_5_4, -0.2, 20236, 300,0.001
GRASP,Reduced,Best,Best,1,0.5,DA_2_5_5, -0.2, 24114, 300,0.002
GRASP,Reduced,Best,Best,1,0.5,DA_2_5_6, -0.2, 19145, 300,0
GRASP,Reduced,Best,Best,1,0.5,DA_2_5_7, -0.2, 17270, 300,0
GRASP,Reduced,Best,Best,1,0.5,DA_2_5_8, -0.2, 19642, 300,0
GRASP,Reduced,Best,Best,1,0.5,DA_2_5_9, -0.2, 20086, 300,0.229
GRASP,Reduced,Best,Best,1,0.5,DAFJS_3_5_1, -0.2, 21433, 300,137.808
GRASP,Reduced,Best,Best,1,0.5,DAFJS_3_5_10, -0.2, 23852, 300,26.819
GRASP,Reduced,Best,Best,1,0.5,DAFJS_3_5_2, -0.2, 23229, 300,212.952
GRASP,Reduced,Best,Best,1,0.5,DAFJS_3_5_3, -0.2, 22521, 300,76.062
GRASP,Reduced,Best,Best,1,0.5,DAFJS_3_5_4, -0.2, 19809, 300,0.01
GRASP,Reduced,Best,Best,1,0.5,DAFJS_3_5_5, -0.2, 19773, 300,8.816
GRASP,Reduced,Best,Best,1,0.5,DAFJS_3_5_6, -0.2, 20245, 300,63.472
GRASP,Reduced,Best,Best,1,0.5,DAFJS_3_5_7, -0.2, 20635, 300,0.001
GRASP,Reduced,Best,Best,1,0.5,DAFJS_3_5_8, -0.2, 19201, 300,0.035
GRASP,Reduced,Best,Best,1,0.5,DAFJS_3_5_9, -0.2, 21645, 300,61.273
GRASP,Reduced,Best,Best,1,0.5,YFJS_4_4_7_5_0, -0.3, 31008, 300,2.177
GRASP,Reduced,Best,Best,1,0.5,YFJS_4_4_7_5_1, -0.3, 22010, 300,0.001
GRASP,Reduced,Best,Best,1,0.5,YFJS_4_4_7_5_2, -0.3, 38935, 300,0.001
GRASP,Reduced,Best,Best,1,0.5,YFJS_4_4_7_5_3, -0.3, 23774, 300,0.002
GRASP,Reduced,Best,Best,1,0.5,YFJS_4_4_7_5_4, -0.3, 22843, 300,0.001
GRASP,Reduced,Best,Best,1,0.5,YFJS_4_4_7_5_5, -0.3, 27366, 300,0
GRASP,Reduced,Best,Best,1,0.5,YFJS_4_4_7_5_7, -0.3, 29464, 300,2.495
GRASP,Reduced,Best,Best,1,0.5,YFJS_4_4_7_5_6, -0.3, 38932, 300,13.428
GRASP,Reduced,Best,Best,1,0.5,YFJS_4_4_7_5_8, -0.3, 33763, 300,3.68
GRASP,Reduced,Best,Best,1,0.5,YFJS_4_4_7_5_9, -0.3, 25072, 300,38.724
GRASP,Reduced,Best,Best,1,0.5,YFJS_5_4_7_5_0, -0.3, 36307, 300,3.951
GRASP,Reduced,Best,Best,1,0.5,YFJS_5_4_7_5_1, -0.3, 27239, 300,27.436
GRASP,Reduced,Best,Best,1,0.5,YFJS_5_4_7_5_2, -0.3, 25619, 300,0.016
GRASP,Reduced,Best,Best,1,0.5,YFJS_5_4_7_5_3, -0.3, 27428, 300,0.076
GRASP,Reduced,Best,Best,1,0.5,YFJS_5_4_7_5_4, -0.3, 38256, 300,0.53
GRASP,Reduced,Best,Best,1,0.5,YFJS_5_4_7_5_5, -0.3, 29442, 300,0.003
GRASP,Reduced,Best,Best,1,0.5,YFJS_5_4_7_5_6, -0.3, 37465, 300,0.06
GRASP,Reduced,Best,Best,1,0.5,YFJS_5_4_7_5_7, -0.3, 25067, 300,12.765
GRASP,Reduced,Best,Best,1,0.5,YFJS_5_4_7_5_8, -0.3, 29207, 300,8.092
GRASP,Reduced,Best,Best,1,0.5,YFJS_5_4_7_5_9, -0.3, 27091, 300,1.904
GRASP,Reduced,Best,Best,1,0.5,YFJS_6_4_7_5_0, -0.3, 32409, 300,0.115
GRASP,Reduced,Best,Best,1,0.5,YFJS_6_4_7_5_1, -0.3, 28985, 300,0.018
GRASP,Reduced,Best,Best,1,0.5,YFJS_6_4_7_5_2, -0.3, 35441, 300,84.599
GRASP,Reduced,Best,Best,1,0.5,YFJS_6_4_7_5_3, -0.3, 27023, 300,102.033
GRASP,Reduced,Best,Best,1,0.5,YFJS_6_4_7_5_4, -0.3, 32465, 300,0.548
GRASP,Reduced,Best,Best,1,0.5,YFJS_6_4_7_5_5, -0.3, 43452, 300,22.073
GRASP,Reduced,Best,Best,1,0.5,YFJS_6_4_7_5_6, -0.3, 31571, 300,1.821
GRASP,Reduced,Best,Best,1,0.5,YFJS_6_4_7_5_7, -0.3, 30428, 300,252.95
GRASP,Reduced,Best,Best,1,0.5,YFJS_6_4_7_5_9, -0.3, 29922, 300,14.902
GRASP,Reduced,Best,Best,1,0.5,YFJS_6_4_7_5_8, -0.3, 32826, 300,5.854
GRASP,Reduced,Best,Best,1,0.5,DA_2_5_1, -0.3, 19443, 300,36.903
GRASP,Reduced,Best,Best,1,0.5,DA_2_5_10, -0.3, 18916, 300,0.034
GRASP,Reduced,Best,Best,1,0.5,DA_2_5_11, -0.3, 17419, 300,0.001
GRASP,Reduced,Best,Best,1,0.5,DA_2_5_12, -0.3, 18800, 300,0
GRASP,Reduced,Best,Best,1,0.5,DA_2_5_13, -0.3, 17596, 300,24.196
GRASP,Reduced,Best,Best,1,0.5,DA_2_5_14, -0.3, 18692, 300,3.672
GRASP,Reduced,Best,Best,1,0.5,DA_2_5_15, -0.3, 24256, 300,1.795
GRASP,Reduced,Best,Best,1,0.5,DA_2_5_16, -0.3, 17900, 300,0
GRASP,Reduced,Best,Best,1,0.5,DA_2_5_17, -0.3, 20797, 300,0.007
GRASP,Reduced,Best,Best,1,0.5,DA_2_5_18, -0.3, 17395, 300,0.059
GRASP,Reduced,Best,Best,1,0.5,DA_2_5_19, -0.3, 25304, 300,8.295
GRASP,Reduced,Best,Best,1,0.5,DA_2_5_2, -0.3, 17105, 300,6.874
GRASP,Reduced,Best,Best,1,0.5,DA_2_5_20, -0.3, 14077, 300,0
GRASP,Reduced,Best,Best,1,0.5,DA_2_5_3, -0.3, 20620, 300,0.398
GRASP,Reduced,Best,Best,1,0.5,DA_2_5_4, -0.3, 18625, 300,0.013
GRASP,Reduced,Best,Best,1,0.5,DA_2_5_5, -0.3, 22734, 300,0.763
GRASP,Reduced,Best,Best,1,0.5,DA_2_5_6, -0.3, 18253, 300,0
GRASP,Reduced,Best,Best,1,0.5,DA_2_5_7, -0.3, 16495, 300,0.01
GRASP,Reduced,Best,Best,1,0.5,DA_2_5_8, -0.3, 18474, 300,0
GRASP,Reduced,Best,Best,1,0.5,DA_2_5_9, -0.3, 18521, 300,0.261
GRASP,Reduced,Best,Best,1,0.5,DAFJS_3_5_1, -0.3, 19448, 300,3.513
GRASP,Reduced,Best,Best,1,0.5,DAFJS_3_5_10, -0.3, 22396, 300,12.021
GRASP,Reduced,Best,Best,1,0.5,DAFJS_3_5_2, -0.3, 21372, 300,0.003
GRASP,Reduced,Best,Best,1,0.5,DAFJS_3_5_3, -0.3, 20389, 300,0.014
GRASP,Reduced,Best,Best,1,0.5,DAFJS_3_5_4, -0.3, 18472, 300,0
GRASP,Reduced,Best,Best,1,0.5,DAFJS_3_5_5, -0.3, 18396, 300,63.681
GRASP,Reduced,Best,Best,1,0.5,DAFJS_3_5_6, -0.3, 18734, 300,115.383
GRASP,Reduced,Best,Best,1,0.5,DAFJS_3_5_7, -0.3, 18762, 300,8.525
GRASP,Reduced,Best,Best,1,0.5,DAFJS_3_5_8, -0.3, 18253, 300,0.59
GRASP,Reduced,Best,Best,1,0.5,DAFJS_3_5_9, -0.3, 20328, 300,274.576
