TS,Reduced,Best,Best,0,14,YFJS_4_4_7_5_0, -0.1, 35046, 300,0
TS,Reduced,Best,Best,0,14,YFJS_4_4_7_5_1, -0.1, 25982, 300,0.007
TS,Reduced,Best,Best,0,14,YFJS_4_4_7_5_2, -0.1, 47391, 300,0.009
TS,Reduced,Best,Best,0,14,YFJS_4_4_7_5_3, -0.1, 25394, 300,0
TS,Reduced,Best,Best,0,14,YFJS_4_4_7_5_4, -0.1, 23985, 300,0.004
TS,Reduced,Best,Best,0,14,YFJS_4_4_7_5_5, -0.1, 29469, 300,0.044
TS,Reduced,Best,Best,0,14,YFJS_4_4_7_5_6, -0.1, 45705, 300,0.003
TS,Reduced,Best,Best,0,14,YFJS_4_4_7_5_7, -0.1, 33883, 300,0
TS,Reduced,Best,Best,0,14,YFJS_4_4_7_5_8, -0.1, 37049, 300,0
TS,Reduced,Best,Best,0,14,YFJS_4_4_7_5_9, -0.1, 27310, 300,0.012
TS,Reduced,Best,Best,0,14,YFJS_5_4_7_5_0, -0.1, 41300, 300,0.01
TS,Reduced,Best,Best,0,14,YFJS_5_4_7_5_1, -0.1, 30145, 300,0.01
TS,Reduced,Best,Best,0,14,YFJS_5_4_7_5_2, -0.1, 30962, 300,0.076
TS,Reduced,Best,Best,0,14,YFJS_5_4_7_5_3, -0.1, 31398, 300,0.001
TS,Reduced,Best,Best,0,14,YFJS_5_4_7_5_4, -0.1, 45442, 300,0.001
TS,Reduced,Best,Best,0,14,YFJS_5_4_7_5_5, -0.1, 33791, 300,0.003
TS,Reduced,Best,Best,0,14,YFJS_5_4_7_5_6, -0.1, 42838, 300,0.099
TS,Reduced,Best,Best,0,14,YFJS_5_4_7_5_7, -0.1, 28247, 300,0.001
TS,Reduced,Best,Best,0,14,YFJS_5_4_7_5_8, -0.1, 33601, 300,0.004
TS,Reduced,Best,Best,0,14,YFJS_5_4_7_5_9, -0.1, 30837, 300,0.015
TS,Reduced,Best,Best,0,14,YFJS_6_4_7_5_0, -0.1, 37096, 300,8.98
TS,Reduced,Best,Best,0,14,YFJS_6_4_7_5_1, -0.1, 34282, 300,0.016
TS,Reduced,Best,Best,0,14,YFJS_6_4_7_5_2, -0.1, 42079, 300,0.24
TS,Reduced,Best,Best,0,14,YFJS_6_4_7_5_3, -0.1, 30905, 300,2.177
TS,Reduced,Best,Best,0,14,YFJS_6_4_7_5_4, -0.1, 36170, 300,0.429
TS,Reduced,Best,Best,0,14,YFJS_6_4_7_5_5, -0.1, 54534, 300,0.002
TS,Reduced,Best,Best,0,14,YFJS_6_4_7_5_6, -0.1, 36719, 300,0.005
TS,Reduced,Best,Best,0,14,YFJS_6_4_7_5_7, -0.1, 34509, 300,2.097
TS,Reduced,Best,Best,0,14,YFJS_6_4_7_5_8, -0.1, 39798, 300,0.532
TS,Reduced,Best,Best,0,14,YFJS_6_4_7_5_9, -0.1, 33974, 300,0.719
TS,Reduced,Best,Best,0,14,DA_2_5_1, -0.1, 22875, 300,0.001
TS,Reduced,Best,Best,0,14,DA_2_5_10, -0.1, 22708, 300,0.004
TS,Reduced,Best,Best,0,14,DA_2_5_11, -0.1, 18363, 300,0
TS,Reduced,Best,Best,0,14,DA_2_5_12, -0.1, 20498, 300,0
TS,Reduced,Best,Best,0,14,DA_2_5_13, -0.1, 20625, 300,0.011
TS,Reduced,Best,Best,0,14,DA_2_5_14, -0.1, 22867, 300,0.024
TS,Reduced,Best,Best,0,14,DA_2_5_15, -0.1, 25715, 300,0.009
TS,Reduced,Best,Best,0,14,DA_2_5_16, -0.1, 19878, 300,0
TS,Reduced,Best,Best,0,14,DA_2_5_17, -0.1, 24304, 300,0.002
TS,Reduced,Best,Best,0,14,DA_2_5_18, -0.1, 20336, 300,0.002
TS,Reduced,Best,Best,0,14,DA_2_5_19, -0.1, 29968, 300,0.158
TS,Reduced,Best,Best,0,14,DA_2_5_2, -0.1, 20342, 300,0
TS,Reduced,Best,Best,0,14,DA_2_5_20, -0.1, 16313, 300,0
TS,Reduced,Best,Best,0,14,DA_2_5_3, -0.1, 23140, 300,0
TS,Reduced,Best,Best,0,14,DA_2_5_4, -0.1, 21715, 300,0
TS,Reduced,Best,Best,0,14,DA_2_5_5, -0.1, 25426, 300,0
TS,Reduced,Best,Best,0,14,DA_2_5_6, -0.1, 20155, 300,0
TS,Reduced,Best,Best,0,14,DA_2_5_7, -0.1, 18135, 300,0
TS,Reduced,Best,Best,0,14,DA_2_5_8, -0.1, 20945, 300,0
TS,Reduced,Best,Best,0,14,DA_2_5_9, -0.1, 21932, 300,0.002
TS,Reduced,Best,Best,0,14,DAFJS_3_5_1, -0.1, 23344, 300,0.407
TS,Reduced,Best,Best,0,14,DAFJS_3_5_10, -0.1, 25923, 300,0.003
TS,Reduced,Best,Best,0,14,DAFJS_3_5_2, -0.1, 24038, 300,23.43
TS,Reduced,Best,Best,0,14,DAFJS_3_5_3, -0.1, 24579, 300,0.02
TS,Reduced,Best,Best,0,14,DAFJS_3_5_4, -0.1, 21143, 300,0.018
TS,Reduced,Best,Best,0,14,DAFJS_3_5_5, -0.1, 21375, 300,0.064
TS,Reduced,Best,Best,0,14,DAFJS_3_5_6, -0.1, 22050, 300,0.734
TS,Reduced,Best,Best,0,14,DAFJS_3_5_7, -0.1, 22708, 300,0
TS,Reduced,Best,Best,0,14,DAFJS_3_5_8, -0.1, 20278, 300,0.004
TS,Reduced,Best,Best,0,14,DAFJS_3_5_9, -0.1, 23558, 300,0.758
TS,Reduced,Best,Best,0,14,YFJS_4_4_7_5_0, -0.2, 33132, 300,0
TS,Reduced,Best,Best,0,14,YFJS_4_4_7_5_1, -0.2, 23100, 300,0.049
TS,Reduced,Best,Best,0,14,YFJS_4_4_7_5_2, -0.2, 42896, 300,0.004
TS,Reduced,Best,Best,0,14,YFJS_4_4_7_5_3, -0.2, 24485, 300,0
TS,Reduced,Best,Best,0,14,YFJS_4_4_7_5_4, -0.2, 23597, 300,0.001
TS,Reduced,Best,Best,0,14,YFJS_4_4_7_5_5, -0.2, 28655, 300,0.136
TS,Reduced,Best,Best,0,14,YFJS_4_4_7_5_6, -0.2, 42239, 300,0.009
TS,Reduced,Best,Best,0,14,YFJS_4_4_7_5_7, -0.2, 31773, 300,0
TS,Reduced,Best,Best,0,14,YFJS_4_4_7_5_8, -0.2, 36098, 300,0.007
TS,Reduced,Best,Best,0,14,YFJS_4_4_7_5_9, -0.2, 26145, 300,0.04
TS,Reduced,Best,Best,0,14,YFJS_5_4_7_5_0, -0.2, 38695, 300,0.056
TS,Reduced,Best,Best,0,14,YFJS_5_4_7_5_1, -0.2, 27895, 300,1.325
TS,Reduced,Best,Best,0,14,YFJS_5_4_7_5_2, -0.2, 28120, 300,0.054
TS,Reduced,Best,Best,0,14,YFJS_5_4_7_5_3, -0.2, 29682, 300,0.001
TS,Reduced,Best,Best,0,14,YFJS_5_4_7_5_4, -0.2, 41619, 300,0.001
TS,Reduced,Best,Best,0,14,YFJS_5_4_7_5_5, -0.2, 31280, 300,0.287
TS,Reduced,Best,Best,0,14,YFJS_5_4_7_5_6, -0.2, 40388, 300,0.022
TS,Reduced,Best,Best,0,14,YFJS_5_4_7_5_7, -0.2, 26297, 300,0.486
TS,Reduced,Best,Best,0,14,YFJS_5_4_7_5_8, -0.2, 30717, 300,0.011
TS,Reduced,Best,Best,0,14,YFJS_5_4_7_5_9, -0.2, 28832, 300,0.088
TS,Reduced,Best,Best,0,14,YFJS_6_4_7_5_0, -0.2, 34811, 300,0.926
TS,Reduced,Best,Best,0,14,YFJS_6_4_7_5_1, -0.2, 31702, 300,0.13
TS,Reduced,Best,Best,0,14,YFJS_6_4_7_5_2, -0.2, 38639, 300,0.968
TS,Reduced,Best,Best,0,14,YFJS_6_4_7_5_3, -0.2, 28884, 300,0.66
TS,Reduced,Best,Best,0,14,YFJS_6_4_7_5_4, -0.2, 34231, 300,0.012
TS,Reduced,Best,Best,0,14,YFJS_6_4_7_5_5, -0.2, 49202, 300,0.004
TS,Reduced,Best,Best,0,14,YFJS_6_4_7_5_6, -0.2, 34042, 300,0.244
TS,Reduced,Best,Best,0,14,YFJS_6_4_7_5_7, -0.2, 32080, 300,0.97
TS,Reduced,Best,Best,0,14,YFJS_6_4_7_5_8, -0.2, 36093, 300,0.041
TS,Reduced,Best,Best,0,14,YFJS_6_4_7_5_9, -0.2, 31888, 300,2.008
TS,Reduced,Best,Best,0,14,DA_2_5_1, -0.2, 21327, 300,0.002
TS,Reduced,Best,Best,0,14,DA_2_5_10, -0.2, 20635, 300,0.002
TS,Reduced,Best,Best,0,14,DA_2_5_11, -0.2, 17972, 300,0
TS,Reduced,Best,Best,0,14,DA_2_5_12, -0.2, 19602, 300,0
TS,Reduced,Best,Best,0,14,DA_2_5_13, -0.2, 18803, 300,0.051
TS,Reduced,Best,Best,0,14,DA_2_5_14, -0.2, 20568, 300,0.072
TS,Reduced,Best,Best,0,14,DA_2_5_15, -0.2, 24715, 300,0
TS,Reduced,Best,Best,0,14,DA_2_5_16, -0.2, 18857, 300,0
TS,Reduced,Best,Best,0,14,DA_2_5_17, -0.2, 22660, 300,0.147
TS,Reduced,Best,Best,0,14,DA_2_5_18, -0.2, 18823, 300,0
TS,Reduced,Best,Best,0,14,DA_2_5_19, -0.2, 30234, 300,0.01
TS,Reduced,Best,Best,0,14,DA_2_5_2, -0.2, 18155, 300,0.03
TS,Reduced,Best,Best,0,14,DA_2_5_20, -0.2, 15143, 300,0
TS,Reduced,Best,Best,0,14,DA_2_5_3, -0.2, 21817, 300,0
TS,Reduced,Best,Best,0,14,DA_2_5_4, -0.2, 20236, 300,0.002
TS,Reduced,Best,Best,0,14,DA_2_5_5, -0.2, 24114, 300,0
TS,Reduced,Best,Best,0,14,DA_2_5_6, -0.2, 19145, 300,0
TS,Reduced,Best,Best,0,14,DA_2_5_7, -0.2, 17270, 300,0
TS,Reduced,Best,Best,0,14,DA_2_5_8, -0.2, 19642, 300,0
TS,Reduced,Best,Best,0,14,DA_2_5_9, -0.2, 20173, 300,0.011
TS,Reduced,Best,Best,0,14,DAFJS_3_5_1, -0.2, 21677, 300,0.033
TS,Reduced,Best,Best,0,14,DAFJS_3_5_10, -0.2, 23852, 300,0.029
TS,Reduced,Best,Best,0,14,DAFJS_3_5_2, -0.2, 22491, 300,1.194
TS,Reduced,Best,Best,0,14,DAFJS_3_5_3, -0.2, 22521, 300,0.02
TS,Reduced,Best,Best,0,14,DAFJS_3_5_4, -0.2, 19809, 300,0.053
TS,Reduced,Best,Best,0,14,DAFJS_3_5_5, -0.2, 19773, 300,0.013
TS,Reduced,Best,Best,0,14,DAFJS_3_5_6, -0.2, 20245, 300,0.028
TS,Reduced,Best,Best,0,14,DAFJS_3_5_7, -0.2, 20635, 300,0
TS,Reduced,Best,Best,0,14,DAFJS_3_5_8, -0.2, 19201, 300,0.002
TS,Reduced,Best,Best,0,14,DAFJS_3_5_9, -0.2, 21552, 300,0.55
TS,Reduced,Best,Best,0,14,YFJS_4_4_7_5_0, -0.3, 31008, 300,0.001
TS,Reduced,Best,Best,0,14,YFJS_4_4_7_5_1, -0.3, 22732, 300,0.002
TS,Reduced,Best,Best,0,14,YFJS_4_4_7_5_2, -0.3, 38935, 300,0.05
TS,Reduced,Best,Best,0,14,YFJS_4_4_7_5_3, -0.3, 23774, 300,0
TS,Reduced,Best,Best,0,14,YFJS_4_4_7_5_4, -0.3, 22843, 300,0.003
TS,Reduced,Best,Best,0,14,YFJS_4_4_7_5_5, -0.3, 27366, 300,0
TS,Reduced,Best,Best,0,14,YFJS_4_4_7_5_6, -0.3, 39229, 300,0.003
TS,Reduced,Best,Best,0,14,YFJS_4_4_7_5_7, -0.3, 29464, 300,0.001
TS,Reduced,Best,Best,0,14,YFJS_4_4_7_5_8, -0.3, 33763, 300,0.096
TS,Reduced,Best,Best,0,14,YFJS_4_4_7_5_9, -0.3, 25072, 300,0.01
TS,Reduced,Best,Best,0,14,YFJS_5_4_7_5_0, -0.3, 36307, 300,0.045
TS,Reduced,Best,Best,0,14,YFJS_5_4_7_5_1, -0.3, 26219, 300,0.428
TS,Reduced,Best,Best,0,14,YFJS_5_4_7_5_2, -0.3, 25619, 300,0
TS,Reduced,Best,Best,0,14,YFJS_5_4_7_5_3, -0.3, 27428, 300,0.033
TS,Reduced,Best,Best,0,14,YFJS_5_4_7_5_4, -0.3, 38256, 300,0.005
TS,Reduced,Best,Best,0,14,YFJS_5_4_7_5_5, -0.3, 30219, 300,0.002
TS,Reduced,Best,Best,0,14,YFJS_5_4_7_5_6, -0.3, 38388, 300,0.008
TS,Reduced,Best,Best,0,14,YFJS_5_4_7_5_7, -0.3, 25067, 300,0.274
TS,Reduced,Best,Best,0,14,YFJS_5_4_7_5_8, -0.3, 29207, 300,0.03
TS,Reduced,Best,Best,0,14,YFJS_5_4_7_5_9, -0.3, 27091, 300,0.129
TS,Reduced,Best,Best,0,14,YFJS_6_4_7_5_0, -0.3, 32166, 300,6.851
TS,Reduced,Best,Best,0,14,YFJS_6_4_7_5_1, -0.3, 28985, 300,0.002
TS,Reduced,Best,Best,0,14,YFJS_6_4_7_5_2, -0.3, 35441, 300,3.742
TS,Reduced,Best,Best,0,14,YFJS_6_4_7_5_3, -0.3, 27023, 300,0.408
TS,Reduced,Best,Best,0,14,YFJS_6_4_7_5_4, -0.3, 32346, 300,2.069
TS,Reduced,Best,Best,0,14,YFJS_6_4_7_5_5, -0.3, 43452, 300,0.031
TS,Reduced,Best,Best,0,14,YFJS_6_4_7_5_6, -0.3, 31571, 300,0.014
TS,Reduced,Best,Best,0,14,YFJS_6_4_7_5_7, -0.3, 30428, 300,0.438
TS,Reduced,Best,Best,0,14,YFJS_6_4_7_5_8, -0.3, 32826, 300,0.048
TS,Reduced,Best,Best,0,14,YFJS_6_4_7_5_9, -0.3, 29848, 300,8.718
TS,Reduced,Best,Best,0,14,DA_2_5_1, -0.3, 19443, 300,0.004
TS,Reduced,Best,Best,0,14,DA_2_5_10, -0.3, 18916, 300,0.004
TS,Reduced,Best,Best,0,14,DA_2_5_11, -0.3, 17619, 300,0
TS,Reduced,Best,Best,0,14,DA_2_5_12, -0.3, 18800, 300,0
TS,Reduced,Best,Best,0,14,DA_2_5_13, -0.3, 17596, 300,0.013
TS,Reduced,Best,Best,0,14,DA_2_5_14, -0.3, 18692, 300,0.02
TS,Reduced,Best,Best,0,14,DA_2_5_15, -0.3, 24256, 300,0
TS,Reduced,Best,Best,0,14,DA_2_5_16, -0.3, 17900, 300,0
TS,Reduced,Best,Best,0,14,DA_2_5_17, -0.3, 20797, 300,0.034
TS,Reduced,Best,Best,0,14,DA_2_5_18, -0.3, 17395, 300,0
TS,Reduced,Best,Best,0,14,DA_2_5_19, -0.3, 25304, 300,0.006
TS,Reduced,Best,Best,0,14,DA_2_5_2, -0.3, 17105, 300,0.002
TS,Reduced,Best,Best,0,14,DA_2_5_20, -0.3, 14077, 300,0
TS,Reduced,Best,Best,0,14,DA_2_5_3, -0.3, 20620, 300,0
TS,Reduced,Best,Best,0,14,DA_2_5_4, -0.3, 18625, 300,0
TS,Reduced,Best,Best,0,14,DA_2_5_5, -0.3, 22734, 300,0.014
TS,Reduced,Best,Best,0,14,DA_2_5_6, -0.3, 18253, 300,0
TS,Reduced,Best,Best,0,14,DA_2_5_7, -0.3, 16495, 300,0
TS,Reduced,Best,Best,0,14,DA_2_5_8, -0.3, 18474, 300,0.001
TS,Reduced,Best,Best,0,14,DA_2_5_9, -0.3, 19587, 300,0
TS,Reduced,Best,Best,0,14,DAFJS_3_5_1, -0.3, 19430, 300,1.908
TS,Reduced,Best,Best,0,14,DAFJS_3_5_10, -0.3, 22322, 300,0.153
TS,Reduced,Best,Best,0,14,DAFJS_3_5_2, -0.3, 20932, 300,0.846
TS,Reduced,Best,Best,0,14,DAFJS_3_5_3, -0.3, 20389, 300,0.061
TS,Reduced,Best,Best,0,14,DAFJS_3_5_4, -0.3, 18400, 300,0.008
TS,Reduced,Best,Best,0,14,DAFJS_3_5_5, -0.3, 18396, 300,0.019
TS,Reduced,Best,Best,0,14,DAFJS_3_5_6, -0.3, 18734, 300,0.008
TS,Reduced,Best,Best,0,14,DAFJS_3_5_7, -0.3, 18762, 300,0.081
TS,Reduced,Best,Best,0,14,DAFJS_3_5_8, -0.3, 18253, 300,0
TS,Reduced,Best,Best,0,14,DAFJS_3_5_9, -0.3, 19504, 300,0.588
