GRASP,Reduced,Best,Best,1,0.59,YFJS_4_4_7_5_0, -0.1, 35046, 100,0
GRASP,Reduced,Best,Best,1,0.59,YFJS_4_4_7_5_1, -0.1, 24359, 100,0.003
GRASP,Reduced,Best,Best,1,0.59,YFJS_4_4_7_5_2, -0.1, 47391, 100,0.166
GRASP,Reduced,Best,Best,1,0.59,YFJS_4_4_7_5_3, -0.1, 25394, 100,0
GRASP,Reduced,Best,Best,1,0.59,YFJS_4_4_7_5_4, -0.1, 23985, 100,0
GRASP,Reduced,Best,Best,1,0.59,YFJS_4_4_7_5_5, -0.1, 29469, 100,0.307
GRASP,Reduced,Best,Best,1,0.59,YFJS_4_4_7_5_6, -0.1, 45705, 100,1.354
GRASP,Reduced,Best,Best,1,0.59,YFJS_4_4_7_5_7, -0.1, 33829, 100,0.027
GRASP,Reduced,Best,Best,1,0.59,YFJS_4_4_7_5_8, -0.1, 37049, 100,0
GRASP,Reduced,Best,Best,1,0.59,YFJS_4_4_7_5_9, -0.1, 27310, 100,0
GRASP,Reduced,Best,Best,1,0.59,YFJS_5_4_7_5_0, -0.1, 41300, 100,0.115
GRASP,Reduced,Best,Best,1,0.59,YFJS_5_4_7_5_1, -0.1, 30356, 100,0.005
GRASP,Reduced,Best,Best,1,0.59,YFJS_5_4_7_5_2, -0.1, 30962, 100,0.002
GRASP,Reduced,Best,Best,1,0.59,YFJS_5_4_7_5_3, -0.1, 31398, 100,0
GRASP,Reduced,Best,Best,1,0.59,YFJS_5_4_7_5_4, -0.1, 45442, 100,0.003
GRASP,Reduced,Best,Best,1,0.59,YFJS_5_4_7_5_5, -0.1, 33791, 100,2.783
GRASP,Reduced,Best,Best,1,0.59,YFJS_5_4_7_5_6, -0.1, 42838, 100,32.084
GRASP,Reduced,Best,Best,1,0.59,YFJS_5_4_7_5_7, -0.1, 28247, 100,0
GRASP,Reduced,Best,Best,1,0.59,YFJS_5_4_7_5_8, -0.1, 33601, 100,0.002
GRASP,Reduced,Best,Best,1,0.59,YFJS_5_4_7_5_9, -0.1, 30837, 100,0.003
GRASP,Reduced,Best,Best,1,0.59,YFJS_6_4_7_5_0, -0.1, 37275, 100,0.107
GRASP,Reduced,Best,Best,1,0.59,YFJS_6_4_7_5_1, -0.1, 34282, 100,0.011
GRASP,Reduced,Best,Best,1,0.59,YFJS_6_4_7_5_2, -0.1, 42079, 100,9.604
GRASP,Reduced,Best,Best,1,0.59,YFJS_6_4_7_5_3, -0.1, 30965, 100,26.461
GRASP,Reduced,Best,Best,1,0.59,YFJS_6_4_7_5_4, -0.1, 36170, 100,0.496
GRASP,Reduced,Best,Best,1,0.59,YFJS_6_4_7_5_5, -0.1, 51466, 100,0.236
GRASP,Reduced,Best,Best,1,0.59,YFJS_6_4_7_5_6, -0.1, 36719, 100,0.014
GRASP,Reduced,Best,Best,1,0.59,YFJS_6_4_7_5_7, -0.1, 34509, 100,52.893
GRASP,Reduced,Best,Best,1,0.59,YFJS_6_4_7_5_8, -0.1, 39798, 100,0.002
GRASP,Reduced,Best,Best,1,0.59,YFJS_6_4_7_5_9, -0.1, 33974, 100,0.098
GRASP,Reduced,Best,Best,1,0.59,DA_2_5_1, -0.1, 22875, 100,16.887
GRASP,Reduced,Best,Best,1,0.59,DA_2_5_10, -0.1, 22708, 100,0.007
GRASP,Reduced,Best,Best,1,0.59,DA_2_5_11, -0.1, 18363, 100,0
GRASP,Reduced,Best,Best,1,0.59,DA_2_5_12, -0.1, 20498, 100,0
GRASP,Reduced,Best,Best,1,0.59,DA_2_5_13, -0.1, 20593, 100,0.543
GRASP,Reduced,Best,Best,1,0.59,DA_2_5_14, -0.1, 22867, 100,0.423
GRASP,Reduced,Best,Best,1,0.59,DA_2_5_15, -0.1, 25715, 100,0.747
GRASP,Reduced,Best,Best,1,0.59,DA_2_5_16, -0.1, 19878, 100,0
GRASP,Reduced,Best,Best,1,0.59,DA_2_5_17, -0.1, 24267, 100,4.793
GRASP,Reduced,Best,Best,1,0.59,DA_2_5_18, -0.1, 20336, 100,0.002
GRASP,Reduced,Best,Best,1,0.59,DA_2_5_19, -0.1, 29968, 100,0
GRASP,Reduced,Best,Best,1,0.59,DA_2_5_2, -0.1, 18670, 100,5.023
GRASP,Reduced,Best,Best,1,0.59,DA_2_5_20, -0.1, 16313, 100,0
GRASP,Reduced,Best,Best,1,0.59,DA_2_5_3, -0.1, 23140, 100,4.76
GRASP,Reduced,Best,Best,1,0.59,DA_2_5_4, -0.1, 21715, 100,0.124
GRASP,Reduced,Best,Best,1,0.59,DA_2_5_5, -0.1, 25426, 100,0.002
GRASP,Reduced,Best,Best,1,0.59,DA_2_5_6, -0.1, 20155, 100,0
GRASP,Reduced,Best,Best,1,0.59,DA_2_5_7, -0.1, 18135, 100,0
GRASP,Reduced,Best,Best,1,0.59,DA_2_5_8, -0.1, 20945, 100,0
GRASP,Reduced,Best,Best,1,0.59,DA_2_5_9, -0.1, 21838, 100,0.276
GRASP,Reduced,Best,Best,1,0.59,DAFJS_3_5_1, -0.1, 23550, 100,53.565
GRASP,Reduced,Best,Best,1,0.59,DAFJS_3_5_10, -0.1, 25923, 100,0.003
GRASP,Reduced,Best,Best,1,0.59,DAFJS_3_5_2, -0.1, 24998, 100,0.004
GRASP,Reduced,Best,Best,1,0.59,DAFJS_3_5_3, -0.1, 24579, 100,0.007
GRASP,Reduced,Best,Best,1,0.59,DAFJS_3_5_4, -0.1, 21143, 100,0
GRASP,Reduced,Best,Best,1,0.59,DAFJS_3_5_5, -0.1, 21120, 100,38.742
GRASP,Reduced,Best,Best,1,0.59,DAFJS_3_5_6, -0.1, 22050, 100,0.693
GRASP,Reduced,Best,Best,1,0.59,DAFJS_3_5_7, -0.1, 22708, 100,0
GRASP,Reduced,Best,Best,1,0.59,DAFJS_3_5_8, -0.1, 20278, 100,0.002
GRASP,Reduced,Best,Best,1,0.59,DAFJS_3_5_9, -0.1, 23742, 100,23.602
GRASP,Reduced,Best,Best,1,0.59,YFJS_4_4_7_5_0, -0.2, 33132, 100,3.949
GRASP,Reduced,Best,Best,1,0.59,YFJS_4_4_7_5_1, -0.2, 23100, 100,0
GRASP,Reduced,Best,Best,1,0.59,YFJS_4_4_7_5_2, -0.2, 42896, 100,0.002
GRASP,Reduced,Best,Best,1,0.59,YFJS_4_4_7_5_3, -0.2, 24485, 100,0.003
GRASP,Reduced,Best,Best,1,0.59,YFJS_4_4_7_5_4, -0.2, 23597, 100,0.003
GRASP,Reduced,Best,Best,1,0.59,YFJS_4_4_7_5_5, -0.2, 28655, 100,0
GRASP,Reduced,Best,Best,1,0.59,YFJS_4_4_7_5_6, -0.2, 42239, 100,3.148
GRASP,Reduced,Best,Best,1,0.59,YFJS_4_4_7_5_7, -0.2, 31471, 100,9.926
GRASP,Reduced,Best,Best,1,0.59,YFJS_4_4_7_5_8, -0.2, 35250, 100,0
GRASP,Reduced,Best,Best,1,0.59,YFJS_4_4_7_5_9, -0.2, 26145, 100,0
GRASP,Reduced,Best,Best,1,0.59,YFJS_5_4_7_5_0, -0.2, 38545, 100,5.239
GRASP,Reduced,Best,Best,1,0.59,YFJS_5_4_7_5_1, -0.2, 28281, 100,0.014
GRASP,Reduced,Best,Best,1,0.59,YFJS_5_4_7_5_2, -0.2, 28120, 100,0.005
GRASP,Reduced,Best,Best,1,0.59,YFJS_5_4_7_5_3, -0.2, 29682, 100,0
GRASP,Reduced,Best,Best,1,0.59,YFJS_5_4_7_5_4, -0.2, 41619, 100,0.007
GRASP,Reduced,Best,Best,1,0.59,YFJS_5_4_7_5_5, -0.2, 31280, 100,0
GRASP,Reduced,Best,Best,1,0.59,YFJS_5_4_7_5_6, -0.2, 40388, 100,13.231
GRASP,Reduced,Best,Best,1,0.59,YFJS_5_4_7_5_7, -0.2, 26297, 100,0.003
GRASP,Reduced,Best,Best,1,0.59,YFJS_5_4_7_5_8, -0.2, 30717, 100,0.004
GRASP,Reduced,Best,Best,1,0.59,YFJS_5_4_7_5_9, -0.2, 28832, 100,0.034
GRASP,Reduced,Best,Best,1,0.59,YFJS_6_4_7_5_0, -0.2, 34811, 100,0.113
GRASP,Reduced,Best,Best,1,0.59,YFJS_6_4_7_5_1, -0.2, 31747, 100,0.471
GRASP,Reduced,Best,Best,1,0.59,YFJS_6_4_7_5_2, -0.2, 38639, 100,2.308
GRASP,Reduced,Best,Best,1,0.59,YFJS_6_4_7_5_3, -0.2, 28884, 100,71.369
GRASP,Reduced,Best,Best,1,0.59,YFJS_6_4_7_5_4, -0.2, 34231, 100,9.328
GRASP,Reduced,Best,Best,1,0.59,YFJS_6_4_7_5_5, -0.2, 47519, 100,5.095
GRASP,Reduced,Best,Best,1,0.59,YFJS_6_4_7_5_6, -0.2, 34042, 100,3.902
GRASP,Reduced,Best,Best,1,0.59,YFJS_6_4_7_5_7, -0.2, 32313, 100,38.058
GRASP,Reduced,Best,Best,1,0.59,YFJS_6_4_7_5_8, -0.2, 36093, 100,0.008
GRASP,Reduced,Best,Best,1,0.59,YFJS_6_4_7_5_9, -0.2, 32099, 100,0.225
GRASP,Reduced,Best,Best,1,0.59,DA_2_5_1, -0.2, 21327, 100,46.647
GRASP,Reduced,Best,Best,1,0.59,DA_2_5_10, -0.2, 20635, 100,0.043
GRASP,Reduced,Best,Best,1,0.59,DA_2_5_11, -0.2, 17972, 100,0
GRASP,Reduced,Best,Best,1,0.59,DA_2_5_12, -0.2, 19602, 100,0
GRASP,Reduced,Best,Best,1,0.59,DA_2_5_13, -0.2, 18803, 100,0.058
GRASP,Reduced,Best,Best,1,0.59,DA_2_5_14, -0.2, 20568, 100,0.008
GRASP,Reduced,Best,Best,1,0.59,DA_2_5_15, -0.2, 24715, 100,0.482
GRASP,Reduced,Best,Best,1,0.59,DA_2_5_16, -0.2, 18857, 100,0
GRASP,Reduced,Best,Best,1,0.59,DA_2_5_17, -0.2, 22660, 100,1.643
GRASP,Reduced,Best,Best,1,0.59,DA_2_5_18, -0.2, 18823, 100,0
GRASP,Reduced,Best,Best,1,0.59,DA_2_5_19, -0.2, 27455, 100,0
GRASP,Reduced,Best,Best,1,0.59,DA_2_5_2, -0.2, 17874, 100,0.402
GRASP,Reduced,Best,Best,1,0.59,DA_2_5_20, -0.2, 15143, 100,0
GRASP,Reduced,Best,Best,1,0.59,DA_2_5_3, -0.2, 21817, 100,3.298
GRASP,Reduced,Best,Best,1,0.59,DA_2_5_4, -0.2, 20236, 100,0.006
GRASP,Reduced,Best,Best,1,0.59,DA_2_5_5, -0.2, 24114, 100,0.009
GRASP,Reduced,Best,Best,1,0.59,DA_2_5_6, -0.2, 19145, 100,0
GRASP,Reduced,Best,Best,1,0.59,DA_2_5_7, -0.2, 17270, 100,0.002
GRASP,Reduced,Best,Best,1,0.59,DA_2_5_8, -0.2, 19642, 100,0
GRASP,Reduced,Best,Best,1,0.59,DA_2_5_9, -0.2, 20086, 100,2.009
GRASP,Reduced,Best,Best,1,0.59,DAFJS_3_5_1, -0.2, 21613, 100,26.663
GRASP,Reduced,Best,Best,1,0.59,DAFJS_3_5_10, -0.2, 23852, 100,11.428
GRASP,Reduced,Best,Best,1,0.59,DAFJS_3_5_2, -0.2, 23300, 100,0.014
GRASP,Reduced,Best,Best,1,0.59,DAFJS_3_5_3, -0.2, 22521, 100,77.654
GRASP,Reduced,Best,Best,1,0.59,DAFJS_3_5_4, -0.2, 19809, 100,0.001
GRASP,Reduced,Best,Best,1,0.59,DAFJS_3_5_5, -0.2, 19773, 100,0.006
GRASP,Reduced,Best,Best,1,0.59,DAFJS_3_5_6, -0.2, 20245, 100,31.603
GRASP,Reduced,Best,Best,1,0.59,DAFJS_3_5_7, -0.2, 20635, 100,0.001
GRASP,Reduced,Best,Best,1,0.59,DAFJS_3_5_8, -0.2, 19201, 100,0.004
GRASP,Reduced,Best,Best,1,0.59,DAFJS_3_5_9, -0.2, 21645, 100,1.551
GRASP,Reduced,Best,Best,1,0.59,YFJS_4_4_7_5_0, -0.3, 31008, 100,0.16
GRASP,Reduced,Best,Best,1,0.59,YFJS_4_4_7_5_1, -0.3, 22010, 100,0.001
GRASP,Reduced,Best,Best,1,0.59,YFJS_4_4_7_5_2, -0.3, 38935, 100,0
GRASP,Reduced,Best,Best,1,0.59,YFJS_4_4_7_5_3, -0.3, 23774, 100,0.006
GRASP,Reduced,Best,Best,1,0.59,YFJS_4_4_7_5_4, -0.3, 22843, 100,0
GRASP,Reduced,Best,Best,1,0.59,YFJS_4_4_7_5_5, -0.3, 27366, 100,0
GRASP,Reduced,Best,Best,1,0.59,YFJS_4_4_7_5_6, -0.3, 38932, 100,10.266
GRASP,Reduced,Best,Best,1,0.59,YFJS_4_4_7_5_7, -0.3, 29464, 100,2.279
GRASP,Reduced,Best,Best,1,0.59,YFJS_4_4_7_5_8, -0.3, 33763, 100,0.008
GRASP,Reduced,Best,Best,1,0.59,YFJS_4_4_7_5_9, -0.3, 25072, 100,26.705
GRASP,Reduced,Best,Best,1,0.59,YFJS_5_4_7_5_0, -0.3, 36307, 100,10.958
GRASP,Reduced,Best,Best,1,0.59,YFJS_5_4_7_5_1, -0.3, 26219, 100,0.144
GRASP,Reduced,Best,Best,1,0.59,YFJS_5_4_7_5_2, -0.3, 25619, 100,0.006
GRASP,Reduced,Best,Best,1,0.59,YFJS_5_4_7_5_3, -0.3, 27428, 100,0.128
GRASP,Reduced,Best,Best,1,0.59,YFJS_5_4_7_5_4, -0.3, 38256, 100,6.591
GRASP,Reduced,Best,Best,1,0.59,YFJS_5_4_7_5_5, -0.3, 29442, 100,0
GRASP,Reduced,Best,Best,1,0.59,YFJS_5_4_7_5_6, -0.3, 37465, 100,0.017
GRASP,Reduced,Best,Best,1,0.59,YFJS_5_4_7_5_7, -0.3, 25067, 100,0.011
GRASP,Reduced,Best,Best,1,0.59,YFJS_5_4_7_5_8, -0.3, 29207, 100,0.005
GRASP,Reduced,Best,Best,1,0.59,YFJS_5_4_7_5_9, -0.3, 27091, 100,0.225
GRASP,Reduced,Best,Best,1,0.59,YFJS_6_4_7_5_0, -0.3, 32166, 100,0.009
GRASP,Reduced,Best,Best,1,0.59,YFJS_6_4_7_5_1, -0.3, 28985, 100,1.145
GRASP,Reduced,Best,Best,1,0.59,YFJS_6_4_7_5_2, -0.3, 35441, 100,33.001
GRASP,Reduced,Best,Best,1,0.59,YFJS_6_4_7_5_3, -0.3, 27023, 100,65.901
GRASP,Reduced,Best,Best,1,0.59,YFJS_6_4_7_5_4, -0.3, 32465, 100,0.68
GRASP,Reduced,Best,Best,1,0.59,YFJS_6_4_7_5_5, -0.3, 43452, 100,31.354
GRASP,Reduced,Best,Best,1,0.59,YFJS_6_4_7_5_6, -0.3, 31571, 100,0.337
GRASP,Reduced,Best,Best,1,0.59,YFJS_6_4_7_5_7, -0.3, 30428, 100,38.96
GRASP,Reduced,Best,Best,1,0.59,YFJS_6_4_7_5_8, -0.3, 32974, 100,0.025
GRASP,Reduced,Best,Best,1,0.59,YFJS_6_4_7_5_9, -0.3, 31093, 100,0.013
GRASP,Reduced,Best,Best,1,0.59,DA_2_5_1, -0.3, 19443, 100,16.162
GRASP,Reduced,Best,Best,1,0.59,DA_2_5_10, -0.3, 18916, 100,0.008
GRASP,Reduced,Best,Best,1,0.59,DA_2_5_11, -0.3, 17419, 100,0
GRASP,Reduced,Best,Best,1,0.59,DA_2_5_12, -0.3, 18800, 100,0
GRASP,Reduced,Best,Best,1,0.59,DA_2_5_13, -0.3, 17596, 100,16.239
GRASP,Reduced,Best,Best,1,0.59,DA_2_5_14, -0.3, 18692, 100,0.073
GRASP,Reduced,Best,Best,1,0.59,DA_2_5_15, -0.3, 24256, 100,0.599
GRASP,Reduced,Best,Best,1,0.59,DA_2_5_16, -0.3, 17900, 100,0
GRASP,Reduced,Best,Best,1,0.59,DA_2_5_17, -0.3, 20797, 100,0.003
GRASP,Reduced,Best,Best,1,0.59,DA_2_5_18, -0.3, 17395, 100,0.008
GRASP,Reduced,Best,Best,1,0.59,DA_2_5_19, -0.3, 25304, 100,0
GRASP,Reduced,Best,Best,1,0.59,DA_2_5_2, -0.3, 17105, 100,1.382
GRASP,Reduced,Best,Best,1,0.59,DA_2_5_20, -0.3, 14077, 100,0
GRASP,Reduced,Best,Best,1,0.59,DA_2_5_3, -0.3, 20620, 100,4.264
GRASP,Reduced,Best,Best,1,0.59,DA_2_5_4, -0.3, 18625, 100,0.007
GRASP,Reduced,Best,Best,1,0.59,DA_2_5_5, -0.3, 22734, 100,1.146
GRASP,Reduced,Best,Best,1,0.59,DA_2_5_6, -0.3, 18253, 100,0
GRASP,Reduced,Best,Best,1,0.59,DA_2_5_7, -0.3, 16495, 100,0
GRASP,Reduced,Best,Best,1,0.59,DA_2_5_8, -0.3, 18474, 100,0
GRASP,Reduced,Best,Best,1,0.59,DA_2_5_9, -0.3, 18521, 100,0.186
GRASP,Reduced,Best,Best,1,0.59,DAFJS_3_5_1, -0.3, 19726, 100,76.656
GRASP,Reduced,Best,Best,1,0.59,DAFJS_3_5_10, -0.3, 22557, 100,55.03
GRASP,Reduced,Best,Best,1,0.59,DAFJS_3_5_2, -0.3, 21372, 100,0.008
GRASP,Reduced,Best,Best,1,0.59,DAFJS_3_5_3, -0.3, 20389, 100,0.034
GRASP,Reduced,Best,Best,1,0.59,DAFJS_3_5_4, -0.3, 18472, 100,0
GRASP,Reduced,Best,Best,1,0.59,DAFJS_3_5_5, -0.3, 18396, 100,43.713
GRASP,Reduced,Best,Best,1,0.59,DAFJS_3_5_6, -0.3, 18749, 100,35.77
GRASP,Reduced,Best,Best,1,0.59,DAFJS_3_5_7, -0.3, 18762, 100,7.262
GRASP,Reduced,Best,Best,1,0.59,DAFJS_3_5_8, -0.3, 18253, 100,0.017
GRASP,Reduced,Best,Best,1,0.59,DAFJS_3_5_9, -0.3, 20137, 100,30.571
GRASP,Reduced,Best,Best,1,0.59,YFJS_4_4_7_5_0, -0.1, 35046, 100,0
GRASP,Reduced,Best,Best,1,0.59,YFJS_4_4_7_5_1, -0.1, 24359, 100,0.008
GRASP,Reduced,Best,Best,1,0.59,YFJS_4_4_7_5_2, -0.1, 47391, 100,0.068
GRASP,Reduced,Best,Best,1,0.59,YFJS_4_4_7_5_3, -0.1, 25394, 100,0
GRASP,Reduced,Best,Best,1,0.59,YFJS_4_4_7_5_4, -0.1, 23985, 100,0
GRASP,Reduced,Best,Best,1,0.59,YFJS_4_4_7_5_6, -0.1, 45705, 100,10.43
GRASP,Reduced,Best,Best,1,0.59,YFJS_4_4_7_5_5, -0.1, 29469, 100,0.244
GRASP,Reduced,Best,Best,1,0.59,YFJS_4_4_7_5_7, -0.1, 33829, 100,0.115
GRASP,Reduced,Best,Best,1,0.59,YFJS_4_4_7_5_8, -0.1, 37049, 100,0.002
GRASP,Reduced,Best,Best,1,0.59,YFJS_4_4_7_5_9, -0.1, 27310, 100,0.004
GRASP,Reduced,Best,Best,1,0.59,YFJS_5_4_7_5_0, -0.1, 41300, 100,0.006
GRASP,Reduced,Best,Best,1,0.59,YFJS_5_4_7_5_1, -0.1, 30356, 100,0.007
GRASP,Reduced,Best,Best,1,0.59,YFJS_5_4_7_5_2, -0.1, 30962, 100,0.005
GRASP,Reduced,Best,Best,1,0.59,YFJS_5_4_7_5_3, -0.1, 31398, 100,0.003
GRASP,Reduced,Best,Best,1,0.59,YFJS_5_4_7_5_4, -0.1, 45442, 100,0.005
GRASP,Reduced,Best,Best,1,0.59,YFJS_5_4_7_5_5, -0.1, 33791, 100,25.042
GRASP,Reduced,Best,Best,1,0.59,YFJS_5_4_7_5_6, -0.1, 42838, 100,5.639
GRASP,Reduced,Best,Best,1,0.59,YFJS_5_4_7_5_7, -0.1, 28247, 100,0.001
GRASP,Reduced,Best,Best,1,0.59,YFJS_5_4_7_5_8, -0.1, 33601, 100,0.002
GRASP,Reduced,Best,Best,1,0.59,YFJS_5_4_7_5_9, -0.1, 30837, 100,0.002
GRASP,Reduced,Best,Best,1,0.59,YFJS_6_4_7_5_0, -0.1, 37275, 100,0.136
GRASP,Reduced,Best,Best,1,0.59,YFJS_6_4_7_5_1, -0.1, 34282, 100,0.032
GRASP,Reduced,Best,Best,1,0.59,YFJS_6_4_7_5_2, -0.1, 42145, 100,0.083
GRASP,Reduced,Best,Best,1,0.59,YFJS_6_4_7_5_3, -0.1, 30965, 100,7.391
GRASP,Reduced,Best,Best,1,0.59,YFJS_6_4_7_5_4, -0.1, 36170, 100,1.502
GRASP,Reduced,Best,Best,1,0.59,YFJS_6_4_7_5_5, -0.1, 51466, 100,2.736
GRASP,Reduced,Best,Best,1,0.59,YFJS_6_4_7_5_6, -0.1, 36719, 100,0.013
GRASP,Reduced,Best,Best,1,0.59,YFJS_6_4_7_5_7, -0.1, 35003, 100,0.042
GRASP,Reduced,Best,Best,1,0.59,YFJS_6_4_7_5_8, -0.1, 39798, 100,0.003
GRASP,Reduced,Best,Best,1,0.59,YFJS_6_4_7_5_9, -0.1, 33974, 100,0.072
GRASP,Reduced,Best,Best,1,0.59,DA_2_5_1, -0.1, 22952, 100,12.164
GRASP,Reduced,Best,Best,1,0.59,DA_2_5_10, -0.1, 22708, 100,0.008
GRASP,Reduced,Best,Best,1,0.59,DA_2_5_11, -0.1, 18363, 100,0
GRASP,Reduced,Best,Best,1,0.59,DA_2_5_12, -0.1, 20498, 100,0
GRASP,Reduced,Best,Best,1,0.59,DA_2_5_13, -0.1, 20593, 100,6.112
GRASP,Reduced,Best,Best,1,0.59,DA_2_5_14, -0.1, 22867, 100,1.238
GRASP,Reduced,Best,Best,1,0.59,DA_2_5_15, -0.1, 25715, 100,0.251
GRASP,Reduced,Best,Best,1,0.59,DA_2_5_16, -0.1, 19878, 100,0
GRASP,Reduced,Best,Best,1,0.59,DA_2_5_17, -0.1, 24267, 100,22.459
GRASP,Reduced,Best,Best,1,0.59,DA_2_5_18, -0.1, 20336, 100,0.001
GRASP,Reduced,Best,Best,1,0.59,DA_2_5_19, -0.1, 29968, 100,0.001
GRASP,Reduced,Best,Best,1,0.59,DA_2_5_2, -0.1, 18670, 100,5.185
GRASP,Reduced,Best,Best,1,0.59,DA_2_5_20, -0.1, 16313, 100,0
GRASP,Reduced,Best,Best,1,0.59,DA_2_5_3, -0.1, 23140, 100,0.175
GRASP,Reduced,Best,Best,1,0.59,DA_2_5_4, -0.1, 21715, 100,0.571
GRASP,Reduced,Best,Best,1,0.59,DA_2_5_5, -0.1, 25426, 100,0
GRASP,Reduced,Best,Best,1,0.59,DA_2_5_6, -0.1, 20155, 100,0.001
GRASP,Reduced,Best,Best,1,0.59,DA_2_5_7, -0.1, 18135, 100,0.001
GRASP,Reduced,Best,Best,1,0.59,DA_2_5_8, -0.1, 20945, 100,0
GRASP,Reduced,Best,Best,1,0.59,DA_2_5_9, -0.1, 21838, 100,0.261
GRASP,Reduced,Best,Best,1,0.59,DAFJS_3_5_1, -0.1, 23344, 100,74.775
GRASP,Reduced,Best,Best,1,0.59,DAFJS_3_5_10, -0.1, 25923, 100,0.029
GRASP,Reduced,Best,Best,1,0.59,DAFJS_3_5_2, -0.1, 24998, 100,0.006
GRASP,Reduced,Best,Best,1,0.59,DAFJS_3_5_3, -0.1, 24579, 100,0.019
GRASP,Reduced,Best,Best,1,0.59,DAFJS_3_5_4, -0.1, 21143, 100,0.011
GRASP,Reduced,Best,Best,1,0.59,DAFJS_3_5_5, -0.1, 21120, 100,48.547
GRASP,Reduced,Best,Best,1,0.59,DAFJS_3_5_6, -0.1, 22050, 100,0.247
GRASP,Reduced,Best,Best,1,0.59,DAFJS_3_5_7, -0.1, 22708, 100,0
GRASP,Reduced,Best,Best,1,0.59,DAFJS_3_5_8, -0.1, 20278, 100,0.004
GRASP,Reduced,Best,Best,1,0.59,YFJS_4_4_7_5_0, -0.2, 33132, 100,7.908
GRASP,Reduced,Best,Best,1,0.59,DAFJS_3_5_9, -0.1, 23742, 100,52.898
GRASP,Reduced,Best,Best,1,0.59,YFJS_4_4_7_5_1, -0.2, 23100, 100,0.002
GRASP,Reduced,Best,Best,1,0.59,YFJS_4_4_7_5_2, -0.2, 42896, 100,0.013
GRASP,Reduced,Best,Best,1,0.59,YFJS_4_4_7_5_3, -0.2, 24485, 100,0.003
GRASP,Reduced,Best,Best,1,0.59,YFJS_4_4_7_5_4, -0.2, 23597, 100,0
GRASP,Reduced,Best,Best,1,0.59,YFJS_4_4_7_5_5, -0.2, 28655, 100,0
GRASP,Reduced,Best,Best,1,0.59,YFJS_4_4_7_5_6, -0.2, 42239, 100,3.559
GRASP,Reduced,Best,Best,1,0.59,YFJS_4_4_7_5_7, -0.2, 31471, 100,20.291
GRASP,Reduced,Best,Best,1,0.59,YFJS_4_4_7_5_8, -0.2, 35250, 100,0
GRASP,Reduced,Best,Best,1,0.59,YFJS_4_4_7_5_9, -0.2, 26145, 100,0.003
GRASP,Reduced,Best,Best,1,0.59,YFJS_5_4_7_5_0, -0.2, 38545, 100,6.428
GRASP,Reduced,Best,Best,1,0.59,YFJS_5_4_7_5_1, -0.2, 28281, 100,0.015
GRASP,Reduced,Best,Best,1,0.59,YFJS_5_4_7_5_2, -0.2, 28120, 100,0.033
GRASP,Reduced,Best,Best,1,0.59,YFJS_5_4_7_5_3, -0.2, 29682, 100,0
GRASP,Reduced,Best,Best,1,0.59,YFJS_5_4_7_5_4, -0.2, 41619, 100,0.008
GRASP,Reduced,Best,Best,1,0.59,YFJS_5_4_7_5_5, -0.2, 31280, 100,0.008
GRASP,Reduced,Best,Best,1,0.59,YFJS_5_4_7_5_6, -0.2, 40388, 100,3.488
GRASP,Reduced,Best,Best,1,0.59,YFJS_5_4_7_5_7, -0.2, 26297, 100,0
GRASP,Reduced,Best,Best,1,0.59,YFJS_5_4_7_5_8, -0.2, 30717, 100,0.004
GRASP,Reduced,Best,Best,1,0.59,YFJS_5_4_7_5_9, -0.2, 28832, 100,0.014
GRASP,Reduced,Best,Best,1,0.59,YFJS_6_4_7_5_0, -0.2, 34811, 100,0.003
GRASP,Reduced,Best,Best,1,0.59,YFJS_6_4_7_5_1, -0.2, 31747, 100,0.202
GRASP,Reduced,Best,Best,1,0.59,YFJS_6_4_7_5_2, -0.2, 38639, 100,0.309
GRASP,Reduced,Best,Best,1,0.59,YFJS_6_4_7_5_3, -0.2, 28884, 100,22.527
GRASP,Reduced,Best,Best,1,0.59,YFJS_6_4_7_5_4, -0.2, 34983, 100,0.36
GRASP,Reduced,Best,Best,1,0.59,YFJS_6_4_7_5_5, -0.2, 47519, 100,0.954
GRASP,Reduced,Best,Best,1,0.59,YFJS_6_4_7_5_6, -0.2, 34042, 100,0.732
GRASP,Reduced,Best,Best,1,0.59,YFJS_6_4_7_5_7, -0.2, 32080, 100,43.21
GRASP,Reduced,Best,Best,1,0.59,YFJS_6_4_7_5_8, -0.2, 36093, 100,0.04
GRASP,Reduced,Best,Best,1,0.59,YFJS_6_4_7_5_9, -0.2, 32099, 100,0.121
GRASP,Reduced,Best,Best,1,0.59,DA_2_5_1, -0.2, 21327, 100,11.717
GRASP,Reduced,Best,Best,1,0.59,DA_2_5_10, -0.2, 20635, 100,0.1
GRASP,Reduced,Best,Best,1,0.59,DA_2_5_11, -0.2, 17972, 100,0
GRASP,Reduced,Best,Best,1,0.59,DA_2_5_12, -0.2, 19602, 100,0
GRASP,Reduced,Best,Best,1,0.59,DA_2_5_13, -0.2, 18803, 100,9.734
GRASP,Reduced,Best,Best,1,0.59,DA_2_5_14, -0.2, 20568, 100,0.001
GRASP,Reduced,Best,Best,1,0.59,DA_2_5_15, -0.2, 24715, 100,0.077
GRASP,Reduced,Best,Best,1,0.59,DA_2_5_16, -0.2, 18857, 100,0
GRASP,Reduced,Best,Best,1,0.59,DA_2_5_17, -0.2, 22660, 100,5.025
GRASP,Reduced,Best,Best,1,0.59,DA_2_5_18, -0.2, 18823, 100,0
GRASP,Reduced,Best,Best,1,0.59,DA_2_5_19, -0.2, 27455, 100,0
GRASP,Reduced,Best,Best,1,0.59,DA_2_5_2, -0.2, 17874, 100,0.036
GRASP,Reduced,Best,Best,1,0.59,DA_2_5_20, -0.2, 15143, 100,0
GRASP,Reduced,Best,Best,1,0.59,DA_2_5_3, -0.2, 21817, 100,0.757
GRASP,Reduced,Best,Best,1,0.59,DA_2_5_4, -0.2, 20236, 100,0.003
GRASP,Reduced,Best,Best,1,0.59,DA_2_5_5, -0.2, 24114, 100,0.013
GRASP,Reduced,Best,Best,1,0.59,DA_2_5_6, -0.2, 19145, 100,0
GRASP,Reduced,Best,Best,1,0.59,DA_2_5_7, -0.2, 17270, 100,0
GRASP,Reduced,Best,Best,1,0.59,DA_2_5_8, -0.2, 19642, 100,0
GRASP,Reduced,Best,Best,1,0.59,DA_2_5_9, -0.2, 20086, 100,0.127
GRASP,Reduced,Best,Best,1,0.59,DAFJS_3_5_1, -0.2, 21593, 100,17.044
GRASP,Reduced,Best,Best,1,0.59,DAFJS_3_5_10, -0.2, 24273, 100,0.021
GRASP,Reduced,Best,Best,1,0.59,DAFJS_3_5_2, -0.2, 23300, 100,0.038
GRASP,Reduced,Best,Best,1,0.59,DAFJS_3_5_3, -0.2, 22521, 100,22.412
GRASP,Reduced,Best,Best,1,0.59,DAFJS_3_5_4, -0.2, 19809, 100,0
GRASP,Reduced,Best,Best,1,0.59,DAFJS_3_5_5, -0.2, 19773, 100,0.033
GRASP,Reduced,Best,Best,1,0.59,DAFJS_3_5_6, -0.2, 20559, 100,0.004
GRASP,Reduced,Best,Best,1,0.59,DAFJS_3_5_7, -0.2, 20635, 100,0.002
GRASP,Reduced,Best,Best,1,0.59,DAFJS_3_5_8, -0.2, 19201, 100,0.002
GRASP,Reduced,Best,Best,1,0.59,DAFJS_3_5_9, -0.2, 21645, 100,44.093
GRASP,Reduced,Best,Best,1,0.59,YFJS_4_4_7_5_0, -0.3, 31008, 100,13.712
GRASP,Reduced,Best,Best,1,0.59,YFJS_4_4_7_5_1, -0.3, 22010, 100,0.005
GRASP,Reduced,Best,Best,1,0.59,YFJS_4_4_7_5_2, -0.3, 38935, 100,0
GRASP,Reduced,Best,Best,1,0.59,YFJS_4_4_7_5_3, -0.3, 23774, 100,0.006
GRASP,Reduced,Best,Best,1,0.59,YFJS_4_4_7_5_4, -0.3, 22843, 100,0
GRASP,Reduced,Best,Best,1,0.59,YFJS_4_4_7_5_5, -0.3, 27366, 100,0
GRASP,Reduced,Best,Best,1,0.59,YFJS_4_4_7_5_6, -0.3, 38932, 100,6.853
GRASP,Reduced,Best,Best,1,0.59,YFJS_4_4_7_5_7, -0.3, 29464, 100,11.813
GRASP,Reduced,Best,Best,1,0.59,YFJS_4_4_7_5_8, -0.3, 33763, 100,0.007
GRASP,Reduced,Best,Best,1,0.59,YFJS_4_4_7_5_9, -0.3, 25072, 100,30.933
GRASP,Reduced,Best,Best,1,0.59,YFJS_5_4_7_5_0, -0.3, 36307, 100,5.85
GRASP,Reduced,Best,Best,1,0.59,YFJS_5_4_7_5_1, -0.3, 26219, 100,0.107
GRASP,Reduced,Best,Best,1,0.59,YFJS_5_4_7_5_2, -0.3, 25619, 100,0.024
GRASP,Reduced,Best,Best,1,0.59,YFJS_5_4_7_5_3, -0.3, 27428, 100,0.05
GRASP,Reduced,Best,Best,1,0.59,YFJS_5_4_7_5_4, -0.3, 38256, 100,20.383
GRASP,Reduced,Best,Best,1,0.59,YFJS_5_4_7_5_5, -0.3, 29442, 100,0.001
GRASP,Reduced,Best,Best,1,0.59,YFJS_5_4_7_5_6, -0.3, 37465, 100,0.082
GRASP,Reduced,Best,Best,1,0.59,YFJS_5_4_7_5_7, -0.3, 25067, 100,0.004
GRASP,Reduced,Best,Best,1,0.59,YFJS_5_4_7_5_8, -0.3, 29207, 100,0.429
GRASP,Reduced,Best,Best,1,0.59,YFJS_5_4_7_5_9, -0.3, 27091, 100,0.018
GRASP,Reduced,Best,Best,1,0.59,YFJS_6_4_7_5_0, -0.3, 32166, 100,0.018
GRASP,Reduced,Best,Best,1,0.59,YFJS_6_4_7_5_1, -0.3, 28985, 100,0.133
GRASP,Reduced,Best,Best,1,0.59,YFJS_6_4_7_5_2, -0.3, 35779, 100,0.179
GRASP,Reduced,Best,Best,1,0.59,YFJS_6_4_7_5_3, -0.3, 27023, 100,30.579
GRASP,Reduced,Best,Best,1,0.59,YFJS_6_4_7_5_4, -0.3, 32465, 100,0.063
GRASP,Reduced,Best,Best,1,0.59,YFJS_6_4_7_5_5, -0.3, 43452, 100,9.263
GRASP,Reduced,Best,Best,1,0.59,YFJS_6_4_7_5_6, -0.3, 31571, 100,0.761
GRASP,Reduced,Best,Best,1,0.59,YFJS_6_4_7_5_7, -0.3, 30474, 100,52.636
GRASP,Reduced,Best,Best,1,0.59,YFJS_6_4_7_5_8, -0.3, 32826, 100,0.835
GRASP,Reduced,Best,Best,1,0.59,YFJS_6_4_7_5_9, -0.3, 31093, 100,0.007
GRASP,Reduced,Best,Best,1,0.59,DA_2_5_1, -0.3, 19443, 100,96.683
GRASP,Reduced,Best,Best,1,0.59,DA_2_5_10, -0.3, 18916, 100,0
GRASP,Reduced,Best,Best,1,0.59,DA_2_5_11, -0.3, 17419, 100,0
GRASP,Reduced,Best,Best,1,0.59,DA_2_5_12, -0.3, 18800, 100,0.001
GRASP,Reduced,Best,Best,1,0.59,DA_2_5_13, -0.3, 17596, 100,28.834
GRASP,Reduced,Best,Best,1,0.59,DA_2_5_14, -0.3, 18692, 100,0.01
GRASP,Reduced,Best,Best,1,0.59,DA_2_5_15, -0.3, 24256, 100,0.087
GRASP,Reduced,Best,Best,1,0.59,DA_2_5_16, -0.3, 17900, 100,0.001
GRASP,Reduced,Best,Best,1,0.59,DA_2_5_17, -0.3, 20797, 100,0.001
GRASP,Reduced,Best,Best,1,0.59,DA_2_5_18, -0.3, 17395, 100,0.029
GRASP,Reduced,Best,Best,1,0.59,DA_2_5_19, -0.3, 25304, 100,0
GRASP,Reduced,Best,Best,1,0.59,DA_2_5_2, -0.3, 17105, 100,0.316
GRASP,Reduced,Best,Best,1,0.59,DA_2_5_20, -0.3, 14077, 100,0
GRASP,Reduced,Best,Best,1,0.59,DA_2_5_3, -0.3, 20620, 100,1.602
GRASP,Reduced,Best,Best,1,0.59,DA_2_5_4, -0.3, 18625, 100,0.01
GRASP,Reduced,Best,Best,1,0.59,DA_2_5_5, -0.3, 22734, 100,5.257
GRASP,Reduced,Best,Best,1,0.59,DA_2_5_6, -0.3, 18253, 100,0
GRASP,Reduced,Best,Best,1,0.59,DA_2_5_7, -0.3, 16495, 100,0
GRASP,Reduced,Best,Best,1,0.59,DA_2_5_8, -0.3, 18474, 100,0.004
GRASP,Reduced,Best,Best,1,0.59,DA_2_5_9, -0.3, 18521, 100,0.594
GRASP,Reduced,Best,Best,1,0.59,DAFJS_3_5_1, -0.3, 19448, 100,46.957
GRASP,Reduced,Best,Best,1,0.59,DAFJS_3_5_10, -0.3, 22557, 100,36.653
GRASP,Reduced,Best,Best,1,0.59,DAFJS_3_5_2, -0.3, 21372, 100,0.009
GRASP,Reduced,Best,Best,1,0.59,DAFJS_3_5_3, -0.3, 20389, 100,0.029
GRASP,Reduced,Best,Best,1,0.59,DAFJS_3_5_4, -0.3, 18472, 100,0
GRASP,Reduced,Best,Best,1,0.59,DAFJS_3_5_5, -0.3, 18396, 100,78.387
GRASP,Reduced,Best,Best,1,0.59,DAFJS_3_5_6, -0.3, 18940, 100,0.011
GRASP,Reduced,Best,Best,1,0.59,DAFJS_3_5_7, -0.3, 18762, 100,1.176
GRASP,Reduced,Best,Best,1,0.59,DAFJS_3_5_8, -0.3, 18253, 100,0.001
GRASP,Reduced,Best,Best,1,0.59,DAFJS_3_5_9, -0.3, 20693, 100,0
GRASP,Reduced,Best,Best,1,0.59,YFJS_4_4_7_5_0, -0.1, 35046, 100,0
GRASP,Reduced,Best,Best,1,0.59,YFJS_4_4_7_5_1, -0.1, 24359, 100,0.007
GRASP,Reduced,Best,Best,1,0.59,YFJS_4_4_7_5_2, -0.1, 47391, 100,0.237
GRASP,Reduced,Best,Best,1,0.59,YFJS_4_4_7_5_3, -0.1, 25394, 100,0
GRASP,Reduced,Best,Best,1,0.59,YFJS_4_4_7_5_4, -0.1, 23985, 100,0
GRASP,Reduced,Best,Best,1,0.59,YFJS_4_4_7_5_5, -0.1, 29469, 100,0.096
GRASP,Reduced,Best,Best,1,0.59,YFJS_4_4_7_5_6, -0.1, 45705, 100,37.028
GRASP,Reduced,Best,Best,1,0.59,YFJS_4_4_7_5_7, -0.1, 33829, 100,0.283
GRASP,Reduced,Best,Best,1,0.59,YFJS_4_4_7_5_8, -0.1, 37049, 100,0.001
GRASP,Reduced,Best,Best,1,0.59,YFJS_4_4_7_5_9, -0.1, 27310, 100,0.002
GRASP,Reduced,Best,Best,1,0.59,YFJS_5_4_7_5_0, -0.1, 41300, 100,0.068
GRASP,Reduced,Best,Best,1,0.59,YFJS_5_4_7_5_1, -0.1, 30356, 100,0.001
GRASP,Reduced,Best,Best,1,0.59,YFJS_5_4_7_5_2, -0.1, 30962, 100,0.001
GRASP,Reduced,Best,Best,1,0.59,YFJS_5_4_7_5_3, -0.1, 31398, 100,0
GRASP,Reduced,Best,Best,1,0.59,YFJS_5_4_7_5_4, -0.1, 45442, 100,0.006
GRASP,Reduced,Best,Best,1,0.59,YFJS_5_4_7_5_5, -0.1, 33791, 100,35.854
GRASP,Reduced,Best,Best,1,0.59,YFJS_5_4_7_5_6, -0.1, 42838, 100,21.515
GRASP,Reduced,Best,Best,1,0.59,YFJS_5_4_7_5_7, -0.1, 28247, 100,0.005
GRASP,Reduced,Best,Best,1,0.59,YFJS_5_4_7_5_8, -0.1, 33601, 100,0.008
GRASP,Reduced,Best,Best,1,0.59,YFJS_5_4_7_5_9, -0.1, 30837, 100,0
GRASP,Reduced,Best,Best,1,0.59,YFJS_6_4_7_5_0, -0.1, 37275, 100,0.057
GRASP,Reduced,Best,Best,1,0.59,YFJS_6_4_7_5_1, -0.1, 34282, 100,0.181
GRASP,Reduced,Best,Best,1,0.59,YFJS_6_4_7_5_2, -0.1, 42079, 100,53.239
GRASP,Reduced,Best,Best,1,0.59,YFJS_6_4_7_5_3, -0.1, 30905, 100,53.759
GRASP,Reduced,Best,Best,1,0.59,YFJS_6_4_7_5_4, -0.1, 36170, 100,0.961
GRASP,Reduced,Best,Best,1,0.59,YFJS_6_4_7_5_5, -0.1, 51466, 100,0.691
GRASP,Reduced,Best,Best,1,0.59,YFJS_6_4_7_5_6, -0.1, 36719, 100,0.006
GRASP,Reduced,Best,Best,1,0.59,YFJS_6_4_7_5_7, -0.1, 35003, 100,0.184
GRASP,Reduced,Best,Best,1,0.59,YFJS_6_4_7_5_8, -0.1, 39798, 100,0.091
GRASP,Reduced,Best,Best,1,0.59,YFJS_6_4_7_5_9, -0.1, 33974, 100,0.049
GRASP,Reduced,Best,Best,1,0.59,DA_2_5_1, -0.1, 22875, 100,4.555
GRASP,Reduced,Best,Best,1,0.59,DA_2_5_10, -0.1, 22708, 100,0.057
GRASP,Reduced,Best,Best,1,0.59,DA_2_5_11, -0.1, 18363, 100,0
GRASP,Reduced,Best,Best,1,0.59,DA_2_5_12, -0.1, 20498, 100,0
GRASP,Reduced,Best,Best,1,0.59,DA_2_5_13, -0.1, 20593, 100,17.06
GRASP,Reduced,Best,Best,1,0.59,DA_2_5_14, -0.1, 22867, 100,0.332
GRASP,Reduced,Best,Best,1,0.59,DA_2_5_15, -0.1, 25715, 100,0.088
GRASP,Reduced,Best,Best,1,0.59,DA_2_5_16, -0.1, 19878, 100,0
GRASP,Reduced,Best,Best,1,0.59,DA_2_5_17, -0.1, 24267, 100,2.839
GRASP,Reduced,Best,Best,1,0.59,DA_2_5_18, -0.1, 20336, 100,0
GRASP,Reduced,Best,Best,1,0.59,DA_2_5_19, -0.1, 29968, 100,0
GRASP,Reduced,Best,Best,1,0.59,DA_2_5_2, -0.1, 18670, 100,1.119
GRASP,Reduced,Best,Best,1,0.59,DA_2_5_20, -0.1, 16313, 100,0
GRASP,Reduced,Best,Best,1,0.59,DA_2_5_3, -0.1, 23140, 100,0.793
GRASP,Reduced,Best,Best,1,0.59,DA_2_5_4, -0.1, 21715, 100,0.285
GRASP,Reduced,Best,Best,1,0.59,DA_2_5_5, -0.1, 25426, 100,0.003
GRASP,Reduced,Best,Best,1,0.59,DA_2_5_6, -0.1, 20155, 100,0
GRASP,Reduced,Best,Best,1,0.59,DA_2_5_7, -0.1, 18135, 100,0
GRASP,Reduced,Best,Best,1,0.59,DA_2_5_8, -0.1, 20945, 100,0
GRASP,Reduced,Best,Best,1,0.59,DA_2_5_9, -0.1, 21838, 100,0.4
GRASP,Reduced,Best,Best,1,0.59,DAFJS_3_5_1, -0.1, 23445, 100,45.755
GRASP,Reduced,Best,Best,1,0.59,DAFJS_3_5_10, -0.1, 25923, 100,0.05
GRASP,Reduced,Best,Best,1,0.59,DAFJS_3_5_2, -0.1, 24998, 100,0.01
GRASP,Reduced,Best,Best,1,0.59,DAFJS_3_5_3, -0.1, 24579, 100,0.032
GRASP,Reduced,Best,Best,1,0.59,DAFJS_3_5_4, -0.1, 21143, 100,0.002
GRASP,Reduced,Best,Best,1,0.59,DAFJS_3_5_5, -0.1, 21162, 100,54.659
GRASP,Reduced,Best,Best,1,0.59,DAFJS_3_5_6, -0.1, 22050, 100,0.009
GRASP,Reduced,Best,Best,1,0.59,DAFJS_3_5_7, -0.1, 22708, 100,0.003
GRASP,Reduced,Best,Best,1,0.59,DAFJS_3_5_8, -0.1, 20278, 100,0
GRASP,Reduced,Best,Best,1,0.59,DAFJS_3_5_9, -0.1, 23558, 100,14.358
GRASP,Reduced,Best,Best,1,0.59,YFJS_4_4_7_5_0, -0.2, 33132, 100,4.986
GRASP,Reduced,Best,Best,1,0.59,YFJS_4_4_7_5_1, -0.2, 23100, 100,0.001
GRASP,Reduced,Best,Best,1,0.59,YFJS_4_4_7_5_2, -0.2, 42896, 100,0.025
GRASP,Reduced,Best,Best,1,0.59,YFJS_4_4_7_5_3, -0.2, 24485, 100,0.003
GRASP,Reduced,Best,Best,1,0.59,YFJS_4_4_7_5_4, -0.2, 23597, 100,0
GRASP,Reduced,Best,Best,1,0.59,YFJS_4_4_7_5_5, -0.2, 28655, 100,0
GRASP,Reduced,Best,Best,1,0.59,YFJS_4_4_7_5_6, -0.2, 42239, 100,6.712
GRASP,Reduced,Best,Best,1,0.59,YFJS_4_4_7_5_7, -0.2, 31471, 100,32.358
GRASP,Reduced,Best,Best,1,0.59,YFJS_4_4_7_5_8, -0.2, 35250, 100,0.025
GRASP,Reduced,Best,Best,1,0.59,YFJS_4_4_7_5_9, -0.2, 26145, 100,0.001
GRASP,Reduced,Best,Best,1,0.59,YFJS_5_4_7_5_0, -0.2, 38545, 100,6.673
GRASP,Reduced,Best,Best,1,0.59,YFJS_5_4_7_5_1, -0.2, 28281, 100,0.008
GRASP,Reduced,Best,Best,1,0.59,YFJS_5_4_7_5_2, -0.2, 28120, 100,0.021
GRASP,Reduced,Best,Best,1,0.59,YFJS_5_4_7_5_3, -0.2, 29682, 100,0.002
GRASP,Reduced,Best,Best,1,0.59,YFJS_5_4_7_5_4, -0.2, 41619, 100,0.003
GRASP,Reduced,Best,Best,1,0.59,YFJS_5_4_7_5_5, -0.2, 31280, 100,0.001
GRASP,Reduced,Best,Best,1,0.59,YFJS_5_4_7_5_6, -0.2, 40388, 100,7.605
GRASP,Reduced,Best,Best,1,0.59,YFJS_5_4_7_5_7, -0.2, 26297, 100,0.018
GRASP,Reduced,Best,Best,1,0.59,YFJS_5_4_7_5_8, -0.2, 30717, 100,0.008
GRASP,Reduced,Best,Best,1,0.59,YFJS_5_4_7_5_9, -0.2, 28832, 100,0.055
GRASP,Reduced,Best,Best,1,0.59,YFJS_6_4_7_5_0, -0.2, 34811, 100,0.025
GRASP,Reduced,Best,Best,1,0.59,YFJS_6_4_7_5_1, -0.2, 31747, 100,0.026
GRASP,Reduced,Best,Best,1,0.59,YFJS_6_4_7_5_2, -0.2, 38639, 100,83.725
GRASP,Reduced,Best,Best,1,0.59,YFJS_6_4_7_5_3, -0.2, 29734, 100,56.481
GRASP,Reduced,Best,Best,1,0.59,YFJS_6_4_7_5_4, -0.2, 34231, 100,73.182
GRASP,Reduced,Best,Best,1,0.59,YFJS_6_4_7_5_5, -0.2, 47519, 100,1.475
GRASP,Reduced,Best,Best,1,0.59,YFJS_6_4_7_5_6, -0.2, 34042, 100,1.945
GRASP,Reduced,Best,Best,1,0.59,YFJS_6_4_7_5_7, -0.2, 32910, 100,0.095
GRASP,Reduced,Best,Best,1,0.59,YFJS_6_4_7_5_8, -0.2, 36093, 100,0.002
GRASP,Reduced,Best,Best,1,0.59,YFJS_6_4_7_5_9, -0.2, 32042, 100,89.095
GRASP,Reduced,Best,Best,1,0.59,DA_2_5_1, -0.2, 21327, 100,45.607
GRASP,Reduced,Best,Best,1,0.59,DA_2_5_10, -0.2, 20635, 100,0.041
GRASP,Reduced,Best,Best,1,0.59,DA_2_5_11, -0.2, 17972, 100,0
GRASP,Reduced,Best,Best,1,0.59,DA_2_5_12, -0.2, 19602, 100,0
GRASP,Reduced,Best,Best,1,0.59,DA_2_5_13, -0.2, 18803, 100,3.295
GRASP,Reduced,Best,Best,1,0.59,DA_2_5_14, -0.2, 20568, 100,0.036
GRASP,Reduced,Best,Best,1,0.59,DA_2_5_15, -0.2, 24715, 100,0.082
GRASP,Reduced,Best,Best,1,0.59,DA_2_5_17, -0.2, 22660, 100,3.077
GRASP,Reduced,Best,Best,1,0.59,DA_2_5_16, -0.2, 18857, 100,0
GRASP,Reduced,Best,Best,1,0.59,DA_2_5_18, -0.2, 18823, 100,0
GRASP,Reduced,Best,Best,1,0.59,DA_2_5_19, -0.2, 27455, 100,0
GRASP,Reduced,Best,Best,1,0.59,DA_2_5_2, -0.2, 17874, 100,2.369
GRASP,Reduced,Best,Best,1,0.59,DA_2_5_20, -0.2, 15143, 100,0
GRASP,Reduced,Best,Best,1,0.59,DA_2_5_3, -0.2, 21817, 100,0.506
GRASP,Reduced,Best,Best,1,0.59,DA_2_5_4, -0.2, 20236, 100,0.001
GRASP,Reduced,Best,Best,1,0.59,DA_2_5_5, -0.2, 24114, 100,0.034
GRASP,Reduced,Best,Best,1,0.59,DA_2_5_6, -0.2, 19145, 100,0
GRASP,Reduced,Best,Best,1,0.59,DA_2_5_7, -0.2, 17270, 100,0.002
GRASP,Reduced,Best,Best,1,0.59,DA_2_5_8, -0.2, 19642, 100,0.001
GRASP,Reduced,Best,Best,1,0.59,DA_2_5_9, -0.2, 20086, 100,4.24
GRASP,Reduced,Best,Best,1,0.59,DAFJS_3_5_1, -0.2, 21741, 100,59.76
GRASP,Reduced,Best,Best,1,0.59,DAFJS_3_5_10, -0.2, 23852, 100,46.769
GRASP,Reduced,Best,Best,1,0.59,DAFJS_3_5_2, -0.2, 23300, 100,0
GRASP,Reduced,Best,Best,1,0.59,DAFJS_3_5_3, -0.2, 22551, 100,83.843
GRASP,Reduced,Best,Best,1,0.59,DAFJS_3_5_4, -0.2, 19809, 100,0
GRASP,Reduced,Best,Best,1,0.59,DAFJS_3_5_5, -0.2, 19724, 100,12.409
GRASP,Reduced,Best,Best,1,0.59,DAFJS_3_5_6, -0.2, 20325, 100,38.087
GRASP,Reduced,Best,Best,1,0.59,DAFJS_3_5_7, -0.2, 20635, 100,0.001
GRASP,Reduced,Best,Best,1,0.59,DAFJS_3_5_8, -0.2, 19201, 100,0.002
GRASP,Reduced,Best,Best,1,0.59,DAFJS_3_5_9, -0.2, 22443, 100,42.008
GRASP,Reduced,Best,Best,1,0.59,YFJS_4_4_7_5_0, -0.3, 31008, 100,8.395
GRASP,Reduced,Best,Best,1,0.59,YFJS_4_4_7_5_1, -0.3, 22010, 100,0
GRASP,Reduced,Best,Best,1,0.59,YFJS_4_4_7_5_2, -0.3, 38935, 100,0
GRASP,Reduced,Best,Best,1,0.59,YFJS_4_4_7_5_3, -0.3, 23774, 100,0.002
GRASP,Reduced,Best,Best,1,0.59,YFJS_4_4_7_5_4, -0.3, 22843, 100,0
GRASP,Reduced,Best,Best,1,0.59,YFJS_4_4_7_5_5, -0.3, 27366, 100,0
GRASP,Reduced,Best,Best,1,0.59,YFJS_4_4_7_5_6, -0.3, 38932, 100,2.247
GRASP,Reduced,Best,Best,1,0.59,YFJS_4_4_7_5_7, -0.3, 29464, 100,3.401
GRASP,Reduced,Best,Best,1,0.59,YFJS_4_4_7_5_8, -0.3, 33763, 100,0.002
GRASP,Reduced,Best,Best,1,0.59,YFJS_4_4_7_5_9, -0.3, 25072, 100,44.285
GRASP,Reduced,Best,Best,1,0.59,YFJS_5_4_7_5_0, -0.3, 36307, 100,5.994
GRASP,Reduced,Best,Best,1,0.59,YFJS_5_4_7_5_1, -0.3, 26219, 100,0.042
GRASP,Reduced,Best,Best,1,0.59,YFJS_5_4_7_5_2, -0.3, 25619, 100,0.01
GRASP,Reduced,Best,Best,1,0.59,YFJS_5_4_7_5_3, -0.3, 27428, 100,0.209
GRASP,Reduced,Best,Best,1,0.59,YFJS_5_4_7_5_4, -0.3, 38256, 100,2.089
GRASP,Reduced,Best,Best,1,0.59,YFJS_5_4_7_5_5, -0.3, 29442, 100,0.005
GRASP,Reduced,Best,Best,1,0.59,YFJS_5_4_7_5_6, -0.3, 37465, 100,0.168
GRASP,Reduced,Best,Best,1,0.59,YFJS_5_4_7_5_7, -0.3, 25067, 100,0
GRASP,Reduced,Best,Best,1,0.59,YFJS_5_4_7_5_8, -0.3, 29207, 100,0.13
GRASP,Reduced,Best,Best,1,0.59,YFJS_5_4_7_5_9, -0.3, 27091, 100,0.664
GRASP,Reduced,Best,Best,1,0.59,YFJS_6_4_7_5_0, -0.3, 32166, 100,0.132
GRASP,Reduced,Best,Best,1,0.59,YFJS_6_4_7_5_2, -0.3, 35779, 100,8.236
GRASP,Reduced,Best,Best,1,0.59,YFJS_6_4_7_5_1, -0.3, 28985, 100,1.038
GRASP,Reduced,Best,Best,1,0.59,YFJS_6_4_7_5_3, -0.3, 27483, 100,0.907
GRASP,Reduced,Best,Best,1,0.59,YFJS_6_4_7_5_4, -0.3, 32465, 100,0.199
GRASP,Reduced,Best,Best,1,0.59,YFJS_6_4_7_5_5, -0.3, 43452, 100,17.743
GRASP,Reduced,Best,Best,1,0.59,YFJS_6_4_7_5_6, -0.3, 31571, 100,0.197
GRASP,Reduced,Best,Best,1,0.59,YFJS_6_4_7_5_8, -0.3, 32826, 100,30.775
GRASP,Reduced,Best,Best,1,0.59,YFJS_6_4_7_5_7, -0.3, 30428, 100,17.487
GRASP,Reduced,Best,Best,1,0.59,YFJS_6_4_7_5_9, -0.3, 31093, 100,0.002
GRASP,Reduced,Best,Best,1,0.59,DA_2_5_1, -0.3, 19443, 100,87.361
GRASP,Reduced,Best,Best,1,0.59,DA_2_5_10, -0.3, 18916, 100,0.12
GRASP,Reduced,Best,Best,1,0.59,DA_2_5_11, -0.3, 17419, 100,0
GRASP,Reduced,Best,Best,1,0.59,DA_2_5_12, -0.3, 18800, 100,0
GRASP,Reduced,Best,Best,1,0.59,DA_2_5_13, -0.3, 17596, 100,23.141
GRASP,Reduced,Best,Best,1,0.59,DA_2_5_14, -0.3, 18692, 100,0.004
GRASP,Reduced,Best,Best,1,0.59,DA_2_5_15, -0.3, 24256, 100,0.451
GRASP,Reduced,Best,Best,1,0.59,DA_2_5_16, -0.3, 17900, 100,0
GRASP,Reduced,Best,Best,1,0.59,DA_2_5_17, -0.3, 20797, 100,0.005
GRASP,Reduced,Best,Best,1,0.59,DA_2_5_18, -0.3, 17395, 100,0.072
GRASP,Reduced,Best,Best,1,0.59,DA_2_5_19, -0.3, 25304, 100,0
GRASP,Reduced,Best,Best,1,0.59,DA_2_5_2, -0.3, 17105, 100,0.032
GRASP,Reduced,Best,Best,1,0.59,DA_2_5_20, -0.3, 14077, 100,0
GRASP,Reduced,Best,Best,1,0.59,DA_2_5_3, -0.3, 20620, 100,4.059
GRASP,Reduced,Best,Best,1,0.59,DA_2_5_4, -0.3, 18625, 100,0
GRASP,Reduced,Best,Best,1,0.59,DA_2_5_5, -0.3, 22734, 100,4.04
GRASP,Reduced,Best,Best,1,0.59,DA_2_5_6, -0.3, 18253, 100,0
GRASP,Reduced,Best,Best,1,0.59,DA_2_5_7, -0.3, 16495, 100,0.001
GRASP,Reduced,Best,Best,1,0.59,DA_2_5_8, -0.3, 18474, 100,0
GRASP,Reduced,Best,Best,1,0.59,DA_2_5_9, -0.3, 18521, 100,2.052
GRASP,Reduced,Best,Best,1,0.59,DAFJS_3_5_1, -0.3, 19448, 100,85.85
GRASP,Reduced,Best,Best,1,0.59,DAFJS_3_5_10, -0.3, 22322, 100,84.039
GRASP,Reduced,Best,Best,1,0.59,DAFJS_3_5_2, -0.3, 21372, 100,0.002
GRASP,Reduced,Best,Best,1,0.59,DAFJS_3_5_3, -0.3, 20389, 100,0.016
GRASP,Reduced,Best,Best,1,0.59,DAFJS_3_5_4, -0.3, 18472, 100,0.001
GRASP,Reduced,Best,Best,1,0.59,DAFJS_3_5_5, -0.3, 18521, 100,0.01
GRASP,Reduced,Best,Best,1,0.59,DAFJS_3_5_6, -0.3, 18501, 100,22.099
GRASP,Reduced,Best,Best,1,0.59,DAFJS_3_5_7, -0.3, 18762, 100,1.842
GRASP,Reduced,Best,Best,1,0.59,DAFJS_3_5_8, -0.3, 18253, 100,0.01
GRASP,Reduced,Best,Best,1,0.59,DAFJS_3_5_9, -0.3, 20139, 100,20.848
GRASP,Reduced,Best,Best,1,0.59,YFJS_4_4_7_5_0, -0.1, 35046, 100,0
GRASP,Reduced,Best,Best,1,0.59,YFJS_4_4_7_5_1, -0.1, 24359, 100,0.006
GRASP,Reduced,Best,Best,1,0.59,YFJS_4_4_7_5_2, -0.1, 47391, 100,0.015
GRASP,Reduced,Best,Best,1,0.59,YFJS_4_4_7_5_3, -0.1, 25394, 100,0
GRASP,Reduced,Best,Best,1,0.59,YFJS_4_4_7_5_4, -0.1, 23985, 100,0
GRASP,Reduced,Best,Best,1,0.59,YFJS_4_4_7_5_5, -0.1, 29469, 100,0.442
GRASP,Reduced,Best,Best,1,0.59,YFJS_4_4_7_5_6, -0.1, 45705, 100,12.458
GRASP,Reduced,Best,Best,1,0.59,YFJS_4_4_7_5_7, -0.1, 33829, 100,0.244
GRASP,Reduced,Best,Best,1,0.59,YFJS_4_4_7_5_8, -0.1, 37049, 100,0.001
GRASP,Reduced,Best,Best,1,0.59,YFJS_4_4_7_5_9, -0.1, 27310, 100,0
GRASP,Reduced,Best,Best,1,0.59,YFJS_5_4_7_5_0, -0.1, 41300, 100,0.019
GRASP,Reduced,Best,Best,1,0.59,YFJS_5_4_7_5_1, -0.1, 30145, 100,64.48
GRASP,Reduced,Best,Best,1,0.59,YFJS_5_4_7_5_2, -0.1, 30962, 100,0.012
GRASP,Reduced,Best,Best,1,0.59,YFJS_5_4_7_5_3, -0.1, 31398, 100,0.002
GRASP,Reduced,Best,Best,1,0.59,YFJS_5_4_7_5_4, -0.1, 45442, 100,0.006
GRASP,Reduced,Best,Best,1,0.59,YFJS_5_4_7_5_5, -0.1, 33791, 100,7.116
GRASP,Reduced,Best,Best,1,0.59,YFJS_5_4_7_5_6, -0.1, 42838, 100,5.012
GRASP,Reduced,Best,Best,1,0.59,YFJS_5_4_7_5_7, -0.1, 28247, 100,0
GRASP,Reduced,Best,Best,1,0.59,YFJS_5_4_7_5_8, -0.1, 33601, 100,0.009
GRASP,Reduced,Best,Best,1,0.59,YFJS_5_4_7_5_9, -0.1, 30837, 100,0.006
GRASP,Reduced,Best,Best,1,0.59,YFJS_6_4_7_5_0, -0.1, 37275, 100,0.039
GRASP,Reduced,Best,Best,1,0.59,YFJS_6_4_7_5_1, -0.1, 34282, 100,0.096
GRASP,Reduced,Best,Best,1,0.59,YFJS_6_4_7_5_2, -0.1, 42079, 100,66.864
GRASP,Reduced,Best,Best,1,0.59,YFJS_6_4_7_5_3, -0.1, 30965, 100,7.958
GRASP,Reduced,Best,Best,1,0.59,YFJS_6_4_7_5_4, -0.1, 36170, 100,1.427
GRASP,Reduced,Best,Best,1,0.59,YFJS_6_4_7_5_5, -0.1, 51466, 100,2.39
GRASP,Reduced,Best,Best,1,0.59,YFJS_6_4_7_5_6, -0.1, 36719, 100,0.031
GRASP,Reduced,Best,Best,1,0.59,YFJS_6_4_7_5_7, -0.1, 34509, 100,46.817
GRASP,Reduced,Best,Best,1,0.59,YFJS_6_4_7_5_8, -0.1, 39798, 100,0.077
GRASP,Reduced,Best,Best,1,0.59,YFJS_6_4_7_5_9, -0.1, 33974, 100,0.056
GRASP,Reduced,Best,Best,1,0.59,DA_2_5_1, -0.1, 22875, 100,3.801
GRASP,Reduced,Best,Best,1,0.59,DA_2_5_10, -0.1, 22708, 100,0.049
GRASP,Reduced,Best,Best,1,0.59,DA_2_5_11, -0.1, 18363, 100,0
GRASP,Reduced,Best,Best,1,0.59,DA_2_5_12, -0.1, 20498, 100,0
GRASP,Reduced,Best,Best,1,0.59,DA_2_5_13, -0.1, 20593, 100,2.601
GRASP,Reduced,Best,Best,1,0.59,DA_2_5_14, -0.1, 22867, 100,1.09
GRASP,Reduced,Best,Best,1,0.59,DA_2_5_15, -0.1, 25715, 100,0.259
GRASP,Reduced,Best,Best,1,0.59,DA_2_5_16, -0.1, 19878, 100,0
GRASP,Reduced,Best,Best,1,0.59,DA_2_5_17, -0.1, 24267, 100,8.349
GRASP,Reduced,Best,Best,1,0.59,DA_2_5_18, -0.1, 20336, 100,0.001
GRASP,Reduced,Best,Best,1,0.59,DA_2_5_19, -0.1, 29968, 100,0
GRASP,Reduced,Best,Best,1,0.59,DA_2_5_2, -0.1, 18670, 100,1.814
GRASP,Reduced,Best,Best,1,0.59,DA_2_5_20, -0.1, 16313, 100,0
GRASP,Reduced,Best,Best,1,0.59,DA_2_5_3, -0.1, 23140, 100,3.979
GRASP,Reduced,Best,Best,1,0.59,DA_2_5_4, -0.1, 21715, 100,0.022
GRASP,Reduced,Best,Best,1,0.59,DA_2_5_5, -0.1, 25426, 100,0.001
GRASP,Reduced,Best,Best,1,0.59,DA_2_5_6, -0.1, 20155, 100,0
GRASP,Reduced,Best,Best,1,0.59,DA_2_5_7, -0.1, 18135, 100,0.005
GRASP,Reduced,Best,Best,1,0.59,DA_2_5_8, -0.1, 20945, 100,0.001
GRASP,Reduced,Best,Best,1,0.59,DA_2_5_9, -0.1, 21838, 100,0.807
GRASP,Reduced,Best,Best,1,0.59,DAFJS_3_5_1, -0.1, 23435, 100,70.798
GRASP,Reduced,Best,Best,1,0.59,DAFJS_3_5_10, -0.1, 25923, 100,0.01
GRASP,Reduced,Best,Best,1,0.59,DAFJS_3_5_2, -0.1, 24998, 100,0.005
GRASP,Reduced,Best,Best,1,0.59,DAFJS_3_5_3, -0.1, 24579, 100,0.012
GRASP,Reduced,Best,Best,1,0.59,DAFJS_3_5_4, -0.1, 21143, 100,0.003
GRASP,Reduced,Best,Best,1,0.59,DAFJS_3_5_5, -0.1, 21162, 100,43.737
GRASP,Reduced,Best,Best,1,0.59,DAFJS_3_5_6, -0.1, 22050, 100,0.092
GRASP,Reduced,Best,Best,1,0.59,DAFJS_3_5_7, -0.1, 22708, 100,0.005
GRASP,Reduced,Best,Best,1,0.59,DAFJS_3_5_8, -0.1, 20278, 100,0
GRASP,Reduced,Best,Best,1,0.59,DAFJS_3_5_9, -0.1, 23558, 100,75.614
GRASP,Reduced,Best,Best,1,0.59,YFJS_4_4_7_5_0, -0.2, 33132, 100,4.225
GRASP,Reduced,Best,Best,1,0.59,YFJS_4_4_7_5_1, -0.2, 23100, 100,0.001
GRASP,Reduced,Best,Best,1,0.59,YFJS_4_4_7_5_2, -0.2, 42896, 100,0.022
GRASP,Reduced,Best,Best,1,0.59,YFJS_4_4_7_5_3, -0.2, 24485, 100,0.002
GRASP,Reduced,Best,Best,1,0.59,YFJS_4_4_7_5_4, -0.2, 23597, 100,0
GRASP,Reduced,Best,Best,1,0.59,YFJS_4_4_7_5_5, -0.2, 28655, 100,0
GRASP,Reduced,Best,Best,1,0.59,YFJS_4_4_7_5_6, -0.2, 42239, 100,7.463
GRASP,Reduced,Best,Best,1,0.59,YFJS_4_4_7_5_7, -0.2, 31471, 100,5.931
GRASP,Reduced,Best,Best,1,0.59,YFJS_4_4_7_5_8, -0.2, 35250, 100,0.005
GRASP,Reduced,Best,Best,1,0.59,YFJS_4_4_7_5_9, -0.2, 26145, 100,0.002
GRASP,Reduced,Best,Best,1,0.59,YFJS_5_4_7_5_0, -0.2, 38545, 100,9.494
GRASP,Reduced,Best,Best,1,0.59,YFJS_5_4_7_5_1, -0.2, 28281, 100,0.022
GRASP,Reduced,Best,Best,1,0.59,YFJS_5_4_7_5_2, -0.2, 28120, 100,0.013
GRASP,Reduced,Best,Best,1,0.59,YFJS_5_4_7_5_3, -0.2, 29682, 100,0.002
GRASP,Reduced,Best,Best,1,0.59,YFJS_5_4_7_5_4, -0.2, 41619, 100,0.011
GRASP,Reduced,Best,Best,1,0.59,YFJS_5_4_7_5_5, -0.2, 31280, 100,0.009
GRASP,Reduced,Best,Best,1,0.59,YFJS_5_4_7_5_6, -0.2, 40388, 100,20.247
GRASP,Reduced,Best,Best,1,0.59,YFJS_5_4_7_5_7, -0.2, 26297, 100,0.003
GRASP,Reduced,Best,Best,1,0.59,YFJS_5_4_7_5_8, -0.2, 30717, 100,0.012
GRASP,Reduced,Best,Best,1,0.59,YFJS_5_4_7_5_9, -0.2, 28832, 100,0.01
GRASP,Reduced,Best,Best,1,0.59,YFJS_6_4_7_5_0, -0.2, 34811, 100,0.061
GRASP,Reduced,Best,Best,1,0.59,YFJS_6_4_7_5_1, -0.2, 31747, 100,0.055
GRASP,Reduced,Best,Best,1,0.59,YFJS_6_4_7_5_2, -0.2, 38639, 100,70.614
GRASP,Reduced,Best,Best,1,0.59,YFJS_6_4_7_5_3, -0.2, 29000, 100,16.342
GRASP,Reduced,Best,Best,1,0.59,YFJS_6_4_7_5_4, -0.2, 34231, 100,42.251
GRASP,Reduced,Best,Best,1,0.59,YFJS_6_4_7_5_5, -0.2, 47519, 100,14.407
GRASP,Reduced,Best,Best,1,0.59,YFJS_6_4_7_5_6, -0.2, 34042, 100,0.621
GRASP,Reduced,Best,Best,1,0.59,YFJS_6_4_7_5_7, -0.2, 32806, 100,94.541
GRASP,Reduced,Best,Best,1,0.59,YFJS_6_4_7_5_8, -0.2, 36093, 100,0.024
GRASP,Reduced,Best,Best,1,0.59,YFJS_6_4_7_5_9, -0.2, 32099, 100,0.033
GRASP,Reduced,Best,Best,1,0.59,DA_2_5_1, -0.2, 21327, 100,34.498
GRASP,Reduced,Best,Best,1,0.59,DA_2_5_10, -0.2, 20635, 100,0.001
GRASP,Reduced,Best,Best,1,0.59,DA_2_5_11, -0.2, 17972, 100,0
GRASP,Reduced,Best,Best,1,0.59,DA_2_5_12, -0.2, 19602, 100,0
GRASP,Reduced,Best,Best,1,0.59,DA_2_5_13, -0.2, 18803, 100,6.47
GRASP,Reduced,Best,Best,1,0.59,DA_2_5_14, -0.2, 20568, 100,0.002
GRASP,Reduced,Best,Best,1,0.59,DA_2_5_15, -0.2, 24715, 100,1.895
GRASP,Reduced,Best,Best,1,0.59,DA_2_5_16, -0.2, 18857, 100,0
GRASP,Reduced,Best,Best,1,0.59,DA_2_5_17, -0.2, 22660, 100,0.264
GRASP,Reduced,Best,Best,1,0.59,DA_2_5_18, -0.2, 18823, 100,0.013
GRASP,Reduced,Best,Best,1,0.59,DA_2_5_19, -0.2, 27455, 100,0.001
GRASP,Reduced,Best,Best,1,0.59,DA_2_5_2, -0.2, 17874, 100,1.923
GRASP,Reduced,Best,Best,1,0.59,DA_2_5_20, -0.2, 15143, 100,0
GRASP,Reduced,Best,Best,1,0.59,DA_2_5_3, -0.2, 21817, 100,2.654
GRASP,Reduced,Best,Best,1,0.59,DA_2_5_4, -0.2, 20236, 100,0
GRASP,Reduced,Best,Best,1,0.59,DA_2_5_5, -0.2, 24114, 100,0.01
GRASP,Reduced,Best,Best,1,0.59,DA_2_5_6, -0.2, 19145, 100,0
GRASP,Reduced,Best,Best,1,0.59,DA_2_5_7, -0.2, 17270, 100,0
GRASP,Reduced,Best,Best,1,0.59,DA_2_5_8, -0.2, 19642, 100,0
GRASP,Reduced,Best,Best,1,0.59,DA_2_5_9, -0.2, 20086, 100,0.731
GRASP,Reduced,Best,Best,1,0.59,DAFJS_3_5_1, -0.2, 21536, 100,93.992
GRASP,Reduced,Best,Best,1,0.59,DAFJS_3_5_10, -0.2, 23852, 100,14.7
GRASP,Reduced,Best,Best,1,0.59,DAFJS_3_5_2, -0.2, 23300, 100,0.001
GRASP,Reduced,Best,Best,1,0.59,DAFJS_3_5_3, -0.2, 22521, 100,17.553
GRASP,Reduced,Best,Best,1,0.59,DAFJS_3_5_4, -0.2, 19809, 100,0.001
GRASP,Reduced,Best,Best,1,0.59,DAFJS_3_5_5, -0.2, 19724, 100,83.723
GRASP,Reduced,Best,Best,1,0.59,DAFJS_3_5_6, -0.2, 20245, 100,41.016
GRASP,Reduced,Best,Best,1,0.59,DAFJS_3_5_7, -0.2, 20635, 100,0.004
GRASP,Reduced,Best,Best,1,0.59,DAFJS_3_5_8, -0.2, 19201, 100,0.007
GRASP,Reduced,Best,Best,1,0.59,DAFJS_3_5_9, -0.2, 21552, 100,63.326
GRASP,Reduced,Best,Best,1,0.59,YFJS_4_4_7_5_0, -0.3, 31008, 100,41.559
GRASP,Reduced,Best,Best,1,0.59,YFJS_4_4_7_5_1, -0.3, 22010, 100,0
GRASP,Reduced,Best,Best,1,0.59,YFJS_4_4_7_5_2, -0.3, 38935, 100,0
GRASP,Reduced,Best,Best,1,0.59,YFJS_4_4_7_5_3, -0.3, 23774, 100,0.01
GRASP,Reduced,Best,Best,1,0.59,YFJS_4_4_7_5_4, -0.3, 22843, 100,0
GRASP,Reduced,Best,Best,1,0.59,YFJS_4_4_7_5_5, -0.3, 27366, 100,0
GRASP,Reduced,Best,Best,1,0.59,YFJS_4_4_7_5_6, -0.3, 38932, 100,41.595
GRASP,Reduced,Best,Best,1,0.59,YFJS_4_4_7_5_7, -0.3, 29464, 100,29.962
GRASP,Reduced,Best,Best,1,0.59,YFJS_4_4_7_5_8, -0.3, 33763, 100,0.002
GRASP,Reduced,Best,Best,1,0.59,YFJS_4_4_7_5_9, -0.3, 25072, 100,84.556
GRASP,Reduced,Best,Best,1,0.59,YFJS_5_4_7_5_0, -0.3, 36307, 100,2.213
GRASP,Reduced,Best,Best,1,0.59,YFJS_5_4_7_5_1, -0.3, 26219, 100,0.014
GRASP,Reduced,Best,Best,1,0.59,YFJS_5_4_7_5_2, -0.3, 25619, 100,0.06
GRASP,Reduced,Best,Best,1,0.59,YFJS_5_4_7_5_3, -0.3, 27428, 100,0.06
GRASP,Reduced,Best,Best,1,0.59,YFJS_5_4_7_5_4, -0.3, 38256, 100,6.598
GRASP,Reduced,Best,Best,1,0.59,YFJS_5_4_7_5_5, -0.3, 29442, 100,0.001
GRASP,Reduced,Best,Best,1,0.59,YFJS_5_4_7_5_6, -0.3, 37465, 100,0.134
GRASP,Reduced,Best,Best,1,0.59,YFJS_5_4_7_5_7, -0.3, 25067, 100,0
GRASP,Reduced,Best,Best,1,0.59,YFJS_5_4_7_5_8, -0.3, 29207, 100,0.68
GRASP,Reduced,Best,Best,1,0.59,YFJS_5_4_7_5_9, -0.3, 27091, 100,0.098
GRASP,Reduced,Best,Best,1,0.59,YFJS_6_4_7_5_0, -0.3, 32166, 100,0.039
GRASP,Reduced,Best,Best,1,0.59,YFJS_6_4_7_5_1, -0.3, 28985, 100,1.273
GRASP,Reduced,Best,Best,1,0.59,YFJS_6_4_7_5_2, -0.3, 35588, 100,44.383
GRASP,Reduced,Best,Best,1,0.59,YFJS_6_4_7_5_4, -0.3, 32465, 100,1.228
GRASP,Reduced,Best,Best,1,0.59,YFJS_6_4_7_5_3, -0.3, 27023, 100,63.304
GRASP,Reduced,Best,Best,1,0.59,YFJS_6_4_7_5_5, -0.3, 43452, 100,56.817
GRASP,Reduced,Best,Best,1,0.59,YFJS_6_4_7_5_6, -0.3, 31571, 100,0.922
GRASP,Reduced,Best,Best,1,0.59,YFJS_6_4_7_5_7, -0.3, 31126, 100,0.001
GRASP,Reduced,Best,Best,1,0.59,YFJS_6_4_7_5_8, -0.3, 32826, 100,3.483
GRASP,Reduced,Best,Best,1,0.59,YFJS_6_4_7_5_9, -0.3, 29848, 100,54.659
GRASP,Reduced,Best,Best,1,0.59,DA_2_5_1, -0.3, 19448, 100,13.97
GRASP,Reduced,Best,Best,1,0.59,DA_2_5_10, -0.3, 18916, 100,0.025
GRASP,Reduced,Best,Best,1,0.59,DA_2_5_11, -0.3, 17419, 100,0
GRASP,Reduced,Best,Best,1,0.59,DA_2_5_12, -0.3, 18800, 100,0
GRASP,Reduced,Best,Best,1,0.59,DA_2_5_13, -0.3, 17596, 100,19.995
GRASP,Reduced,Best,Best,1,0.59,DA_2_5_14, -0.3, 18692, 100,0.029
GRASP,Reduced,Best,Best,1,0.59,DA_2_5_15, -0.3, 24256, 100,0.075
GRASP,Reduced,Best,Best,1,0.59,DA_2_5_16, -0.3, 17900, 100,0
GRASP,Reduced,Best,Best,1,0.59,DA_2_5_17, -0.3, 20797, 100,0.004
GRASP,Reduced,Best,Best,1,0.59,DA_2_5_18, -0.3, 17395, 100,0.282
GRASP,Reduced,Best,Best,1,0.59,DA_2_5_19, -0.3, 25304, 100,0.001
GRASP,Reduced,Best,Best,1,0.59,DA_2_5_2, -0.3, 17105, 100,4.016
GRASP,Reduced,Best,Best,1,0.59,DA_2_5_20, -0.3, 14077, 100,0
GRASP,Reduced,Best,Best,1,0.59,DA_2_5_3, -0.3, 20620, 100,16.659
GRASP,Reduced,Best,Best,1,0.59,DA_2_5_4, -0.3, 18625, 100,0.003
GRASP,Reduced,Best,Best,1,0.59,DA_2_5_5, -0.3, 22734, 100,4.778
GRASP,Reduced,Best,Best,1,0.59,DA_2_5_6, -0.3, 18253, 100,0.001
GRASP,Reduced,Best,Best,1,0.59,DA_2_5_7, -0.3, 16495, 100,0.042
GRASP,Reduced,Best,Best,1,0.59,DA_2_5_8, -0.3, 18474, 100,0
GRASP,Reduced,Best,Best,1,0.59,DA_2_5_9, -0.3, 18521, 100,0.206
GRASP,Reduced,Best,Best,1,0.59,DAFJS_3_5_1, -0.3, 19448, 100,15.91
GRASP,Reduced,Best,Best,1,0.59,DAFJS_3_5_10, -0.3, 22720, 100,8.207
GRASP,Reduced,Best,Best,1,0.59,DAFJS_3_5_2, -0.3, 21372, 100,0.089
GRASP,Reduced,Best,Best,1,0.59,DAFJS_3_5_3, -0.3, 20389, 100,0.009
GRASP,Reduced,Best,Best,1,0.59,DAFJS_3_5_4, -0.3, 18400, 100,35.301
GRASP,Reduced,Best,Best,1,0.59,DAFJS_3_5_5, -0.3, 18396, 100,75.571
GRASP,Reduced,Best,Best,1,0.59,DAFJS_3_5_6, -0.3, 18890, 100,21.499
GRASP,Reduced,Best,Best,1,0.59,DAFJS_3_5_7, -0.3, 18762, 100,0.836
GRASP,Reduced,Best,Best,1,0.59,DAFJS_3_5_8, -0.3, 18253, 100,0.004
GRASP,Reduced,Best,Best,1,0.59,DAFJS_3_5_9, -0.3, 20165, 100,53.39
GRASP,Reduced,Best,Best,1,0.59,YFJS_4_4_7_5_0, -0.1, 35046, 100,0
GRASP,Reduced,Best,Best,1,0.59,YFJS_4_4_7_5_1, -0.1, 24359, 100,0
GRASP,Reduced,Best,Best,1,0.59,YFJS_4_4_7_5_2, -0.1, 47391, 100,0.219
GRASP,Reduced,Best,Best,1,0.59,YFJS_4_4_7_5_3, -0.1, 25394, 100,0
GRASP,Reduced,Best,Best,1,0.59,YFJS_4_4_7_5_4, -0.1, 23985, 100,0
GRASP,Reduced,Best,Best,1,0.59,YFJS_4_4_7_5_5, -0.1, 29469, 100,0.146
GRASP,Reduced,Best,Best,1,0.59,YFJS_4_4_7_5_6, -0.1, 45705, 100,12.771
GRASP,Reduced,Best,Best,1,0.59,YFJS_4_4_7_5_7, -0.1, 33829, 100,0.117
GRASP,Reduced,Best,Best,1,0.59,YFJS_4_4_7_5_8, -0.1, 37049, 100,0.003
GRASP,Reduced,Best,Best,1,0.59,YFJS_4_4_7_5_9, -0.1, 27310, 100,0.002
GRASP,Reduced,Best,Best,1,0.59,YFJS_5_4_7_5_0, -0.1, 41300, 100,0.042
GRASP,Reduced,Best,Best,1,0.59,YFJS_5_4_7_5_1, -0.1, 30356, 100,0.035
GRASP,Reduced,Best,Best,1,0.59,YFJS_5_4_7_5_2, -0.1, 30962, 100,0.048
GRASP,Reduced,Best,Best,1,0.59,YFJS_5_4_7_5_3, -0.1, 31398, 100,0
GRASP,Reduced,Best,Best,1,0.59,YFJS_5_4_7_5_4, -0.1, 45442, 100,0.002
GRASP,Reduced,Best,Best,1,0.59,YFJS_5_4_7_5_5, -0.1, 33791, 100,28.432
GRASP,Reduced,Best,Best,1,0.59,YFJS_5_4_7_5_6, -0.1, 42838, 100,3.572
GRASP,Reduced,Best,Best,1,0.59,YFJS_5_4_7_5_8, -0.1, 33601, 100,0.007
GRASP,Reduced,Best,Best,1,0.59,YFJS_5_4_7_5_7, -0.1, 28247, 100,0.013
GRASP,Reduced,Best,Best,1,0.59,YFJS_5_4_7_5_9, -0.1, 30837, 100,0
GRASP,Reduced,Best,Best,1,0.59,YFJS_6_4_7_5_0, -0.1, 37275, 100,0.815
GRASP,Reduced,Best,Best,1,0.59,YFJS_6_4_7_5_1, -0.1, 34282, 100,0.074
GRASP,Reduced,Best,Best,1,0.59,YFJS_6_4_7_5_2, -0.1, 42079, 100,26.088
GRASP,Reduced,Best,Best,1,0.59,YFJS_6_4_7_5_3, -0.1, 30965, 100,16.107
GRASP,Reduced,Best,Best,1,0.59,YFJS_6_4_7_5_4, -0.1, 36170, 100,1.887
GRASP,Reduced,Best,Best,1,0.59,YFJS_6_4_7_5_5, -0.1, 51466, 100,0.11
GRASP,Reduced,Best,Best,1,0.59,YFJS_6_4_7_5_6, -0.1, 36719, 100,0.024
GRASP,Reduced,Best,Best,1,0.59,YFJS_6_4_7_5_7, -0.1, 34509, 100,56.283
GRASP,Reduced,Best,Best,1,0.59,YFJS_6_4_7_5_8, -0.1, 39798, 100,0.075
GRASP,Reduced,Best,Best,1,0.59,YFJS_6_4_7_5_9, -0.1, 33974, 100,0.124
GRASP,Reduced,Best,Best,1,0.59,DA_2_5_1, -0.1, 22875, 100,39.606
GRASP,Reduced,Best,Best,1,0.59,DA_2_5_10, -0.1, 22708, 100,0.084
GRASP,Reduced,Best,Best,1,0.59,DA_2_5_11, -0.1, 18363, 100,0
GRASP,Reduced,Best,Best,1,0.59,DA_2_5_12, -0.1, 20498, 100,0
GRASP,Reduced,Best,Best,1,0.59,DA_2_5_13, -0.1, 20593, 100,4.973
GRASP,Reduced,Best,Best,1,0.59,DA_2_5_14, -0.1, 22867, 100,2.12
GRASP,Reduced,Best,Best,1,0.59,DA_2_5_15, -0.1, 25715, 100,0.185
GRASP,Reduced,Best,Best,1,0.59,DA_2_5_16, -0.1, 19878, 100,0
GRASP,Reduced,Best,Best,1,0.59,DA_2_5_17, -0.1, 24267, 100,2.495
GRASP,Reduced,Best,Best,1,0.59,DA_2_5_18, -0.1, 20336, 100,0
GRASP,Reduced,Best,Best,1,0.59,DA_2_5_19, -0.1, 29968, 100,0.001
GRASP,Reduced,Best,Best,1,0.59,DA_2_5_2, -0.1, 18670, 100,1.214
GRASP,Reduced,Best,Best,1,0.59,DA_2_5_20, -0.1, 16313, 100,0
GRASP,Reduced,Best,Best,1,0.59,DA_2_5_3, -0.1, 23140, 100,7.09
GRASP,Reduced,Best,Best,1,0.59,DA_2_5_4, -0.1, 21715, 100,0.216
GRASP,Reduced,Best,Best,1,0.59,DA_2_5_5, -0.1, 25426, 100,0
GRASP,Reduced,Best,Best,1,0.59,DA_2_5_6, -0.1, 20155, 100,0
GRASP,Reduced,Best,Best,1,0.59,DA_2_5_7, -0.1, 18135, 100,0.002
GRASP,Reduced,Best,Best,1,0.59,DA_2_5_8, -0.1, 20945, 100,0.001
GRASP,Reduced,Best,Best,1,0.59,DA_2_5_9, -0.1, 21838, 100,1.249
GRASP,Reduced,Best,Best,1,0.59,DAFJS_3_5_1, -0.1, 23542, 100,8.318
GRASP,Reduced,Best,Best,1,0.59,DAFJS_3_5_10, -0.1, 25923, 100,0.037
GRASP,Reduced,Best,Best,1,0.59,DAFJS_3_5_2, -0.1, 24998, 100,0.04
GRASP,Reduced,Best,Best,1,0.59,DAFJS_3_5_3, -0.1, 24579, 100,0.008
GRASP,Reduced,Best,Best,1,0.59,DAFJS_3_5_4, -0.1, 21143, 100,0.001
GRASP,Reduced,Best,Best,1,0.59,DAFJS_3_5_5, -0.1, 21162, 100,12.256
GRASP,Reduced,Best,Best,1,0.59,DAFJS_3_5_6, -0.1, 22050, 100,0.151
GRASP,Reduced,Best,Best,1,0.59,DAFJS_3_5_7, -0.1, 22708, 100,0.014
GRASP,Reduced,Best,Best,1,0.59,DAFJS_3_5_8, -0.1, 20278, 100,0.009
GRASP,Reduced,Best,Best,1,0.59,DAFJS_3_5_9, -0.1, 23558, 100,55.934
GRASP,Reduced,Best,Best,1,0.59,YFJS_4_4_7_5_0, -0.2, 33132, 100,2.281
GRASP,Reduced,Best,Best,1,0.59,YFJS_4_4_7_5_1, -0.2, 23100, 100,0.002
GRASP,Reduced,Best,Best,1,0.59,YFJS_4_4_7_5_2, -0.2, 42896, 100,0.005
GRASP,Reduced,Best,Best,1,0.59,YFJS_4_4_7_5_3, -0.2, 24485, 100,0.01
GRASP,Reduced,Best,Best,1,0.59,YFJS_4_4_7_5_4, -0.2, 23597, 100,0
GRASP,Reduced,Best,Best,1,0.59,YFJS_4_4_7_5_5, -0.2, 28655, 100,0
GRASP,Reduced,Best,Best,1,0.59,YFJS_4_4_7_5_6, -0.2, 42239, 100,17.859
GRASP,Reduced,Best,Best,1,0.59,YFJS_4_4_7_5_7, -0.2, 31471, 100,42.019
GRASP,Reduced,Best,Best,1,0.59,YFJS_4_4_7_5_8, -0.2, 35250, 100,0
GRASP,Reduced,Best,Best,1,0.59,YFJS_4_4_7_5_9, -0.2, 26145, 100,0
GRASP,Reduced,Best,Best,1,0.59,YFJS_5_4_7_5_0, -0.2, 38545, 100,11.657
GRASP,Reduced,Best,Best,1,0.59,YFJS_5_4_7_5_1, -0.2, 28281, 100,0.001
GRASP,Reduced,Best,Best,1,0.59,YFJS_5_4_7_5_2, -0.2, 28120, 100,0.008
GRASP,Reduced,Best,Best,1,0.59,YFJS_5_4_7_5_3, -0.2, 29682, 100,0.003
GRASP,Reduced,Best,Best,1,0.59,YFJS_5_4_7_5_4, -0.2, 41619, 100,0.009
GRASP,Reduced,Best,Best,1,0.59,YFJS_5_4_7_5_5, -0.2, 31280, 100,0.004
GRASP,Reduced,Best,Best,1,0.59,YFJS_5_4_7_5_6, -0.2, 40388, 100,5.671
GRASP,Reduced,Best,Best,1,0.59,YFJS_5_4_7_5_7, -0.2, 26297, 100,0.001
GRASP,Reduced,Best,Best,1,0.59,YFJS_5_4_7_5_8, -0.2, 30717, 100,0
GRASP,Reduced,Best,Best,1,0.59,YFJS_5_4_7_5_9, -0.2, 28832, 100,0.039
GRASP,Reduced,Best,Best,1,0.59,YFJS_6_4_7_5_0, -0.2, 34811, 100,0.075
GRASP,Reduced,Best,Best,1,0.59,YFJS_6_4_7_5_1, -0.2, 31747, 100,0.114
GRASP,Reduced,Best,Best,1,0.59,YFJS_6_4_7_5_2, -0.2, 38639, 100,38.223
GRASP,Reduced,Best,Best,1,0.59,YFJS_6_4_7_5_3, -0.2, 28884, 100,46.036
GRASP,Reduced,Best,Best,1,0.59,YFJS_6_4_7_5_4, -0.2, 34823, 100,26.571
GRASP,Reduced,Best,Best,1,0.59,YFJS_6_4_7_5_5, -0.2, 47519, 100,3.093
GRASP,Reduced,Best,Best,1,0.59,YFJS_6_4_7_5_6, -0.2, 34042, 100,0.84
GRASP,Reduced,Best,Best,1,0.59,YFJS_6_4_7_5_7, -0.2, 32852, 100,2.664
GRASP,Reduced,Best,Best,1,0.59,YFJS_6_4_7_5_8, -0.2, 36093, 100,0.069
GRASP,Reduced,Best,Best,1,0.59,YFJS_6_4_7_5_9, -0.2, 31888, 100,46.425
GRASP,Reduced,Best,Best,1,0.59,DA_2_5_1, -0.2, 21327, 100,1.888
GRASP,Reduced,Best,Best,1,0.59,DA_2_5_10, -0.2, 20635, 100,0.018
GRASP,Reduced,Best,Best,1,0.59,DA_2_5_11, -0.2, 17972, 100,0
GRASP,Reduced,Best,Best,1,0.59,DA_2_5_12, -0.2, 19602, 100,0
GRASP,Reduced,Best,Best,1,0.59,DA_2_5_13, -0.2, 18803, 100,1.487
GRASP,Reduced,Best,Best,1,0.59,DA_2_5_14, -0.2, 20568, 100,0.002
GRASP,Reduced,Best,Best,1,0.59,DA_2_5_15, -0.2, 24715, 100,0.636
GRASP,Reduced,Best,Best,1,0.59,DA_2_5_16, -0.2, 18857, 100,0
GRASP,Reduced,Best,Best,1,0.59,DA_2_5_17, -0.2, 22660, 100,3.785
GRASP,Reduced,Best,Best,1,0.59,DA_2_5_18, -0.2, 18823, 100,0.001
GRASP,Reduced,Best,Best,1,0.59,DA_2_5_19, -0.2, 27455, 100,0
GRASP,Reduced,Best,Best,1,0.59,DA_2_5_2, -0.2, 17874, 100,2.64
GRASP,Reduced,Best,Best,1,0.59,DA_2_5_20, -0.2, 15143, 100,0
GRASP,Reduced,Best,Best,1,0.59,DA_2_5_3, -0.2, 21817, 100,9.324
GRASP,Reduced,Best,Best,1,0.59,DA_2_5_4, -0.2, 20236, 100,0.004
GRASP,Reduced,Best,Best,1,0.59,DA_2_5_5, -0.2, 24114, 100,0.008
GRASP,Reduced,Best,Best,1,0.59,DA_2_5_6, -0.2, 19145, 100,0
GRASP,Reduced,Best,Best,1,0.59,DA_2_5_7, -0.2, 17270, 100,0.001
GRASP,Reduced,Best,Best,1,0.59,DA_2_5_8, -0.2, 19642, 100,0
GRASP,Reduced,Best,Best,1,0.59,DA_2_5_9, -0.2, 20086, 100,2.266
GRASP,Reduced,Best,Best,1,0.59,DAFJS_3_5_1, -0.2, 21709, 100,77.502
GRASP,Reduced,Best,Best,1,0.59,DAFJS_3_5_10, -0.2, 24214, 100,56.811
GRASP,Reduced,Best,Best,1,0.59,DAFJS_3_5_2, -0.2, 23300, 100,0.07
GRASP,Reduced,Best,Best,1,0.59,DAFJS_3_5_3, -0.2, 22521, 100,59.809
GRASP,Reduced,Best,Best,1,0.59,DAFJS_3_5_4, -0.2, 19809, 100,0.019
GRASP,Reduced,Best,Best,1,0.59,DAFJS_3_5_5, -0.2, 19773, 100,0.008
GRASP,Reduced,Best,Best,1,0.59,DAFJS_3_5_6, -0.2, 20245, 100,33.467
GRASP,Reduced,Best,Best,1,0.59,DAFJS_3_5_7, -0.2, 20635, 100,0.002
GRASP,Reduced,Best,Best,1,0.59,DAFJS_3_5_8, -0.2, 19201, 100,0
GRASP,Reduced,Best,Best,1,0.59,DAFJS_3_5_9, -0.2, 22438, 100,39.89
GRASP,Reduced,Best,Best,1,0.59,YFJS_4_4_7_5_0, -0.3, 31008, 100,2.425
GRASP,Reduced,Best,Best,1,0.59,YFJS_4_4_7_5_1, -0.3, 22010, 100,0
GRASP,Reduced,Best,Best,1,0.59,YFJS_4_4_7_5_2, -0.3, 38935, 100,0
GRASP,Reduced,Best,Best,1,0.59,YFJS_4_4_7_5_3, -0.3, 23774, 100,0
GRASP,Reduced,Best,Best,1,0.59,YFJS_4_4_7_5_4, -0.3, 22843, 100,0
GRASP,Reduced,Best,Best,1,0.59,YFJS_4_4_7_5_5, -0.3, 27366, 100,0
GRASP,Reduced,Best,Best,1,0.59,YFJS_4_4_7_5_6, -0.3, 38932, 100,4.577
GRASP,Reduced,Best,Best,1,0.59,YFJS_4_4_7_5_7, -0.3, 29464, 100,0.132
GRASP,Reduced,Best,Best,1,0.59,YFJS_4_4_7_5_8, -0.3, 33763, 100,0.001
GRASP,Reduced,Best,Best,1,0.59,YFJS_4_4_7_5_9, -0.3, 25072, 100,60.854
GRASP,Reduced,Best,Best,1,0.59,YFJS_5_4_7_5_0, -0.3, 36307, 100,23.763
GRASP,Reduced,Best,Best,1,0.59,YFJS_5_4_7_5_1, -0.3, 26219, 100,0.123
GRASP,Reduced,Best,Best,1,0.59,YFJS_5_4_7_5_2, -0.3, 25619, 100,0.012
GRASP,Reduced,Best,Best,1,0.59,YFJS_5_4_7_5_3, -0.3, 27428, 100,0.022
GRASP,Reduced,Best,Best,1,0.59,YFJS_5_4_7_5_4, -0.3, 38256, 100,3.864
GRASP,Reduced,Best,Best,1,0.59,YFJS_5_4_7_5_5, -0.3, 29442, 100,0
GRASP,Reduced,Best,Best,1,0.59,YFJS_5_4_7_5_6, -0.3, 37465, 100,0.098
GRASP,Reduced,Best,Best,1,0.59,YFJS_5_4_7_5_7, -0.3, 25067, 100,0.003
GRASP,Reduced,Best,Best,1,0.59,YFJS_5_4_7_5_8, -0.3, 29207, 100,0.197
GRASP,Reduced,Best,Best,1,0.59,YFJS_5_4_7_5_9, -0.3, 27091, 100,0.106
GRASP,Reduced,Best,Best,1,0.59,YFJS_6_4_7_5_0, -0.3, 32166, 100,0.002
GRASP,Reduced,Best,Best,1,0.59,YFJS_6_4_7_5_1, -0.3, 28985, 100,1.737
GRASP,Reduced,Best,Best,1,0.59,YFJS_6_4_7_5_2, -0.3, 35663, 100,96.82
GRASP,Reduced,Best,Best,1,0.59,YFJS_6_4_7_5_3, -0.3, 27127, 100,25.324
GRASP,Reduced,Best,Best,1,0.59,YFJS_6_4_7_5_4, -0.3, 32465, 100,0.601
GRASP,Reduced,Best,Best,1,0.59,YFJS_6_4_7_5_5, -0.3, 43452, 100,14.469
GRASP,Reduced,Best,Best,1,0.59,YFJS_6_4_7_5_6, -0.3, 31571, 100,0.244
GRASP,Reduced,Best,Best,1,0.59,YFJS_6_4_7_5_7, -0.3, 30783, 100,64.914
GRASP,Reduced,Best,Best,1,0.59,YFJS_6_4_7_5_8, -0.3, 32826, 100,9.814
GRASP,Reduced,Best,Best,1,0.59,YFJS_6_4_7_5_9, -0.3, 29922, 100,11.87
GRASP,Reduced,Best,Best,1,0.59,DA_2_5_1, -0.3, 19443, 100,17.57
GRASP,Reduced,Best,Best,1,0.59,DA_2_5_10, -0.3, 18916, 100,0.119
GRASP,Reduced,Best,Best,1,0.59,DA_2_5_11, -0.3, 17419, 100,0
GRASP,Reduced,Best,Best,1,0.59,DA_2_5_12, -0.3, 18800, 100,0
GRASP,Reduced,Best,Best,1,0.59,DA_2_5_13, -0.3, 17596, 100,89.359
GRASP,Reduced,Best,Best,1,0.59,DA_2_5_14, -0.3, 18692, 100,0.095
GRASP,Reduced,Best,Best,1,0.59,DA_2_5_15, -0.3, 24256, 100,0.931
GRASP,Reduced,Best,Best,1,0.59,DA_2_5_16, -0.3, 17900, 100,0
GRASP,Reduced,Best,Best,1,0.59,DA_2_5_17, -0.3, 20797, 100,0.001
GRASP,Reduced,Best,Best,1,0.59,DA_2_5_18, -0.3, 17395, 100,0.115
GRASP,Reduced,Best,Best,1,0.59,DA_2_5_19, -0.3, 25304, 100,0
GRASP,Reduced,Best,Best,1,0.59,DA_2_5_2, -0.3, 17105, 100,4.155
GRASP,Reduced,Best,Best,1,0.59,DA_2_5_20, -0.3, 14077, 100,0
GRASP,Reduced,Best,Best,1,0.59,DA_2_5_3, -0.3, 20620, 100,11.646
GRASP,Reduced,Best,Best,1,0.59,DA_2_5_4, -0.3, 18625, 100,0.002
GRASP,Reduced,Best,Best,1,0.59,DA_2_5_5, -0.3, 22734, 100,5.992
GRASP,Reduced,Best,Best,1,0.59,DA_2_5_6, -0.3, 18253, 100,0
GRASP,Reduced,Best,Best,1,0.59,DA_2_5_7, -0.3, 16495, 100,0.001
GRASP,Reduced,Best,Best,1,0.59,DA_2_5_8, -0.3, 18474, 100,0
GRASP,Reduced,Best,Best,1,0.59,DA_2_5_9, -0.3, 18521, 100,0.142
GRASP,Reduced,Best,Best,1,0.59,DAFJS_3_5_1, -0.3, 19726, 100,84.515
GRASP,Reduced,Best,Best,1,0.59,DAFJS_3_5_10, -0.3, 22396, 100,33.06
GRASP,Reduced,Best,Best,1,0.59,DAFJS_3_5_2, -0.3, 21372, 100,0.013
GRASP,Reduced,Best,Best,1,0.59,DAFJS_3_5_3, -0.3, 20389, 100,0.002
GRASP,Reduced,Best,Best,1,0.59,DAFJS_3_5_4, -0.3, 18472, 100,0
GRASP,Reduced,Best,Best,1,0.59,DAFJS_3_5_5, -0.3, 18396, 100,23.025
GRASP,Reduced,Best,Best,1,0.59,DAFJS_3_5_6, -0.3, 18940, 100,0.077
GRASP,Reduced,Best,Best,1,0.59,DAFJS_3_5_7, -0.3, 18762, 100,6.966
GRASP,Reduced,Best,Best,1,0.59,DAFJS_3_5_8, -0.3, 18253, 100,0.017
GRASP,Reduced,Best,Best,1,0.59,DAFJS_3_5_9, -0.3, 20139, 100,56.482
