ILS,Reduced,Best,Best,1,1,3,YFJS_4_4_7_5_0, -0.1, 35046, 300,0
ILS,Reduced,Best,Best,1,1,3,YFJS_4_4_7_5_1, -0.1, 24359, 300,0.026
ILS,Reduced,Best,Best,1,1,3,YFJS_4_4_7_5_2, -0.1, 47391, 300,0.007
ILS,Reduced,Best,Best,1,1,3,YFJS_4_4_7_5_3, -0.1, 25394, 300,0
ILS,Reduced,Best,Best,1,1,3,YFJS_4_4_7_5_4, -0.1, 23985, 300,0
ILS,Reduced,Best,Best,1,1,3,YFJS_4_4_7_5_5, -0.1, 29469, 300,0.041
ILS,Reduced,Best,Best,1,1,3,YFJS_4_4_7_5_6, -0.1, 45705, 300,0.073
ILS,Reduced,Best,Best,1,1,3,YFJS_4_4_7_5_7, -0.1, 33829, 300,0.101
ILS,Reduced,Best,Best,1,1,3,YFJS_4_4_7_5_8, -0.1, 37049, 300,0
ILS,Reduced,Best,Best,1,1,3,YFJS_4_4_7_5_9, -0.1, 27310, 300,0.006
ILS,Reduced,Best,Best,1,1,3,YFJS_5_4_7_5_0, -0.1, 41300, 300,0.003
ILS,Reduced,Best,Best,1,1,3,YFJS_5_4_7_5_1, -0.1, 30145, 300,0.033
ILS,Reduced,Best,Best,1,1,3,YFJS_5_4_7_5_2, -0.1, 30962, 300,0.007
ILS,Reduced,Best,Best,1,1,3,YFJS_5_4_7_5_3, -0.1, 31398, 300,0.019
ILS,Reduced,Best,Best,1,1,3,YFJS_5_4_7_5_4, -0.1, 45442, 300,0.004
ILS,Reduced,Best,Best,1,1,3,YFJS_5_4_7_5_5, -0.1, 33791, 300,0.02
ILS,Reduced,Best,Best,1,1,3,YFJS_5_4_7_5_6, -0.1, 42838, 300,0.029
ILS,Reduced,Best,Best,1,1,3,YFJS_5_4_7_5_7, -0.1, 28247, 300,0.006
ILS,Reduced,Best,Best,1,1,3,YFJS_5_4_7_5_8, -0.1, 33601, 300,0.002
ILS,Reduced,Best,Best,1,1,3,YFJS_5_4_7_5_9, -0.1, 30837, 300,0
ILS,Reduced,Best,Best,1,1,3,YFJS_6_4_7_5_0, -0.1, 37096, 300,0.12
ILS,Reduced,Best,Best,1,1,3,YFJS_6_4_7_5_1, -0.1, 34282, 300,0.006
ILS,Reduced,Best,Best,1,1,3,YFJS_6_4_7_5_2, -0.1, 42079, 300,0.012
ILS,Reduced,Best,Best,1,1,3,YFJS_6_4_7_5_3, -0.1, 30905, 300,0.013
ILS,Reduced,Best,Best,1,1,3,YFJS_6_4_7_5_4, -0.1, 36170, 300,0.071
ILS,Reduced,Best,Best,1,1,3,YFJS_6_4_7_5_5, -0.1, 51466, 300,0.022
ILS,Reduced,Best,Best,1,1,3,YFJS_6_4_7_5_6, -0.1, 36719, 300,0.001
ILS,Reduced,Best,Best,1,1,3,YFJS_6_4_7_5_7, -0.1, 34509, 300,0.004
ILS,Reduced,Best,Best,1,1,3,YFJS_6_4_7_5_8, -0.1, 39798, 300,0.108
ILS,Reduced,Best,Best,1,1,3,YFJS_6_4_7_5_9, -0.1, 33974, 300,0.003
ILS,Reduced,Best,Best,1,1,3,DA_2_5_1, -0.1, 22875, 300,0.007
ILS,Reduced,Best,Best,1,1,3,DA_2_5_10, -0.1, 22708, 300,0.003
ILS,Reduced,Best,Best,1,1,3,DA_2_5_11, -0.1, 18363, 300,0
ILS,Reduced,Best,Best,1,1,3,DA_2_5_12, -0.1, 20498, 300,0.001
ILS,Reduced,Best,Best,1,1,3,DA_2_5_13, -0.1, 20593, 300,0.004
ILS,Reduced,Best,Best,1,1,3,DA_2_5_14, -0.1, 22867, 300,0.033
ILS,Reduced,Best,Best,1,1,3,DA_2_5_15, -0.1, 25715, 300,0.002
ILS,Reduced,Best,Best,1,1,3,DA_2_5_16, -0.1, 19878, 300,0
ILS,Reduced,Best,Best,1,1,3,DA_2_5_17, -0.1, 24267, 300,0.006
ILS,Reduced,Best,Best,1,1,3,DA_2_5_18, -0.1, 20336, 300,0.001
ILS,Reduced,Best,Best,1,1,3,DA_2_5_19, -0.1, 29968, 300,0.001
ILS,Reduced,Best,Best,1,1,3,DA_2_5_2, -0.1, 18670, 300,0.016
ILS,Reduced,Best,Best,1,1,3,DA_2_5_20, -0.1, 16313, 300,0
ILS,Reduced,Best,Best,1,1,3,DA_2_5_3, -0.1, 23140, 300,0
ILS,Reduced,Best,Best,1,1,3,DA_2_5_4, -0.1, 21715, 300,0.001
ILS,Reduced,Best,Best,1,1,3,DA_2_5_5, -0.1, 25426, 300,0
ILS,Reduced,Best,Best,1,1,3,DA_2_5_6, -0.1, 20155, 300,0.001
ILS,Reduced,Best,Best,1,1,3,DA_2_5_7, -0.1, 18135, 300,0
ILS,Reduced,Best,Best,1,1,3,DA_2_5_8, -0.1, 20945, 300,0.003
ILS,Reduced,Best,Best,1,1,3,DA_2_5_9, -0.1, 21838, 300,0.005
ILS,Reduced,Best,Best,1,1,3,DAFJS_3_5_1, -0.1, 23344, 300,0.51
ILS,Reduced,Best,Best,1,1,3,DAFJS_3_5_10, -0.1, 25923, 300,0
ILS,Reduced,Best,Best,1,1,3,DAFJS_3_5_2, -0.1, 24038, 300,3.042
ILS,Reduced,Best,Best,1,1,3,DAFJS_3_5_3, -0.1, 24579, 300,0.014
ILS,Reduced,Best,Best,1,1,3,DAFJS_3_5_4, -0.1, 21143, 300,0.005
ILS,Reduced,Best,Best,1,1,3,DAFJS_3_5_5, -0.1, 21120, 300,0.039
ILS,Reduced,Best,Best,1,1,3,DAFJS_3_5_6, -0.1, 22050, 300,0.016
ILS,Reduced,Best,Best,1,1,3,DAFJS_3_5_7, -0.1, 22708, 300,0.032
ILS,Reduced,Best,Best,1,1,3,DAFJS_3_5_8, -0.1, 20278, 300,0.007
ILS,Reduced,Best,Best,1,1,3,DAFJS_3_5_9, -0.1, 23558, 300,0.014
ILS,Reduced,Best,Best,1,1,3,YFJS_4_4_7_5_0, -0.2, 33132, 300,0
ILS,Reduced,Best,Best,1,1,3,YFJS_4_4_7_5_1, -0.2, 23100, 300,0.01
ILS,Reduced,Best,Best,1,1,3,YFJS_4_4_7_5_2, -0.2, 42896, 300,0.003
ILS,Reduced,Best,Best,1,1,3,YFJS_4_4_7_5_3, -0.2, 24485, 300,0.007
ILS,Reduced,Best,Best,1,1,3,YFJS_4_4_7_5_4, -0.2, 23597, 300,0
ILS,Reduced,Best,Best,1,1,3,YFJS_4_4_7_5_5, -0.2, 28655, 300,0.004
ILS,Reduced,Best,Best,1,1,3,YFJS_4_4_7_5_6, -0.2, 42239, 300,0.017
ILS,Reduced,Best,Best,1,1,3,YFJS_4_4_7_5_7, -0.2, 31471, 300,0.201
ILS,Reduced,Best,Best,1,1,3,YFJS_4_4_7_5_8, -0.2, 35250, 300,0.001
ILS,Reduced,Best,Best,1,1,3,YFJS_4_4_7_5_9, -0.2, 26145, 300,0.012
ILS,Reduced,Best,Best,1,1,3,YFJS_5_4_7_5_0, -0.2, 38545, 300,0.023
ILS,Reduced,Best,Best,1,1,3,YFJS_5_4_7_5_1, -0.2, 27895, 300,0.105
ILS,Reduced,Best,Best,1,1,3,YFJS_5_4_7_5_2, -0.2, 28120, 300,0.011
ILS,Reduced,Best,Best,1,1,3,YFJS_5_4_7_5_3, -0.2, 29682, 300,0.025
ILS,Reduced,Best,Best,1,1,3,YFJS_5_4_7_5_4, -0.2, 41619, 300,0.007
ILS,Reduced,Best,Best,1,1,3,YFJS_5_4_7_5_5, -0.2, 31280, 300,0.003
ILS,Reduced,Best,Best,1,1,3,YFJS_5_4_7_5_6, -0.2, 40388, 300,0.007
ILS,Reduced,Best,Best,1,1,3,YFJS_5_4_7_5_7, -0.2, 26297, 300,0.001
ILS,Reduced,Best,Best,1,1,3,YFJS_5_4_7_5_8, -0.2, 30717, 300,0.096
ILS,Reduced,Best,Best,1,1,3,YFJS_5_4_7_5_9, -0.2, 28832, 300,0.008
ILS,Reduced,Best,Best,1,1,3,YFJS_6_4_7_5_0, -0.2, 34811, 300,0.01
ILS,Reduced,Best,Best,1,1,3,YFJS_6_4_7_5_1, -0.2, 31702, 300,0.041
ILS,Reduced,Best,Best,1,1,3,YFJS_6_4_7_5_2, -0.2, 38639, 300,0.08
ILS,Reduced,Best,Best,1,1,3,YFJS_6_4_7_5_3, -0.2, 28884, 300,0.06
ILS,Reduced,Best,Best,1,1,3,YFJS_6_4_7_5_4, -0.2, 34231, 300,0.057
ILS,Reduced,Best,Best,1,1,3,YFJS_6_4_7_5_5, -0.2, 47519, 300,0.008
ILS,Reduced,Best,Best,1,1,3,YFJS_6_4_7_5_6, -0.2, 34042, 300,0.108
ILS,Reduced,Best,Best,1,1,3,YFJS_6_4_7_5_7, -0.2, 32080, 300,0.062
ILS,Reduced,Best,Best,1,1,3,YFJS_6_4_7_5_8, -0.2, 36093, 300,0.103
ILS,Reduced,Best,Best,1,1,3,YFJS_6_4_7_5_9, -0.2, 31888, 300,0.592
ILS,Reduced,Best,Best,1,1,3,DA_2_5_1, -0.2, 21327, 300,0.033
ILS,Reduced,Best,Best,1,1,3,DA_2_5_10, -0.2, 20635, 300,0
ILS,Reduced,Best,Best,1,1,3,DA_2_5_11, -0.2, 17972, 300,0
ILS,Reduced,Best,Best,1,1,3,DA_2_5_12, -0.2, 19602, 300,0.003
ILS,Reduced,Best,Best,1,1,3,DA_2_5_13, -0.2, 18803, 300,0.008
ILS,Reduced,Best,Best,1,1,3,DA_2_5_14, -0.2, 20568, 300,0.035
ILS,Reduced,Best,Best,1,1,3,DA_2_5_15, -0.2, 24715, 300,0.002
ILS,Reduced,Best,Best,1,1,3,DA_2_5_16, -0.2, 18857, 300,0
ILS,Reduced,Best,Best,1,1,3,DA_2_5_18, -0.2, 18823, 300,0.001
ILS,Reduced,Best,Best,1,1,3,DA_2_5_17, -0.2, 22660, 300,0.097
ILS,Reduced,Best,Best,1,1,3,DA_2_5_19, -0.2, 27455, 300,0.005
ILS,Reduced,Best,Best,1,1,3,DA_2_5_2, -0.2, 17874, 300,0.005
ILS,Reduced,Best,Best,1,1,3,DA_2_5_20, -0.2, 15143, 300,0
ILS,Reduced,Best,Best,1,1,3,DA_2_5_3, -0.2, 21817, 300,0.006
ILS,Reduced,Best,Best,1,1,3,DA_2_5_4, -0.2, 20236, 300,0.008
ILS,Reduced,Best,Best,1,1,3,DA_2_5_5, -0.2, 24114, 300,0.002
ILS,Reduced,Best,Best,1,1,3,DA_2_5_6, -0.2, 19145, 300,0
ILS,Reduced,Best,Best,1,1,3,DA_2_5_7, -0.2, 17270, 300,0.001
ILS,Reduced,Best,Best,1,1,3,DA_2_5_8, -0.2, 19642, 300,0.001
ILS,Reduced,Best,Best,1,1,3,DA_2_5_9, -0.2, 20086, 300,0.002
ILS,Reduced,Best,Best,1,1,3,DAFJS_3_5_1, -0.2, 21352, 300,0.925
ILS,Reduced,Best,Best,1,1,3,DAFJS_3_5_10, -0.2, 23852, 300,0.002
ILS,Reduced,Best,Best,1,1,3,DAFJS_3_5_2, -0.2, 22390, 300,0.705
ILS,Reduced,Best,Best,1,1,3,DAFJS_3_5_3, -0.2, 22521, 300,0.005
ILS,Reduced,Best,Best,1,1,3,DAFJS_3_5_4, -0.2, 19809, 300,0.003
ILS,Reduced,Best,Best,1,1,3,DAFJS_3_5_5, -0.2, 19724, 300,0.299
ILS,Reduced,Best,Best,1,1,3,DAFJS_3_5_6, -0.2, 20245, 300,0.007
ILS,Reduced,Best,Best,1,1,3,DAFJS_3_5_7, -0.2, 20635, 300,0.069
ILS,Reduced,Best,Best,1,1,3,DAFJS_3_5_8, -0.2, 19201, 300,0
ILS,Reduced,Best,Best,1,1,3,DAFJS_3_5_9, -0.2, 21552, 300,0.026
ILS,Reduced,Best,Best,1,1,3,YFJS_4_4_7_5_0, -0.3, 31008, 300,0.008
ILS,Reduced,Best,Best,1,1,3,YFJS_4_4_7_5_1, -0.3, 22010, 300,0.001
ILS,Reduced,Best,Best,1,1,3,YFJS_4_4_7_5_2, -0.3, 38935, 300,0.001
ILS,Reduced,Best,Best,1,1,3,YFJS_4_4_7_5_3, -0.3, 23774, 300,0
ILS,Reduced,Best,Best,1,1,3,YFJS_4_4_7_5_4, -0.3, 22843, 300,0.003
ILS,Reduced,Best,Best,1,1,3,YFJS_4_4_7_5_5, -0.3, 27366, 300,0
ILS,Reduced,Best,Best,1,1,3,YFJS_4_4_7_5_6, -0.3, 38932, 300,0.113
ILS,Reduced,Best,Best,1,1,3,YFJS_4_4_7_5_7, -0.3, 29464, 300,0.092
ILS,Reduced,Best,Best,1,1,3,YFJS_4_4_7_5_8, -0.3, 33763, 300,0.006
ILS,Reduced,Best,Best,1,1,3,YFJS_4_4_7_5_9, -0.3, 25072, 300,0.241
ILS,Reduced,Best,Best,1,1,3,YFJS_5_4_7_5_0, -0.3, 36307, 300,0.002
ILS,Reduced,Best,Best,1,1,3,YFJS_5_4_7_5_1, -0.3, 26219, 300,0.052
ILS,Reduced,Best,Best,1,1,3,YFJS_5_4_7_5_2, -0.3, 25619, 300,0.001
ILS,Reduced,Best,Best,1,1,3,YFJS_5_4_7_5_3, -0.3, 27428, 300,0.135
ILS,Reduced,Best,Best,1,1,3,YFJS_5_4_7_5_4, -0.3, 38256, 300,0.001
ILS,Reduced,Best,Best,1,1,3,YFJS_5_4_7_5_5, -0.3, 29442, 300,0.009
ILS,Reduced,Best,Best,1,1,3,YFJS_5_4_7_5_6, -0.3, 37465, 300,0.06
ILS,Reduced,Best,Best,1,1,3,YFJS_5_4_7_5_7, -0.3, 25067, 300,0.001
ILS,Reduced,Best,Best,1,1,3,YFJS_5_4_7_5_8, -0.3, 29207, 300,0.028
ILS,Reduced,Best,Best,1,1,3,YFJS_5_4_7_5_9, -0.3, 27091, 300,0.014
ILS,Reduced,Best,Best,1,1,3,YFJS_6_4_7_5_0, -0.3, 32166, 300,0.434
ILS,Reduced,Best,Best,1,1,3,YFJS_6_4_7_5_1, -0.3, 28985, 300,0
ILS,Reduced,Best,Best,1,1,3,YFJS_6_4_7_5_2, -0.3, 35441, 300,0.007
ILS,Reduced,Best,Best,1,1,3,YFJS_6_4_7_5_3, -0.3, 27023, 300,0.014
ILS,Reduced,Best,Best,1,1,3,YFJS_6_4_7_5_4, -0.3, 32346, 300,0.017
ILS,Reduced,Best,Best,1,1,3,YFJS_6_4_7_5_5, -0.3, 43452, 300,0.132
ILS,Reduced,Best,Best,1,1,3,YFJS_6_4_7_5_6, -0.3, 31571, 300,0.003
ILS,Reduced,Best,Best,1,1,3,YFJS_6_4_7_5_7, -0.3, 30428, 300,0.007
ILS,Reduced,Best,Best,1,1,3,YFJS_6_4_7_5_8, -0.3, 32826, 300,0.098
ILS,Reduced,Best,Best,1,1,3,YFJS_6_4_7_5_9, -0.3, 29848, 300,0.073
ILS,Reduced,Best,Best,1,1,3,DA_2_5_1, -0.3, 19443, 300,0.118
ILS,Reduced,Best,Best,1,1,3,DA_2_5_10, -0.3, 18916, 300,0.01
ILS,Reduced,Best,Best,1,1,3,DA_2_5_11, -0.3, 17419, 300,0
ILS,Reduced,Best,Best,1,1,3,DA_2_5_12, -0.3, 18800, 300,0
ILS,Reduced,Best,Best,1,1,3,DA_2_5_13, -0.3, 17596, 300,0.017
ILS,Reduced,Best,Best,1,1,3,DA_2_5_14, -0.3, 18692, 300,0.098
ILS,Reduced,Best,Best,1,1,3,DA_2_5_15, -0.3, 24256, 300,0.012
ILS,Reduced,Best,Best,1,1,3,DA_2_5_16, -0.3, 17900, 300,0
ILS,Reduced,Best,Best,1,1,3,DA_2_5_17, -0.3, 20797, 300,0.041
ILS,Reduced,Best,Best,1,1,3,DA_2_5_18, -0.3, 17395, 300,0
ILS,Reduced,Best,Best,1,1,3,DA_2_5_19, -0.3, 25304, 300,0.025
ILS,Reduced,Best,Best,1,1,3,DA_2_5_2, -0.3, 17105, 300,0.009
ILS,Reduced,Best,Best,1,1,3,DA_2_5_20, -0.3, 14077, 300,0.001
ILS,Reduced,Best,Best,1,1,3,DA_2_5_3, -0.3, 20620, 300,0
ILS,Reduced,Best,Best,1,1,3,DA_2_5_4, -0.3, 18625, 300,0
ILS,Reduced,Best,Best,1,1,3,DA_2_5_5, -0.3, 22734, 300,0.021
ILS,Reduced,Best,Best,1,1,3,DA_2_5_6, -0.3, 18253, 300,0
ILS,Reduced,Best,Best,1,1,3,DA_2_5_7, -0.3, 16495, 300,0.003
ILS,Reduced,Best,Best,1,1,3,DA_2_5_8, -0.3, 18474, 300,0.002
ILS,Reduced,Best,Best,1,1,3,DA_2_5_9, -0.3, 18521, 300,0.011
ILS,Reduced,Best,Best,1,1,3,DAFJS_3_5_1, -0.3, 19430, 300,0.421
ILS,Reduced,Best,Best,1,1,3,DAFJS_3_5_10, -0.3, 22322, 300,0.811
ILS,Reduced,Best,Best,1,1,3,DAFJS_3_5_2, -0.3, 20932, 300,0.871
ILS,Reduced,Best,Best,1,1,3,DAFJS_3_5_3, -0.3, 20389, 300,0.007
ILS,Reduced,Best,Best,1,1,3,DAFJS_3_5_4, -0.3, 18400, 300,0
ILS,Reduced,Best,Best,1,1,3,DAFJS_3_5_5, -0.3, 18396, 300,0.015
ILS,Reduced,Best,Best,1,1,3,DAFJS_3_5_6, -0.3, 18501, 300,0.002
ILS,Reduced,Best,Best,1,1,3,DAFJS_3_5_7, -0.3, 18762, 300,0.067
ILS,Reduced,Best,Best,1,1,3,DAFJS_3_5_8, -0.3, 18253, 300,0.001
ILS,Reduced,Best,Best,1,1,3,DAFJS_3_5_9, -0.3, 19504, 300,0.418
ILS,Reduced,Best,Best,1,1,3,YFJS_4_4_7_5_0, -0.1, 35046, 300,0.002
ILS,Reduced,Best,Best,1,1,3,YFJS_4_4_7_5_1, -0.1, 24359, 300,0.004
ILS,Reduced,Best,Best,1,1,3,YFJS_4_4_7_5_2, -0.1, 47391, 300,0.016
ILS,Reduced,Best,Best,1,1,3,YFJS_4_4_7_5_3, -0.1, 25394, 300,0
ILS,Reduced,Best,Best,1,1,3,YFJS_4_4_7_5_4, -0.1, 23985, 300,0
ILS,Reduced,Best,Best,1,1,3,YFJS_4_4_7_5_5, -0.1, 29469, 300,0.016
ILS,Reduced,Best,Best,1,1,3,YFJS_4_4_7_5_6, -0.1, 45705, 300,0.021
ILS,Reduced,Best,Best,1,1,3,YFJS_4_4_7_5_7, -0.1, 33829, 300,0
ILS,Reduced,Best,Best,1,1,3,YFJS_4_4_7_5_8, -0.1, 37049, 300,0
ILS,Reduced,Best,Best,1,1,3,YFJS_4_4_7_5_9, -0.1, 27310, 300,0.003
ILS,Reduced,Best,Best,1,1,3,YFJS_5_4_7_5_0, -0.1, 41300, 300,0.021
ILS,Reduced,Best,Best,1,1,3,YFJS_5_4_7_5_1, -0.1, 30145, 300,0.05
ILS,Reduced,Best,Best,1,1,3,YFJS_5_4_7_5_2, -0.1, 30962, 300,0.007
ILS,Reduced,Best,Best,1,1,3,YFJS_5_4_7_5_3, -0.1, 31398, 300,0.001
ILS,Reduced,Best,Best,1,1,3,YFJS_5_4_7_5_4, -0.1, 45442, 300,0.003
ILS,Reduced,Best,Best,1,1,3,YFJS_5_4_7_5_5, -0.1, 33791, 300,0.003
ILS,Reduced,Best,Best,1,1,3,YFJS_5_4_7_5_6, -0.1, 42838, 300,0.005
ILS,Reduced,Best,Best,1,1,3,YFJS_5_4_7_5_7, -0.1, 28247, 300,0.001
ILS,Reduced,Best,Best,1,1,3,YFJS_5_4_7_5_8, -0.1, 33601, 300,0.002
ILS,Reduced,Best,Best,1,1,3,YFJS_5_4_7_5_9, -0.1, 30837, 300,0
ILS,Reduced,Best,Best,1,1,3,YFJS_6_4_7_5_0, -0.1, 37096, 300,0.003
ILS,Reduced,Best,Best,1,1,3,YFJS_6_4_7_5_1, -0.1, 34282, 300,0.01
ILS,Reduced,Best,Best,1,1,3,YFJS_6_4_7_5_2, -0.1, 42079, 300,0.055
ILS,Reduced,Best,Best,1,1,3,YFJS_6_4_7_5_3, -0.1, 30905, 300,0.027
ILS,Reduced,Best,Best,1,1,3,YFJS_6_4_7_5_4, -0.1, 36170, 300,0.469
ILS,Reduced,Best,Best,1,1,3,YFJS_6_4_7_5_5, -0.1, 51466, 300,0.003
ILS,Reduced,Best,Best,1,1,3,YFJS_6_4_7_5_6, -0.1, 36719, 300,0.004
ILS,Reduced,Best,Best,1,1,3,YFJS_6_4_7_5_7, -0.1, 34509, 300,0.04
ILS,Reduced,Best,Best,1,1,3,YFJS_6_4_7_5_8, -0.1, 39798, 300,0.154
ILS,Reduced,Best,Best,1,1,3,YFJS_6_4_7_5_9, -0.1, 33974, 300,0.002
ILS,Reduced,Best,Best,1,1,3,DA_2_5_1, -0.1, 22875, 300,0.067
ILS,Reduced,Best,Best,1,1,3,DA_2_5_10, -0.1, 22708, 300,0.004
ILS,Reduced,Best,Best,1,1,3,DA_2_5_11, -0.1, 18363, 300,0
ILS,Reduced,Best,Best,1,1,3,DA_2_5_12, -0.1, 20498, 300,0.003
ILS,Reduced,Best,Best,1,1,3,DA_2_5_13, -0.1, 20593, 300,0.002
ILS,Reduced,Best,Best,1,1,3,DA_2_5_14, -0.1, 22867, 300,0
ILS,Reduced,Best,Best,1,1,3,DA_2_5_15, -0.1, 25715, 300,0.002
ILS,Reduced,Best,Best,1,1,3,DA_2_5_16, -0.1, 19878, 300,0
ILS,Reduced,Best,Best,1,1,3,DA_2_5_17, -0.1, 24267, 300,0.042
ILS,Reduced,Best,Best,1,1,3,DA_2_5_18, -0.1, 20336, 300,0.001
ILS,Reduced,Best,Best,1,1,3,DA_2_5_19, -0.1, 29968, 300,0.017
ILS,Reduced,Best,Best,1,1,3,DA_2_5_2, -0.1, 18670, 300,0.007
ILS,Reduced,Best,Best,1,1,3,DA_2_5_20, -0.1, 16313, 300,0
ILS,Reduced,Best,Best,1,1,3,DA_2_5_3, -0.1, 23140, 300,0.008
ILS,Reduced,Best,Best,1,1,3,DA_2_5_4, -0.1, 21715, 300,0.001
ILS,Reduced,Best,Best,1,1,3,DA_2_5_5, -0.1, 25426, 300,0.002
ILS,Reduced,Best,Best,1,1,3,DA_2_5_6, -0.1, 20155, 300,0
ILS,Reduced,Best,Best,1,1,3,DA_2_5_7, -0.1, 18135, 300,0
ILS,Reduced,Best,Best,1,1,3,DA_2_5_8, -0.1, 20945, 300,0.003
ILS,Reduced,Best,Best,1,1,3,DA_2_5_9, -0.1, 21838, 300,0.001
ILS,Reduced,Best,Best,1,1,3,DAFJS_3_5_1, -0.1, 23344, 300,0.224
ILS,Reduced,Best,Best,1,1,3,DAFJS_3_5_10, -0.1, 25923, 300,0
ILS,Reduced,Best,Best,1,1,3,DAFJS_3_5_2, -0.1, 24038, 300,0.567
ILS,Reduced,Best,Best,1,1,3,DAFJS_3_5_3, -0.1, 24579, 300,0.009
ILS,Reduced,Best,Best,1,1,3,DAFJS_3_5_4, -0.1, 21143, 300,0
ILS,Reduced,Best,Best,1,1,3,DAFJS_3_5_5, -0.1, 21120, 300,0.074
ILS,Reduced,Best,Best,1,1,3,DAFJS_3_5_6, -0.1, 22050, 300,0.025
ILS,Reduced,Best,Best,1,1,3,DAFJS_3_5_7, -0.1, 22708, 300,0.017
ILS,Reduced,Best,Best,1,1,3,DAFJS_3_5_8, -0.1, 20278, 300,0.007
ILS,Reduced,Best,Best,1,1,3,DAFJS_3_5_9, -0.1, 23558, 300,0.019
ILS,Reduced,Best,Best,1,1,3,YFJS_4_4_7_5_0, -0.2, 33132, 300,0.004
ILS,Reduced,Best,Best,1,1,3,YFJS_4_4_7_5_1, -0.2, 23100, 300,0.002
ILS,Reduced,Best,Best,1,1,3,YFJS_4_4_7_5_2, -0.2, 42896, 300,0.002
ILS,Reduced,Best,Best,1,1,3,YFJS_4_4_7_5_3, -0.2, 24485, 300,0
ILS,Reduced,Best,Best,1,1,3,YFJS_4_4_7_5_4, -0.2, 23597, 300,0
ILS,Reduced,Best,Best,1,1,3,YFJS_4_4_7_5_5, -0.2, 28655, 300,0.009
ILS,Reduced,Best,Best,1,1,3,YFJS_4_4_7_5_6, -0.2, 42239, 300,0.005
ILS,Reduced,Best,Best,1,1,3,YFJS_4_4_7_5_7, -0.2, 31471, 300,0.18
ILS,Reduced,Best,Best,1,1,3,YFJS_4_4_7_5_8, -0.2, 35250, 300,0.021
ILS,Reduced,Best,Best,1,1,3,YFJS_4_4_7_5_9, -0.2, 26145, 300,0.002
ILS,Reduced,Best,Best,1,1,3,YFJS_5_4_7_5_0, -0.2, 38545, 300,0.029
ILS,Reduced,Best,Best,1,1,3,YFJS_5_4_7_5_1, -0.2, 27895, 300,0.018
ILS,Reduced,Best,Best,1,1,3,YFJS_5_4_7_5_2, -0.2, 28120, 300,0
ILS,Reduced,Best,Best,1,1,3,YFJS_5_4_7_5_3, -0.2, 29682, 300,0.003
ILS,Reduced,Best,Best,1,1,3,YFJS_5_4_7_5_4, -0.2, 41619, 300,0.004
ILS,Reduced,Best,Best,1,1,3,YFJS_5_4_7_5_5, -0.2, 31280, 300,0.006
ILS,Reduced,Best,Best,1,1,3,YFJS_5_4_7_5_6, -0.2, 40388, 300,0.014
ILS,Reduced,Best,Best,1,1,3,YFJS_5_4_7_5_7, -0.2, 26297, 300,0
ILS,Reduced,Best,Best,1,1,3,YFJS_5_4_7_5_8, -0.2, 30717, 300,0.014
ILS,Reduced,Best,Best,1,1,3,YFJS_5_4_7_5_9, -0.2, 28832, 300,0.01
ILS,Reduced,Best,Best,1,1,3,YFJS_6_4_7_5_0, -0.2, 34811, 300,0.042
ILS,Reduced,Best,Best,1,1,3,YFJS_6_4_7_5_1, -0.2, 31702, 300,0.185
ILS,Reduced,Best,Best,1,1,3,YFJS_6_4_7_5_2, -0.2, 38639, 300,0.044
ILS,Reduced,Best,Best,1,1,3,YFJS_6_4_7_5_3, -0.2, 28884, 300,0.034
ILS,Reduced,Best,Best,1,1,3,YFJS_6_4_7_5_4, -0.2, 34231, 300,0.034
ILS,Reduced,Best,Best,1,1,3,YFJS_6_4_7_5_5, -0.2, 47519, 300,0
ILS,Reduced,Best,Best,1,1,3,YFJS_6_4_7_5_6, -0.2, 34042, 300,0.023
ILS,Reduced,Best,Best,1,1,3,YFJS_6_4_7_5_7, -0.2, 32080, 300,0.013
ILS,Reduced,Best,Best,1,1,3,YFJS_6_4_7_5_8, -0.2, 36093, 300,0.229
ILS,Reduced,Best,Best,1,1,3,YFJS_6_4_7_5_9, -0.2, 31888, 300,0.049
ILS,Reduced,Best,Best,1,1,3,DA_2_5_1, -0.2, 21327, 300,0.005
ILS,Reduced,Best,Best,1,1,3,DA_2_5_10, -0.2, 20635, 300,0.004
ILS,Reduced,Best,Best,1,1,3,DA_2_5_11, -0.2, 17972, 300,0
ILS,Reduced,Best,Best,1,1,3,DA_2_5_12, -0.2, 19602, 300,0
ILS,Reduced,Best,Best,1,1,3,DA_2_5_13, -0.2, 18803, 300,0.008
ILS,Reduced,Best,Best,1,1,3,DA_2_5_14, -0.2, 20568, 300,0.005
ILS,Reduced,Best,Best,1,1,3,DA_2_5_15, -0.2, 24715, 300,0
ILS,Reduced,Best,Best,1,1,3,DA_2_5_16, -0.2, 18857, 300,0
ILS,Reduced,Best,Best,1,1,3,DA_2_5_17, -0.2, 22660, 300,0.264
ILS,Reduced,Best,Best,1,1,3,DA_2_5_18, -0.2, 18823, 300,0
ILS,Reduced,Best,Best,1,1,3,DA_2_5_19, -0.2, 27455, 300,0.012
ILS,Reduced,Best,Best,1,1,3,DA_2_5_2, -0.2, 17874, 300,0.003
ILS,Reduced,Best,Best,1,1,3,DA_2_5_20, -0.2, 15143, 300,0
ILS,Reduced,Best,Best,1,1,3,DA_2_5_3, -0.2, 21817, 300,0.017
ILS,Reduced,Best,Best,1,1,3,DA_2_5_4, -0.2, 20236, 300,0.003
ILS,Reduced,Best,Best,1,1,3,DA_2_5_5, -0.2, 24114, 300,0.002
ILS,Reduced,Best,Best,1,1,3,DA_2_5_6, -0.2, 19145, 300,0
ILS,Reduced,Best,Best,1,1,3,DA_2_5_7, -0.2, 17270, 300,0.001
ILS,Reduced,Best,Best,1,1,3,DA_2_5_8, -0.2, 19642, 300,0.001
ILS,Reduced,Best,Best,1,1,3,DA_2_5_9, -0.2, 20086, 300,0.02
ILS,Reduced,Best,Best,1,1,3,DAFJS_3_5_1, -0.2, 21352, 300,2.769
ILS,Reduced,Best,Best,1,1,3,DAFJS_3_5_10, -0.2, 23852, 300,0.013
ILS,Reduced,Best,Best,1,1,3,DAFJS_3_5_2, -0.2, 22390, 300,0.313
ILS,Reduced,Best,Best,1,1,3,DAFJS_3_5_3, -0.2, 22521, 300,0.007
ILS,Reduced,Best,Best,1,1,3,DAFJS_3_5_4, -0.2, 19809, 300,0.056
ILS,Reduced,Best,Best,1,1,3,DAFJS_3_5_5, -0.2, 19724, 300,0.581
ILS,Reduced,Best,Best,1,1,3,DAFJS_3_5_6, -0.2, 20245, 300,0.03
ILS,Reduced,Best,Best,1,1,3,DAFJS_3_5_7, -0.2, 20635, 300,0.06
ILS,Reduced,Best,Best,1,1,3,DAFJS_3_5_8, -0.2, 19201, 300,0.005
ILS,Reduced,Best,Best,1,1,3,DAFJS_3_5_9, -0.2, 21552, 300,0.296
ILS,Reduced,Best,Best,1,1,3,YFJS_4_4_7_5_0, -0.3, 31008, 300,0.001
ILS,Reduced,Best,Best,1,1,3,YFJS_4_4_7_5_1, -0.3, 22010, 300,0.004
ILS,Reduced,Best,Best,1,1,3,YFJS_4_4_7_5_2, -0.3, 38935, 300,0.005
ILS,Reduced,Best,Best,1,1,3,YFJS_4_4_7_5_3, -0.3, 23774, 300,0.002
ILS,Reduced,Best,Best,1,1,3,YFJS_4_4_7_5_4, -0.3, 22843, 300,0.002
ILS,Reduced,Best,Best,1,1,3,YFJS_4_4_7_5_5, -0.3, 27366, 300,0
ILS,Reduced,Best,Best,1,1,3,YFJS_4_4_7_5_6, -0.3, 38932, 300,0.007
ILS,Reduced,Best,Best,1,1,3,YFJS_4_4_7_5_8, -0.3, 33763, 300,0.012
ILS,Reduced,Best,Best,1,1,3,YFJS_4_4_7_5_7, -0.3, 29464, 300,0.172
ILS,Reduced,Best,Best,1,1,3,YFJS_4_4_7_5_9, -0.3, 25072, 300,0.161
ILS,Reduced,Best,Best,1,1,3,YFJS_5_4_7_5_0, -0.3, 36307, 300,0.009
ILS,Reduced,Best,Best,1,1,3,YFJS_5_4_7_5_1, -0.3, 26219, 300,0.185
ILS,Reduced,Best,Best,1,1,3,YFJS_5_4_7_5_2, -0.3, 25619, 300,0.002
ILS,Reduced,Best,Best,1,1,3,YFJS_5_4_7_5_3, -0.3, 27428, 300,0.015
ILS,Reduced,Best,Best,1,1,3,YFJS_5_4_7_5_5, -0.3, 29442, 300,0.018
ILS,Reduced,Best,Best,1,1,3,YFJS_5_4_7_5_4, -0.3, 38256, 300,0.043
ILS,Reduced,Best,Best,1,1,3,YFJS_5_4_7_5_6, -0.3, 37465, 300,0.003
ILS,Reduced,Best,Best,1,1,3,YFJS_5_4_7_5_7, -0.3, 25067, 300,0.003
ILS,Reduced,Best,Best,1,1,3,YFJS_5_4_7_5_8, -0.3, 29207, 300,0.028
ILS,Reduced,Best,Best,1,1,3,YFJS_5_4_7_5_9, -0.3, 27091, 300,0.014
ILS,Reduced,Best,Best,1,1,3,YFJS_6_4_7_5_0, -0.3, 32166, 300,0.644
ILS,Reduced,Best,Best,1,1,3,YFJS_6_4_7_5_1, -0.3, 28985, 300,0.032
ILS,Reduced,Best,Best,1,1,3,YFJS_6_4_7_5_2, -0.3, 35441, 300,0.086
ILS,Reduced,Best,Best,1,1,3,YFJS_6_4_7_5_3, -0.3, 27023, 300,0.017
ILS,Reduced,Best,Best,1,1,3,YFJS_6_4_7_5_4, -0.3, 32346, 300,0.009
ILS,Reduced,Best,Best,1,1,3,YFJS_6_4_7_5_6, -0.3, 31571, 300,0.027
ILS,Reduced,Best,Best,1,1,3,YFJS_6_4_7_5_5, -0.3, 43452, 300,0.037
ILS,Reduced,Best,Best,1,1,3,YFJS_6_4_7_5_7, -0.3, 30428, 300,0.009
ILS,Reduced,Best,Best,1,1,3,YFJS_6_4_7_5_8, -0.3, 32826, 300,0.067
ILS,Reduced,Best,Best,1,1,3,YFJS_6_4_7_5_9, -0.3, 29848, 300,0.149
ILS,Reduced,Best,Best,1,1,3,DA_2_5_1, -0.3, 19443, 300,0.022
ILS,Reduced,Best,Best,1,1,3,DA_2_5_10, -0.3, 18916, 300,0.002
ILS,Reduced,Best,Best,1,1,3,DA_2_5_11, -0.3, 17419, 300,0
ILS,Reduced,Best,Best,1,1,3,DA_2_5_12, -0.3, 18800, 300,0
ILS,Reduced,Best,Best,1,1,3,DA_2_5_13, -0.3, 17596, 300,0.017
ILS,Reduced,Best,Best,1,1,3,DA_2_5_14, -0.3, 18692, 300,0.187
ILS,Reduced,Best,Best,1,1,3,DA_2_5_15, -0.3, 24256, 300,0.001
ILS,Reduced,Best,Best,1,1,3,DA_2_5_16, -0.3, 17900, 300,0
ILS,Reduced,Best,Best,1,1,3,DA_2_5_17, -0.3, 20797, 300,0.104
ILS,Reduced,Best,Best,1,1,3,DA_2_5_18, -0.3, 17395, 300,0
ILS,Reduced,Best,Best,1,1,3,DA_2_5_19, -0.3, 25304, 300,0.007
ILS,Reduced,Best,Best,1,1,3,DA_2_5_2, -0.3, 17105, 300,0.005
ILS,Reduced,Best,Best,1,1,3,DA_2_5_20, -0.3, 14077, 300,0
ILS,Reduced,Best,Best,1,1,3,DA_2_5_3, -0.3, 20620, 300,0
ILS,Reduced,Best,Best,1,1,3,DA_2_5_4, -0.3, 18625, 300,0.001
ILS,Reduced,Best,Best,1,1,3,DA_2_5_5, -0.3, 22734, 300,0.007
ILS,Reduced,Best,Best,1,1,3,DA_2_5_6, -0.3, 18253, 300,0
ILS,Reduced,Best,Best,1,1,3,DA_2_5_7, -0.3, 16495, 300,0.009
ILS,Reduced,Best,Best,1,1,3,DA_2_5_8, -0.3, 18474, 300,0.001
ILS,Reduced,Best,Best,1,1,3,DA_2_5_9, -0.3, 18521, 300,0.001
ILS,Reduced,Best,Best,1,1,3,DAFJS_3_5_1, -0.3, 19430, 300,0.727
ILS,Reduced,Best,Best,1,1,3,DAFJS_3_5_10, -0.3, 22322, 300,0.377
ILS,Reduced,Best,Best,1,1,3,DAFJS_3_5_2, -0.3, 20932, 300,0.591
ILS,Reduced,Best,Best,1,1,3,DAFJS_3_5_3, -0.3, 20389, 300,0.059
ILS,Reduced,Best,Best,1,1,3,DAFJS_3_5_4, -0.3, 18400, 300,0
ILS,Reduced,Best,Best,1,1,3,DAFJS_3_5_5, -0.3, 18396, 300,0.006
ILS,Reduced,Best,Best,1,1,3,DAFJS_3_5_6, -0.3, 18501, 300,0.171
ILS,Reduced,Best,Best,1,1,3,DAFJS_3_5_7, -0.3, 18762, 300,0.017
ILS,Reduced,Best,Best,1,1,3,DAFJS_3_5_8, -0.3, 18253, 300,0.012
ILS,Reduced,Best,Best,1,1,3,DAFJS_3_5_9, -0.3, 19504, 300,0.097
ILS,Reduced,Best,Best,1,1,3,YFJS_4_4_7_5_0, -0.1, 35046, 300,0
ILS,Reduced,Best,Best,1,1,3,YFJS_4_4_7_5_1, -0.1, 24359, 300,0.002
ILS,Reduced,Best,Best,1,1,3,YFJS_4_4_7_5_2, -0.1, 47391, 300,0.014
ILS,Reduced,Best,Best,1,1,3,YFJS_4_4_7_5_3, -0.1, 25394, 300,0
ILS,Reduced,Best,Best,1,1,3,YFJS_4_4_7_5_4, -0.1, 23985, 300,0
ILS,Reduced,Best,Best,1,1,3,YFJS_4_4_7_5_5, -0.1, 29469, 300,0.001
ILS,Reduced,Best,Best,1,1,3,YFJS_4_4_7_5_6, -0.1, 45705, 300,0.014
ILS,Reduced,Best,Best,1,1,3,YFJS_4_4_7_5_7, -0.1, 33829, 300,0.01
ILS,Reduced,Best,Best,1,1,3,YFJS_4_4_7_5_8, -0.1, 37049, 300,0
ILS,Reduced,Best,Best,1,1,3,YFJS_4_4_7_5_9, -0.1, 27310, 300,0.006
ILS,Reduced,Best,Best,1,1,3,YFJS_5_4_7_5_0, -0.1, 41300, 300,0.031
ILS,Reduced,Best,Best,1,1,3,YFJS_5_4_7_5_1, -0.1, 30145, 300,0.083
ILS,Reduced,Best,Best,1,1,3,YFJS_5_4_7_5_2, -0.1, 30962, 300,0.004
ILS,Reduced,Best,Best,1,1,3,YFJS_5_4_7_5_3, -0.1, 31398, 300,0.006
ILS,Reduced,Best,Best,1,1,3,YFJS_5_4_7_5_4, -0.1, 45442, 300,0
ILS,Reduced,Best,Best,1,1,3,YFJS_5_4_7_5_5, -0.1, 33791, 300,0.062
ILS,Reduced,Best,Best,1,1,3,YFJS_5_4_7_5_6, -0.1, 42838, 300,0.004
ILS,Reduced,Best,Best,1,1,3,YFJS_5_4_7_5_7, -0.1, 28247, 300,0.001
ILS,Reduced,Best,Best,1,1,3,YFJS_5_4_7_5_8, -0.1, 33601, 300,0.024
ILS,Reduced,Best,Best,1,1,3,YFJS_5_4_7_5_9, -0.1, 30837, 300,0
ILS,Reduced,Best,Best,1,1,3,YFJS_6_4_7_5_0, -0.1, 37096, 300,0.48
ILS,Reduced,Best,Best,1,1,3,YFJS_6_4_7_5_1, -0.1, 34282, 300,0.007
ILS,Reduced,Best,Best,1,1,3,YFJS_6_4_7_5_2, -0.1, 42079, 300,0.004
ILS,Reduced,Best,Best,1,1,3,YFJS_6_4_7_5_3, -0.1, 30905, 300,0.091
ILS,Reduced,Best,Best,1,1,3,YFJS_6_4_7_5_4, -0.1, 36170, 300,0.036
ILS,Reduced,Best,Best,1,1,3,YFJS_6_4_7_5_5, -0.1, 51466, 300,0.002
ILS,Reduced,Best,Best,1,1,3,YFJS_6_4_7_5_6, -0.1, 36719, 300,0.002
ILS,Reduced,Best,Best,1,1,3,YFJS_6_4_7_5_7, -0.1, 34509, 300,0.032
ILS,Reduced,Best,Best,1,1,3,YFJS_6_4_7_5_8, -0.1, 39798, 300,0.057
ILS,Reduced,Best,Best,1,1,3,YFJS_6_4_7_5_9, -0.1, 33974, 300,0.02
ILS,Reduced,Best,Best,1,1,3,DA_2_5_1, -0.1, 22875, 300,0.044
ILS,Reduced,Best,Best,1,1,3,DA_2_5_10, -0.1, 22708, 300,0.004
ILS,Reduced,Best,Best,1,1,3,DA_2_5_11, -0.1, 18363, 300,0
ILS,Reduced,Best,Best,1,1,3,DA_2_5_12, -0.1, 20498, 300,0
ILS,Reduced,Best,Best,1,1,3,DA_2_5_13, -0.1, 20593, 300,0.013
ILS,Reduced,Best,Best,1,1,3,DA_2_5_14, -0.1, 22867, 300,0.006
ILS,Reduced,Best,Best,1,1,3,DA_2_5_15, -0.1, 25715, 300,0.007
ILS,Reduced,Best,Best,1,1,3,DA_2_5_16, -0.1, 19878, 300,0
ILS,Reduced,Best,Best,1,1,3,DA_2_5_17, -0.1, 24267, 300,0.075
ILS,Reduced,Best,Best,1,1,3,DA_2_5_18, -0.1, 20336, 300,0.001
ILS,Reduced,Best,Best,1,1,3,DA_2_5_19, -0.1, 29968, 300,0.002
ILS,Reduced,Best,Best,1,1,3,DA_2_5_2, -0.1, 18670, 300,0.028
ILS,Reduced,Best,Best,1,1,3,DA_2_5_20, -0.1, 16313, 300,0
ILS,Reduced,Best,Best,1,1,3,DA_2_5_3, -0.1, 23140, 300,0
ILS,Reduced,Best,Best,1,1,3,DA_2_5_4, -0.1, 21715, 300,0
ILS,Reduced,Best,Best,1,1,3,DA_2_5_5, -0.1, 25426, 300,0
ILS,Reduced,Best,Best,1,1,3,DA_2_5_6, -0.1, 20155, 300,0
ILS,Reduced,Best,Best,1,1,3,DA_2_5_7, -0.1, 18135, 300,0
ILS,Reduced,Best,Best,1,1,3,DA_2_5_8, -0.1, 20945, 300,0
ILS,Reduced,Best,Best,1,1,3,DA_2_5_9, -0.1, 21838, 300,0.016
ILS,Reduced,Best,Best,1,1,3,DAFJS_3_5_1, -0.1, 23344, 300,0.014
ILS,Reduced,Best,Best,1,1,3,DAFJS_3_5_10, -0.1, 25923, 300,0
ILS,Reduced,Best,Best,1,1,3,DAFJS_3_5_2, -0.1, 24038, 300,3.568
ILS,Reduced,Best,Best,1,1,3,DAFJS_3_5_3, -0.1, 24579, 300,0.031
ILS,Reduced,Best,Best,1,1,3,DAFJS_3_5_4, -0.1, 21143, 300,0.001
ILS,Reduced,Best,Best,1,1,3,DAFJS_3_5_5, -0.1, 21120, 300,0.195
ILS,Reduced,Best,Best,1,1,3,DAFJS_3_5_6, -0.1, 22050, 300,0.052
ILS,Reduced,Best,Best,1,1,3,DAFJS_3_5_7, -0.1, 22708, 300,0.005
ILS,Reduced,Best,Best,1,1,3,DAFJS_3_5_8, -0.1, 20278, 300,0.004
ILS,Reduced,Best,Best,1,1,3,DAFJS_3_5_9, -0.1, 23558, 300,0.075
ILS,Reduced,Best,Best,1,1,3,YFJS_4_4_7_5_0, -0.2, 33132, 300,0.001
ILS,Reduced,Best,Best,1,1,3,YFJS_4_4_7_5_1, -0.2, 23100, 300,0.005
ILS,Reduced,Best,Best,1,1,3,YFJS_4_4_7_5_2, -0.2, 42896, 300,0.001
ILS,Reduced,Best,Best,1,1,3,YFJS_4_4_7_5_3, -0.2, 24485, 300,0
ILS,Reduced,Best,Best,1,1,3,YFJS_4_4_7_5_4, -0.2, 23597, 300,0
ILS,Reduced,Best,Best,1,1,3,YFJS_4_4_7_5_5, -0.2, 28655, 300,0
ILS,Reduced,Best,Best,1,1,3,YFJS_4_4_7_5_6, -0.2, 42239, 300,0.036
ILS,Reduced,Best,Best,1,1,3,YFJS_4_4_7_5_7, -0.2, 31471, 300,0.075
ILS,Reduced,Best,Best,1,1,3,YFJS_4_4_7_5_8, -0.2, 35250, 300,0
ILS,Reduced,Best,Best,1,1,3,YFJS_4_4_7_5_9, -0.2, 26145, 300,0.001
ILS,Reduced,Best,Best,1,1,3,YFJS_5_4_7_5_0, -0.2, 38545, 300,0.001
ILS,Reduced,Best,Best,1,1,3,YFJS_5_4_7_5_1, -0.2, 27895, 300,0.099
ILS,Reduced,Best,Best,1,1,3,YFJS_5_4_7_5_2, -0.2, 28120, 300,0.006
ILS,Reduced,Best,Best,1,1,3,YFJS_5_4_7_5_3, -0.2, 29682, 300,0.015
ILS,Reduced,Best,Best,1,1,3,YFJS_5_4_7_5_4, -0.2, 41619, 300,0.002
ILS,Reduced,Best,Best,1,1,3,YFJS_5_4_7_5_5, -0.2, 31280, 300,0.02
ILS,Reduced,Best,Best,1,1,3,YFJS_5_4_7_5_6, -0.2, 40388, 300,0.004
ILS,Reduced,Best,Best,1,1,3,YFJS_5_4_7_5_7, -0.2, 26297, 300,0.001
ILS,Reduced,Best,Best,1,1,3,YFJS_5_4_7_5_8, -0.2, 30717, 300,0.123
ILS,Reduced,Best,Best,1,1,3,YFJS_5_4_7_5_9, -0.2, 28832, 300,0.024
ILS,Reduced,Best,Best,1,1,3,YFJS_6_4_7_5_0, -0.2, 34811, 300,0.166
ILS,Reduced,Best,Best,1,1,3,YFJS_6_4_7_5_1, -0.2, 31702, 300,0.001
ILS,Reduced,Best,Best,1,1,3,YFJS_6_4_7_5_2, -0.2, 38639, 300.001,0.071
ILS,Reduced,Best,Best,1,1,3,YFJS_6_4_7_5_3, -0.2, 28884, 300,0.059
ILS,Reduced,Best,Best,1,1,3,YFJS_6_4_7_5_4, -0.2, 34231, 300,0.056
ILS,Reduced,Best,Best,1,1,3,YFJS_6_4_7_5_5, -0.2, 47519, 300,0.008
ILS,Reduced,Best,Best,1,1,3,YFJS_6_4_7_5_6, -0.2, 34042, 300,0.115
ILS,Reduced,Best,Best,1,1,3,YFJS_6_4_7_5_7, -0.2, 32080, 300,0.014
ILS,Reduced,Best,Best,1,1,3,YFJS_6_4_7_5_8, -0.2, 36093, 300,0.888
ILS,Reduced,Best,Best,1,1,3,YFJS_6_4_7_5_9, -0.2, 31888, 300,0.111
ILS,Reduced,Best,Best,1,1,3,DA_2_5_1, -0.2, 21327, 300,0.116
ILS,Reduced,Best,Best,1,1,3,DA_2_5_10, -0.2, 20635, 300,0.008
ILS,Reduced,Best,Best,1,1,3,DA_2_5_11, -0.2, 17972, 300,0
ILS,Reduced,Best,Best,1,1,3,DA_2_5_12, -0.2, 19602, 300,0
ILS,Reduced,Best,Best,1,1,3,DA_2_5_13, -0.2, 18803, 300,0.005
ILS,Reduced,Best,Best,1,1,3,DA_2_5_14, -0.2, 20568, 300,0.003
ILS,Reduced,Best,Best,1,1,3,DA_2_5_15, -0.2, 24715, 300,0.02
ILS,Reduced,Best,Best,1,1,3,DA_2_5_16, -0.2, 18857, 300,0
ILS,Reduced,Best,Best,1,1,3,DA_2_5_17, -0.2, 22660, 300,0.074
ILS,Reduced,Best,Best,1,1,3,DA_2_5_18, -0.2, 18823, 300,0.005
ILS,Reduced,Best,Best,1,1,3,DA_2_5_19, -0.2, 27455, 300,0.009
ILS,Reduced,Best,Best,1,1,3,DA_2_5_2, -0.2, 17874, 300,0.009
ILS,Reduced,Best,Best,1,1,3,DA_2_5_20, -0.2, 15143, 300,0
ILS,Reduced,Best,Best,1,1,3,DA_2_5_3, -0.2, 21817, 300,0
ILS,Reduced,Best,Best,1,1,3,DA_2_5_4, -0.2, 20236, 300,0.002
ILS,Reduced,Best,Best,1,1,3,DA_2_5_5, -0.2, 24114, 300,0.001
ILS,Reduced,Best,Best,1,1,3,DA_2_5_6, -0.2, 19145, 300,0
ILS,Reduced,Best,Best,1,1,3,DA_2_5_7, -0.2, 17270, 300,0.002
ILS,Reduced,Best,Best,1,1,3,DA_2_5_8, -0.2, 19642, 300,0.004
ILS,Reduced,Best,Best,1,1,3,DA_2_5_9, -0.2, 20086, 300,0.031
ILS,Reduced,Best,Best,1,1,3,DAFJS_3_5_1, -0.2, 21352, 300,0.353
ILS,Reduced,Best,Best,1,1,3,DAFJS_3_5_10, -0.2, 23852, 300,0
ILS,Reduced,Best,Best,1,1,3,DAFJS_3_5_2, -0.2, 22390, 300,0.486
ILS,Reduced,Best,Best,1,1,3,DAFJS_3_5_3, -0.2, 22521, 300,0.006
ILS,Reduced,Best,Best,1,1,3,DAFJS_3_5_4, -0.2, 19809, 300,0.028
ILS,Reduced,Best,Best,1,1,3,DAFJS_3_5_5, -0.2, 19724, 300,0.511
ILS,Reduced,Best,Best,1,1,3,DAFJS_3_5_6, -0.2, 20245, 300,0.019
ILS,Reduced,Best,Best,1,1,3,DAFJS_3_5_7, -0.2, 20635, 300,0.058
ILS,Reduced,Best,Best,1,1,3,DAFJS_3_5_8, -0.2, 19201, 300,0.003
ILS,Reduced,Best,Best,1,1,3,DAFJS_3_5_9, -0.2, 21552, 300,0.033
ILS,Reduced,Best,Best,1,1,3,YFJS_4_4_7_5_0, -0.3, 31008, 300,0.008
ILS,Reduced,Best,Best,1,1,3,YFJS_4_4_7_5_1, -0.3, 22010, 300,0.004
ILS,Reduced,Best,Best,1,1,3,YFJS_4_4_7_5_2, -0.3, 38935, 300,0.005
ILS,Reduced,Best,Best,1,1,3,YFJS_4_4_7_5_3, -0.3, 23774, 300,0.004
ILS,Reduced,Best,Best,1,1,3,YFJS_4_4_7_5_4, -0.3, 22843, 300,0
ILS,Reduced,Best,Best,1,1,3,YFJS_4_4_7_5_5, -0.3, 27366, 300,0
ILS,Reduced,Best,Best,1,1,3,YFJS_4_4_7_5_6, -0.3, 38932, 300,0.033
ILS,Reduced,Best,Best,1,1,3,YFJS_4_4_7_5_7, -0.3, 29464, 300,0.031
ILS,Reduced,Best,Best,1,1,3,YFJS_4_4_7_5_8, -0.3, 33763, 300,0.02
ILS,Reduced,Best,Best,1,1,3,YFJS_4_4_7_5_9, -0.3, 25072, 300,1.008
ILS,Reduced,Best,Best,1,1,3,YFJS_5_4_7_5_0, -0.3, 36307, 300,0.012
ILS,Reduced,Best,Best,1,1,3,YFJS_5_4_7_5_1, -0.3, 26219, 300,0.009
ILS,Reduced,Best,Best,1,1,3,YFJS_5_4_7_5_2, -0.3, 25619, 300,0.001
ILS,Reduced,Best,Best,1,1,3,YFJS_5_4_7_5_3, -0.3, 27428, 300,0.004
ILS,Reduced,Best,Best,1,1,3,YFJS_5_4_7_5_4, -0.3, 38256, 300,0.013
ILS,Reduced,Best,Best,1,1,3,YFJS_5_4_7_5_5, -0.3, 29442, 300,0.007
ILS,Reduced,Best,Best,1,1,3,YFJS_5_4_7_5_6, -0.3, 37465, 300,0.002
ILS,Reduced,Best,Best,1,1,3,YFJS_5_4_7_5_7, -0.3, 25067, 300,0.001
ILS,Reduced,Best,Best,1,1,3,YFJS_5_4_7_5_8, -0.3, 29207, 300,0.014
ILS,Reduced,Best,Best,1,1,3,YFJS_5_4_7_5_9, -0.3, 27091, 300,0.056
ILS,Reduced,Best,Best,1,1,3,YFJS_6_4_7_5_0, -0.3, 32166, 300,0.821
ILS,Reduced,Best,Best,1,1,3,YFJS_6_4_7_5_1, -0.3, 28985, 300,0.001
ILS,Reduced,Best,Best,1,1,3,YFJS_6_4_7_5_2, -0.3, 35441, 300,0.411
ILS,Reduced,Best,Best,1,1,3,YFJS_6_4_7_5_3, -0.3, 27023, 300,0.054
ILS,Reduced,Best,Best,1,1,3,YFJS_6_4_7_5_4, -0.3, 32346, 300,0.02
ILS,Reduced,Best,Best,1,1,3,YFJS_6_4_7_5_5, -0.3, 43452, 300,0.042
ILS,Reduced,Best,Best,1,1,3,YFJS_6_4_7_5_6, -0.3, 31571, 300,0.001
ILS,Reduced,Best,Best,1,1,3,YFJS_6_4_7_5_7, -0.3, 30428, 300,0.016
ILS,Reduced,Best,Best,1,1,3,YFJS_6_4_7_5_8, -0.3, 32826, 300,0.263
ILS,Reduced,Best,Best,1,1,3,YFJS_6_4_7_5_9, -0.3, 29848, 300,0.248
ILS,Reduced,Best,Best,1,1,3,DA_2_5_1, -0.3, 19443, 300,0.114
ILS,Reduced,Best,Best,1,1,3,DA_2_5_10, -0.3, 18916, 300,0.003
ILS,Reduced,Best,Best,1,1,3,DA_2_5_11, -0.3, 17419, 300,0
ILS,Reduced,Best,Best,1,1,3,DA_2_5_12, -0.3, 18800, 300,0.001
ILS,Reduced,Best,Best,1,1,3,DA_2_5_13, -0.3, 17596, 300,0.037
ILS,Reduced,Best,Best,1,1,3,DA_2_5_14, -0.3, 18692, 300,0.086
ILS,Reduced,Best,Best,1,1,3,DA_2_5_15, -0.3, 24256, 300,0.001
ILS,Reduced,Best,Best,1,1,3,DA_2_5_16, -0.3, 17900, 300,0
ILS,Reduced,Best,Best,1,1,3,DA_2_5_17, -0.3, 20797, 300,0.001
ILS,Reduced,Best,Best,1,1,3,DA_2_5_18, -0.3, 17395, 300,0
ILS,Reduced,Best,Best,1,1,3,DA_2_5_19, -0.3, 25304, 300,0.006
ILS,Reduced,Best,Best,1,1,3,DA_2_5_2, -0.3, 17105, 300,0.016
ILS,Reduced,Best,Best,1,1,3,DA_2_5_20, -0.3, 14077, 300,0
ILS,Reduced,Best,Best,1,1,3,DA_2_5_3, -0.3, 20620, 300,0
ILS,Reduced,Best,Best,1,1,3,DA_2_5_4, -0.3, 18625, 300,0
ILS,Reduced,Best,Best,1,1,3,DA_2_5_5, -0.3, 22734, 300,0.002
ILS,Reduced,Best,Best,1,1,3,DA_2_5_6, -0.3, 18253, 300,0
ILS,Reduced,Best,Best,1,1,3,DA_2_5_7, -0.3, 16495, 300,0.003
ILS,Reduced,Best,Best,1,1,3,DA_2_5_8, -0.3, 18474, 300,0.004
ILS,Reduced,Best,Best,1,1,3,DA_2_5_9, -0.3, 18521, 300,0.008
ILS,Reduced,Best,Best,1,1,3,DAFJS_3_5_1, -0.3, 19430, 300,0.281
ILS,Reduced,Best,Best,1,1,3,DAFJS_3_5_10, -0.3, 22322, 300,0.334
ILS,Reduced,Best,Best,1,1,3,DAFJS_3_5_2, -0.3, 20932, 300,0.456
ILS,Reduced,Best,Best,1,1,3,DAFJS_3_5_3, -0.3, 20389, 300,0.072
ILS,Reduced,Best,Best,1,1,3,DAFJS_3_5_4, -0.3, 18400, 300,0.002
ILS,Reduced,Best,Best,1,1,3,DAFJS_3_5_5, -0.3, 18396, 300,0.034
ILS,Reduced,Best,Best,1,1,3,DAFJS_3_5_6, -0.3, 18501, 300,0.024
ILS,Reduced,Best,Best,1,1,3,DAFJS_3_5_7, -0.3, 18762, 300,0.048
ILS,Reduced,Best,Best,1,1,3,DAFJS_3_5_8, -0.3, 18253, 300,0.004
ILS,Reduced,Best,Best,1,1,3,DAFJS_3_5_9, -0.3, 19504, 300,0.415
ILS,Reduced,Best,Best,1,1,3,YFJS_4_4_7_5_0, -0.1, 35046, 300,0.002
ILS,Reduced,Best,Best,1,1,3,YFJS_4_4_7_5_1, -0.1, 24359, 300,0.003
ILS,Reduced,Best,Best,1,1,3,YFJS_4_4_7_5_2, -0.1, 47391, 300,0.013
ILS,Reduced,Best,Best,1,1,3,YFJS_4_4_7_5_3, -0.1, 25394, 300,0
ILS,Reduced,Best,Best,1,1,3,YFJS_4_4_7_5_4, -0.1, 23985, 300,0
ILS,Reduced,Best,Best,1,1,3,YFJS_4_4_7_5_5, -0.1, 29469, 300,0.007
ILS,Reduced,Best,Best,1,1,3,YFJS_4_4_7_5_6, -0.1, 45705, 300,0.066
ILS,Reduced,Best,Best,1,1,3,YFJS_4_4_7_5_7, -0.1, 33829, 300,0.005
ILS,Reduced,Best,Best,1,1,3,YFJS_4_4_7_5_8, -0.1, 37049, 300,0
ILS,Reduced,Best,Best,1,1,3,YFJS_4_4_7_5_9, -0.1, 27310, 300,0.005
ILS,Reduced,Best,Best,1,1,3,YFJS_5_4_7_5_0, -0.1, 41300, 300,0.019
ILS,Reduced,Best,Best,1,1,3,YFJS_5_4_7_5_1, -0.1, 30145, 300,0.076
ILS,Reduced,Best,Best,1,1,3,YFJS_5_4_7_5_2, -0.1, 30962, 300,0.01
ILS,Reduced,Best,Best,1,1,3,YFJS_5_4_7_5_3, -0.1, 31398, 300,0.017
ILS,Reduced,Best,Best,1,1,3,YFJS_5_4_7_5_4, -0.1, 45442, 300,0
ILS,Reduced,Best,Best,1,1,3,YFJS_5_4_7_5_5, -0.1, 33791, 300,0.02
ILS,Reduced,Best,Best,1,1,3,YFJS_5_4_7_5_6, -0.1, 42838, 300,0.005
ILS,Reduced,Best,Best,1,1,3,YFJS_5_4_7_5_7, -0.1, 28247, 300,0.01
ILS,Reduced,Best,Best,1,1,3,YFJS_5_4_7_5_8, -0.1, 33601, 300,0.01
ILS,Reduced,Best,Best,1,1,3,YFJS_5_4_7_5_9, -0.1, 30837, 300,0
ILS,Reduced,Best,Best,1,1,3,YFJS_6_4_7_5_0, -0.1, 37096, 300,0.167
ILS,Reduced,Best,Best,1,1,3,YFJS_6_4_7_5_1, -0.1, 34282, 300,0.002
ILS,Reduced,Best,Best,1,1,3,YFJS_6_4_7_5_2, -0.1, 42079, 300,0.063
ILS,Reduced,Best,Best,1,1,3,YFJS_6_4_7_5_3, -0.1, 30905, 300,0.054
ILS,Reduced,Best,Best,1,1,3,YFJS_6_4_7_5_4, -0.1, 36170, 300,0.226
ILS,Reduced,Best,Best,1,1,3,YFJS_6_4_7_5_5, -0.1, 51466, 300,0.02
ILS,Reduced,Best,Best,1,1,3,YFJS_6_4_7_5_6, -0.1, 36719, 300,0.013
ILS,Reduced,Best,Best,1,1,3,YFJS_6_4_7_5_7, -0.1, 34509, 300,0.006
ILS,Reduced,Best,Best,1,1,3,YFJS_6_4_7_5_8, -0.1, 39798, 300,0.05
ILS,Reduced,Best,Best,1,1,3,YFJS_6_4_7_5_9, -0.1, 33974, 300,0.041
ILS,Reduced,Best,Best,1,1,3,DA_2_5_1, -0.1, 22875, 300,0.004
ILS,Reduced,Best,Best,1,1,3,DA_2_5_10, -0.1, 22708, 300,0.003
ILS,Reduced,Best,Best,1,1,3,DA_2_5_11, -0.1, 18363, 300,0
ILS,Reduced,Best,Best,1,1,3,DA_2_5_12, -0.1, 20498, 300,0.002
ILS,Reduced,Best,Best,1,1,3,DA_2_5_13, -0.1, 20593, 300,0.007
ILS,Reduced,Best,Best,1,1,3,DA_2_5_14, -0.1, 22867, 300,0.004
ILS,Reduced,Best,Best,1,1,3,DA_2_5_15, -0.1, 25715, 300,0.004
ILS,Reduced,Best,Best,1,1,3,DA_2_5_16, -0.1, 19878, 300,0
ILS,Reduced,Best,Best,1,1,3,DA_2_5_17, -0.1, 24267, 300,0.14
ILS,Reduced,Best,Best,1,1,3,DA_2_5_18, -0.1, 20336, 300,0.002
ILS,Reduced,Best,Best,1,1,3,DA_2_5_19, -0.1, 29968, 300,0.022
ILS,Reduced,Best,Best,1,1,3,DA_2_5_2, -0.1, 18670, 300,0.004
ILS,Reduced,Best,Best,1,1,3,DA_2_5_20, -0.1, 16313, 300,0
ILS,Reduced,Best,Best,1,1,3,DA_2_5_3, -0.1, 23140, 300,0
ILS,Reduced,Best,Best,1,1,3,DA_2_5_4, -0.1, 21715, 300,0
ILS,Reduced,Best,Best,1,1,3,DA_2_5_5, -0.1, 25426, 300,0.008
ILS,Reduced,Best,Best,1,1,3,DA_2_5_6, -0.1, 20155, 300,0
ILS,Reduced,Best,Best,1,1,3,DA_2_5_7, -0.1, 18135, 300,0.002
ILS,Reduced,Best,Best,1,1,3,DA_2_5_8, -0.1, 20945, 300,0
ILS,Reduced,Best,Best,1,1,3,DA_2_5_9, -0.1, 21838, 300,0.014
ILS,Reduced,Best,Best,1,1,3,DAFJS_3_5_1, -0.1, 23344, 300,0.418
ILS,Reduced,Best,Best,1,1,3,DAFJS_3_5_10, -0.1, 25923, 300,0
ILS,Reduced,Best,Best,1,1,3,DAFJS_3_5_2, -0.1, 24038, 300,1.433
ILS,Reduced,Best,Best,1,1,3,DAFJS_3_5_3, -0.1, 24579, 300,0.003
ILS,Reduced,Best,Best,1,1,3,DAFJS_3_5_4, -0.1, 21143, 300,0.008
ILS,Reduced,Best,Best,1,1,3,DAFJS_3_5_5, -0.1, 21120, 300,0.045
ILS,Reduced,Best,Best,1,1,3,DAFJS_3_5_6, -0.1, 22050, 300,0.076
ILS,Reduced,Best,Best,1,1,3,DAFJS_3_5_7, -0.1, 22708, 300,0.005
ILS,Reduced,Best,Best,1,1,3,DAFJS_3_5_8, -0.1, 20278, 300,0
ILS,Reduced,Best,Best,1,1,3,DAFJS_3_5_9, -0.1, 23558, 300,0.023
ILS,Reduced,Best,Best,1,1,3,YFJS_4_4_7_5_0, -0.2, 33132, 300,0.005
ILS,Reduced,Best,Best,1,1,3,YFJS_4_4_7_5_1, -0.2, 23100, 300,0.001
ILS,Reduced,Best,Best,1,1,3,YFJS_4_4_7_5_2, -0.2, 42896, 300,0.001
ILS,Reduced,Best,Best,1,1,3,YFJS_4_4_7_5_3, -0.2, 24485, 300,0
ILS,Reduced,Best,Best,1,1,3,YFJS_4_4_7_5_4, -0.2, 23597, 300,0
ILS,Reduced,Best,Best,1,1,3,YFJS_4_4_7_5_5, -0.2, 28655, 300,0.012
ILS,Reduced,Best,Best,1,1,3,YFJS_4_4_7_5_6, -0.2, 42239, 300,0.051
ILS,Reduced,Best,Best,1,1,3,YFJS_4_4_7_5_7, -0.2, 31471, 300,0.141
ILS,Reduced,Best,Best,1,1,3,YFJS_4_4_7_5_8, -0.2, 35250, 300,0.011
ILS,Reduced,Best,Best,1,1,3,YFJS_4_4_7_5_9, -0.2, 26145, 300,0.004
ILS,Reduced,Best,Best,1,1,3,YFJS_5_4_7_5_0, -0.2, 38545, 300,0.067
ILS,Reduced,Best,Best,1,1,3,YFJS_5_4_7_5_1, -0.2, 27895, 300,0.31
ILS,Reduced,Best,Best,1,1,3,YFJS_5_4_7_5_2, -0.2, 28120, 300,0.002
ILS,Reduced,Best,Best,1,1,3,YFJS_5_4_7_5_3, -0.2, 29682, 300,0.024
ILS,Reduced,Best,Best,1,1,3,YFJS_5_4_7_5_4, -0.2, 41619, 300,0.001
ILS,Reduced,Best,Best,1,1,3,YFJS_5_4_7_5_5, -0.2, 31280, 300,0.001
ILS,Reduced,Best,Best,1,1,3,YFJS_5_4_7_5_6, -0.2, 40388, 300,0.001
ILS,Reduced,Best,Best,1,1,3,YFJS_5_4_7_5_7, -0.2, 26297, 300,0.024
ILS,Reduced,Best,Best,1,1,3,YFJS_5_4_7_5_8, -0.2, 30717, 300,0.003
ILS,Reduced,Best,Best,1,1,3,YFJS_5_4_7_5_9, -0.2, 28832, 300,0.015
ILS,Reduced,Best,Best,1,1,3,YFJS_6_4_7_5_0, -0.2, 34811, 300,0.749
ILS,Reduced,Best,Best,1,1,3,YFJS_6_4_7_5_1, -0.2, 31702, 300,0.005
ILS,Reduced,Best,Best,1,1,3,YFJS_6_4_7_5_2, -0.2, 38639, 300,0.044
ILS,Reduced,Best,Best,1,1,3,YFJS_6_4_7_5_3, -0.2, 28884, 300,0.07
ILS,Reduced,Best,Best,1,1,3,YFJS_6_4_7_5_4, -0.2, 34231, 300,0.049
ILS,Reduced,Best,Best,1,1,3,YFJS_6_4_7_5_5, -0.2, 47519, 300,0.011
ILS,Reduced,Best,Best,1,1,3,YFJS_6_4_7_5_6, -0.2, 34042, 300,0.008
ILS,Reduced,Best,Best,1,1,3,YFJS_6_4_7_5_7, -0.2, 32080, 300,0.042
ILS,Reduced,Best,Best,1,1,3,YFJS_6_4_7_5_8, -0.2, 36093, 300,0.01
ILS,Reduced,Best,Best,1,1,3,DA_2_5_1, -0.2, 21327, 300,0.168
ILS,Reduced,Best,Best,1,1,3,DA_2_5_10, -0.2, 20635, 300,0.002
ILS,Reduced,Best,Best,1,1,3,DA_2_5_11, -0.2, 17972, 300,0
ILS,Reduced,Best,Best,1,1,3,DA_2_5_12, -0.2, 19602, 300,0.001
ILS,Reduced,Best,Best,1,1,3,YFJS_6_4_7_5_9, -0.2, 31888, 300.005,0.18
ILS,Reduced,Best,Best,1,1,3,DA_2_5_13, -0.2, 18803, 300,0.005
ILS,Reduced,Best,Best,1,1,3,DA_2_5_14, -0.2, 20568, 300,0.088
ILS,Reduced,Best,Best,1,1,3,DA_2_5_15, -0.2, 24715, 300,0
ILS,Reduced,Best,Best,1,1,3,DA_2_5_16, -0.2, 18857, 300,0
ILS,Reduced,Best,Best,1,1,3,DA_2_5_17, -0.2, 22660, 300,0.042
ILS,Reduced,Best,Best,1,1,3,DA_2_5_18, -0.2, 18823, 300,0
ILS,Reduced,Best,Best,1,1,3,DA_2_5_19, -0.2, 27455, 300,0.001
ILS,Reduced,Best,Best,1,1,3,DA_2_5_2, -0.2, 17874, 300,0.013
ILS,Reduced,Best,Best,1,1,3,DA_2_5_20, -0.2, 15143, 300,0
ILS,Reduced,Best,Best,1,1,3,DA_2_5_3, -0.2, 21817, 300,0.007
ILS,Reduced,Best,Best,1,1,3,DA_2_5_4, -0.2, 20236, 300,0.004
ILS,Reduced,Best,Best,1,1,3,DA_2_5_5, -0.2, 24114, 300,0
ILS,Reduced,Best,Best,1,1,3,DA_2_5_6, -0.2, 19145, 300,0
ILS,Reduced,Best,Best,1,1,3,DA_2_5_7, -0.2, 17270, 300,0.002
ILS,Reduced,Best,Best,1,1,3,DA_2_5_8, -0.2, 19642, 300,0
ILS,Reduced,Best,Best,1,1,3,DA_2_5_9, -0.2, 20086, 300,0.033
ILS,Reduced,Best,Best,1,1,3,DAFJS_3_5_1, -0.2, 21352, 300,0.311
ILS,Reduced,Best,Best,1,1,3,DAFJS_3_5_10, -0.2, 23852, 300,0.007
ILS,Reduced,Best,Best,1,1,3,DAFJS_3_5_2, -0.2, 22390, 300,0.975
ILS,Reduced,Best,Best,1,1,3,DAFJS_3_5_3, -0.2, 22521, 300,0.058
ILS,Reduced,Best,Best,1,1,3,DAFJS_3_5_4, -0.2, 19809, 300,0.01
ILS,Reduced,Best,Best,1,1,3,DAFJS_3_5_5, -0.2, 19724, 300,0.25
ILS,Reduced,Best,Best,1,1,3,DAFJS_3_5_6, -0.2, 20245, 300,0.052
ILS,Reduced,Best,Best,1,1,3,DAFJS_3_5_7, -0.2, 20635, 300,0.039
ILS,Reduced,Best,Best,1,1,3,DAFJS_3_5_8, -0.2, 19201, 300,0.002
ILS,Reduced,Best,Best,1,1,3,DAFJS_3_5_9, -0.2, 21552, 300,0.119
ILS,Reduced,Best,Best,1,1,3,YFJS_4_4_7_5_0, -0.3, 31008, 300,0.001
ILS,Reduced,Best,Best,1,1,3,YFJS_4_4_7_5_1, -0.3, 22010, 300,0.006
ILS,Reduced,Best,Best,1,1,3,YFJS_4_4_7_5_2, -0.3, 38935, 300,0.004
ILS,Reduced,Best,Best,1,1,3,YFJS_4_4_7_5_3, -0.3, 23774, 300,0
ILS,Reduced,Best,Best,1,1,3,YFJS_4_4_7_5_4, -0.3, 22843, 300,0
ILS,Reduced,Best,Best,1,1,3,YFJS_4_4_7_5_5, -0.3, 27366, 300,0
ILS,Reduced,Best,Best,1,1,3,YFJS_4_4_7_5_6, -0.3, 38932, 300,0.011
ILS,Reduced,Best,Best,1,1,3,YFJS_4_4_7_5_7, -0.3, 29464, 300,0.017
ILS,Reduced,Best,Best,1,1,3,YFJS_4_4_7_5_8, -0.3, 33763, 300,0.011
ILS,Reduced,Best,Best,1,1,3,YFJS_4_4_7_5_9, -0.3, 25072, 300,0.263
ILS,Reduced,Best,Best,1,1,3,YFJS_5_4_7_5_0, -0.3, 36307, 300,0.003
ILS,Reduced,Best,Best,1,1,3,YFJS_5_4_7_5_1, -0.3, 26219, 300,0.033
ILS,Reduced,Best,Best,1,1,3,YFJS_5_4_7_5_2, -0.3, 25619, 300,0.002
ILS,Reduced,Best,Best,1,1,3,YFJS_5_4_7_5_3, -0.3, 27428, 300,0.031
ILS,Reduced,Best,Best,1,1,3,YFJS_5_4_7_5_4, -0.3, 38256, 300,0.035
ILS,Reduced,Best,Best,1,1,3,YFJS_5_4_7_5_5, -0.3, 29442, 300,0.004
ILS,Reduced,Best,Best,1,1,3,YFJS_5_4_7_5_6, -0.3, 37465, 300,0.002
ILS,Reduced,Best,Best,1,1,3,YFJS_5_4_7_5_7, -0.3, 25067, 300,0.003
ILS,Reduced,Best,Best,1,1,3,YFJS_5_4_7_5_8, -0.3, 29207, 300,0.006
ILS,Reduced,Best,Best,1,1,3,YFJS_5_4_7_5_9, -0.3, 27091, 300,0.032
ILS,Reduced,Best,Best,1,1,3,YFJS_6_4_7_5_0, -0.3, 32166, 300,0.142
ILS,Reduced,Best,Best,1,1,3,YFJS_6_4_7_5_1, -0.3, 28985, 300,0.062
ILS,Reduced,Best,Best,1,1,3,YFJS_6_4_7_5_2, -0.3, 35441, 300,0.221
ILS,Reduced,Best,Best,1,1,3,YFJS_6_4_7_5_3, -0.3, 27023, 300,0.085
ILS,Reduced,Best,Best,1,1,3,YFJS_6_4_7_5_4, -0.3, 32346, 300,0.029
ILS,Reduced,Best,Best,1,1,3,YFJS_6_4_7_5_5, -0.3, 43452, 300,0.005
ILS,Reduced,Best,Best,1,1,3,YFJS_6_4_7_5_6, -0.3, 31571, 300,0
ILS,Reduced,Best,Best,1,1,3,YFJS_6_4_7_5_7, -0.3, 30428, 300,0.005
ILS,Reduced,Best,Best,1,1,3,YFJS_6_4_7_5_8, -0.3, 32826, 300,0.189
ILS,Reduced,Best,Best,1,1,3,YFJS_6_4_7_5_9, -0.3, 29848, 300,0.071
ILS,Reduced,Best,Best,1,1,3,DA_2_5_1, -0.3, 19443, 300,0.091
ILS,Reduced,Best,Best,1,1,3,DA_2_5_10, -0.3, 18916, 300,0.001
ILS,Reduced,Best,Best,1,1,3,DA_2_5_11, -0.3, 17419, 300,0
ILS,Reduced,Best,Best,1,1,3,DA_2_5_12, -0.3, 18800, 300,0
ILS,Reduced,Best,Best,1,1,3,DA_2_5_13, -0.3, 17596, 300,0.032
ILS,Reduced,Best,Best,1,1,3,DA_2_5_14, -0.3, 18692, 300,0.009
ILS,Reduced,Best,Best,1,1,3,DA_2_5_15, -0.3, 24256, 300,0.013
ILS,Reduced,Best,Best,1,1,3,DA_2_5_16, -0.3, 17900, 300,0
ILS,Reduced,Best,Best,1,1,3,DA_2_5_17, -0.3, 20797, 300,0.044
ILS,Reduced,Best,Best,1,1,3,DA_2_5_18, -0.3, 17395, 300,0
ILS,Reduced,Best,Best,1,1,3,DA_2_5_19, -0.3, 25304, 300,0.009
ILS,Reduced,Best,Best,1,1,3,DA_2_5_2, -0.3, 17105, 300,0.02
ILS,Reduced,Best,Best,1,1,3,DA_2_5_20, -0.3, 14077, 300,0.002
ILS,Reduced,Best,Best,1,1,3,DA_2_5_3, -0.3, 20620, 300,0.001
ILS,Reduced,Best,Best,1,1,3,DA_2_5_4, -0.3, 18625, 300,0
ILS,Reduced,Best,Best,1,1,3,DA_2_5_5, -0.3, 22734, 300,0.006
ILS,Reduced,Best,Best,1,1,3,DA_2_5_6, -0.3, 18253, 300,0
ILS,Reduced,Best,Best,1,1,3,DA_2_5_7, -0.3, 16495, 300,0.009
ILS,Reduced,Best,Best,1,1,3,DA_2_5_8, -0.3, 18474, 300,0
ILS,Reduced,Best,Best,1,1,3,DA_2_5_9, -0.3, 18521, 300,0.006
ILS,Reduced,Best,Best,1,1,3,DAFJS_3_5_1, -0.3, 19430, 300,3.424
ILS,Reduced,Best,Best,1,1,3,DAFJS_3_5_10, -0.3, 22322, 300,0.322
ILS,Reduced,Best,Best,1,1,3,DAFJS_3_5_2, -0.3, 20932, 300,0.19
ILS,Reduced,Best,Best,1,1,3,DAFJS_3_5_3, -0.3, 20389, 300,0.018
ILS,Reduced,Best,Best,1,1,3,DAFJS_3_5_4, -0.3, 18400, 300,0.026
ILS,Reduced,Best,Best,1,1,3,DAFJS_3_5_5, -0.3, 18396, 300,0.006
ILS,Reduced,Best,Best,1,1,3,DAFJS_3_5_6, -0.3, 18501, 300,0.013
ILS,Reduced,Best,Best,1,1,3,DAFJS_3_5_7, -0.3, 18762, 300,0.061
ILS,Reduced,Best,Best,1,1,3,DAFJS_3_5_8, -0.3, 18253, 300,0.007
ILS,Reduced,Best,Best,1,1,3,DAFJS_3_5_9, -0.3, 19504, 300,0.918
ILS,Reduced,Best,Best,1,1,3,YFJS_4_4_7_5_0, -0.1, 35046, 300,0
ILS,Reduced,Best,Best,1,1,3,YFJS_4_4_7_5_1, -0.1, 24359, 300,0.007
ILS,Reduced,Best,Best,1,1,3,YFJS_4_4_7_5_2, -0.1, 47391, 300,0.009
ILS,Reduced,Best,Best,1,1,3,YFJS_4_4_7_5_3, -0.1, 25394, 300,0
ILS,Reduced,Best,Best,1,1,3,YFJS_4_4_7_5_4, -0.1, 23985, 300,0
ILS,Reduced,Best,Best,1,1,3,YFJS_4_4_7_5_5, -0.1, 29469, 300,0
ILS,Reduced,Best,Best,1,1,3,YFJS_4_4_7_5_6, -0.1, 45705, 300,0.028
ILS,Reduced,Best,Best,1,1,3,YFJS_4_4_7_5_7, -0.1, 33829, 300,0.003
ILS,Reduced,Best,Best,1,1,3,YFJS_4_4_7_5_8, -0.1, 37049, 300,0
ILS,Reduced,Best,Best,1,1,3,YFJS_4_4_7_5_9, -0.1, 27310, 300,0.008
ILS,Reduced,Best,Best,1,1,3,YFJS_5_4_7_5_0, -0.1, 41300, 300,0.019
ILS,Reduced,Best,Best,1,1,3,YFJS_5_4_7_5_1, -0.1, 30145, 300,0.357
ILS,Reduced,Best,Best,1,1,3,YFJS_5_4_7_5_2, -0.1, 30962, 300,0.003
ILS,Reduced,Best,Best,1,1,3,YFJS_5_4_7_5_3, -0.1, 31398, 300,0.003
ILS,Reduced,Best,Best,1,1,3,YFJS_5_4_7_5_4, -0.1, 45442, 300,0
ILS,Reduced,Best,Best,1,1,3,YFJS_5_4_7_5_5, -0.1, 33791, 300,0.038
ILS,Reduced,Best,Best,1,1,3,YFJS_5_4_7_5_6, -0.1, 42838, 300,0.002
ILS,Reduced,Best,Best,1,1,3,YFJS_5_4_7_5_7, -0.1, 28247, 300,0.001
ILS,Reduced,Best,Best,1,1,3,YFJS_5_4_7_5_8, -0.1, 33601, 300,0.021
ILS,Reduced,Best,Best,1,1,3,YFJS_5_4_7_5_9, -0.1, 30837, 300,0
ILS,Reduced,Best,Best,1,1,3,YFJS_6_4_7_5_0, -0.1, 37096, 300,0.377
ILS,Reduced,Best,Best,1,1,3,YFJS_6_4_7_5_1, -0.1, 34282, 300,0.008
ILS,Reduced,Best,Best,1,1,3,YFJS_6_4_7_5_2, -0.1, 42079, 300,0.033
ILS,Reduced,Best,Best,1,1,3,YFJS_6_4_7_5_4, -0.1, 36170, 300,0.006
ILS,Reduced,Best,Best,1,1,3,YFJS_6_4_7_5_3, -0.1, 30905, 300,0.029
ILS,Reduced,Best,Best,1,1,3,YFJS_6_4_7_5_5, -0.1, 51466, 300,0.002
ILS,Reduced,Best,Best,1,1,3,YFJS_6_4_7_5_6, -0.1, 36719, 300,0.004
ILS,Reduced,Best,Best,1,1,3,YFJS_6_4_7_5_7, -0.1, 34509, 300,0.027
ILS,Reduced,Best,Best,1,1,3,YFJS_6_4_7_5_8, -0.1, 39798, 300,0.118
ILS,Reduced,Best,Best,1,1,3,YFJS_6_4_7_5_9, -0.1, 33974, 300,0.012
ILS,Reduced,Best,Best,1,1,3,DA_2_5_1, -0.1, 22875, 300,0.006
ILS,Reduced,Best,Best,1,1,3,DA_2_5_10, -0.1, 22708, 300,0.004
ILS,Reduced,Best,Best,1,1,3,DA_2_5_11, -0.1, 18363, 300,0
ILS,Reduced,Best,Best,1,1,3,DA_2_5_12, -0.1, 20498, 300,0
ILS,Reduced,Best,Best,1,1,3,DA_2_5_13, -0.1, 20593, 300,0.004
ILS,Reduced,Best,Best,1,1,3,DA_2_5_14, -0.1, 22867, 300,0
ILS,Reduced,Best,Best,1,1,3,DA_2_5_15, -0.1, 25715, 300,0.008
ILS,Reduced,Best,Best,1,1,3,DA_2_5_16, -0.1, 19878, 300,0
ILS,Reduced,Best,Best,1,1,3,DA_2_5_17, -0.1, 24267, 300,0.051
ILS,Reduced,Best,Best,1,1,3,DA_2_5_18, -0.1, 20336, 300,0
ILS,Reduced,Best,Best,1,1,3,DA_2_5_19, -0.1, 29968, 300,0.008
ILS,Reduced,Best,Best,1,1,3,DA_2_5_2, -0.1, 18670, 300,0.001
ILS,Reduced,Best,Best,1,1,3,DA_2_5_20, -0.1, 16313, 300,0
ILS,Reduced,Best,Best,1,1,3,DA_2_5_3, -0.1, 23140, 300,0.008
ILS,Reduced,Best,Best,1,1,3,DA_2_5_4, -0.1, 21715, 300,0.001
ILS,Reduced,Best,Best,1,1,3,DA_2_5_5, -0.1, 25426, 300,0.001
ILS,Reduced,Best,Best,1,1,3,DA_2_5_6, -0.1, 20155, 300,0
ILS,Reduced,Best,Best,1,1,3,DA_2_5_7, -0.1, 18135, 300,0.007
ILS,Reduced,Best,Best,1,1,3,DA_2_5_8, -0.1, 20945, 300,0.002
ILS,Reduced,Best,Best,1,1,3,DA_2_5_9, -0.1, 21838, 300,0.033
ILS,Reduced,Best,Best,1,1,3,DAFJS_3_5_1, -0.1, 23344, 300,0.09
ILS,Reduced,Best,Best,1,1,3,DAFJS_3_5_10, -0.1, 25923, 300,0
ILS,Reduced,Best,Best,1,1,3,DAFJS_3_5_2, -0.1, 24038, 300,3.811
ILS,Reduced,Best,Best,1,1,3,DAFJS_3_5_3, -0.1, 24579, 300,0.01
ILS,Reduced,Best,Best,1,1,3,DAFJS_3_5_4, -0.1, 21143, 300,0
ILS,Reduced,Best,Best,1,1,3,DAFJS_3_5_5, -0.1, 21120, 300,0.443
ILS,Reduced,Best,Best,1,1,3,DAFJS_3_5_6, -0.1, 22050, 300,0.107
ILS,Reduced,Best,Best,1,1,3,DAFJS_3_5_7, -0.1, 22708, 300,0.052
ILS,Reduced,Best,Best,1,1,3,DAFJS_3_5_8, -0.1, 20278, 300,0.01
ILS,Reduced,Best,Best,1,1,3,DAFJS_3_5_9, -0.1, 23558, 300,0.066
ILS,Reduced,Best,Best,1,1,3,YFJS_4_4_7_5_0, -0.2, 33132, 300,0.001
ILS,Reduced,Best,Best,1,1,3,YFJS_4_4_7_5_1, -0.2, 23100, 300,0.001
ILS,Reduced,Best,Best,1,1,3,YFJS_4_4_7_5_2, -0.2, 42896, 300,0
ILS,Reduced,Best,Best,1,1,3,YFJS_4_4_7_5_3, -0.2, 24485, 300,0
ILS,Reduced,Best,Best,1,1,3,YFJS_4_4_7_5_4, -0.2, 23597, 300,0
ILS,Reduced,Best,Best,1,1,3,YFJS_4_4_7_5_5, -0.2, 28655, 300,0.002
ILS,Reduced,Best,Best,1,1,3,YFJS_4_4_7_5_6, -0.2, 42239, 300,0.057
ILS,Reduced,Best,Best,1,1,3,YFJS_4_4_7_5_7, -0.2, 31471, 300,0.125
ILS,Reduced,Best,Best,1,1,3,YFJS_4_4_7_5_8, -0.2, 35250, 300,0.02
ILS,Reduced,Best,Best,1,1,3,YFJS_4_4_7_5_9, -0.2, 26145, 300,0
ILS,Reduced,Best,Best,1,1,3,YFJS_5_4_7_5_0, -0.2, 38545, 300,0.013
ILS,Reduced,Best,Best,1,1,3,YFJS_5_4_7_5_1, -0.2, 27895, 300,0.016
ILS,Reduced,Best,Best,1,1,3,YFJS_5_4_7_5_2, -0.2, 28120, 300,0.004
ILS,Reduced,Best,Best,1,1,3,YFJS_5_4_7_5_3, -0.2, 29682, 300,0
ILS,Reduced,Best,Best,1,1,3,YFJS_5_4_7_5_4, -0.2, 41619, 300,0
ILS,Reduced,Best,Best,1,1,3,YFJS_5_4_7_5_5, -0.2, 31280, 300,0.01
ILS,Reduced,Best,Best,1,1,3,YFJS_5_4_7_5_6, -0.2, 40388, 300,0.018
ILS,Reduced,Best,Best,1,1,3,YFJS_5_4_7_5_7, -0.2, 26297, 300,0.01
ILS,Reduced,Best,Best,1,1,3,YFJS_5_4_7_5_8, -0.2, 30717, 300,0.015
ILS,Reduced,Best,Best,1,1,3,YFJS_5_4_7_5_9, -0.2, 28832, 300,0.001
ILS,Reduced,Best,Best,1,1,3,YFJS_6_4_7_5_0, -0.2, 34811, 300,0.246
ILS,Reduced,Best,Best,1,1,3,YFJS_6_4_7_5_1, -0.2, 31702, 300,0.028
ILS,Reduced,Best,Best,1,1,3,YFJS_6_4_7_5_2, -0.2, 38639, 300,0.005
ILS,Reduced,Best,Best,1,1,3,YFJS_6_4_7_5_3, -0.2, 28884, 300,0.076
ILS,Reduced,Best,Best,1,1,3,YFJS_6_4_7_5_4, -0.2, 34231, 300,0.056
ILS,Reduced,Best,Best,1,1,3,YFJS_6_4_7_5_5, -0.2, 47519, 300,0.027
ILS,Reduced,Best,Best,1,1,3,YFJS_6_4_7_5_6, -0.2, 34042, 300,0.058
ILS,Reduced,Best,Best,1,1,3,YFJS_6_4_7_5_7, -0.2, 32080, 300,0.152
ILS,Reduced,Best,Best,1,1,3,YFJS_6_4_7_5_8, -0.2, 36093, 300,0.1
ILS,Reduced,Best,Best,1,1,3,DA_2_5_1, -0.2, 21327, 300,0.005
ILS,Reduced,Best,Best,1,1,3,YFJS_6_4_7_5_9, -0.2, 31888, 300,0.291
ILS,Reduced,Best,Best,1,1,3,DA_2_5_10, -0.2, 20635, 300,0.01
ILS,Reduced,Best,Best,1,1,3,DA_2_5_11, -0.2, 17972, 300,0
ILS,Reduced,Best,Best,1,1,3,DA_2_5_12, -0.2, 19602, 300,0
ILS,Reduced,Best,Best,1,1,3,DA_2_5_13, -0.2, 18803, 300,0
ILS,Reduced,Best,Best,1,1,3,DA_2_5_14, -0.2, 20568, 300,0.012
ILS,Reduced,Best,Best,1,1,3,DA_2_5_15, -0.2, 24715, 300,0
ILS,Reduced,Best,Best,1,1,3,DA_2_5_16, -0.2, 18857, 300,0
ILS,Reduced,Best,Best,1,1,3,DA_2_5_17, -0.2, 22660, 300,0.211
ILS,Reduced,Best,Best,1,1,3,DA_2_5_18, -0.2, 18823, 300,0
ILS,Reduced,Best,Best,1,1,3,DA_2_5_19, -0.2, 27455, 300,0.001
ILS,Reduced,Best,Best,1,1,3,DA_2_5_2, -0.2, 17874, 300,0.007
ILS,Reduced,Best,Best,1,1,3,DA_2_5_20, -0.2, 15143, 300,0
ILS,Reduced,Best,Best,1,1,3,DA_2_5_3, -0.2, 21817, 300,0.003
ILS,Reduced,Best,Best,1,1,3,DA_2_5_4, -0.2, 20236, 300,0.001
ILS,Reduced,Best,Best,1,1,3,DA_2_5_5, -0.2, 24114, 300,0
ILS,Reduced,Best,Best,1,1,3,DA_2_5_6, -0.2, 19145, 300,0
ILS,Reduced,Best,Best,1,1,3,DA_2_5_7, -0.2, 17270, 300,0
ILS,Reduced,Best,Best,1,1,3,DA_2_5_8, -0.2, 19642, 300,0.003
ILS,Reduced,Best,Best,1,1,3,DA_2_5_9, -0.2, 20086, 300,0.064
ILS,Reduced,Best,Best,1,1,3,DAFJS_3_5_1, -0.2, 21352, 300,1.232
ILS,Reduced,Best,Best,1,1,3,DAFJS_3_5_10, -0.2, 23852, 300,0.026
ILS,Reduced,Best,Best,1,1,3,DAFJS_3_5_2, -0.2, 22390, 300,0.677
ILS,Reduced,Best,Best,1,1,3,DAFJS_3_5_3, -0.2, 22521, 300,0.134
ILS,Reduced,Best,Best,1,1,3,DAFJS_3_5_4, -0.2, 19809, 300,0.018
ILS,Reduced,Best,Best,1,1,3,DAFJS_3_5_5, -0.2, 19724, 300,0.359
ILS,Reduced,Best,Best,1,1,3,DAFJS_3_5_6, -0.2, 20245, 300,0.026
ILS,Reduced,Best,Best,1,1,3,DAFJS_3_5_7, -0.2, 20635, 300,0.004
ILS,Reduced,Best,Best,1,1,3,DAFJS_3_5_8, -0.2, 19201, 300,0.001
ILS,Reduced,Best,Best,1,1,3,DAFJS_3_5_9, -0.2, 21552, 300,0.012
ILS,Reduced,Best,Best,1,1,3,YFJS_4_4_7_5_0, -0.3, 31008, 300,0.003
ILS,Reduced,Best,Best,1,1,3,YFJS_4_4_7_5_1, -0.3, 22010, 300,0.008
ILS,Reduced,Best,Best,1,1,3,YFJS_4_4_7_5_2, -0.3, 38935, 300,0.001
ILS,Reduced,Best,Best,1,1,3,YFJS_4_4_7_5_3, -0.3, 23774, 300,0
ILS,Reduced,Best,Best,1,1,3,YFJS_4_4_7_5_4, -0.3, 22843, 300,0
ILS,Reduced,Best,Best,1,1,3,YFJS_4_4_7_5_5, -0.3, 27366, 300,0
ILS,Reduced,Best,Best,1,1,3,YFJS_4_4_7_5_6, -0.3, 38932, 300,0.131
ILS,Reduced,Best,Best,1,1,3,YFJS_4_4_7_5_7, -0.3, 29464, 300,0
ILS,Reduced,Best,Best,1,1,3,YFJS_4_4_7_5_8, -0.3, 33763, 300,0.012
ILS,Reduced,Best,Best,1,1,3,YFJS_4_4_7_5_9, -0.3, 25072, 300,0.202
ILS,Reduced,Best,Best,1,1,3,YFJS_5_4_7_5_0, -0.3, 36307, 300,0.005
ILS,Reduced,Best,Best,1,1,3,YFJS_5_4_7_5_1, -0.3, 26219, 300,0.034
ILS,Reduced,Best,Best,1,1,3,YFJS_5_4_7_5_2, -0.3, 25619, 300,0.005
ILS,Reduced,Best,Best,1,1,3,YFJS_5_4_7_5_3, -0.3, 27428, 300,0.008
ILS,Reduced,Best,Best,1,1,3,YFJS_5_4_7_5_4, -0.3, 38256, 300,0.05
ILS,Reduced,Best,Best,1,1,3,YFJS_5_4_7_5_5, -0.3, 29442, 300,0.021
ILS,Reduced,Best,Best,1,1,3,YFJS_5_4_7_5_6, -0.3, 37465, 300,0.022
ILS,Reduced,Best,Best,1,1,3,YFJS_5_4_7_5_7, -0.3, 25067, 300,0.003
ILS,Reduced,Best,Best,1,1,3,YFJS_5_4_7_5_8, -0.3, 29207, 300,0.055
ILS,Reduced,Best,Best,1,1,3,YFJS_5_4_7_5_9, -0.3, 27091, 300,0.051
ILS,Reduced,Best,Best,1,1,3,YFJS_6_4_7_5_0, -0.3, 32166, 300,0.341
ILS,Reduced,Best,Best,1,1,3,YFJS_6_4_7_5_1, -0.3, 28985, 300,0.028
ILS,Reduced,Best,Best,1,1,3,YFJS_6_4_7_5_2, -0.3, 35441, 300,0.147
ILS,Reduced,Best,Best,1,1,3,YFJS_6_4_7_5_3, -0.3, 27023, 300,0.017
ILS,Reduced,Best,Best,1,1,3,YFJS_6_4_7_5_4, -0.3, 32346, 300,0.068
ILS,Reduced,Best,Best,1,1,3,YFJS_6_4_7_5_5, -0.3, 43452, 300,0.001
ILS,Reduced,Best,Best,1,1,3,YFJS_6_4_7_5_6, -0.3, 31571, 300,0.015
ILS,Reduced,Best,Best,1,1,3,YFJS_6_4_7_5_7, -0.3, 30428, 300,0.019
ILS,Reduced,Best,Best,1,1,3,YFJS_6_4_7_5_8, -0.3, 32826, 300,0.063
ILS,Reduced,Best,Best,1,1,3,YFJS_6_4_7_5_9, -0.3, 29848, 300,0.117
ILS,Reduced,Best,Best,1,1,3,DA_2_5_1, -0.3, 19443, 300,0.038
ILS,Reduced,Best,Best,1,1,3,DA_2_5_10, -0.3, 18916, 300,0.004
ILS,Reduced,Best,Best,1,1,3,DA_2_5_11, -0.3, 17419, 300,0.002
ILS,Reduced,Best,Best,1,1,3,DA_2_5_12, -0.3, 18800, 300,0.001
ILS,Reduced,Best,Best,1,1,3,DA_2_5_13, -0.3, 17596, 300,0.027
ILS,Reduced,Best,Best,1,1,3,DA_2_5_14, -0.3, 18692, 300,0.098
ILS,Reduced,Best,Best,1,1,3,DA_2_5_15, -0.3, 24256, 300,0
ILS,Reduced,Best,Best,1,1,3,DA_2_5_16, -0.3, 17900, 300,0
ILS,Reduced,Best,Best,1,1,3,DA_2_5_17, -0.3, 20797, 300,0.071
ILS,Reduced,Best,Best,1,1,3,DA_2_5_18, -0.3, 17395, 300,0
ILS,Reduced,Best,Best,1,1,3,DA_2_5_19, -0.3, 25304, 300,0.003
ILS,Reduced,Best,Best,1,1,3,DA_2_5_2, -0.3, 17105, 300,0.004
ILS,Reduced,Best,Best,1,1,3,DA_2_5_20, -0.3, 14077, 300,0
ILS,Reduced,Best,Best,1,1,3,DA_2_5_3, -0.3, 20620, 300,0
ILS,Reduced,Best,Best,1,1,3,DA_2_5_4, -0.3, 18625, 300,0.003
ILS,Reduced,Best,Best,1,1,3,DA_2_5_5, -0.3, 22734, 300,0.006
ILS,Reduced,Best,Best,1,1,3,DA_2_5_6, -0.3, 18253, 300,0
ILS,Reduced,Best,Best,1,1,3,DA_2_5_7, -0.3, 16495, 300,0.007
ILS,Reduced,Best,Best,1,1,3,DA_2_5_8, -0.3, 18474, 300,0.004
ILS,Reduced,Best,Best,1,1,3,DA_2_5_9, -0.3, 18521, 300,0.006
ILS,Reduced,Best,Best,1,1,3,DAFJS_3_5_10, -0.3, 22322, 300,0.484
ILS,Reduced,Best,Best,1,1,3,DAFJS_3_5_1, -0.3, 19430, 300.001,0.4
ILS,Reduced,Best,Best,1,1,3,DAFJS_3_5_2, -0.3, 20932, 300,0.009
ILS,Reduced,Best,Best,1,1,3,DAFJS_3_5_3, -0.3, 20389, 300,0.037
ILS,Reduced,Best,Best,1,1,3,DAFJS_3_5_4, -0.3, 18400, 300,0.003
ILS,Reduced,Best,Best,1,1,3,DAFJS_3_5_5, -0.3, 18396, 300,0.011
ILS,Reduced,Best,Best,1,1,3,DAFJS_3_5_6, -0.3, 18501, 300,0.073
ILS,Reduced,Best,Best,1,1,3,DAFJS_3_5_7, -0.3, 18762, 300,0.103
ILS,Reduced,Best,Best,1,1,3,DAFJS_3_5_8, -0.3, 18253, 300,0
ILS,Reduced,Best,Best,1,1,3,DAFJS_3_5_9, -0.3, 19504, 300,0.845
