TS,Reduced,Best,Best,0,5,YFJS_4_4_7_5_0, -0.1, 35243, 100,0
TS,Reduced,Best,Best,0,5,YFJS_4_4_7_5_1, -0.1, 25654, 100,0
TS,Reduced,Best,Best,0,5,YFJS_4_4_7_5_2, -0.1, 53381, 100,0
TS,Reduced,Best,Best,0,5,YFJS_4_4_7_5_3, -0.1, 25394, 100,0
TS,Reduced,Best,Best,0,5,YFJS_4_4_7_5_4, -0.1, 26371, 100,0
TS,Reduced,Best,Best,0,5,YFJS_4_4_7_5_5, -0.1, 30952, 100,0
TS,Reduced,Best,Best,0,5,YFJS_4_4_7_5_6, -0.1, 47524, 100,0
TS,Reduced,Best,Best,0,5,YFJS_4_4_7_5_7, -0.1, 34338, 100,0
TS,Reduced,Best,Best,0,5,YFJS_4_4_7_5_8, -0.1, 37354, 100,0.001
TS,Reduced,Best,Best,0,5,YFJS_4_4_7_5_9, -0.1, 27310, 100,0
TS,Reduced,Best,Best,0,5,YFJS_5_4_7_5_0, -0.1, 41423, 100,0.002
TS,Reduced,Best,Best,0,5,YFJS_5_4_7_5_1, -0.1, 33329, 100,0
TS,Reduced,Best,Best,0,5,YFJS_5_4_7_5_2, -0.1, 30962, 100,0
TS,Reduced,Best,Best,0,5,YFJS_5_4_7_5_3, -0.1, 31398, 100,0
TS,Reduced,Best,Best,0,5,YFJS_5_4_7_5_4, -0.1, 45442, 100,0
TS,Reduced,Best,Best,0,5,YFJS_5_4_7_5_5, -0.1, 33791, 100,0.004
TS,Reduced,Best,Best,0,5,YFJS_5_4_7_5_6, -0.1, 44181, 100,0
TS,Reduced,Best,Best,0,5,YFJS_5_4_7_5_7, -0.1, 28247, 100,0
TS,Reduced,Best,Best,0,5,YFJS_5_4_7_5_8, -0.1, 36706, 100,0
TS,Reduced,Best,Best,0,5,YFJS_5_4_7_5_9, -0.1, 33385, 100,0
TS,Reduced,Best,Best,0,5,YFJS_6_4_7_5_0, -0.1, 37275, 100,0.016
TS,Reduced,Best,Best,0,5,YFJS_6_4_7_5_1, -0.1, 34917, 100,0
TS,Reduced,Best,Best,0,5,YFJS_6_4_7_5_2, -0.1, 42079, 100,0.003
TS,Reduced,Best,Best,0,5,YFJS_6_4_7_5_3, -0.1, 33144, 100,0.001
TS,Reduced,Best,Best,0,5,YFJS_6_4_7_5_4, -0.1, 37251, 100,0.002
TS,Reduced,Best,Best,0,5,YFJS_6_4_7_5_5, -0.1, 51793, 100,0.001
TS,Reduced,Best,Best,0,5,YFJS_6_4_7_5_6, -0.1, 36823, 100,0
TS,Reduced,Best,Best,0,5,YFJS_6_4_7_5_7, -0.1, 34509, 100,0.022
TS,Reduced,Best,Best,0,5,YFJS_6_4_7_5_8, -0.1, 40891, 100,0.002
TS,Reduced,Best,Best,0,5,YFJS_6_4_7_5_9, -0.1, 33974, 100,0.002
TS,Reduced,Best,Best,0,5,DA_2_5_1, -0.1, 23264, 100,0
TS,Reduced,Best,Best,0,5,DA_2_5_10, -0.1, 23242, 100,0
TS,Reduced,Best,Best,0,5,DA_2_5_11, -0.1, 18363, 100,0
TS,Reduced,Best,Best,0,5,DA_2_5_12, -0.1, 21172, 100,0
TS,Reduced,Best,Best,0,5,DA_2_5_13, -0.1, 21324, 100,0.001
TS,Reduced,Best,Best,0,5,DA_2_5_14, -0.1, 23370, 100,0
TS,Reduced,Best,Best,0,5,DA_2_5_15, -0.1, 26978, 100,0
TS,Reduced,Best,Best,0,5,DA_2_5_16, -0.1, 19878, 100,0
TS,Reduced,Best,Best,0,5,DA_2_5_17, -0.1, 24304, 100,0.001
TS,Reduced,Best,Best,0,5,DA_2_5_18, -0.1, 20873, 100,0
TS,Reduced,Best,Best,0,5,DA_2_5_19, -0.1, 33689, 100,0
TS,Reduced,Best,Best,0,5,DA_2_5_2, -0.1, 20342, 100,0
TS,Reduced,Best,Best,0,5,DA_2_5_3, -0.1, 23140, 100,0.001
TS,Reduced,Best,Best,0,5,DA_2_5_4, -0.1, 21882, 100,0
TS,Reduced,Best,Best,0,5,DA_2_5_5, -0.1, 25691, 100,0
TS,Reduced,Best,Best,0,5,DA_2_5_20, -0.1, 17091, 100.003,0
TS,Reduced,Best,Best,0,5,DA_2_5_6, -0.1, 20155, 100,0
TS,Reduced,Best,Best,0,5,DA_2_5_7, -0.1, 18445, 100,0
TS,Reduced,Best,Best,0,5,DA_2_5_8, -0.1, 21293, 100,0
TS,Reduced,Best,Best,0,5,DA_2_5_9, -0.1, 22675, 100,0
TS,Reduced,Best,Best,0,5,DAFJS_3_5_1, -0.1, 24554, 100,0
TS,Reduced,Best,Best,0,5,DAFJS_3_5_10, -0.1, 25923, 100,0
TS,Reduced,Best,Best,0,5,DAFJS_3_5_2, -0.1, 24438, 100,0.004
TS,Reduced,Best,Best,0,5,DAFJS_3_5_3, -0.1, 25694, 100,0.002
TS,Reduced,Best,Best,0,5,DAFJS_3_5_4, -0.1, 22682, 100,0.001
TS,Reduced,Best,Best,0,5,DAFJS_3_5_5, -0.1, 21468, 100,0
TS,Reduced,Best,Best,0,5,DAFJS_3_5_6, -0.1, 22106, 100,0.003
TS,Reduced,Best,Best,0,5,DAFJS_3_5_7, -0.1, 23120, 100,0
TS,Reduced,Best,Best,0,5,DAFJS_3_5_8, -0.1, 20278, 100,0
TS,Reduced,Best,Best,0,5,DAFJS_3_5_9, -0.1, 23558, 100,0.005
TS,Reduced,Best,Best,0,5,YFJS_4_4_7_5_0, -0.2, 34443, 100,0
TS,Reduced,Best,Best,0,5,YFJS_4_4_7_5_1, -0.2, 25032, 100,0
TS,Reduced,Best,Best,0,5,YFJS_4_4_7_5_2, -0.2, 49111, 100,0
TS,Reduced,Best,Best,0,5,YFJS_4_4_7_5_3, -0.2, 24485, 100,0
TS,Reduced,Best,Best,0,5,YFJS_4_4_7_5_4, -0.2, 23597, 100,0
TS,Reduced,Best,Best,0,5,YFJS_4_4_7_5_5, -0.2, 28750, 100,0.005
TS,Reduced,Best,Best,0,5,YFJS_4_4_7_5_6, -0.2, 45493, 100,0
TS,Reduced,Best,Best,0,5,YFJS_4_4_7_5_7, -0.2, 32669, 100,0
TS,Reduced,Best,Best,0,5,YFJS_4_4_7_5_8, -0.2, 36098, 100,0
TS,Reduced,Best,Best,0,5,YFJS_4_4_7_5_9, -0.2, 26145, 100,0
TS,Reduced,Best,Best,0,5,YFJS_5_4_7_5_0, -0.2, 38756, 100,0.001
TS,Reduced,Best,Best,0,5,YFJS_5_4_7_5_1, -0.2, 30851, 100,0
TS,Reduced,Best,Best,0,5,YFJS_5_4_7_5_2, -0.2, 28120, 100,0
TS,Reduced,Best,Best,0,5,YFJS_5_4_7_5_3, -0.2, 29682, 100,0
TS,Reduced,Best,Best,0,5,YFJS_5_4_7_5_4, -0.2, 42415, 100,0
TS,Reduced,Best,Best,0,5,YFJS_5_4_7_5_5, -0.2, 32366, 100,0
TS,Reduced,Best,Best,0,5,YFJS_5_4_7_5_6, -0.2, 41316, 100,0
TS,Reduced,Best,Best,0,5,YFJS_5_4_7_5_7, -0.2, 26297, 100,0.001
TS,Reduced,Best,Best,0,5,YFJS_5_4_7_5_8, -0.2, 33965, 100,0
TS,Reduced,Best,Best,0,5,YFJS_5_4_7_5_9, -0.2, 31304, 100,0
TS,Reduced,Best,Best,0,5,YFJS_6_4_7_5_0, -0.2, 34811, 100,0.054
TS,Reduced,Best,Best,0,5,YFJS_6_4_7_5_1, -0.2, 31946, 100,0
TS,Reduced,Best,Best,0,5,YFJS_6_4_7_5_2, -0.2, 39721, 100,0.002
TS,Reduced,Best,Best,0,5,YFJS_6_4_7_5_3, -0.2, 30568, 100,0.001
TS,Reduced,Best,Best,0,5,YFJS_6_4_7_5_4, -0.2, 35256, 100,0.001
TS,Reduced,Best,Best,0,5,YFJS_6_4_7_5_5, -0.2, 48066, 100,0.001
TS,Reduced,Best,Best,0,5,YFJS_6_4_7_5_6, -0.2, 34225, 100,0
TS,Reduced,Best,Best,0,5,YFJS_6_4_7_5_7, -0.2, 32852, 100,0.001
TS,Reduced,Best,Best,0,5,YFJS_6_4_7_5_8, -0.2, 36561, 100,0.002
TS,Reduced,Best,Best,0,5,YFJS_6_4_7_5_9, -0.2, 33118, 100,0.002
TS,Reduced,Best,Best,0,5,DA_2_5_1, -0.2, 21546, 100,0
TS,Reduced,Best,Best,0,5,DA_2_5_10, -0.2, 22161, 100,0
TS,Reduced,Best,Best,0,5,DA_2_5_11, -0.2, 17972, 100,0
TS,Reduced,Best,Best,0,5,DA_2_5_12, -0.2, 20691, 100,0
TS,Reduced,Best,Best,0,5,DA_2_5_13, -0.2, 18803, 100,0.002
TS,Reduced,Best,Best,0,5,DA_2_5_14, -0.2, 20783, 100,0
TS,Reduced,Best,Best,0,5,DA_2_5_15, -0.2, 24715, 100,0
TS,Reduced,Best,Best,0,5,DA_2_5_16, -0.2, 18857, 100,0
TS,Reduced,Best,Best,0,5,DA_2_5_17, -0.2, 22730, 100,0
TS,Reduced,Best,Best,0,5,DA_2_5_18, -0.2, 20180, 100,0
TS,Reduced,Best,Best,0,5,DA_2_5_19, -0.2, 30941, 100,0
TS,Reduced,Best,Best,0,5,DA_2_5_2, -0.2, 18974, 100,0
TS,Reduced,Best,Best,0,5,DA_2_5_20, -0.2, 16593, 100,0
TS,Reduced,Best,Best,0,5,DA_2_5_3, -0.2, 21990, 100,0
TS,Reduced,Best,Best,0,5,DA_2_5_4, -0.2, 20236, 100,0
TS,Reduced,Best,Best,0,5,DA_2_5_5, -0.2, 24593, 100,0
TS,Reduced,Best,Best,0,5,DA_2_5_6, -0.2, 19145, 100,0
TS,Reduced,Best,Best,0,5,DA_2_5_7, -0.2, 17966, 100,0
TS,Reduced,Best,Best,0,5,DA_2_5_8, -0.2, 20107, 100,0
TS,Reduced,Best,Best,0,5,DA_2_5_9, -0.2, 20646, 100,0
TS,Reduced,Best,Best,0,5,DAFJS_3_5_1, -0.2, 21783, 100,0.007
TS,Reduced,Best,Best,0,5,DAFJS_3_5_10, -0.2, 24273, 100,0
TS,Reduced,Best,Best,0,5,DAFJS_3_5_2, -0.2, 22491, 100,0.018
TS,Reduced,Best,Best,0,5,DAFJS_3_5_3, -0.2, 22551, 100,0.001
TS,Reduced,Best,Best,0,5,DAFJS_3_5_4, -0.2, 19913, 100,0.004
TS,Reduced,Best,Best,0,5,DAFJS_3_5_5, -0.2, 19994, 100,0.003
TS,Reduced,Best,Best,0,5,DAFJS_3_5_6, -0.2, 20646, 100,0.001
TS,Reduced,Best,Best,0,5,DAFJS_3_5_7, -0.2, 21693, 100,0
TS,Reduced,Best,Best,0,5,DAFJS_3_5_8, -0.2, 19448, 100,0.001
TS,Reduced,Best,Best,0,5,DAFJS_3_5_9, -0.2, 21645, 100,0.002
TS,Reduced,Best,Best,0,5,YFJS_4_4_7_5_0, -0.3, 32506, 100,0
TS,Reduced,Best,Best,0,5,YFJS_4_4_7_5_1, -0.3, 24146, 100,0
TS,Reduced,Best,Best,0,5,YFJS_4_4_7_5_2, -0.3, 42339, 100,0
TS,Reduced,Best,Best,0,5,YFJS_4_4_7_5_3, -0.3, 24017, 100,0
TS,Reduced,Best,Best,0,5,YFJS_4_4_7_5_4, -0.3, 23236, 100,0
TS,Reduced,Best,Best,0,5,YFJS_4_4_7_5_5, -0.3, 27366, 100,0
TS,Reduced,Best,Best,0,5,YFJS_4_4_7_5_6, -0.3, 41487, 100,0
TS,Reduced,Best,Best,0,5,YFJS_4_4_7_5_7, -0.3, 30276, 100,0
TS,Reduced,Best,Best,0,5,YFJS_4_4_7_5_8, -0.3, 34357, 100,0
TS,Reduced,Best,Best,0,5,YFJS_4_4_7_5_9, -0.3, 25093, 100,0.001
TS,Reduced,Best,Best,0,5,YFJS_5_4_7_5_0, -0.3, 39637, 100,0
TS,Reduced,Best,Best,0,5,YFJS_5_4_7_5_1, -0.3, 27829, 100,0.002
TS,Reduced,Best,Best,0,5,YFJS_5_4_7_5_2, -0.3, 25881, 100,0
TS,Reduced,Best,Best,0,5,YFJS_5_4_7_5_3, -0.3, 27428, 100,0.001
TS,Reduced,Best,Best,0,5,YFJS_5_4_7_5_4, -0.3, 39294, 100,0
TS,Reduced,Best,Best,0,5,YFJS_5_4_7_5_5, -0.3, 30386, 100,0.002
TS,Reduced,Best,Best,0,5,YFJS_5_4_7_5_6, -0.3, 38739, 100,0
TS,Reduced,Best,Best,0,5,YFJS_5_4_7_5_7, -0.3, 25067, 100,0.003
TS,Reduced,Best,Best,0,5,YFJS_5_4_7_5_8, -0.3, 30218, 100,0
TS,Reduced,Best,Best,0,5,YFJS_5_4_7_5_9, -0.3, 28590, 100.007,0
TS,Reduced,Best,Best,0,5,YFJS_6_4_7_5_0, -0.3, 33027, 100.007,0.002
TS,Reduced,Best,Best,0,5,YFJS_6_4_7_5_1, -0.3, 29154, 100.006,0.001
TS,Reduced,Best,Best,0,5,YFJS_6_4_7_5_2, -0.3, 35961, 100.004,0.003
TS,Reduced,Best,Best,0,5,YFJS_6_4_7_5_3, -0.3, 31200, 100.003,0.001
TS,Reduced,Best,Best,0,5,YFJS_6_4_7_5_4, -0.3, 32513, 100.002,0.004
TS,Reduced,Best,Best,0,5,YFJS_6_4_7_5_5, -0.3, 44633, 100.001,0
TS,Reduced,Best,Best,0,5,YFJS_6_4_7_5_6, -0.3, 31877, 100,0
TS,Reduced,Best,Best,0,5,YFJS_6_4_7_5_7, -0.3, 30428, 100,0.004
TS,Reduced,Best,Best,0,5,YFJS_6_4_7_5_8, -0.3, 33455, 100,0.001
TS,Reduced,Best,Best,0,5,YFJS_6_4_7_5_9, -0.3, 31093, 100,0
TS,Reduced,Best,Best,0,5,DA_2_5_1, -0.3, 19702, 100,0
TS,Reduced,Best,Best,0,5,DA_2_5_10, -0.3, 21136, 100,0
TS,Reduced,Best,Best,0,5,DA_2_5_11, -0.3, 17619, 100,0
TS,Reduced,Best,Best,0,5,DA_2_5_12, -0.3, 20124, 100,0
TS,Reduced,Best,Best,0,5,DA_2_5_13, -0.3, 17657, 100,0
TS,Reduced,Best,Best,0,5,DA_2_5_14, -0.3, 18952, 100,0
TS,Reduced,Best,Best,0,5,DA_2_5_15, -0.3, 24636, 100,0
TS,Reduced,Best,Best,0,5,DA_2_5_16, -0.3, 17900, 100,0
TS,Reduced,Best,Best,0,5,DA_2_5_17, -0.3, 21298, 100,0
TS,Reduced,Best,Best,0,5,DA_2_5_18, -0.3, 19472, 100,0
TS,Reduced,Best,Best,0,5,DA_2_5_19, -0.3, 25554, 100,0.001
TS,Reduced,Best,Best,0,5,DA_2_5_2, -0.3, 17745, 100,0
TS,Reduced,Best,Best,0,5,DA_2_5_20, -0.3, 14077, 100,0
TS,Reduced,Best,Best,0,5,DA_2_5_3, -0.3, 20711, 100,0
TS,Reduced,Best,Best,0,5,DA_2_5_4, -0.3, 18625, 100,0
TS,Reduced,Best,Best,0,5,DA_2_5_5, -0.3, 22939, 100,0
TS,Reduced,Best,Best,0,5,DA_2_5_6, -0.3, 18253, 100,0
TS,Reduced,Best,Best,0,5,DA_2_5_7, -0.3, 17270, 100,0
TS,Reduced,Best,Best,0,5,DA_2_5_8, -0.3, 19030, 100,0
TS,Reduced,Best,Best,0,5,DA_2_5_9, -0.3, 18602, 100,0
TS,Reduced,Best,Best,0,5,DAFJS_3_5_1, -0.3, 20624, 100,0
TS,Reduced,Best,Best,0,5,DAFJS_3_5_10, -0.3, 22767, 100,0
TS,Reduced,Best,Best,0,5,DAFJS_3_5_2, -0.3, 21540, 100,0.01
TS,Reduced,Best,Best,0,5,DAFJS_3_5_3, -0.3, 20389, 100,0.006
TS,Reduced,Best,Best,0,5,DAFJS_3_5_4, -0.3, 18472, 100,0
TS,Reduced,Best,Best,0,5,DAFJS_3_5_5, -0.3, 19427, 100,0.002
TS,Reduced,Best,Best,0,5,DAFJS_3_5_6, -0.3, 20586, 100,0.002
TS,Reduced,Best,Best,0,5,DAFJS_3_5_7, -0.3, 20020, 100,0.001
TS,Reduced,Best,Best,0,5,DAFJS_3_5_8, -0.3, 18560, 100,0
TS,Reduced,Best,Best,0,5,DAFJS_3_5_9, -0.3, 19659, 100,0.001
