TS,Reduced,Best,Best,0,9,YFJS_4_4_7_5_0, -0.1, 35046, 100,0
TS,Reduced,Best,Best,0,9,YFJS_4_4_7_5_1, -0.1, 24359, 100,0.003
TS,Reduced,Best,Best,0,9,YFJS_4_4_7_5_2, -0.1, 52098, 100,0
TS,Reduced,Best,Best,0,9,YFJS_4_4_7_5_3, -0.1, 25394, 100,0
TS,Reduced,Best,Best,0,9,YFJS_4_4_7_5_4, -0.1, 23985, 100,0.003
TS,Reduced,Best,Best,0,9,YFJS_4_4_7_5_5, -0.1, 30508, 100,0.001
TS,Reduced,Best,Best,0,9,YFJS_4_4_7_5_6, -0.1, 45705, 100,0.006
TS,Reduced,Best,Best,0,9,YFJS_4_4_7_5_7, -0.1, 33883, 100,0
TS,Reduced,Best,Best,0,9,YFJS_4_4_7_5_8, -0.1, 37049, 100,0
TS,Reduced,Best,Best,0,9,YFJS_4_4_7_5_9, -0.1, 27310, 100,0.002
TS,Reduced,Best,Best,0,9,YFJS_5_4_7_5_0, -0.1, 41300, 100,0.001
TS,Reduced,Best,Best,0,9,YFJS_5_4_7_5_1, -0.1, 30145, 100,0.03
TS,Reduced,Best,Best,0,9,YFJS_5_4_7_5_2, -0.1, 30962, 100,0.01
TS,Reduced,Best,Best,0,9,YFJS_5_4_7_5_3, -0.1, 31398, 100,0
TS,Reduced,Best,Best,0,9,YFJS_5_4_7_5_4, -0.1, 45442, 100,0.001
TS,Reduced,Best,Best,0,9,YFJS_5_4_7_5_5, -0.1, 33791, 100,0.001
TS,Reduced,Best,Best,0,9,YFJS_5_4_7_5_6, -0.1, 42838, 100,0.003
TS,Reduced,Best,Best,0,9,YFJS_5_4_7_5_7, -0.1, 28247, 100,0.001
TS,Reduced,Best,Best,0,9,YFJS_5_4_7_5_8, -0.1, 33601, 100,0.012
TS,Reduced,Best,Best,0,9,YFJS_5_4_7_5_9, -0.1, 30837, 100,0.022
TS,Reduced,Best,Best,0,9,YFJS_6_4_7_5_0, -0.1, 37096, 100,0.405
TS,Reduced,Best,Best,0,9,YFJS_6_4_7_5_1, -0.1, 34282, 100,0.002
TS,Reduced,Best,Best,0,9,YFJS_6_4_7_5_2, -0.1, 42079, 100,0.011
TS,Reduced,Best,Best,0,9,YFJS_6_4_7_5_3, -0.1, 30905, 100,0.14
TS,Reduced,Best,Best,0,9,YFJS_6_4_7_5_4, -0.1, 36170, 100,0.113
TS,Reduced,Best,Best,0,9,YFJS_6_4_7_5_5, -0.1, 54534, 100,0.028
TS,Reduced,Best,Best,0,9,YFJS_6_4_7_5_6, -0.1, 36719, 100,0.014
TS,Reduced,Best,Best,0,9,YFJS_6_4_7_5_7, -0.1, 34509, 100,0.043
TS,Reduced,Best,Best,0,9,YFJS_6_4_7_5_8, -0.1, 39949, 100,0.006
TS,Reduced,Best,Best,0,9,YFJS_6_4_7_5_9, -0.1, 33974, 100,0.122
TS,Reduced,Best,Best,0,9,DA_2_5_1, -0.1, 22875, 100,0
TS,Reduced,Best,Best,0,9,DA_2_5_10, -0.1, 22708, 100,0
TS,Reduced,Best,Best,0,9,DA_2_5_11, -0.1, 18363, 100,0
TS,Reduced,Best,Best,0,9,DA_2_5_12, -0.1, 20498, 100,0
TS,Reduced,Best,Best,0,9,DA_2_5_13, -0.1, 20593, 100,0.007
TS,Reduced,Best,Best,0,9,DA_2_5_14, -0.1, 23370, 100,0
TS,Reduced,Best,Best,0,9,DA_2_5_15, -0.1, 25715, 100,0.004
TS,Reduced,Best,Best,0,9,DA_2_5_16, -0.1, 19878, 100,0
TS,Reduced,Best,Best,0,9,DA_2_5_17, -0.1, 24267, 100,0.003
TS,Reduced,Best,Best,0,9,DA_2_5_18, -0.1, 20359, 100,0
TS,Reduced,Best,Best,0,9,DA_2_5_19, -0.1, 33263, 100,0.003
TS,Reduced,Best,Best,0,9,DA_2_5_2, -0.1, 20222, 100,0.002
TS,Reduced,Best,Best,0,9,DA_2_5_20, -0.1, 16313, 100,0
TS,Reduced,Best,Best,0,9,DA_2_5_3, -0.1, 23140, 100,0
TS,Reduced,Best,Best,0,9,DA_2_5_4, -0.1, 21715, 100,0
TS,Reduced,Best,Best,0,9,DA_2_5_5, -0.1, 25426, 100,0
TS,Reduced,Best,Best,0,9,DA_2_5_6, -0.1, 20155, 100,0
TS,Reduced,Best,Best,0,9,DA_2_5_7, -0.1, 18135, 100,0
TS,Reduced,Best,Best,0,9,DA_2_5_8, -0.1, 20945, 100,0
TS,Reduced,Best,Best,0,9,DA_2_5_9, -0.1, 21838, 100,0.003
TS,Reduced,Best,Best,0,9,DAFJS_3_5_1, -0.1, 23456, 100,0.016
TS,Reduced,Best,Best,0,9,DAFJS_3_5_10, -0.1, 25923, 100,0
TS,Reduced,Best,Best,0,9,DAFJS_3_5_2, -0.1, 24585, 100,0.106
TS,Reduced,Best,Best,0,9,DAFJS_3_5_3, -0.1, 25521, 100,0.009
TS,Reduced,Best,Best,0,9,DAFJS_3_5_4, -0.1, 21143, 100,0.001
TS,Reduced,Best,Best,0,9,DAFJS_3_5_5, -0.1, 21120, 100,0.004
TS,Reduced,Best,Best,0,9,DAFJS_3_5_6, -0.1, 22106, 100,0.028
TS,Reduced,Best,Best,0,9,DAFJS_3_5_7, -0.1, 22708, 100,0
TS,Reduced,Best,Best,0,9,DAFJS_3_5_8, -0.1, 20278, 100,0.001
TS,Reduced,Best,Best,0,9,DAFJS_3_5_9, -0.1, 23558, 100,0.093
TS,Reduced,Best,Best,0,9,YFJS_4_4_7_5_0, -0.2, 33132, 100,0
TS,Reduced,Best,Best,0,9,YFJS_4_4_7_5_1, -0.2, 23100, 100,0.001
TS,Reduced,Best,Best,0,9,YFJS_4_4_7_5_2, -0.2, 46806, 100,0
TS,Reduced,Best,Best,0,9,YFJS_4_4_7_5_3, -0.2, 24485, 100,0
TS,Reduced,Best,Best,0,9,YFJS_4_4_7_5_4, -0.2, 23597, 100,0.002
TS,Reduced,Best,Best,0,9,YFJS_4_4_7_5_5, -0.2, 28655, 100,0.005
TS,Reduced,Best,Best,0,9,YFJS_4_4_7_5_6, -0.2, 42239, 100,0.002
TS,Reduced,Best,Best,0,9,YFJS_4_4_7_5_7, -0.2, 31597, 100,0.002
TS,Reduced,Best,Best,0,9,YFJS_4_4_7_5_8, -0.2, 35794, 100,0.002
TS,Reduced,Best,Best,0,9,YFJS_4_4_7_5_9, -0.2, 26145, 100,0.004
TS,Reduced,Best,Best,0,9,YFJS_5_4_7_5_0, -0.2, 38545, 100,0.002
TS,Reduced,Best,Best,0,9,YFJS_5_4_7_5_1, -0.2, 27895, 100,0.101
TS,Reduced,Best,Best,0,9,YFJS_5_4_7_5_2, -0.2, 28120, 100,0.003
TS,Reduced,Best,Best,0,9,YFJS_5_4_7_5_3, -0.2, 29682, 100,0
TS,Reduced,Best,Best,0,9,YFJS_5_4_7_5_4, -0.2, 41619, 100,0
TS,Reduced,Best,Best,0,9,YFJS_5_4_7_5_5, -0.2, 31280, 100,0.046
TS,Reduced,Best,Best,0,9,YFJS_5_4_7_5_6, -0.2, 40388, 100,0.005
TS,Reduced,Best,Best,0,9,YFJS_5_4_7_5_7, -0.2, 26297, 100,0.014
TS,Reduced,Best,Best,0,9,YFJS_5_4_7_5_8, -0.2, 30717, 100,0.018
TS,Reduced,Best,Best,0,9,YFJS_5_4_7_5_9, -0.2, 28832, 100,0.028
TS,Reduced,Best,Best,0,9,YFJS_6_4_7_5_0, -0.2, 34876, 100,0.003
TS,Reduced,Best,Best,0,9,YFJS_6_4_7_5_1, -0.2, 31702, 100,0.026
TS,Reduced,Best,Best,0,9,YFJS_6_4_7_5_2, -0.2, 38639, 100,0.035
TS,Reduced,Best,Best,0,9,YFJS_6_4_7_5_3, -0.2, 28884, 100,0.061
TS,Reduced,Best,Best,0,9,YFJS_6_4_7_5_4, -0.2, 34231, 100,0.007
TS,Reduced,Best,Best,0,9,YFJS_6_4_7_5_5, -0.2, 49202, 100,0.035
TS,Reduced,Best,Best,0,9,YFJS_6_4_7_5_6, -0.2, 34042, 100,0.011
TS,Reduced,Best,Best,0,9,YFJS_6_4_7_5_7, -0.2, 32080, 100,0.023
TS,Reduced,Best,Best,0,9,YFJS_6_4_7_5_8, -0.2, 36561, 100,0.004
TS,Reduced,Best,Best,0,9,YFJS_6_4_7_5_9, -0.2, 31888, 100,0.258
TS,Reduced,Best,Best,0,9,DA_2_5_1, -0.2, 21546, 100,0
TS,Reduced,Best,Best,0,9,DA_2_5_10, -0.2, 20635, 100,0
TS,Reduced,Best,Best,0,9,DA_2_5_11, -0.2, 17972, 100,0
TS,Reduced,Best,Best,0,9,DA_2_5_12, -0.2, 19602, 100,0
TS,Reduced,Best,Best,0,9,DA_2_5_13, -0.2, 18803, 100,0.008
TS,Reduced,Best,Best,0,9,DA_2_5_14, -0.2, 20783, 100,0
TS,Reduced,Best,Best,0,9,DA_2_5_15, -0.2, 24715, 100,0
TS,Reduced,Best,Best,0,9,DA_2_5_16, -0.2, 18857, 100,0
TS,Reduced,Best,Best,0,9,DA_2_5_17, -0.2, 22730, 100,0.013
TS,Reduced,Best,Best,0,9,DA_2_5_18, -0.2, 18823, 100,0
TS,Reduced,Best,Best,0,9,DA_2_5_19, -0.2, 30550, 100,0
TS,Reduced,Best,Best,0,9,DA_2_5_2, -0.2, 19624, 100,0
TS,Reduced,Best,Best,0,9,DA_2_5_20, -0.2, 15143, 100,0
TS,Reduced,Best,Best,0,9,DA_2_5_3, -0.2, 21817, 100,0
TS,Reduced,Best,Best,0,9,DA_2_5_4, -0.2, 20236, 100,0.001
TS,Reduced,Best,Best,0,9,DA_2_5_5, -0.2, 24114, 100,0
TS,Reduced,Best,Best,0,9,DA_2_5_6, -0.2, 19145, 100,0
TS,Reduced,Best,Best,0,9,DA_2_5_7, -0.2, 17270, 100,0
TS,Reduced,Best,Best,0,9,DA_2_5_8, -0.2, 19642, 100,0
TS,Reduced,Best,Best,0,9,DA_2_5_9, -0.2, 21286, 100,0
TS,Reduced,Best,Best,0,9,DAFJS_3_5_1, -0.2, 21352, 100,0.038
TS,Reduced,Best,Best,0,9,DAFJS_3_5_10, -0.2, 24273, 100,0
TS,Reduced,Best,Best,0,9,DAFJS_3_5_2, -0.2, 22390, 100,0.309
TS,Reduced,Best,Best,0,9,DAFJS_3_5_3, -0.2, 22521, 100,0.028
TS,Reduced,Best,Best,0,9,DAFJS_3_5_5, -0.2, 19724, 100,0.003
TS,Reduced,Best,Best,0,9,DAFJS_3_5_6, -0.2, 20245, 100,0.015
TS,Reduced,Best,Best,0,9,DAFJS_3_5_4, -0.2, 19913, 100.002,0.011
TS,Reduced,Best,Best,0,9,DAFJS_3_5_7, -0.2, 20635, 100,0
TS,Reduced,Best,Best,0,9,DAFJS_3_5_8, -0.2, 19201, 100,0.001
TS,Reduced,Best,Best,0,9,DAFJS_3_5_9, -0.2, 21552, 100,0.152
TS,Reduced,Best,Best,0,9,YFJS_4_4_7_5_0, -0.3, 31008, 100,0.003
TS,Reduced,Best,Best,0,9,YFJS_4_4_7_5_1, -0.3, 22010, 100,0.006
TS,Reduced,Best,Best,0,9,YFJS_4_4_7_5_2, -0.3, 41699, 100,0.001
TS,Reduced,Best,Best,0,9,YFJS_4_4_7_5_3, -0.3, 23774, 100,0
TS,Reduced,Best,Best,0,9,YFJS_4_4_7_5_4, -0.3, 22843, 100,0
TS,Reduced,Best,Best,0,9,YFJS_4_4_7_5_5, -0.3, 27366, 100,0
TS,Reduced,Best,Best,0,9,YFJS_4_4_7_5_6, -0.3, 38932, 100,0.005
TS,Reduced,Best,Best,0,9,YFJS_4_4_7_5_7, -0.3, 29898, 100,0.004
TS,Reduced,Best,Best,0,9,YFJS_4_4_7_5_8, -0.3, 33763, 100,0.044
TS,Reduced,Best,Best,0,9,YFJS_4_4_7_5_9, -0.3, 25072, 100,0.002
TS,Reduced,Best,Best,0,9,YFJS_5_4_7_5_0, -0.3, 36307, 100,0.007
TS,Reduced,Best,Best,0,9,YFJS_5_4_7_5_1, -0.3, 26219, 100,0.223
TS,Reduced,Best,Best,0,9,YFJS_5_4_7_5_2, -0.3, 25619, 100,0
TS,Reduced,Best,Best,0,9,YFJS_5_4_7_5_3, -0.3, 27428, 100,0.052
TS,Reduced,Best,Best,0,9,YFJS_5_4_7_5_4, -0.3, 38256, 100,0.007
TS,Reduced,Best,Best,0,9,YFJS_5_4_7_5_5, -0.3, 29442, 100,0.007
TS,Reduced,Best,Best,0,9,YFJS_5_4_7_5_6, -0.3, 37465, 100,0.123
TS,Reduced,Best,Best,0,9,YFJS_5_4_7_5_7, -0.3, 25067, 100,0.003
TS,Reduced,Best,Best,0,9,YFJS_5_4_7_5_8, -0.3, 29207, 100,0.043
TS,Reduced,Best,Best,0,9,YFJS_5_4_7_5_9, -0.3, 27091, 100,0.036
TS,Reduced,Best,Best,0,9,YFJS_6_4_7_5_0, -0.3, 32166, 100,0.009
TS,Reduced,Best,Best,0,9,YFJS_6_4_7_5_1, -0.3, 28985, 100,0
TS,Reduced,Best,Best,0,9,YFJS_6_4_7_5_2, -0.3, 35441, 100,0.203
TS,Reduced,Best,Best,0,9,YFJS_6_4_7_5_3, -0.3, 27023, 100,0.1
TS,Reduced,Best,Best,0,9,YFJS_6_4_7_5_4, -0.3, 32346, 100,0.02
TS,Reduced,Best,Best,0,9,YFJS_6_4_7_5_5, -0.3, 44207, 100,0.001
TS,Reduced,Best,Best,0,9,YFJS_6_4_7_5_6, -0.3, 31571, 100,0.011
TS,Reduced,Best,Best,0,9,YFJS_6_4_7_5_7, -0.3, 30428, 100,0.041
TS,Reduced,Best,Best,0,9,YFJS_6_4_7_5_8, -0.3, 32826, 100,0.451
TS,Reduced,Best,Best,0,9,YFJS_6_4_7_5_9, -0.3, 29848, 100,0.035
TS,Reduced,Best,Best,0,9,DA_2_5_1, -0.3, 19652, 100,0.004
TS,Reduced,Best,Best,0,9,DA_2_5_10, -0.3, 18916, 100,0
TS,Reduced,Best,Best,0,9,DA_2_5_11, -0.3, 17419, 100,0.001
TS,Reduced,Best,Best,0,9,DA_2_5_12, -0.3, 18800, 100,0
TS,Reduced,Best,Best,0,9,DA_2_5_13, -0.3, 17657, 100,0.019
TS,Reduced,Best,Best,0,9,DA_2_5_14, -0.3, 18692, 100,0.002
TS,Reduced,Best,Best,0,9,DA_2_5_15, -0.3, 24256, 100,0
TS,Reduced,Best,Best,0,9,DA_2_5_16, -0.3, 17900, 100,0
TS,Reduced,Best,Best,0,9,DA_2_5_17, -0.3, 20797, 100,0.004
TS,Reduced,Best,Best,0,9,DA_2_5_18, -0.3, 17395, 100,0
TS,Reduced,Best,Best,0,9,DA_2_5_19, -0.3, 27387, 100,0
TS,Reduced,Best,Best,0,9,DA_2_5_2, -0.3, 17105, 100,0.004
TS,Reduced,Best,Best,0,9,DA_2_5_20, -0.3, 14077, 100,0
TS,Reduced,Best,Best,0,9,DA_2_5_3, -0.3, 20620, 100,0
TS,Reduced,Best,Best,0,9,DA_2_5_4, -0.3, 18625, 100,0
TS,Reduced,Best,Best,0,9,DA_2_5_5, -0.3, 22939, 100,0
TS,Reduced,Best,Best,0,9,DA_2_5_6, -0.3, 18253, 100,0
TS,Reduced,Best,Best,0,9,DA_2_5_7, -0.3, 16495, 100,0
TS,Reduced,Best,Best,0,9,DA_2_5_8, -0.3, 18474, 100,0.003
TS,Reduced,Best,Best,0,9,DA_2_5_9, -0.3, 19587, 100,0
TS,Reduced,Best,Best,0,9,DAFJS_3_5_1, -0.3, 20368, 100,0
TS,Reduced,Best,Best,0,9,DAFJS_3_5_10, -0.3, 22396, 100,0.008
TS,Reduced,Best,Best,0,9,DAFJS_3_5_2, -0.3, 21176, 100,0.011
TS,Reduced,Best,Best,0,9,DAFJS_3_5_3, -0.3, 20938, 100,0.004
TS,Reduced,Best,Best,0,9,DAFJS_3_5_4, -0.3, 18400, 100,0.007
TS,Reduced,Best,Best,0,9,DAFJS_3_5_5, -0.3, 18870, 100,0.005
TS,Reduced,Best,Best,0,9,DAFJS_3_5_6, -0.3, 18501, 100,0.022
TS,Reduced,Best,Best,0,9,DAFJS_3_5_7, -0.3, 18762, 100,0.005
TS,Reduced,Best,Best,0,9,DAFJS_3_5_8, -0.3, 18253, 100,0.001
TS,Reduced,Best,Best,0,9,DAFJS_3_5_9, -0.3, 19504, 100,0.274
